state,action,q_value
5|1|2|1|10,0,-33.99439009720672
5|1|2|1|10,7,-33.66331603732515
5|1|2|1|10,6,-33.35837510925276
5|1|2|1|10,3,-33.46442375364088
5|1|2|1|10,1,-33.68503676349851
5|1|2|1|10,4,-34.578851172291756
5|1|2|1|10,2,-33.626043831843766
0|1|2|1|9,2,-32.45751851562106
0|1|2|1|9,4,-32.07680181948021
0|1|2|1|9,5,-32.04125884868413
0|1|2|1|9,7,-31.567082279803696
0|1|2|1|9,3,-31.461149107023545
0|1|2|1|9,1,-28.626894729348535
0|1|2|1|9,6,-31.793911031416606
2|1|2|1|8,6,-30.70396218244833
2|1|2|1|8,3,-30.730003980663117
2|1|2|1|8,0,-30.951752779450327
2|1|2|1|8,7,-30.81013178540586
2|1|2|1|8,5,-28.26770532509683
2|1|2|1|8,1,-31.261182443221553
2|1|2|1|8,4,-31.036599302053716
6|1|2|1|7,5,-29.203252366362662
6|1|2|1|7,7,-22.246777944165533
6|1|2|1|7,0,-28.14603589919885
6|1|2|1|7,1,-27.938325388199384
6|1|2|1|7,3,-26.874491618145154
6|1|2|1|7,2,-27.554188285174547
6|1|2|1|7,4,-27.66497204633224
5|1|2|1|6,0,-27.532022509312288
5|1|2|1|6,7,-27.279102214837213
5|1|2|1|6,1,-26.649711757800635
5|1|2|1|6,3,-26.493639445880852
5|1|2|1|6,6,-27.01421270394275
5|1|2|1|6,2,-26.261212152334892
5|1|2|1|6,4,-26.905462983947185
0|1|2|1|5,1,-24.90750207826105
0|1|2|1|5,7,-26.088658573708205
0|1|2|1|5,5,-26.047431267633193
0|1|2|1|5,3,-25.097879032282144
0|1|2|1|5,4,-25.021248889649808
0|1|2|1|5,2,-24.46260504764472
0|1|2|1|5,6,-16.87917182994775
1|1|2|1|4,2,-21.39059133328656
1|1|2|1|4,5,-22.13567423193067
1|1|2|1|4,3,-22.473862692600097
1|1|2|1|4,7,-21.851507524003942
1|1|2|1|4,4,-21.380218716989408
1|1|2|1|4,6,-21.333268395497505
1|1|2|1|4,0,-18.030759920537065
2|1|2|1|3,5,-22.302652864192172
2|1|2|1|3,1,-24.06055553444453
5|1|2|1|2,1,-19.813206572766436
5|1|2|1|2,7,-20.437689191495856
5|1|2|1|2,6,-20.11302533777321
1|1|2|1|1,6,-13.7646855
1|1|2|1|1,4,-14.13527985
0|1|1|1|10,2,-38.50805098454512
0|1|1|1|10,6,-37.00102017507482
0|1|1|1|10,7,-39.25825397084257
0|1|1|1|10,4,-38.3541236039481
0|1|1|1|10,5,-38.22726374469851
0|1|1|1|10,1,-39.450168126880136
0|1|1|1|10,3,-38.22955203705505
2|2|3|1|9,3,-19.555917633307136
2|2|3|1|9,6,-20.693610189915358
2|2|3|1|9,0,-21.895851221781673
2|2|3|1|9,5,-20.765083436902284
2|2|3|1|9,4,-12.494593669937688
2|2|3|1|9,7,-19.446999467636502
2|2|3|1|9,1,-20.549205303609064
3|3|4|0|8,0,-7.9331535
0|3|4|0|7,2,-3.015
0|3|4|0|7,4,-3.015
0|3|4|0|7,1,-5.8815135000000005
2|3|4|0|6,3,-3.015
3|3|4|0|5,1,-8.79204899205
1|3|4|0|4,3,-8.573416859378444
3|3|4|0|3,4,-7.436812010783003
4|7|2|2|2,7,-18.12887476790997
4|7|2|2|2,1,-18.260526291795557
4|7|2|2|2,5,-18.016620780669218
4|7|2|2|2,2,-17.25198005483478
4|7|2|2|2,0,-18.933436684320732
4|7|2|2|2,3,-17.637116454714853
4|7|2|2|2,6,-17.94638667309298
7|8|2|2|1,2,-14.988031160055359
7|8|2|2|1,1,-14.991621812038751
7|8|2|2|1,0,-14.988031160055359
7|8|2|2|1,6,-14.991621812038751
7|8|2|2|1,4,-14.988031160055359
4|1|1|1|10,6,-38.36691013573013
4|1|1|1|10,2,-38.12038475810556
4|1|1|1|10,7,-37.877594712483585
4|1|1|1|10,1,-37.7971245763515
4|1|1|1|10,5,-36.74043648371853
4|1|1|1|10,3,-21.810579955192804
4|1|1|1|10,0,-38.85642567361125
6|2|2|1|9,0,-29.521532085617206
6|2|2|1|9,4,-28.364990047688472
6|2|2|1|9,7,-28.330071925605647
6|2|2|1|9,2,-28.98435408318826
6|2|2|1|9,3,-24.32619191974608
6|2|2|1|9,1,-29.062259464196433
6|2|2|1|9,5,-28.376028826428723
0|2|2|1|8,4,-20.476251078987104
0|2|2|1|8,6,-27.786975896023463
0|2|2|1|8,1,-28.062445184794026
0|2|2|1|8,7,-27.87024615982891
0|2|2|1|8,3,-29.06666032685233
0|2|2|1|8,5,-29.479691661361844
0|2|2|1|8,2,-28.051900039603947
4|2|2|1|7,2,-29.014886927741617
4|2|2|1|7,7,-9.486644185559943
4|2|2|1|7,5,-27.66757617841274
4|2|2|1|7,6,-23.31926825048817
4|2|2|1|7,1,-28.6769276795872
4|2|2|1|7,3,-27.612768706657157
4|2|2|1|7,0,-29.687740536803467
2|2|2|1|6,5,-28.40503981864734
2|2|2|1|6,4,-19.386828852691096
2|2|2|1|6,3,-27.272838110336828
2|2|2|1|6,0,-26.779841198560216
2|2|2|1|6,6,-27.63586599798732
2|2|2|1|6,7,-28.381860884283935
2|2|2|1|6,1,-27.51204986737745
5|3|2|1|5,2,-22.541294884615922
5|3|2|1|5,1,-20.51897596582711
5|3|2|1|5,3,-23.631012682548032
5|3|2|1|5,6,-22.19325910494935
5|3|2|1|5,7,-23.895783297285412
5|3|2|1|5,0,-22.450045503501016
5|3|2|1|5,4,-23.68174395883495
2|3|2|1|4,6,-24.168356395692182
2|3|2|1|4,5,-21.19544471713175
2|3|2|1|4,0,-24.315498265105667
2|3|2|1|4,1,-22.822775193080222
2|3|2|1|4,3,-24.8989347911448
2|3|2|1|4,7,-22.899204239420218
2|3|2|1|4,4,-24.87620790252407
6|4|2|2|3,5,-17.796530688816745
6|4|2|2|3,3,-16.819511610046764
6|4|2|2|3,1,-18.019286327375507
6|4|2|2|3,7,-19.367002199591116
6|4|2|2|3,0,-17.159573065267185
6|4|2|2|3,4,-16.715838797734058
6|4|2|2|3,2,-17.89941445731036
5|4|2|2|2,2,-13.722308546775846
5|4|2|2|2,1,-16.964953996702945
5|4|2|2|2,0,-16.871959706257897
2|4|2|2|1,7,-14.928786577350856
2|4|2|2|1,1,-14.950150604145598
2|4|2|2|1,3,-14.950150604145598
2|4|2|2|1,4,-14.950150604145598
2|4|2|2|1,0,-14.394695895
2|3|5|1|10,0,-2.1967438434082145
0|4|5|1|9,4,-0.7226908073359322
4|4|5|1|8,2,-6.55924812118673
2|4|5|1|7,3,-3.22479543
3|5|5|1|6,2,-7.6274943762900005
2|5|5|1|5,6,-4.007550607333047
6|10|2|1|4,4,-15.306890299731569
6|10|2|1|4,2,-17.1984456177002
6|10|2|1|4,3,-17.97678656906157
6|10|2|1|4,1,-17.04004469001545
6|10|2|1|4,5,-18.41206158725193
6|10|2|1|4,7,-17.448950617731864
4|11|2|1|3,5,-15.323488841315736
4|11|2|1|3,3,-19.543887872129407
4|11|2|1|3,0,-15.438472463802318
4|11|2|1|3,1,-13.13659438069485
5|12|2|1|2,1,-19.915240965841733
5|12|2|1|2,3,-19.820422648657733
5|12|2|1|2,4,-20.039986067539495
5|12|2|1|2,2,-19.63465854079222
5|12|2|1|2,7,-18.151755674228525
5|12|2|1|2,6,-19.743237189450003
5|12|2|1|2,0,-19.772181564447457
1|12|2|1|1,3,-14.792380691985
1|12|2|1|1,0,-14.792380691985
1|12|2|1|1,4,-14.792380691985
1|12|2|1|1,5,-14.703400988550001
1|12|2|1|1,7,-14.792380691985
1|12|2|1|1,6,-14.8546664843895
1|12|2|1|1,2,-14.792380691985
1|1|1|1|10,6,-38.72778843937795
1|1|1|1|10,4,-37.95772362406107
1|1|1|1|10,0,-38.13226359234366
1|1|1|1|10,3,-38.69684225108612
1|1|1|1|10,2,-34.626687509361375
1|1|1|1|10,5,-38.19693060750728
1|1|1|1|10,7,-39.62391182942879
6|1|1|1|9,1,-36.80670059214667
6|1|1|1|9,2,-36.222925681349146
6|1|1|1|9,0,-38.41285676223386
6|1|1|1|9,7,-37.099167321326554
6|1|1|1|9,5,-38.11091154199063
6|1|1|1|9,3,-31.441622440388326
6|1|1|1|9,4,-36.396755221184165
1|1|1|1|8,7,-34.82894647069641
1|1|1|1|8,3,-33.86531004929166
1|1|1|1|8,5,-34.51231403938569
1|1|1|1|8,4,-35.084861664124915
1|1|1|1|8,0,-33.53990319418329
1|1|1|1|8,6,-23.66183377887241
1|1|1|1|8,2,-34.301144270543794
7|2|2|1|7,0,-28.24290849378041
7|2|2|1|7,1,-28.64770530169964
7|2|2|1|7,4,-28.555198366477807
7|2|2|1|7,2,-29.430934552819043
7|2|2|1|7,3,-28.288519756804757
7|2|2|1|7,5,-23.426503357139335
7|2|2|1|7,6,-28.539435545548507
0|4|3|1|6,1,-18.085390281465372
0|4|3|1|6,7,-18.208120045523778
0|4|3|1|6,4,-16.679410550065057
0|4|3|1|6,2,-17.304801323069135
0|4|3|1|6,3,-16.297540408594134
0|4|3|1|6,6,-14.53577227475918
0|4|3|1|6,5,-17.500727065049233
1|4|3|1|5,4,-19.841126210414618
1|4|3|1|5,0,-19.806463117760966
1|4|3|1|5,7,-20.148402250884228
1|4|3|1|5,5,-20.024839856323272
1|4|3|1|5,6,-19.43151259245407
1|4|3|1|5,3,-18.596316015849816
1|4|3|1|5,2,-18.63939192776769
4|4|3|1|4,1,-21.670752705043146
4|4|3|1|4,2,-20.079112896391393
4|4|3|1|4,0,0.1725
1|4|3|1|3,5,-23.59529894407178
1|4|3|1|3,4,-19.559656008737463
1|4|3|1|3,7,-23.16616292275291
1|4|3|1|3,0,-23.236495940435507
5|4|3|1|2,2,-16.792318691930298
5|4|3|1|2,4,-20.1722418679104
2|5|3|2|1,4,-14.898266539072651
2|5|3|2|1,5,-14.8546664843895
2|5|3|2|1,0,-14.898266539072651
2|5|3|2|1,7,-14.898266539072651
5|2|2|2|10,6,-16.960128780753426
5|2|2|2|10,1,-18.666756860393306
5|2|2|2|10,0,-18.198253002633763
5|2|2|2|10,7,-16.22257892406144
6|2|2|2|9,2,-18.176298322373157
6|2|2|2|9,3,-18.39303641086878
6|2|2|2|9,4,-17.98789865364363
6|2|2|2|9,0,-18.268819232691882
6|2|2|2|9,5,-18.644652804717467
6|2|2|2|9,7,-12.83588639228801
2|2|2|2|8,6,-16.87959910686703
2|2|2|2|8,4,-18.033115322851877
2|2|2|2|8,5,-18.000310881842147
2|2|2|2|8,7,-18.72701688844714
2|2|2|2|8,0,-16.07495177066948
2|2|2|2|8,1,-17.34840459142546
6|2|2|2|7,2,-19.659937606067178
6|2|2|2|7,3,-19.412392912593734
6|2|2|2|7,4,-16.82559055070456
2|2|2|2|6,4,-19.004263719260585
2|2|2|2|6,0,-18.12549865618449
2|2|2|2|6,1,-19.736963685007442
2|2|2|2|6,7,-18.294366913290727
2|2|2|2|6,3,-18.73867466182848
2|2|2|2|6,5,-18.27404688264123
4|2|2|2|5,3,-20.603249848803195
3|2|2|2|4,1,-23.42134903712649
3|2|2|2|4,4,-23.76820328653072
3|2|2|2|4,6,-16.15387920612848
1|4|5|2|3,0,0.9225
0|9|2|2|2,7,-16.869436035246796
0|9|2|2|2,2,-16.233627139416246
0|9|2|2|2,3,-17.456584616130662
0|9|2|2|2,5,-14.792679555439692
0|9|2|2|2,6,-16.26425926804755
0|9|2|2|2,4,-16.703540612623403
0|9|2|2|2,1,-16.92449391463308
7|10|2|2|1,5,-14.5762871265
7|10|2|2|1,1,-14.5762871265
7|10|2|2|1,0,-14.703400988550001
7|10|2|2|1,3,-14.703400988550001
7|10|2|2|1,2,-14.5762871265
7|10|2|2|1,4,-14.5762871265
7|10|2|2|1,6,-14.5762871265
3|1|3|1|10,6,-25.017232279766382
3|1|3|1|10,4,-25.331043009112584
3|1|3|1|10,2,-19.292794659546914
3|1|3|1|10,1,-23.43256174468054
3|1|3|1|10,5,-23.37162582536118
3|1|3|1|10,0,-24.613855837984293
3|1|3|1|10,7,-24.304522442091727
6|2|3|2|9,0,-13.832681718569647
6|2|3|2|9,2,-14.377412641721893
6|2|3|2|9,7,-15.465688894153036
6|2|3|2|9,3,-13.735708672312821
6|2|3|2|9,1,-12.989495516448653
0|2|3|2|8,5,-16.602837795416722
0|2|3|2|8,2,-17.576659076221414
5|2|3|2|7,4,-12.318575469451941
5|2|3|2|7,2,-17.01530352164742
5|2|3|2|7,1,-15.436484469731878
5|2|3|2|7,3,-14.56102225995327
5|2|3|2|7,6,-16.212123556447825
5|2|3|2|7,7,-14.423055208701939
4|5|4|2|6,5,-15.891123701430246
5|5|4|2|5,0,-13.846046762270788
5|5|4|2|5,4,-14.29301285309587
0|5|4|2|4,1,-19.889393910447165
1|5|4|2|3,5,-12.604889010785524
5|5|4|2|2,7,-15.733372315528019
5|5|4|2|2,2,-15.588287689812928
7|7|6|1|1,0,-4.5
6|4|2|1|10,1,-6.174993377054544
6|4|2|1|10,0,-9.666740634278971
1|5|2|2|9,6,-9.634536774340297
6|5|2|2|8,2,-12.042925048603223
6|5|2|2|8,7,-10.848631340727254
6|5|2|2|8,3,-11.9008875151928
6|5|2|2|8,5,-11.177351382100348
2|5|2|2|7,7,-13.810490879943487
2|5|2|2|7,4,-13.450713020312117
2|5|2|2|7,3,-13.016888810914077
2|5|2|2|7,0,-14.775167213935063
2|5|2|2|7,1,-15.667703099021873
2|5|2|2|7,5,-15.936473942564561
7|7|3|2|6,0,-19.157386367866003
0|9|3|1|5,3,-10.714653241064891
0|9|3|1|5,4,-8.439387705419994
0|9|3|1|5,6,-11.953710708802497
0|9|3|1|5,5,-6.979328391634606
3|10|3|1|4,5,-18.18735220004875
5|11|3|1|3,1,-14.481485303212974
1|12|3|1|2,2,-11.743694999999999
1|12|3|1|2,5,-11.289741591852103
1|12|3|1|2,3,-10.857116965549617
1|12|3|1|2,0,-11.972044751769463
2|12|3|1|1,7,-11.3985
2|12|3|1|1,3,-9.855
2|12|3|1|1,1,-11.3985
2|12|3|1|1,4,-11.3985
2|12|3|1|1,0,-11.3985
2|12|3|1|1,5,-11.3985
6|1|2|1|10,0,-33.772837295380384
6|1|2|1|10,4,-32.85649212167637
6|1|2|1|10,3,-30.918130353738185
6|1|2|1|10,1,-33.174123531450455
6|1|2|1|10,2,-33.76098582919851
6|1|2|1|10,7,-33.88505620897125
6|1|2|1|10,5,-34.06335084024914
0|2|4|0|9,4,-6.8431437235054275
0|2|4|0|9,5,-9.730401838243019
4|2|4|0|8,2,-8.807675265264667
4|2|4|0|8,5,-5.713936891560664
2|2|4|0|7,7,-11.640257012601275
7|6|2|1|6,1,-12.56567803045098
7|6|2|1|6,6,-14.897034101969162
7|6|2|1|6,3,-15.522792900127506
1|6|2|1|5,5,-13.082210809356402
1|6|2|1|5,2,-14.81410197722202
1|6|2|1|5,7,-13.220462406290885
1|6|2|1|5,6,-11.482593023157177
1|6|2|1|5,3,-13.740304251639675
1|6|2|1|5,0,-13.84355791200607
1|6|2|1|5,4,-13.13382178090895
5|7|2|1|4,0,-12.99142229431119
5|7|2|1|4,7,-12.207272739313437
5|7|2|1|4,4,-12.044734948069868
5|7|2|1|4,2,-12.926549380994032
5|7|2|1|4,3,-15.204029911246032
5|7|2|1|4,1,-11.797261418158168
0|8|2|1|3,7,-15.749454791908382
0|8|2|1|3,1,-14.25302547379134
0|8|2|1|3,2,-13.081089995165831
0|8|2|1|3,4,-13.504551003612015
0|8|2|1|3,6,-15.232160391361802
0|8|2|1|3,5,-14.535750631330968
0|8|2|1|3,3,-13.516724671746122
7|9|2|1|2,6,-18.035005047949443
7|9|2|1|2,1,-19.61391287821092
7|9|2|1|2,3,-17.4233262068685
6|10|2|2|1,1,-14.13527985
6|10|2|2|1,5,-14.394695895
6|10|2|2|1,2,-14.394695895
6|10|2|2|1,3,-14.13527985
6|10|2|2|1,7,-14.13527985
6|10|2|2|1,0,-14.13527985
6|10|2|2|1,4,-14.394695895
0|1|2|1|10,4,-34.06115565693502
0|1|2|1|10,7,-34.39065670039759
0|1|2|1|10,5,-25.812074439426368
0|1|2|1|10,6,-34.27857016606107
0|1|2|1|10,2,-34.626047670055286
0|1|2|1|10,3,-34.65736159651349
0|1|2|1|10,1,-35.329255012396466
4|1|2|1|9,1,-34.42222904865603
4|1|2|1|9,0,-28.251160253597387
4|1|2|1|9,5,-32.592554545580704
4|1|2|1|9,3,-32.27935249646002
4|1|2|1|9,6,-33.298936284679066
4|1|2|1|9,2,-32.85227827647707
4|1|2|1|9,7,-32.844515062572974
1|1|2|1|8,7,-31.880061240616286
1|1|2|1|8,3,-28.088034320540658
1|1|2|1|8,5,-32.13220538360882
1|1|2|1|8,6,-31.894306417541287
1|1|2|1|8,2,-32.079682629720566
1|1|2|1|8,4,-31.78619787905334
1|1|2|1|8,0,-31.97088149588093
7|1|2|1|7,1,-27.96825294227407
7|1|2|1|7,0,-28.067809690991314
7|1|2|1|7,2,-27.84409597017713
7|1|2|1|7,5,-28.979454837290195
7|1|2|1|7,3,-28.28892337197762
7|1|2|1|7,4,-28.423501317207982
7|1|2|1|7,6,-27.138276991203732
1|1|2|1|6,7,-26.475185652051692
1|1|2|1|6,2,-25.486879643872484
1|1|2|1|6,5,-26.315898179022827
1|1|2|1|6,4,-26.5132560021223
1|1|2|1|6,0,-23.630903336429647
1|1|2|1|6,3,-25.743706749748323
1|1|2|1|6,6,-26.991910404612206
7|1|2|1|5,1,-24.309052340719564
7|1|2|1|5,6,-24.347199235491555
7|1|2|1|5,2,-19.66954848951427
7|1|2|1|5,3,-23.486747621998184
7|1|2|1|5,5,-23.360180046538535
7|1|2|1|5,4,-23.683373039640088
7|1|2|1|5,0,-23.257799438216406
5|1|2|1|3,2,-21.72489565710259
5|1|2|1|3,1,-21.18360471995444
5|1|2|1|3,0,-21.480704629788736
5|1|2|1|3,4,-21.292212006620588
5|1|2|1|3,3,-22.47417369159184
2|3|3|1|2,4,-18.29677633778399
2|3|3|1|2,7,-18.5649437227185
2|3|3|1|2,3,-11.655521479577171
2|3|3|1|2,5,-17.968221274887167
2|3|3|1|2,0,-17.240723624386952
2|3|3|1|2,1,-17.566352717170542
4|3|3|1|1,3,-14.5762871265
4|3|3|1|1,7,-14.703400988550001
4|3|3|1|1,1,-14.5762871265
4|3|3|1|1,0,-14.394695895
4|3|3|1|1,6,-14.394695895
4|3|3|1|1,2,-14.13527985
7|1|2|0|10,1,-36.12158740406705
7|1|2|0|10,2,-36.34771297537202
7|1|2|0|10,5,-35.59448744386278
7|1|2|0|10,6,-29.051229531063175
7|1|2|0|10,4,-37.0154271725701
7|1|2|0|10,0,-35.48547145605923
7|1|2|0|10,3,-35.27479468504212
1|1|2|0|9,0,-34.96301860622977
1|1|2|0|9,6,-35.39028941585481
1|1|2|0|9,4,-35.34668615860899
1|1|2|0|9,2,-35.0545814501844
1|1|2|0|9,7,-35.34814057652744
1|1|2|0|9,3,-34.24209384678836
1|1|2|0|9,5,-35.16609580540437
0|3|1|1|8,2,-17.862868237627993
0|3|1|1|8,1,-18.768989648017893
0|3|1|1|8,7,-17.24070096736443
0|3|1|1|8,4,-18.008762334137156
0|3|1|1|8,3,-17.816899024290773
0|3|1|1|8,5,-17.71863097428071
0|3|1|1|8,6,-17.1712332134815
2|3|1|1|7,0,-20.820306839869502
2|3|1|1|7,1,-20.506588391550224
2|3|1|1|7,5,-20.700521871683016
2|3|1|1|7,3,-20.325611231476522
2|3|1|1|7,4,-21.10778406148073
0|3|1|1|6,6,-19.304287897867727
0|3|1|1|6,4,-19.649134309162637
0|3|1|1|6,3,-19.570466616445838
0|3|1|1|6,5,-20.502567307069288
0|3|1|1|6,7,-19.98577076554199
0|3|1|1|6,1,-20.99539634241913
0|3|1|1|6,2,-18.802445125200038
6|3|1|1|5,0,-18.918153562111904
6|3|1|1|5,1,-17.318124609925142
6|3|1|1|5,7,-17.842830021860912
0|3|1|1|4,7,-21.82290513882574
0|3|1|1|4,2,-16.816196378287074
7|3|1|1|3,4,-19.89864275765122
7|3|1|1|3,6,-19.599982973442927
7|3|1|1|3,3,-19.511983389681856
7|3|1|1|3,0,-18.86719298247077
7|3|1|1|3,2,-18.6088265380566
4|4|1|1|2,6,-12.74732367329445
4|4|1|1|2,0,-13.975180107809999
4|4|1|1|2,2,-14.892926031660055
4|4|1|1|2,3,-14.474104744512566
6|4|1|1|1,4,-12.478950000000001
6|4|1|1|1,3,-12.478950000000001
3|1|1|1|10,5,-38.17743510201961
3|1|1|1|10,1,-32.78150990691919
3|1|1|1|10,4,-38.403720303372246
3|1|1|1|10,7,-38.332317701022326
3|1|1|1|10,6,-37.82702340952629
3|1|1|1|10,0,-37.585765753817405
3|1|1|1|10,2,-38.67386214318175
5|1|1|1|9,1,-37.057756620524685
5|1|1|1|9,6,-37.3634251449822
5|1|1|1|9,3,-36.646903284526196
5|1|1|1|9,2,-36.67466263221975
5|1|1|1|9,7,-33.24457788605713
5|1|1|1|9,0,-37.08410184593655
5|1|1|1|9,4,-37.54050021424532
1|2|1|1|8,7,-22.90654739787502
1|2|1|1|8,5,-24.078623832776056
1|2|1|1|8,0,-24.240418039608556
1|2|1|1|8,6,-23.800331684188617
1|2|1|1|8,3,-24.997246525746483
1|2|1|1|8,2,-22.991213278770598
1|2|1|1|8,4,-24.496999359976137
7|3|2|1|7,0,-23.32919491214625
7|3|2|1|7,3,-24.39030155247127
7|3|2|1|7,2,-23.543841781520783
7|3|2|1|7,4,-23.629699286544817
7|3|2|1|7,1,-25.080391916785782
7|3|2|1|7,5,-19.282659990943205
7|3|2|1|7,6,-24.038577005423093
0|5|1|1|6,4,-12.137006469322184
0|5|1|1|6,5,-14.577970110222292
0|5|1|1|6,3,-12.407711514583724
0|5|1|1|6,2,-11.699470272642392
0|5|1|1|6,6,-14.064200015583555
0|5|1|1|6,7,-11.937459266766867
4|6|3|1|5,3,-17.215818712199223
4|6|3|1|5,5,-14.714756414978238
4|6|3|1|5,0,-14.552215349025456
4|6|3|1|5,2,-14.844562227566364
4|6|3|1|5,7,-15.119626773451827
3|7|3|1|4,6,-8.83848086684521
3|7|3|1|4,0,-7.1322138012226155
3|7|3|1|4,1,-8.298653704486114
3|7|3|1|4,2,-11.639817470606953
3|7|3|1|4,7,-8.183417826007897
3|7|3|1|4,5,-9.987832555348232
6|8|4|1|3,5,-11.7558596302905
6|8|4|1|3,1,-10.18080860067369
5|9|4|1|2,0,-13.327345635
0|9|4|1|1,6,-13.235265
4|2|2|1|10,7,-27.181516822190535
4|2|2|1|10,5,-27.850473057145454
4|2|2|1|10,1,-26.093568180675746
4|2|2|1|10,2,-27.09334010274945
4|2|2|1|10,0,-16.69799597247141
4|2|2|1|10,6,-26.530195347344495
4|2|2|1|10,3,-26.039231343695285
7|2|2|1|9,1,-29.940452883794258
7|2|2|1|9,6,-28.153377426594815
7|2|2|1|9,4,-22.72355250673001
7|2|2|1|9,5,-30.120014386212162
7|2|2|1|9,0,-28.771963799576906
7|2|2|1|9,3,-30.4256512991569
7|2|2|1|9,2,-28.317483427288984
1|4|2|1|8,4,-15.75596381785602
1|4|2|1|8,7,-16.37294857427539
1|4|2|1|8,3,-15.797117740742046
1|4|2|1|8,5,-14.136056226630247
1|4|2|1|8,6,-17.061409529164088
1|4|2|1|8,0,-18.55183574681577
1|4|2|1|8,2,-15.967455099076226
4|6|3|2|7,1,-11.396023326579318
4|6|3|2|7,2,-17.425522211809582
4|6|3|2|7,0,-15.25420530488135
4|6|3|2|7,7,-7.170068046171809
1|8|3|3|6,2,-4.407676890629323
2|9|3|3|5,0,-4.89315
2|9|3|3|5,7,0.1725
0|10|3|3|4,7,-1.81005
7|10|3|3|3,0,-3.015
0|10|3|3|2,5,-2.6317500000000003
5|13|3|0|1,0,-13.235265
5|13|3|0|1,3,-4.5
7|1|2|1|10,6,-32.92689630428396
7|1|2|1|10,4,-34.10865793946613
7|1|2|1|10,1,-34.16984159188216
7|1|2|1|10,3,-33.048430278089455
7|1|2|1|10,5,-30.399576216938755
7|1|2|1|10,0,-34.09949223602263
7|1|2|1|10,2,-33.617848666414034
6|1|2|1|9,3,-33.06014793797807
6|1|2|1|9,2,-32.40765784668581
6|1|2|1|9,4,-32.10204005734423
6|1|2|1|9,0,-32.1892970978998
6|1|2|1|9,1,-32.57924787650562
6|1|2|1|9,7,-34.002785902220474
6|1|2|1|9,5,-32.587274197822694
3|3|2|1|8,1,-22.747828773010188
3|3|2|1|8,5,-21.946070334692926
3|3|2|1|8,6,-21.45012926451617
3|3|2|1|8,0,-21.428600710087856
3|3|2|1|8,2,-21.877646421144654
3|3|2|1|8,4,-24.34138910372884
3|3|2|1|8,7,-20.27092772674926
1|4|2|1|7,0,-18.143228962582267
1|4|2|1|7,2,-16.952694435997728
1|4|2|1|7,4,-17.55494788808433
1|4|2|1|7,6,-17.431022028030277
1|4|2|1|7,3,-16.01936699153742
1|4|2|1|7,7,-16.521644353042966
0|5|2|1|6,1,-14.989321573648654
0|5|2|1|6,5,-14.40122053613096
0|5|2|1|6,4,-15.232531522994604
0|5|2|1|6,2,-14.070971373539527
0|5|2|1|6,3,-13.061768467061341
0|5|2|1|6,6,-15.941347813175977
0|5|2|1|6,7,-16.370784641035684
1|5|2|1|5,3,-14.944161689387037
1|5|2|1|5,2,-14.610736158828537
1|5|2|1|5,4,-17.028939403807207
1|5|2|1|5,6,-17.186596900207384
1|5|2|1|5,0,-15.748783156585633
1|5|2|1|5,7,-16.822020773422512
1|5|2|1|5,5,-15.023941379682594
3|5|2|1|4,7,-17.534518540644335
3|5|2|1|4,2,-16.96586560991678
3|5|2|1|4,6,-17.28978405411579
3|5|2|1|4,1,-17.073625346330488
3|5|2|1|4,0,-17.902637523561626
3|5|2|1|4,4,-15.89713311616903
7|5|2|1|3,3,-19.08507989681282
7|5|2|1|3,2,-19.22570855390237
7|5|2|1|3,4,-17.79517098344064
7|5|2|1|3,6,-13.501008956811807
7|5|2|1|3,5,-18.68734673439123
7|5|2|1|3,0,-15.039081310966068
7|5|2|1|3,1,-17.657661321869714
3|5|2|1|2,6,-18.589410381693828
3|5|2|1|2,5,-19.271992237261756
3|5|2|1|2,2,-14.155461793630563
3|5|2|1|2,0,-18.24471622354749
3|5|2|1|2,7,-18.056419500008875
3|5|2|1|2,4,-18.79903290571839
6|6|2|1|1,2,-14.703400988550001
6|6|2|1|1,4,-14.5762871265
6|6|2|1|1,3,-14.5762871265
6|6|2|1|1,0,-14.703400988550001
6|6|2|1|1,1,-14.5762871265
6|6|2|1|1,5,-14.5762871265
6|6|2|1|1,7,-14.5762871265
1|3|3|1|10,6,-11.29265778739091
1|3|3|1|10,7,-10.058173079325833
1|3|3|1|10,2,-9.250608180146264
1|3|3|1|10,3,-9.323369289938064
1|3|3|1|10,0,-14.285062593371917
1|3|3|1|10,4,-10.995138795648039
6|6|1|1|9,1,-2.49987872471878
1|6|1|1|8,0,-14.27500982699377
0|7|2|1|7,5,-8.847716335555475
0|7|2|1|7,1,-3.7948623370607635
0|7|2|1|7,6,-8.670688833093378
5|8|2|1|6,2,-14.36311671182955
5|8|2|1|6,0,-10.135969931439266
2|9|2|1|5,5,-14.647263360777767
2|9|2|1|5,1,-17.23418200483224
5|9|2|1|4,7,-17.822061980062028
5|9|2|1|4,6,-17.406132592073227
5|9|2|1|4,2,-10.194882794904377
5|9|2|1|4,0,-9.508153023429276
7|9|2|1|3,0,-16.637788373176242
7|9|2|1|3,3,-11.376869813762536
0|9|2|1|2,1,-20.747780512034126
0|9|2|1|2,2,-19.410094952571747
1|9|2|1|1,0,-14.982901657221941
1|9|2|1|1,7,-14.975573796031343
1|9|2|1|1,3,-14.975573796031343
4|1|2|0|10,6,-35.92590384881187
4|1|2|0|10,3,-35.936320270806625
4|1|2|0|10,1,-36.07468889597219
4|1|2|0|10,0,-38.08090406967036
4|1|2|0|10,7,-35.990135817521235
4|1|2|0|10,2,-33.76334825955324
4|1|2|0|10,5,-35.69595201391055
6|1|2|0|9,3,-33.11663276269589
6|1|2|0|9,1,-33.61234362900717
6|1|2|0|9,5,-34.66318826859805
6|1|2|0|9,2,-33.651645590906966
6|1|2|0|9,4,-33.18334656377566
6|1|2|0|9,7,-32.96925600040675
6|1|2|0|9,0,-33.71473350072918
3|1|2|0|8,5,-31.709312950521447
3|1|2|0|8,7,-32.97152760860038
3|1|2|0|8,4,-32.069533031028705
3|1|2|0|8,6,-32.076694219524214
3|1|2|0|8,0,-33.330970008813544
3|1|2|0|8,1,-33.330214555394754
3|1|2|0|8,2,-29.06496801204772
5|1|2|0|7,4,-29.97388086580007
5|1|2|0|7,0,-32.51807240268501
5|1|2|0|7,7,-30.49161608417853
5|1|2|0|7,1,-33.0089714349764
5|1|2|0|7,6,-31.97076508424915
5|1|2|0|7,3,-29.498402432437086
5|1|2|0|7,2,-31.181824898656735
4|1|2|0|6,0,-29.806641377393134
4|1|2|0|6,6,-30.150146003710876
4|1|2|0|6,1,-30.21319579610762
4|1|2|0|6,2,-31.205008573721408
4|1|2|0|6,7,-22.053395244244356
4|1|2|0|6,3,-30.682867231605993
4|1|2|0|6,5,-30.933568220968752
0|1|2|0|5,5,-27.733249455854587
0|1|2|0|5,3,-29.36780746793521
0|1|2|0|5,7,-28.408661934128094
0|1|2|0|5,4,-29.31614316740876
0|1|2|0|5,2,-28.904895391073154
0|1|2|0|5,6,-29.572291913013107
0|1|2|0|5,1,-29.35464001066663
5|1|2|0|4,2,-29.906891450247617
5|1|2|0|4,0,-28.756322760042867
5|1|2|0|4,3,-28.958320887799726
5|1|2|0|4,6,-28.76233169108989
5|1|2|0|4,4,-29.417515760003333
2|1|2|0|3,1,-25.519783461242817
2|1|2|0|3,4,-26.4021997143639
2|1|2|0|3,5,-26.052798363950725
2|1|2|0|3,0,-23.886602011691323
1|3|2|2|2,3,-19.28289582946246
1|3|2|2|2,5,-19.455094712778827
1|3|2|2|2,7,-15.255102940168117
1|3|2|2|2,6,-18.404607287081117
1|3|2|2|2,0,-18.583743425038865
3|3|2|2|1,4,-14.988031160055359
3|3|2|2|1,7,-14.988031160055359
4|1|4|1|10,6,-11.607899747031995
4|1|4|1|10,3,-13.79677505475533
4|1|4|1|10,5,-14.373156639477033
4|1|4|1|10,2,-13.309796816725074
4|1|4|1|10,7,-14.545440473158278
4|1|4|1|10,0,-16.91739650262148
4|1|4|1|10,1,-16.600758984317995
6|1|4|1|9,2,-13.7354027745265
6|1|4|1|9,0,-13.924484413141148
6|1|4|1|9,1,-14.18103586493102
6|1|4|1|9,3,-13.676205105682278
6|1|4|1|9,4,-13.939085229517257
6|1|4|1|9,7,-12.9825967773102
2|5|3|2|8,0,-5.674516446533039
2|5|3|2|8,1,-9.12009444008057
0|5|3|2|7,5,-10.635423950481508
0|5|3|2|7,3,-11.85713529464598
0|5|3|2|7,2,-12.256354736803164
0|5|3|2|7,4,-10.216399068309956
0|5|3|2|7,6,-10.141751263847532
0|5|3|2|7,1,-11.475621799700054
0|5|3|2|7,7,-12.605736701582497
5|7|3|2|6,7,-16.148613249086612
7|10|2|1|5,6,-9.642354568959844
7|10|2|1|5,4,-8.734641689192378
7|10|2|1|5,0,-12.006410859101786
7|10|2|1|5,3,-7.40704314825575
7|10|2|1|5,1,-7.799265514766796
6|12|1|1|4,1,-11.357619600900001
6|12|1|1|4,7,-10.545932909507542
1|12|1|1|3,2,-15.118734793204533
1|12|1|1|3,5,-10.39150576924338
1|12|1|1|3,0,-13.547475121426679
1|12|1|1|3,6,-12.482117665679645
2|13|1|1|2,0,-14.4516261
2|13|1|1|2,1,-13.150329688119314
2|13|1|1|2,4,-12.4692312998685
2|13|1|1|2,3,-13.37550012789945
2|13|1|1|2,7,-14.029453125
2|13|1|1|2,6,-13.9857525285
2|13|1|1|2,5,-15.173726556520798
0|13|1|1|1,3,-14.13527985
0|13|1|1|1,6,-13.7646855
0|13|1|1|1,2,-14.13527985
0|13|1|1|1,1,-14.13527985
0|13|1|1|1,7,-13.7646855
0|13|1|1|1,4,-13.7646855
0|13|1|1|1,5,-14.13527985
3|1|2|0|9,6,-33.70591056400217
3|1|2|0|9,1,-34.820609637276675
3|1|2|0|9,2,-35.04969487957868
3|1|2|0|9,4,-34.53776671338134
3|1|2|0|9,7,-27.84280067974144
3|1|2|0|9,5,-33.470739204313105
3|1|2|0|9,0,-34.09980501343955
6|1|2|0|8,7,-33.90540861513237
6|1|2|0|8,4,-34.64497968483958
6|1|2|0|8,5,-33.32595902307013
6|1|2|0|8,3,-33.42063197856696
6|1|2|0|8,2,-33.513379160663455
6|1|2|0|8,1,-34.495493742246495
6|1|2|0|8,0,-33.96620685243469
7|1|2|0|7,0,-33.275645009149315
7|1|2|0|7,1,-31.871996576543815
7|1|2|0|7,5,-30.92716990188303
7|1|2|0|7,3,-31.43656906694933
7|1|2|0|7,4,-31.186709160446096
7|1|2|0|7,2,-31.976624827447004
7|1|2|0|7,6,-32.71049002598082
0|1|2|0|6,5,-30.609720880121188
0|1|2|0|6,7,-28.27767545190879
0|1|2|0|6,6,-31.035758004014156
0|1|2|0|6,4,-31.897271758443818
0|1|2|0|6,2,-30.47828226126045
0|1|2|0|6,3,-31.661948922472153
0|1|2|0|6,1,-30.648134047273974
5|1|2|0|5,6,-28.787238427595938
5|1|2|0|5,7,-28.996861004499742
5|1|2|0|5,3,-27.435827125961307
5|1|2|0|5,4,-30.382345758093486
5|1|2|0|5,1,-29.26130212227683
5|1|2|0|5,0,-29.304186280352642
5|1|2|0|5,2,-29.925361830882466
6|1|2|0|4,1,-25.267810403780572
6|1|2|0|4,7,-28.109064123518557
6|1|2|0|4,3,-25.168150454297923
6|1|2|0|4,5,-27.825714148302612
6|1|2|0|4,0,-27.294829812304258
6|1|2|0|4,2,-26.669566204419592
6|1|2|0|4,4,-26.994988413438115
1|3|1|1|3,0,-15.252977090965105
1|3|1|1|3,5,-17.35147033129074
1|3|1|1|3,2,-15.254211587159675
1|3|1|1|3,6,-15.812423611970928
1|3|1|1|3,4,-14.985241810299822
1|3|1|1|3,7,-6.501471409633036
0|4|2|2|2,2,-14.635871189176841
0|4|2|2|2,4,-18.91401313457738
0|4|2|2|2,6,-19.083365209305
0|4|2|2|2,5,-18.914241304733796
0|4|2|2|2,7,-16.69231403202194
0|4|2|2|2,1,-18.64132173156262
0|4|2|2|2,3,-15.621221994957684
2|6|3|2|1,5,-14.5762871265
2|6|3|2|1,1,-14.5762871265
2|6|3|2|1,4,-14.5762871265
2|6|3|2|1,6,-14.5762871265
2|6|3|2|1,0,-13.7646855
2|6|3|2|1,7,-13.235265
2|6|3|2|1,3,-13.7646855
5|2|2|1|10,2,-25.091364223146893
5|2|2|1|10,6,-26.419157654716724
5|2|2|1|10,7,-20.17353674709974
5|2|2|1|10,0,-25.72767945329004
5|2|2|1|10,1,-26.607835263739297
5|2|2|1|10,3,-26.35404615724123
5|2|2|1|10,4,-24.8730656844653
2|3|2|1|9,6,-19.97502950869951
2|3|2|1|9,4,-20.76794799108735
2|3|2|1|9,0,-20.778759343997503
2|3|2|1|9,3,-20.584940129418587
2|3|2|1|9,7,-17.6832692426423
6|5|2|1|8,4,-11.737544164651698
6|5|2|1|8,3,-12.2768297441931
4|5|2|1|7,7,-13.006733212599169
4|5|2|1|7,6,-12.934213225744728
4|5|2|1|7,2,-14.364247195624575
4|5|2|1|7,0,-10.853790591018171
4|5|2|1|7,3,-14.525033809552994
7|6|2|2|6,5,-14.65873449461696
7|6|2|2|6,1,-14.118564055389303
7|6|2|2|6,0,-15.762226768832644
7|6|2|2|6,6,-14.590113851406958
5|6|2|2|5,2,-16.99607240139494
5|6|2|2|5,1,-18.092404734658004
5|6|2|2|5,6,-16.82901290599068
2|8|4|2|4,3,-8.772442165378301
3|12|2|1|3,6,-16.780180325647816
3|12|2|1|3,1,-14.316391455790116
3|12|2|1|3,5,-15.810404642359792
3|12|2|1|3,4,-15.497081532857427
3|12|2|1|3,2,-18.199157959973373
3|12|2|1|3,7,-13.974771318675627
3|12|2|1|3,0,-13.111036599231989
6|13|2|1|2,1,-16.8544395753
6|13|2|1|2,5,-17.996381728155004
6|13|2|1|2,2,-17.122201928529
6|13|2|1|2,7,-15.039857088262666
1|14|2|0|1,5,-11.3985
1|14|2|0|1,3,-11.277135687089
1|14|2|0|1,2,-11.434515
1|14|2|0|1,0,-10.662765
1|14|2|0|1,7,-11.434515
1|14|2|0|1,4,-10.662765
6|2|1|1|9,0,-25.706197262308212
6|2|1|1|9,7,-20.647673871123654
6|2|1|1|9,3,-25.51790312017846
6|2|1|1|9,5,-26.29611206228389
6|2|1|1|9,4,-26.67818642919229
6|2|1|1|9,2,-26.92120738167133
6|2|1|1|9,1,-27.38941637190972
0|2|1|1|8,6,-22.450371195109128
0|2|1|1|8,4,-24.215546491782145
0|2|1|1|8,1,-24.0412233430101
0|2|1|1|8,2,-23.223556062491728
0|2|1|1|8,3,-24.35128330075161
0|2|1|1|8,7,-23.182351175161955
0|2|1|1|8,5,-23.399815456017933
6|2|1|1|7,4,-24.429988410089646
6|2|1|1|7,3,-24.64776006995345
6|2|1|1|7,5,-24.283177824500193
6|2|1|1|7,2,-24.745812691945023
6|2|1|1|7,7,-23.79232168259044
6|2|1|1|7,1,-24.304517279883754
6|2|1|1|7,0,-19.90445141651332
4|2|1|1|6,2,-21.494928020658133
4|2|1|1|6,7,-20.717418488480092
4|2|1|1|6,3,-22.49340847420464
4|2|1|1|6,6,-21.23588214547241
4|2|1|1|6,1,-23.278235874334374
4|2|1|1|6,0,-23.45118945373731
4|2|1|1|6,5,-22.382272093342564
2|3|3|1|5,1,-19.51816748058688
2|3|3|1|5,6,-21.02614578920939
2|3|3|1|5,0,-21.193545924924795
2|3|3|1|5,3,-19.505830224714884
2|3|3|1|5,5,-20.101712801815804
2|3|3|1|5,7,-20.445544928322978
2|3|3|1|5,4,-20.75286340440022
1|4|3|2|4,0,-22.94887269959173
1|4|3|2|4,5,-22.08232809735994
1|4|3|2|4,3,-20.67642625544908
0|7|3|2|3,7,-14.48823229252424
0|7|3|2|3,3,-16.62682241477248
0|7|3|2|3,2,-17.344434286327193
0|7|3|2|3,4,-16.898887135299184
0|7|3|2|3,5,-17.506865388599437
7|7|3|2|2,0,-13.62492771973884
0|7|3|2|1,2,-14.994135268427126
0|7|3|2|1,6,-14.994135268427126
0|7|3|2|1,3,-14.394695895
0|7|3|2|1,1,-14.394695895
0|7|3|2|1,4,-14.13527985
0|7|3|2|1,5,-12.478950000000001
0|7|3|2|1,7,-12.478950000000001
7|2|2|1|10,5,-28.373226591184018
7|2|2|1|10,6,-28.628328215862982
7|2|2|1|10,2,-26.596742453912064
7|2|2|1|10,0,-22.18967891780423
7|2|2|1|10,1,-27.525611563365953
7|2|2|1|10,4,-27.145613271384782
7|2|2|1|10,3,-14.795276256641468
5|3|2|1|9,7,-21.881277742217677
5|3|2|1|9,2,-21.76579806509279
5|3|2|1|9,1,-21.429329743124573
5|3|2|1|9,4,-21.25537963705028
5|3|2|1|9,0,-23.092039485789734
5|3|2|1|9,3,-20.19416539965169
5|3|2|1|9,6,-21.7096045940633
7|4|2|1|8,6,-16.805897561546224
7|4|2|1|8,3,-16.534639552187144
7|4|2|1|8,0,-16.181116686638795
7|4|2|1|8,5,-17.20547130230708
7|4|2|1|8,1,-12.118333281784018
7|4|2|1|8,4,-14.802159948106686
7|4|2|1|8,2,-16.078619962334567
6|4|2|1|7,4,-19.6294014879601
6|4|2|1|7,5,-19.81351347024421
6|4|2|1|7,2,-15.383662586997403
6|4|2|1|7,3,-19.853602892498948
6|4|2|1|7,0,-20.083908278889634
6|4|2|1|7,7,-20.72211813412627
6|4|2|1|7,1,-19.252026553080974
4|4|2|1|6,1,-19.5245849088196
4|4|2|1|6,6,-19.508221424012916
4|4|2|1|6,2,-18.29522878805967
4|4|2|1|6,0,-18.820743771548436
4|4|2|1|6,3,-18.580290750261902
4|4|2|1|6,7,-19.403375467716582
4|4|2|1|6,5,-19.445860453709358
2|7|1|1|4,0,-12.16968649474102
0|8|1|1|3,3,-12.043679346088263
0|8|1|1|3,5,-12.684061708243572
3|9|1|1|2,4,-8.255717929984616
4|9|1|1|1,7,-9.855
4|9|1|1|1,1,-11.3985
4|9|1|1|1,0,-11.3985
0|2|2|2|10,2,-16.307983190544157
0|2|2|2|10,7,-12.09508396151137
0|2|2|2|10,5,-10.925159934329562
2|3|2|2|9,7,-17.51561786055165
2|3|2|2|9,4,-18.16056087628246
2|3|2|2|9,1,-17.866507897397245
2|3|2|2|9,6,-18.305904410627495
7|4|2|2|8,3,-16.95161293305018
7|4|2|2|8,6,-19.465661098837245
3|6|4|2|7,7,-5.071003417074025
3|6|4|2|7,5,-7.124673076115656
7|7|4|2|6,1,-14.285744023241923
1|7|4|2|5,4,-13.06594583373771
4|7|4|2|4,7,-10.001268412103254
4|7|4|2|4,0,-9.85938735825392
7|7|4|2|3,1,-18.20579572564476
7|7|4|2|3,2,-16.77433261408436
7|7|4|2|3,6,-17.444350785525028
1|7|4|2|2,6,-18.481329106581892
6|9|4|1|1,2,-13.7646855
6|9|4|1|1,3,-12.478950000000001
6|9|4|1|1,0,-9.855
6|9|4|1|1,1,-9.855
6|9|4|1|1,7,-7.65
2|1|2|1|10,0,-33.704832149391706
2|1|2|1|10,7,-34.489715400002936
2|1|2|1|10,3,-33.626822773906945
2|1|2|1|10,4,-29.51431315642376
2|1|2|1|10,6,-33.61500917326973
2|1|2|1|10,1,-33.73952479070962
2|1|2|1|10,5,-33.97108679503948
4|1|2|1|8,5,-30.253989501556067
4|1|2|1|8,2,-30.440093431639347
4|1|2|1|8,1,-29.441989526639215
4|1|2|1|8,0,-29.0799710602596
4|1|2|1|8,6,-30.05184356986892
4|1|2|1|8,3,-29.302484703474384
4|1|2|1|8,7,-30.946510918552015
5|1|2|1|7,7,-25.830403811906365
5|1|2|1|7,1,-29.01806624752832
5|1|2|1|7,6,-28.261822149560494
5|1|2|1|7,4,-28.29995031157365
5|1|2|1|7,2,-28.612694356110307
5|1|2|1|7,3,-28.185328067712263
5|1|2|1|7,0,-28.4998606404991
7|3|3|2|6,0,-17.33071297442513
7|3|3|2|6,5,-17.936378081218475
7|3|3|2|6,3,-16.90085633463605
7|3|3|2|6,2,-12.290193998379625
0|5|3|1|5,3,-15.196527005661569
0|5|3|1|5,5,-16.12449543752787
0|5|3|1|5,2,-15.527556236445147
0|5|3|1|5,7,-16.715814004954034
0|5|3|1|5,1,-15.792426675353578
0|5|3|1|5,4,-15.370296207534388
0|5|3|1|5,6,-9.127266641801384
3|6|3|1|4,2,-19.63772015321112
3|6|3|1|4,4,-19.44316921460569
2|9|2|1|3,5,-16.9690793156659
2|9|2|1|3,0,-16.8429226656149
2|9|2|1|3,3,-18.090332479527902
2|9|2|1|3,7,-16.513319102853664
2|9|2|1|3,6,-16.25483229298947
2|9|2|1|3,1,-16.926883643373532
2|9|2|1|3,4,-13.843087417726808
5|9|2|1|2,6,-16.33877425002063
5|9|2|1|2,4,-19.42433470285027
5|9|2|1|2,7,-8.703678217693666
5|9|2|1|2,2,-9.439120009928462
6|11|3|1|1,3,-14.703400988550001
6|11|3|1|1,4,-14.703400988550001
6|11|3|1|1,7,-14.703400988550001
6|11|3|1|1,0,-14.703400988550001
6|11|3|1|1,1,-14.703400988550001
6|11|3|1|1,5,-12.478950000000001
6|11|3|1|1,2,-12.478950000000001
4|2|3|0|9,5,-20.38859009224878
5|2|3|0|8,0,-23.77957947035443
5|2|3|0|8,3,-23.051136953618414
0|2|3|0|7,1,-17.967834552994695
0|2|3|0|7,4,-22.994783443777617
1|2|3|0|6,7,-17.537521617864638
1|2|3|0|6,2,-17.695845850735957
1|2|3|0|6,6,-19.18821242661371
1|2|3|0|6,4,-6.779068736197245
7|2|3|0|5,5,-14.136463565343881
7|2|3|0|5,1,-14.501210996762946
5|2|3|0|4,6,-13.821200078004
5|2|3|0|4,2,-10.518609516077937
5|2|3|0|4,1,-14.84574065832496
6|2|3|0|3,2,-16.31793570229185
2|5|2|2|2,6,-18.681107659800002
2|5|2|2|2,5,-12.976812086912744
2|5|2|2|2,3,-18.566602577425563
2|5|2|2|2,1,-17.965126573455002
2|5|2|2|2,7,-17.798663306777414
2|5|2|2|2,4,-18.589116488696643
6|5|2|2|1,4,-14.5762871265
6|5|2|2|1,1,-14.703400988550001
6|5|2|2|1,3,-14.703400988550001
2|1|1|1|10,7,-38.991799002614414
2|1|1|1|10,4,-38.603066284769206
2|1|1|1|10,6,-38.253192068191744
2|1|1|1|10,0,-33.95255199069239
2|1|1|1|10,1,-28.083652554693465
2|1|1|1|10,5,-38.652696264604245
2|1|1|1|10,3,-40.04775097238711
7|1|1|1|9,2,-36.8604930293338
7|1|1|1|9,4,-36.19210562210852
7|1|1|1|9,6,-36.57977928324527
7|1|1|1|9,5,-36.76416360468128
7|1|1|1|9,0,-35.862935119594006
7|1|1|1|9,1,-29.37956478718589
7|1|1|1|9,3,-36.45603388344307
2|1|1|1|8,6,-34.49357886955734
2|1|1|1|8,5,-35.277577904965845
2|1|1|1|8,4,-34.09812268610987
2|1|1|1|8,1,-35.19777183398318
2|1|1|1|8,3,-34.51288210727339
2|1|1|1|8,0,-34.843855452710514
2|1|1|1|8,7,-31.57147335078817
3|2|1|1|6,5,-22.777104230392915
3|2|1|1|6,7,-22.842199596092378
3|2|1|1|6,0,-20.616687560394688
3|2|1|1|6,2,-23.442009113848915
3|2|1|1|6,1,-19.362365710919974
3|2|1|1|6,4,-23.960497421282085
3|2|1|1|6,6,-22.106158781546295
5|2|1|1|5,3,-21.479370410936593
5|2|1|1|5,6,-21.62957443144353
5|2|1|1|5,0,-21.676956702210546
5|2|1|1|5,2,-23.37250604468028
5|2|1|1|5,1,-22.41577508268024
5|2|1|1|5,4,-22.89045586302261
5|2|1|1|5,7,-22.655873465570295
3|2|1|1|4,4,-20.532660665167857
3|2|1|1|4,0,-20.210186290932878
3|2|1|1|4,5,-20.534106534652842
3|2|1|1|4,7,-19.909142108608172
3|2|1|1|4,1,-19.24830596268337
3|2|1|1|4,2,-17.493416944673736
3|2|1|1|4,6,-19.201102828215944
4|3|1|1|3,1,-16.046065583184692
4|3|1|1|3,7,-19.469161291607183
1|3|1|1|2,3,-13.13917525964445
1|3|1|1|2,5,-13.172535
1|3|1|1|2,4,-14.626659000000002
1|3|1|1|2,2,-15.51373869763358
1|3|1|1|2,6,-13.485726585000002
1|3|1|1|2,7,-14.893169200783532
1|3|1|1|2,0,-14.956409090589347
3|3|1|1|1,7,-14.5762871265
3|3|1|1|1,5,-12.478950000000001
3|3|1|1|1,2,-13.235265
3|3|1|1|1,0,-4.5
6|2|3|2|10,2,-13.307766853624411
6|2|3|2|10,0,-18.053803350302434
2|2|3|2|9,7,-15.985667671941673
2|2|3|2|9,3,-16.18872250985963
2|2|3|2|9,1,-15.839701336242356
2|2|3|2|9,6,-15.369628033788686
2|2|3|2|9,4,-15.928425160183796
2|2|3|2|9,5,-16.113275072472028
2|2|3|2|9,0,-14.965525880530244
7|2|3|2|8,5,-12.582799818205705
7|2|3|2|8,4,-14.940368138510447
7|2|3|2|8,6,-15.71908365096558
5|5|2|1|7,3,-18.386406856496183
5|5|2|1|7,7,-12.433747895412804
3|6|2|2|6,1,-18.92524040866027
3|6|2|2|6,2,-13.550184627371177
1|8|2|1|5,7,-13.484585272382501
1|8|2|1|5,6,-15.289260284724698
7|8|2|1|4,6,-16.188831916091697
7|8|2|1|4,1,-16.336137029224254
7|8|2|1|4,2,-14.071730734502113
6|8|2|1|3,5,-14.187706484243607
6|8|2|1|3,1,-16.00586077876407
6|8|2|1|3,3,-17.11642861263083
6|8|2|1|3,7,-14.961695106193115
5|8|2|1|2,4,-15.696214095
5|8|2|1|2,2,-15.44162081418352
5|8|2|1|2,3,-16.8078746884875
5|8|2|1|2,0,-17.432893768792898
5|8|2|1|2,1,-16.891291432121115
5|8|2|1|2,6,-15.09655975042189
5|8|2|1|2,7,-16.760939494925566
4|9|2|1|1,5,-14.792380691985
4|9|2|1|1,6,-14.792380691985
4|9|2|1|1,1,-14.792380691985
4|9|2|1|1,2,-14.8546664843895
4|9|2|1|1,7,-14.792380691985
4|1|2|1|10,7,-33.01134829406418
4|1|2|1|10,1,-33.75543738176681
4|1|2|1|10,5,-34.178755092324494
4|1|2|1|10,3,-25.36619322929189
4|1|2|1|10,2,-24.93935109685802
4|1|2|1|10,0,-32.61487358735076
4|1|2|1|10,6,-33.2920692397196
7|1|2|1|9,1,-32.96434136805342
7|1|2|1|9,5,-33.208791858604656
7|1|2|1|9,3,-33.08158156822205
7|1|2|1|9,4,-32.21575078530333
7|1|2|1|9,0,-31.982547441293864
7|1|2|1|9,6,-33.39375052752567
7|1|2|1|9,2,-32.29008482807278
1|2|4|3|8,2,-3.015
2|2|4|3|7,1,-6.4558035
1|2|4|3|6,2,-4.9270499999999995
1|2|4|3|6,4,-3.015
2|2|4|3|5,5,-2.5005
5|6|3|2|4,7,-19.606626354969965
5|6|3|2|4,1,-17.92874475870938
5|6|3|2|4,2,-18.480470130445134
5|6|3|2|4,3,-16.011316992350196
7|7|3|3|3,3,-12.81048612001116
7|7|3|3|3,5,-8.981298043793826
7|7|3|3|3,6,-3.124258571756495
3|7|3|3|2,5,-11.909385094555342
5|7|3|3|1,6,-14.13527985
5|7|3|3|1,1,-13.7646855
4|1|1|1|9,6,-36.07777247345278
4|1|1|1|9,3,-34.11447349051709
4|1|1|1|9,5,-36.618865951539
4|1|1|1|9,2,-36.9735395178542
4|1|1|1|9,0,-33.39599968316026
4|1|1|1|9,1,-35.5025151814164
4|1|1|1|9,7,-36.25485117582133
6|2|2|1|8,7,-28.616979585024424
6|2|2|1|8,5,-29.009671309587247
6|2|2|1|8,2,-28.037501253949465
6|2|2|1|8,0,-29.154683252418035
6|2|2|1|8,3,-28.935312629770465
6|2|2|1|8,1,-27.89502953591706
6|2|2|1|8,4,-29.363726988877236
1|2|2|1|6,2,-28.25977661870724
1|2|2|1|6,5,-28.75166676164049
1|2|2|1|6,0,-23.42177874953633
1|2|2|1|6,7,-29.33826979324747
1|2|2|1|6,3,-28.679023210114263
1|2|2|1|6,4,-27.997947225675922
1|2|2|1|6,6,-28.454893797588877
2|2|2|1|5,6,-27.247963859172813
2|2|2|1|5,3,-26.116844090799827
2|2|2|1|5,4,-20.284211796677013
2|2|2|1|5,7,-26.137066419745107
2|2|2|1|5,0,-27.201629819487955
2|2|2|1|5,5,-27.082735702331668
2|2|2|1|5,1,-27.514393850751144
6|2|2|1|4,0,-25.055595433828337
6|2|2|1|4,5,-25.28612461350769
6|2|2|1|4,4,-24.719822569198612
6|2|2|1|4,2,-25.085363429896557
6|2|2|1|4,7,-25.109702626233275
6|2|2|1|4,3,-23.393351126865234
6|2|2|1|4,1,-25.052229841505504
0|4|1|1|3,7,-16.10012289179472
0|4|1|1|3,3,-15.668168770272702
0|4|1|1|3,2,-16.340884950038355
0|4|1|1|3,1,-17.804914509738065
0|4|1|1|3,5,-16.01503331887628
0|4|1|1|3,4,-11.311154663767619
7|5|2|1|2,1,-11.423164330310058
7|5|2|1|2,5,-18.789191952165
7|5|2|1|2,6,-17.137354593549233
7|5|2|1|2,4,-19.1377086137595
7|5|2|1|2,2,-17.51858271186109
7|5|2|1|2,3,-18.1017662966442
7|5|2|1|2,0,-17.9423075935524
1|5|2|1|1,6,-14.928786577350856
1|5|2|1|1,5,-14.928786577350856
1|5|2|1|1,4,-14.928786577350856
1|5|2|1|1,3,-14.898266539072651
1|5|2|1|1,7,-14.898266539072651
3|2|2|1|10,5,-17.756658432105645
3|2|2|1|10,1,-26.69689386260008
3|2|2|1|10,2,-26.282929243649974
3|2|2|1|10,7,-27.879942781883955
3|2|2|1|10,0,-23.860495827812876
3|2|2|1|10,6,-27.230457979471968
3|2|2|1|10,4,-28.780813898074662
5|2|2|1|9,7,-28.688532743442433
5|2|2|1|9,3,-28.85289386198729
5|2|2|1|9,6,-30.21233475669717
5|2|2|1|9,1,-29.481959171810445
5|2|2|1|9,4,-23.09630993692968
5|2|2|1|9,2,-27.73673286054035
5|2|2|1|9,0,-28.232949476132738
7|3|2|2|8,4,-18.656838358506857
7|3|2|2|8,5,-19.41969252240712
7|3|2|2|8,3,-18.42731077303035
7|3|2|2|8,0,-15.023818478565264
7|3|2|2|8,2,-18.80220831196509
7|3|2|2|8,1,-19.335866689610278
7|3|2|2|8,6,-18.360253683208132
4|3|2|2|7,5,-15.201860105559398
4|3|2|2|7,3,-19.495502532680874
4|3|2|2|7,0,-19.842812045358254
4|3|2|2|7,7,-19.52528817053268
4|3|2|2|7,2,-8.61368794446286
5|3|2|2|6,4,-18.09115825353105
5|3|2|2|6,1,-17.095670575576072
5|3|2|2|6,2,-16.130553860150478
5|3|2|2|6,3,-17.963466888516034
5|3|2|2|6,7,-16.812659956236164
5|3|2|2|6,6,-17.1166921699428
5|3|2|2|6,0,-16.07888839952065
4|3|2|2|5,1,-18.683370989783832
4|3|2|2|5,5,-18.885115769891257
4|3|2|2|5,6,-18.850291637358886
4|3|2|2|5,3,-19.540033527972117
4|3|2|2|5,0,-17.373215669593996
4|3|2|2|5,2,-19.509934142337656
4|3|2|2|5,7,-12.840650674747138
5|4|3|2|3,7,-23.88800453180912
5|4|3|2|3,0,-17.486634883550558
7|4|3|2|2,5,-20.756118439163433
5|4|3|2|1,7,-14.792380691985
5|4|3|2|1,4,-14.8546664843895
5|4|3|2|1,3,-14.792380691985
5|4|3|2|1,0,-14.8546664843895
5|4|3|2|1,1,-14.792380691985
5|4|3|2|1,2,-14.8546664843895
1|1|4|1|10,6,-14.156767574076795
1|1|4|1|10,3,-16.357569044142192
1|1|4|1|10,7,-16.202713581655342
1|1|4|1|10,2,-14.85608997882246
6|2|4|1|9,3,-17.370726894677418
6|2|4|1|9,7,-13.48423552818782
6|2|4|1|9,0,-7.369289586509323
3|3|4|1|8,2,-16.264862562933196
3|3|4|1|8,6,-8.466479953385242
2|3|4|1|7,3,-19.37342625113849
2|3|4|1|7,1,-16.23361890829618
3|3|4|1|6,5,-15.009067726076859
3|3|4|1|6,2,-10.303441984999449
3|3|4|1|6,1,-15.085826232905285
5|4|4|2|5,1,-7.64145846203375
5|4|4|2|5,0,-9.90767782689483
1|4|4|2|4,6,-14.061913081611323
6|4|4|2|3,1,-11.523885494993364
6|4|4|2|3,7,-17.188320910580025
6|4|4|2|3,4,-9.095691959495172
1|4|4|2|2,4,-9.096787821283499
4|6|4|1|1,3,-12.478950000000001
4|6|4|1|1,5,-12.478950000000001
1|1|2|1|9,4,-31.734425452045308
1|1|2|1|9,7,-32.57145840265877
1|1|2|1|9,2,-31.54638394256183
1|1|2|1|9,3,-31.770803999900444
1|1|2|1|9,6,-25.411216666286307
1|1|2|1|9,5,-32.14231053290097
1|1|2|1|9,0,-32.21890868173984
4|3|2|2|8,5,-17.409086181308187
4|3|2|2|8,7,-16.921518978149916
4|3|2|2|8,1,-17.80593626783322
4|3|2|2|8,2,-18.270283687330288
4|3|2|2|8,0,-16.665387118387276
4|3|2|2|8,3,-16.804171704461062
5|5|2|2|7,0,-17.364503516418985
5|5|2|2|7,2,-17.290404601589803
5|5|2|2|7,7,-17.61508068563571
5|5|2|2|7,3,-14.13188586412237
0|5|2|2|6,7,-17.017564566464287
0|5|2|2|6,6,-11.536433863884376
0|5|2|2|6,1,-17.436088428477415
0|5|2|2|6,4,-15.571409853037064
0|5|2|2|6,2,-16.42043958399243
7|5|2|2|5,3,-15.108781203619541
7|5|2|2|5,4,-14.85585738383378
7|5|2|2|5,6,-17.661419219452462
7|5|2|2|5,1,-14.940719686297236
7|5|2|2|5,5,-15.258297355536854
3|5|2|2|4,2,-18.150638745353582
3|5|2|2|4,5,-18.02890906341254
3|5|2|2|4,1,-18.834084696275504
3|5|2|2|4,0,-17.382590092603976
3|5|2|2|4,7,-15.542983217959172
3|5|2|2|4,6,-18.03001743477068
3|5|2|2|4,4,-18.395689184457854
2|6|2|2|3,4,-21.37387253558024
2|6|2|2|3,0,-18.986541257576214
2|6|2|2|3,5,-21.609241761483343
4|8|3|2|2,7,-16.097464972548117
4|8|3|2|2,5,-16.183709625049616
4|8|3|2|2,1,-15.822155354219346
4|8|3|2|2,2,-14.54850641043642
4|8|3|2|2,6,-18.787590833310002
4|8|3|2|2,3,-16.330828648556018
4|8|3|2|2,0,-16.34684432147344
7|8|3|2|1,5,-13.7646855
7|8|3|2|1,0,-13.235265
7|8|3|2|1,6,-13.235265
7|8|3|2|1,1,-13.235265
7|8|3|2|1,2,-13.235265
7|8|3|2|1,4,-13.7646855
7|8|3|2|1,3,-13.7646855
7|2|1|1|9,3,-24.929675292179237
7|2|1|1|9,6,-24.342686786252592
7|2|1|1|9,1,-23.891960237138832
7|2|1|1|9,0,-23.48998646368251
7|2|1|1|9,5,-22.918933416748086
7|2|1|1|9,4,-22.770274411703245
7|2|1|1|9,2,-22.731850704266744
5|3|2|1|7,3,-23.509029541569838
5|3|2|1|7,2,-22.81585191517645
5|3|2|1|7,6,-23.351945852542276
5|3|2|1|7,4,-23.381378482611293
5|3|2|1|7,7,-25.230096272407057
5|3|2|1|7,0,-23.793175835394052
5|3|2|1|7,1,-22.927316254746742
3|3|2|1|6,6,-25.622733533647654
3|3|2|1|6,4,-25.184475271116554
3|3|2|1|6,2,-24.628813607894056
3|3|2|1|6,0,-25.170145022677676
3|3|2|1|6,5,-20.688270805096117
3|3|2|1|6,7,-25.017583685086613
3|3|2|1|6,1,-19.57849715499854
6|5|3|1|5,5,-17.90875577875518
6|5|3|1|5,1,-15.370253797456144
6|5|3|1|5,2,-16.89104419518828
6|5|3|1|5,4,-9.23702727937275
5|5|3|1|4,3,-20.67960779899475
5|5|3|1|4,0,-16.566531211325387
5|5|3|1|4,4,-20.97836452999313
5|5|3|1|4,2,-21.327335231518393
5|5|3|1|4,1,-19.917959085917346
3|5|3|1|3,5,-19.335436594907105
3|5|3|1|3,7,-22.028239960379963
5|5|3|1|2,3,-18.50788544623307
5|5|3|1|2,6,-18.380372193728263
5|5|3|1|2,4,-16.223523367309678
3|5|3|1|1,6,-14.703400988550001
3|5|3|1|1,7,-14.792380691985
3|5|3|1|1,2,-14.792380691985
3|5|3|1|1,0,-14.703400988550001
3|5|3|1|1,1,-14.703400988550001
3|5|3|1|1,5,-11.3985
3|5|3|1|1,4,-12.478950000000001
1|3|6|1|10,6,-3.015
6|3|6|1|9,7,1.11
7|9|3|1|8,0,-7.13315736740414
0|9|3|1|7,3,-8.639948885910487
0|9|3|1|7,6,-7.78375136254297
3|10|3|1|6,2,-2.83509975
3|10|3|1|6,0,-3.015
3|10|3|1|6,5,0.10392681749999999
2|11|3|1|5,4,-17.05650417378305
4|14|1|1|4,7,-14.76170833119731
4|14|1|1|4,3,-14.242595332462797
4|14|1|1|4,0,-15.888189826616257
4|14|1|1|4,2,-14.250433656829983
4|14|1|1|4,6,-16.02530685468735
7|14|1|1|3,6,-18.965261056947977
7|14|1|1|3,5,-18.816240334620105
6|15|1|0|2,0,-14.537721912164367
6|15|1|0|2,5,-15.2908653729
6|15|1|0|2,7,-14.383734885000003
6|15|1|0|2,4,-13.8328243341219
6|15|1|0|2,3,-15.0776048774835
6|15|1|0|2,1,-13.690320597000001
6|15|1|0|2,2,-13.544877688339652
0|15|1|0|1,1,-12.6981048765
0|15|1|0|1,6,-12.586291840615347
0|15|1|0|1,2,-12.559270616985
0|15|1|0|1,5,-12.065011209708691
0|15|1|0|1,4,-12.045999999300001
0|15|1|0|1,7,-12.478950000000001
6|2|3|1|10,4,-16.77151557377262
6|2|3|1|10,3,-16.116632104905634
6|2|3|1|10,2,-9.208957153262922
6|2|3|1|10,0,-18.067013105301825
6|2|3|1|10,5,-18.274939366941272
6|2|3|1|10,7,-16.01828512867993
6|2|3|1|10,1,-15.954402958644764
4|5|2|1|9,6,-4.622466740188404
4|5|2|1|9,0,-7.95715812802818
4|5|2|1|9,7,-6.37001022530301
4|5|2|1|9,2,-5.807972184658304
6|6|2|1|8,5,-6.261000522426207
6|6|2|1|8,1,-6.083405090223506
5|6|2|1|7,0,-16.415010166221585
5|6|2|1|7,6,-14.670821097415729
0|7|3|1|6,2,-10.964058643607503
0|7|3|1|6,1,-12.106595217840063
0|7|3|1|6,5,-8.851097318939114
2|8|3|1|5,5,-21.85585181682326
5|8|3|1|4,1,-20.053728275539367
5|8|3|1|4,7,-15.417770749200274
1|11|3|1|3,0,-17.412713711574483
1|11|3|1|3,7,-19.038791590561157
0|11|3|1|2,2,-18.550848474792303
0|11|3|1|2,4,-18.66124987951156
0|11|3|1|2,6,-18.62533861123684
7|1|2|1|8,6,-29.895216469457534
7|1|2|1|8,3,-31.32446419129163
7|1|2|1|8,1,-30.232842310417364
7|1|2|1|8,0,-29.936856278183942
7|1|2|1|8,5,-30.541659518781415
7|1|2|1|8,2,-30.188795081186306
7|1|2|1|8,4,-31.701045107334664
3|4|2|1|6,0,-19.432288892861248
3|4|2|1|6,5,-18.229856210767057
3|4|2|1|6,6,-19.23280956022373
3|4|2|1|6,7,-20.78106574314426
3|4|2|1|6,4,-18.612452966961026
3|4|2|1|6,1,-18.773990234196795
3|4|2|1|6,2,-18.04371740707311
0|6|2|2|5,5,-13.62644104057872
0|6|2|2|5,3,-15.50691685742547
0|6|2|2|5,6,-16.010557950612395
0|6|2|2|5,4,-14.863683217591579
0|6|2|2|5,1,-15.453647714675242
0|6|2|2|5,2,-15.324020714192837
0|6|2|2|5,7,-13.37138030641043
5|6|2|2|4,3,-17.287438439156524
5|6|2|2|4,7,-17.078159438496474
5|6|2|2|4,1,-15.899564044690147
5|6|2|2|4,0,-15.783916499278938
5|6|2|2|4,4,-12.32152830279192
5|6|2|2|4,2,-14.209057119308255
3|6|2|2|3,6,-18.94743093871942
3|6|2|2|3,2,-16.07423873056526
3|6|2|2|3,4,-18.724002972888417
3|6|2|2|3,5,-19.23543126358691
3|6|2|2|3,0,-18.91238047396302
6|6|2|2|2,4,-18.176757057160522
6|6|2|2|2,2,-16.346161526323655
6|6|2|2|2,3,-16.9238898135
6|6|2|2|2,1,-16.193844669
6|6|2|2|2,7,-16.91781476316863
6|6|2|2|2,0,-12.756820203814806
6|6|2|2|2,5,-17.54837366510913
4|7|2|2|1,6,-14.950150604145598
4|7|2|2|1,1,-14.96510542290192
4|7|2|2|1,3,-14.950150604145598
4|7|2|2|1,7,-14.950150604145598
6|4|2|1|8,0,-13.765082419000583
6|4|2|1|8,2,-11.67296920959785
6|4|2|1|8,5,-13.863546909599489
6|4|2|1|8,3,-11.83894347950281
6|4|2|1|8,4,-16.42848426073173
6|4|2|1|8,7,-12.985867848249402
6|4|2|1|8,1,-9.786495959250088
0|4|2|1|7,5,-17.688720952946685
0|4|2|1|7,6,-19.8328852055382
0|4|2|1|7,7,-17.834042330793515
0|4|2|1|7,3,-19.18459230013901
0|4|2|1|7,1,-17.71023694010481
0|4|2|1|7,2,-19.674383392263017
0|4|2|1|7,4,-19.435727206965907
5|5|3|2|6,2,-13.178892198152125
5|5|3|2|6,7,-13.105911678320599
5|5|3|2|6,0,-11.57080804823278
5|5|3|2|6,6,-15.63527094521615
5|5|3|2|6,3,-11.823354315337081
5|5|3|2|6,1,-8.904210820665922
5|5|3|2|6,4,-13.181278103713577
2|7|3|1|5,6,-11.179866891736472
2|7|3|1|5,0,-12.389620223676435
2|7|3|1|5,3,-10.507282680102957
2|7|3|1|5,4,-12.57677837440028
6|7|3|1|4,4,-15.276258337433074
6|7|3|1|4,2,-19.144730506913927
6|7|3|1|4,1,-17.387077231188794
4|8|3|1|3,0,-11.388612698513667
4|8|3|1|3,5,-12.435627536711518
4|8|3|1|3,1,-12.47499956440331
4|8|3|1|3,6,-12.54107522275238
4|8|3|1|3,3,-13.264982016125362
4|8|3|1|3,2,-11.865476820237882
4|8|3|1|3,7,-13.57448611497699
0|9|4|1|2,7,-11.755515310990951
0|9|4|1|2,2,-7.089543550377002
7|10|4|1|1,3,-14.950150604145598
1|2|2|1|10,6,-26.285390659754345
1|2|2|1|10,7,-28.035114563934844
1|2|2|1|10,5,-26.856145315626012
1|2|2|1|10,4,-26.34730641686266
1|2|2|1|10,0,-25.787517328363087
1|2|2|1|10,2,-26.938580244207436
1|2|2|1|10,3,-22.16052685951245
4|2|2|1|8,3,-27.235879967314762
4|2|2|1|8,0,-27.934714000241463
4|2|2|1|8,7,-29.54633166214933
4|2|2|1|8,6,-27.452650814999167
4|2|2|1|8,5,-28.628198601018113
4|2|2|1|8,2,-27.327846774230284
4|2|2|1|8,1,-25.64666581105697
3|4|1|1|7,5,-15.999782688176179
5|5|2|1|6,2,-14.632139376994521
5|5|2|1|6,4,-16.32925089894573
5|5|2|1|6,1,-14.672116382228893
5|5|2|1|6,7,-16.1315448247359
5|5|2|1|6,6,-15.870212943018373
5|5|2|1|6,3,-14.604277231556502
2|7|1|1|5,7,-9.309983928517264
7|8|3|1|4,6,-14.983796710362867
7|8|3|1|4,4,-14.5621337345307
7|8|3|1|4,0,-13.319441854586671
6|9|3|1|3,3,-16.256066295326388
6|9|3|1|3,5,-18.019797344980763
3|9|3|1|2,5,-16.448924194155
3|9|3|1|2,7,-15.978113682735088
3|9|3|1|2,1,-18.15551103675986
3|9|3|1|2,0,-16.410650328115832
3|9|3|1|2,6,-16.12211083725
3|9|3|1|2,2,-17.8376444235585
5|9|3|1|1,7,-14.5762871265
5|9|3|1|1,4,-14.703400988550001
5|9|3|1|1,2,-14.703400988550001
5|9|3|1|1,6,-14.394695895
5|9|3|1|1,0,-14.394695895
5|9|3|1|1,3,-11.3985
5|9|3|1|1,1,-11.3985
3|1|2|0|10,0,-35.72913524480413
3|1|2|0|10,1,-36.78499952522891
3|1|2|0|10,6,-33.775058379779615
3|1|2|0|10,7,-35.69769939265257
3|1|2|0|10,4,-36.72990528596618
3|1|2|0|10,2,-36.777121188743656
3|1|2|0|10,5,-36.7306135407733
0|1|2|0|9,4,-35.43232873246645
0|1|2|0|9,2,-34.21672876070167
0|1|2|0|9,5,-34.21006165673736
0|1|2|0|9,3,-35.39715123261262
0|1|2|0|9,6,-34.99682362749071
0|1|2|0|9,1,-35.43248385843728
0|1|2|0|9,7,-34.556698771892854
4|3|2|1|8,3,-23.34228139065512
4|3|2|1|8,0,-21.275545590193026
4|3|2|1|8,2,-23.595711199592955
4|3|2|1|8,6,-22.484700459290558
4|3|2|1|8,7,-19.486624767449367
4|3|2|1|8,1,-21.460336195491042
4|3|2|1|8,5,-21.185331128130038
3|3|2|1|7,6,-25.546834051022387
3|3|2|1|7,4,-24.994600095540076
3|3|2|1|7,5,-24.53095942262504
3|3|2|1|7,7,-25.10503102884828
3|3|2|1|7,0,-26.415000844208578
3|3|2|1|7,1,-24.347314026015763
3|3|2|1|7,2,-18.756988070460686
6|5|2|1|6,0,-17.396015340782892
6|5|2|1|6,7,-15.48844908928444
6|5|2|1|6,3,-15.790308700486564
6|5|2|1|6,4,-16.18986017049698
6|5|2|1|6,2,-16.975798992601696
6|5|2|1|6,5,-14.588984007759986
6|5|2|1|6,1,-16.795467099817838
0|5|2|1|5,3,-16.012183803286135
0|5|2|1|5,2,-16.54246606149601
0|5|2|1|5,6,-17.197656994094828
0|5|2|1|5,7,-15.871107719018125
0|5|2|1|5,1,-17.184461252328813
0|5|2|1|5,5,-14.124521501546418
0|5|2|1|5,4,-15.758637660980057
3|6|3|2|4,1,-16.673681119027634
3|6|3|2|4,2,-17.18079653383269
1|7|3|2|3,3,-15.81377901032053
1|7|3|2|3,5,-21.35812458427872
3|7|3|2|2,5,-19.93479024691507
3|7|3|2|2,6,-18.091824373761
3|7|3|2|2,0,-13.418059480510049
3|7|3|2|2,1,-17.729031758532805
3|7|3|2|2,2,-18.581615097121578
3|7|3|2|2,4,-17.84639353828457
3|7|3|2|2,7,-18.231298527599925
5|9|3|2|1,2,-14.8546664843895
5|9|3|2|1,7,-14.8546664843895
5|9|3|2|1,1,-14.792380691985
5|9|3|2|1,4,-14.8546664843895
6|1|3|3|10,4,-5.345382176623724
4|1|3|3|9,0,-9.226300032486812
0|1|3|3|8,4,-9.4166319925242
4|1|3|3|7,7,-6.518948092161001
7|1|3|3|6,3,-2.548972948810852
3|4|3|2|5,4,-17.584252111238648
3|4|3|2|5,7,-12.091647788286867
3|4|3|2|5,2,-15.34080691083113
3|4|3|2|5,1,-17.66575075450177
3|4|3|2|5,5,-14.86269810044072
3|4|3|2|5,6,-17.0868473245104
4|4|3|2|4,0,-21.978941616977295
4|4|3|2|4,3,-19.835364131178203
4|4|3|2|4,1,-21.52687865225389
0|4|3|2|3,2,-19.886750135839993
0|4|3|2|3,4,-20.467076871890495
0|4|3|2|3,3,-19.492668202077876
0|4|3|2|3,6,-16.668629510202262
0|4|3|2|3,1,-19.52420735082413
0|4|3|2|3,7,-19.853660051835398
2|6|3|1|2,1,-16.372834789450316
2|6|3|1|2,4,-18.28669880326351
2|6|3|1|2,5,-15.885597189903327
2|6|3|1|2,0,-16.745030814966892
2|6|3|1|2,3,-17.19279319203116
2|6|3|1|2,6,-17.66554912665
1|7|4|1|1,5,-13.235265
1|7|4|1|1,3,-13.235265
7|1|1|1|10,4,-37.403800592778325
7|1|1|1|10,1,-38.447737704074555
7|1|1|1|10,0,-38.39430745434854
7|1|1|1|10,2,-39.070555300316386
7|1|1|1|10,5,-37.40204582980007
7|1|1|1|10,6,-34.53111969716917
7|1|1|1|10,3,-38.03916466318378
3|2|1|1|8,1,-25.956991285894954
3|2|1|1|8,6,-26.264525302324618
3|2|1|1|8,0,-26.235856514475444
3|2|1|1|8,4,-25.73223075505623
3|2|1|1|8,2,-26.462956582113627
3|2|1|1|8,5,-26.046307559519605
3|2|1|1|8,7,-26.68424176878248
1|3|4|1|7,3,-11.341098033196204
1|3|4|1|7,0,-14.69724956856826
1|3|4|1|7,7,-6.6222726869591515
1|3|4|1|7,6,-5.366901835595826
2|3|4|1|5,1,-13.52490488077426
2|3|4|1|5,5,-14.999496525498525
2|3|4|1|5,0,-12.749026071706822
2|3|4|1|5,7,-11.322833912289404
2|3|4|1|5,4,-15.024545942920401
2|3|4|1|5,6,-12.735133087526824
1|3|4|1|4,2,-15.05462934407278
1|3|4|1|4,7,-16.454947473618006
2|3|4|1|3,6,-17.544319711872355
2|3|4|1|3,7,-18.371116647661065
2|3|4|1|3,1,-11.816519616937875
6|4|4|1|2,7,-15.961421409285165
5|2|3|2|9,4,-18.09344616369212
5|2|3|2|9,1,-15.690745989415024
5|2|3|2|9,2,-17.82286881611873
5|2|3|2|9,3,-2.849257647152754
4|2|3|2|8,6,-18.64325024515539
4|2|3|2|8,5,-17.55032341671609
4|2|3|2|8,2,-19.11751059096655
6|5|3|3|7,2,-7.8727324112613495
2|5|3|3|6,4,-11.97084770219056
4|8|3|3|5,2,-3.6454495650000003
2|8|3|3|4,1,-6.7818359077315495
7|14|1|1|2,2,-17.6576658033
7|14|1|1|2,5,-18.203222444745165
7|14|1|1|2,3,-16.60600200683595
7|14|1|1|2,4,-16.745428084640796
7|14|1|1|2,1,-18.26619346450073
2|14|1|1|1,0,-14.5762871265
2|14|1|1|1,6,-14.5762871265
2|14|1|1|1,1,-14.5762871265
2|14|1|1|1,4,-14.5762871265
2|14|1|1|1,3,-14.5762871265
0|2|2|1|7,4,-29.82847943707195
0|2|2|1|7,3,-28.676368402128887
0|2|2|1|7,1,-28.33104489199417
0|2|2|1|7,5,-28.598598087201108
0|2|2|1|7,2,-30.200310736965182
0|2|2|1|7,6,-23.223333412377137
0|2|2|1|7,7,-28.205039045165016
4|2|2|1|6,2,-28.557333068543613
4|2|2|1|6,0,-27.378380158043534
4|2|2|1|6,6,-27.048422794798487
4|2|2|1|6,3,-27.738778807846213
4|2|2|1|6,5,-27.931467010822267
4|2|2|1|6,1,-25.084973719983175
4|2|2|1|6,7,-26.961524457680348
2|3|2|1|5,0,-24.277533343253598
2|3|2|1|5,5,-23.795077184715204
2|3|2|1|5,6,-24.5250441822167
2|3|2|1|5,1,-24.29949249406823
2|3|2|1|5,3,-25.0551016313213
2|3|2|1|5,4,-25.54210160457521
2|3|2|1|5,7,-23.989317644645837
0|3|2|1|4,7,-24.787066707729554
0|3|2|1|4,6,-25.047918939067483
0|3|2|1|4,3,-21.570396746654644
0|3|2|1|4,1,-24.05689638857581
0|3|2|1|4,2,-21.19346895098642
0|3|2|1|4,5,-24.311824522731072
0|3|2|1|4,4,-23.940411890950884
7|3|2|1|3,6,-22.32760323950572
7|3|2|1|3,3,-23.634983298149596
7|3|2|1|3,2,-23.597284941341655
7|3|2|1|3,1,-23.104050613232882
7|3|2|1|3,4,-22.886104614851124
7|3|2|1|3,5,-23.569159503706064
6|5|2|1|2,3,-18.780827259780807
6|5|2|1|2,0,-17.072891848538116
6|5|2|1|2,1,-17.595353568745043
6|5|2|1|2,4,-17.335993306734615
6|5|2|1|2,5,-19.1256857470746
6|5|2|1|2,7,-15.494107352170813
6|5|2|1|2,2,-18.680229540523662
3|7|2|1|1,6,-14.898266539072651
3|7|2|1|1,0,-14.8546664843895
3|7|2|1|1,1,-14.898266539072651
3|7|2|1|1,2,-14.8546664843895
3|7|2|1|1,5,-14.13527985
3|7|2|1|1,4,-13.235265
3|7|2|1|1,7,-13.235265
1|2|2|2|9,5,-18.56701737312961
1|2|2|2|9,3,-17.41328036732396
1|2|2|2|9,2,-17.41652604051571
1|2|2|2|9,4,-20.16636605801173
1|2|2|2|9,7,-18.748072139502206
1|2|2|2|9,6,-12.710620560691744
5|2|2|2|8,0,-16.87460739858585
5|2|2|2|8,2,-21.40757816858251
5|2|2|2|8,7,-19.023694473483733
5|2|2|2|8,3,-19.71619424586121
5|2|2|2|8,1,-18.328320140772107
5|2|2|2|8,6,-17.71536843931426
5|2|2|2|8,4,-17.25915726889472
0|2|2|2|7,2,-16.647977935595843
0|2|2|2|7,5,-14.52302432577607
0|2|2|2|7,7,-18.720202703617968
0|2|2|2|7,3,-18.396571243566825
0|2|2|2|7,1,-18.40734143049061
0|2|2|2|7,6,-10.323616386025929
2|4|2|2|6,7,-19.10548706109482
2|4|2|2|6,3,-18.792737911857824
2|4|2|2|6,4,-16.714938118375212
2|4|2|2|6,6,-17.06428450887809
2|4|2|2|6,5,-16.046092403971016
2|4|2|2|6,0,-14.31709845783152
7|6|4|2|5,4,-13.91683350208123
7|6|4|2|5,2,-13.227434263175747
4|8|4|2|4,1,-15.1324527439125
1|8|4|2|3,4,-14.354070045880327
4|8|4|2|2,3,-10.3893124845
4|8|4|2|2,2,-12.8554198682085
3|9|4|2|1,5,-13.235265
3|9|4|2|1,2,-13.235265
1|1|2|1|10,4,-34.533182061588676
1|1|2|1|10,5,-35.0704985983802
1|1|2|1|10,7,-35.223281651272465
1|1|2|1|10,6,-30.872323202576965
1|1|2|1|10,2,-30.840174426324616
1|1|2|1|10,0,-34.42849528922631
1|1|2|1|10,3,-34.70635050651119
4|3|4|2|9,5,-8.24871494534918
4|3|4|2|9,2,0.5707910180975666
5|5|4|1|8,6,-6.90146951416301
6|5|4|1|7,7,-2.2064959626448397
6|5|4|1|7,1,-4.623267612258874
6|5|4|1|7,5,-8.413384987587264
6|5|4|1|7,2,-3.008281927956108
7|9|3|1|6,1,-4.971612561663156
1|9|3|1|5,0,-13.120897174596745
1|9|3|1|5,3,-8.833797928234404
1|9|3|1|5,2,-13.946656221627643
1|9|3|1|5,4,-14.47112132625524
0|10|3|1|4,2,-18.084457044436625
2|11|3|1|3,1,-15.242114043507577
2|11|3|1|3,3,-13.938736043903997
2|11|3|1|3,0,-15.290222949795
2|11|3|1|3,5,-15.461777100328607
2|11|3|1|3,7,-15.65296307499083
1|11|3|1|2,4,-18.293906724135365
1|11|3|1|2,7,-19.24859948192902
1|11|3|1|2,6,-17.304796737052214
1|11|3|1|2,3,-18.976304785432614
4|12|3|1|1,3,-14.997988397070504
3|2|2|2|8,4,-21.979611941863833
3|2|2|2|8,5,-21.930636475504848
3|2|2|2|8,6,-22.434090853694634
4|2|2|2|7,1,-19.913561943181417
4|2|2|2|7,6,-19.936773177385078
4|2|2|2|7,5,-17.094314941628276
4|2|2|2|7,7,-19.181419912052956
4|2|2|2|7,0,-19.788651775275863
4|2|2|2|7,2,-19.750807213168645
4|2|2|2|7,3,-18.355700642234495
1|2|2|2|6,7,-23.133387104600114
7|2|2|2|5,4,-17.400048412358696
7|2|2|2|5,6,-16.545757955432478
7|2|2|2|5,2,-18.728912429665108
7|2|2|2|5,5,-17.765946824047692
7|2|2|2|5,0,-12.072920262217316
7|2|2|2|5,3,-19.4888832755254
7|2|2|2|5,1,-18.381751186648916
4|2|2|2|4,1,-16.256246372066308
4|2|2|2|4,6,-11.977821535966331
1|2|2|2|3,5,-21.90248047894908
1|5|3|2|1,7,-14.995894687898987
3|1|2|1|10,0,-34.47040268721766
3|1|2|1|10,6,-34.59959736213576
3|1|2|1|10,2,-33.80391736176845
3|1|2|1|10,4,-33.9470943722155
3|1|2|1|10,1,-33.90127768890558
3|1|2|1|10,7,-33.78287707680276
3|1|2|1|10,5,-31.26989305801849
0|2|2|1|9,3,-26.351770836682853
0|2|2|1|9,5,-27.12271631679974
0|2|2|1|9,1,-22.932760611957647
0|2|2|1|9,7,-27.11271933899525
0|2|2|1|9,2,-23.693418813670657
0|2|2|1|9,6,-26.135659663541265
0|2|2|1|9,4,-28.234124145922
3|2|2|1|8,7,-28.66864464378884
3|2|2|1|8,2,-28.61456707221839
3|2|2|1|8,1,-28.642355627250822
3|2|2|1|8,5,-28.819729675945474
3|2|2|1|8,0,-30.243631920631326
3|2|2|1|8,6,-29.23706321186342
3|2|2|1|8,4,-26.117095407483955
5|5|2|2|5,6,-14.94127496074083
5|5|2|2|5,0,-16.246502067715394
5|5|2|2|5,2,-14.27906729905078
5|5|2|2|5,3,-15.248500140238015
5|5|2|2|5,7,-12.801274351770735
5|5|2|2|5,1,-15.88984788910589
5|5|2|2|5,4,-14.882932120875974
6|5|2|2|4,2,-19.926004387702136
6|5|2|2|4,3,-19.662766543280622
6|5|2|2|4,5,-20.353713135462606
6|5|2|2|4,0,-19.317157258860323
6|5|2|2|4,1,-20.00712593949846
2|7|3|2|3,4,-20.038381351731374
2|7|3|2|3,3,-19.599505552727063
2|7|3|2|3,0,-19.812620786416723
2|7|3|2|3,6,-20.824836438143294
5|8|3|2|1,3,-14.988031160055359
5|8|3|2|1,2,-14.991621812038751
5|8|3|2|1,0,-13.235265
5|8|3|2|1,4,-13.7646855
7|1|5|2|10,4,-2.1403974852316545
4|1|5|2|9,0,-2.763
0|3|5|1|8,6,-6.4021720538472495
6|4|5|1|7,4,-9.436921636742525
4|4|5|1|6,0,-8.355343834665648
0|4|5|1|5,5,-10.782292729544972
0|4|5|1|5,2,-11.079163628041192
5|9|1|1|4,2,-7.678687567691421
2|9|1|1|3,7,-13.072820405623638
2|9|1|1|3,6,-6.988519275486742
7|10|1|1|2,3,-10.201704089416037
7|10|1|1|2,0,-16.270201515540943
3|11|1|1|1,4,-14.394695895
3|11|1|1|1,0,-14.5762871265
3|11|1|1|1,2,-14.394695895
3|11|1|1|1,5,-7.65
0|1|2|0|8,7,-32.33381344738835
0|1|2|0|8,2,-33.63610787728308
0|1|2|0|8,3,-32.11953473192002
0|1|2|0|8,5,-32.177435303171436
0|1|2|0|8,4,-33.34937810079554
0|1|2|0|8,1,-33.831555599979254
0|1|2|0|8,6,-29.230673254232077
1|1|2|0|6,4,-31.084597101691713
1|1|2|0|6,0,-30.43525593506852
1|1|2|0|6,3,-31.706746651319786
1|1|2|0|6,2,-31.413071131612874
1|1|2|0|6,7,-30.87670446365465
1|1|2|0|6,6,-31.787072557587674
1|1|2|0|6,5,-31.08502780629589
4|1|2|0|5,6,-30.322661296572317
4|1|2|0|5,5,-30.336872662471826
4|1|2|0|5,2,-30.385356162565312
4|1|2|0|5,7,-30.416932394487105
4|1|2|0|5,1,-26.920280359981234
6|3|2|2|4,1,-19.996755377639428
6|3|2|2|4,4,-16.288158062889508
6|3|2|2|4,3,-18.727311291212416
6|3|2|2|4,2,-19.928790940965726
6|3|2|2|4,5,-19.66511722372332
6|3|2|2|4,7,-19.150192215426696
6|3|2|2|4,0,-18.464234551245937
1|5|2|2|3,6,-18.285930722336325
1|5|2|2|3,5,-18.637688501053244
1|5|2|2|3,0,-18.31826825418306
1|5|2|2|3,7,-22.921362599077
1|5|2|2|3,3,-19.110423580681115
1|5|2|2|3,4,-15.290445129225295
1|5|2|2|3,2,-19.008055826457053
6|5|2|2|2,5,-16.458610852314173
6|5|2|2|2,3,-17.394110395561334
6|5|2|2|2,7,-15.634051321485666
6|5|2|2|2,0,-16.11779702471001
6|5|2|2|2,1,-17.74181678249649
6|5|2|2|2,4,-17.067750995078462
6|5|2|2|2,2,-16.85119552006635
5|5|2|2|1,7,-14.5762871265
5|5|2|2|1,4,-14.5762871265
5|5|2|2|1,1,-14.5762871265
5|5|2|2|1,0,-14.703400988550001
5|5|2|2|1,6,-14.5762871265
5|5|2|2|1,3,-14.5762871265
5|5|2|2|1,2,-14.5762871265
1|3|2|2|9,3,-19.54459849888765
1|3|2|2|9,4,-18.55201230784771
1|3|2|2|9,2,-18.30815077994604
1|3|2|2|9,7,-18.174628450209607
1|3|2|2|9,6,-15.692512477114501
3|3|2|2|8,0,-18.877880109008302
3|3|2|2|8,1,-19.647458493636897
0|3|2|2|7,2,-19.076630962623348
0|3|2|2|7,4,-19.216508542062936
0|3|2|2|7,6,-15.664134744092202
0|3|2|2|7,3,-19.28529031390014
0|3|2|2|7,1,-19.280177402084956
0|3|2|2|7,7,-19.151932235621338
0|3|2|2|7,5,-19.91498110090466
2|5|3|2|6,5,-14.464247992711847
2|5|3|2|6,0,-13.335182947837843
2|5|3|2|6,7,-11.28424916966882
2|5|3|2|6,6,-10.966362035501694
5|5|3|2|5,0,-18.196303475064088
5|5|3|2|5,2,-16.96395169602027
5|5|3|2|5,7,-17.380391608275634
5|5|3|2|5,6,-16.790393707779913
0|6|3|2|4,5,-18.0152477409515
5|6|3|2|3,0,-15.235406338527127
5|6|3|2|3,3,-16.006205988962748
5|6|3|2|3,6,-16.505705424256753
5|6|3|2|3,1,-16.739358672017733
5|6|3|2|3,4,-17.46407801839149
5|6|3|2|3,2,-15.980123058874813
5|6|3|2|3,7,-17.715577646133738
0|6|3|2|2,3,-19.757865494193176
0|6|3|2|2,5,-16.08185552980511
0|6|3|2|2,4,-8.034597128270297
0|6|3|2|2,7,-11.8983855736719
3|6|3|2|1,4,-14.8546664843895
3|6|3|2|1,1,-14.8546664843895
3|6|3|2|1,0,-14.8546664843895
3|6|3|2|1,2,-14.8546664843895
3|6|3|2|1,5,-14.8546664843895
3|6|3|2|1,7,-14.8546664843895
3|6|3|2|1,6,-14.8546664843895
0|1|1|1|9,5,-35.23749443781018
0|1|1|1|9,4,-35.67775873803929
0|1|1|1|9,2,-34.70643285705537
0|1|1|1|9,7,-36.418723347706404
0|1|1|1|9,1,-36.47521150432843
0|1|1|1|9,6,-28.700286716794466
0|1|1|1|9,3,-36.48627576737954
5|1|1|1|8,2,-34.55834542536985
5|1|1|1|8,1,-30.325090044397886
5|1|1|1|8,4,-35.96744334416068
5|1|1|1|8,6,-34.690949063712154
5|1|1|1|8,7,-35.49231443172948
5|1|1|1|8,0,-34.874425553964066
5|1|1|1|8,3,-35.31834537486091
2|2|1|1|7,6,-23.32221244345262
2|2|1|1|7,0,-23.95993838295754
2|2|1|1|7,1,-23.83841508021208
2|2|1|1|7,5,-23.80238454269158
2|2|1|1|7,7,-19.535750994402417
2|2|1|1|7,3,-24.954072785945005
2|2|1|1|7,4,-23.129983994077033
6|2|1|1|6,0,-22.43883188781534
6|2|1|1|6,2,-23.91642626944823
6|2|1|1|6,7,-19.412961591459087
6|2|1|1|6,5,-23.139718194135774
6|2|1|1|6,4,-23.579629110241875
6|2|1|1|6,3,-23.701708053548717
6|2|1|1|6,1,-22.794732351807976
0|2|1|1|5,1,-22.4454405151068
0|2|1|1|5,5,-22.905038648771214
0|2|1|1|5,3,-22.521107945276476
0|2|1|1|5,4,-22.13264909574209
0|2|1|1|5,7,-23.61506478843952
0|2|1|1|5,2,-23.53191708275991
0|2|1|1|5,6,-21.931323214451155
1|3|3|1|4,2,-18.575611896772237
1|3|3|1|4,0,-18.366685497698494
1|3|3|1|4,3,-18.532990458742024
1|3|3|1|4,6,-22.12100577483668
1|3|3|1|4,4,-18.68483648721724
1|3|3|1|4,5,-16.769489074193345
1|3|3|1|4,7,-18.930366385816097
2|6|3|2|3,3,-18.879388295822647
2|6|3|2|3,1,-18.91878558124901
2|6|3|2|3,7,-15.38407316985865
2|6|3|2|3,4,-20.77072872161679
3|8|3|2|2,5,-15.440782597100217
3|8|3|2|2,6,-15.581954764500413
3|8|3|2|2,4,-16.007606651833598
3|8|3|2|2,0,-17.47089108084263
3|8|3|2|2,1,-15.413289872378387
3|8|3|2|2,2,-16.235374017199614
3|8|3|2|2,7,-15.46878470658762
5|10|3|1|1,1,-14.999884035094205
5|10|3|1|1,4,-11.3985
5|10|3|1|1,0,-12.478950000000001
4|2|1|1|8,6,-25.4545547248774
4|2|1|1|8,2,-25.39638999629468
4|2|1|1|8,7,-25.828106560524944
4|2|1|1|8,0,-25.343889279017358
4|2|1|1|8,1,-25.35007339514115
4|2|1|1|8,5,-24.88339790726985
4|2|1|1|8,3,-24.87972733833761
5|2|1|1|6,2,-22.174719563182446
5|2|1|1|6,0,-23.469032601189213
5|2|1|1|6,1,-22.795306156646003
5|2|1|1|6,3,-22.670044294138176
5|2|1|1|6,4,-22.179162339664856
5|2|1|1|6,6,-22.123801732580862
5|2|1|1|6,7,-23.028099911466096
2|2|1|1|5,3,-19.78608285220927
2|2|1|1|5,7,-22.22583990011727
2|2|1|1|5,5,-21.198076395527607
2|2|1|1|5,4,-22.033472453983055
2|2|1|1|5,6,-20.783641169288593
2|2|1|1|5,1,-21.53729152247305
2|2|1|1|5,0,-21.647541480973022
3|3|1|1|4,4,-16.988114127181007
3|3|1|1|4,1,-17.541591073066193
3|3|1|1|4,6,-18.825347290400522
3|3|1|1|4,2,-14.789252411614331
3|3|1|1|4,7,-18.11325686763546
3|3|1|1|4,0,-18.133943370592824
1|4|4|1|2,5,-14.340544672950513
5|5|4|1|1,1,-11.3985
3|1|1|1|9,2,-36.935183693537816
3|1|1|1|9,6,-37.69481065045971
3|1|1|1|9,5,-36.117632617773666
3|1|1|1|9,4,-37.85115918139707
3|1|1|1|9,7,-37.4759516116201
3|1|1|1|9,0,-37.313131386062295
3|1|1|1|9,1,-36.32901207979245
6|4|2|1|6,0,-19.14678075112149
6|4|2|1|6,4,-19.362643008318095
6|4|2|1|6,3,-11.546570875100912
6|4|2|1|6,1,-18.22288925906184
6|4|2|1|6,2,-16.69918278902973
6|4|2|1|6,5,-19.13420240246394
6|4|2|1|6,7,-20.12741300121178
0|6|1|1|5,3,-11.077210980767095
0|6|1|1|5,6,-8.38083209600294
0|6|1|1|5,1,-9.336803926189695
3|7|3|2|4,5,-16.69367552107978
3|7|3|2|4,2,-14.183905578494372
3|7|3|2|4,1,-14.351885282736298
3|7|3|2|4,6,-15.526096857569343
3|7|3|2|4,0,-15.612783238904195
5|10|2|1|3,7,-15.625082458798866
5|10|2|1|3,1,-20.29269438630247
5|10|2|1|3,3,-18.44585048611115
5|10|2|1|3,6,-19.3581282374155
5|10|2|1|3,0,-18.45309244265561
5|10|2|1|3,2,-18.608461858457684
5|10|2|1|3,4,-18.745552230048073
7|12|1|1|2,1,-14.202883597360966
7|12|1|1|2,2,-16.11751242
1|12|1|1|1,4,-13.7646855
1|12|1|1|1,6,-13.7646855
2|3|2|1|7,6,-23.96075346966171
2|3|2|1|7,0,-24.811900490953033
2|3|2|1|7,7,-19.20800136935631
2|3|2|1|7,3,-23.042812676120224
2|3|2|1|7,5,-22.483268620670632
2|3|2|1|7,1,-24.44246224812757
2|3|2|1|7,4,-23.650872580397387
4|4|2|1|5,7,-18.240618304926237
4|4|2|1|5,5,-19.72696714584084
4|4|2|1|5,3,-20.469005876012414
4|4|2|1|5,6,-18.74406480993566
4|4|2|1|5,1,-18.46429438378299
4|4|2|1|5,2,-18.4611146134171
4|4|2|1|5,0,-19.690457886229122
7|4|2|1|4,2,-20.989926592464542
7|4|2|1|4,5,-21.468060914529385
7|4|2|1|4,3,-20.946166442744968
7|4|2|1|4,0,-20.206809924637145
7|4|2|1|4,6,-18.601398418745315
7|4|2|1|4,4,-21.02268039167378
7|4|2|1|4,1,-21.21169362038041
2|5|3|1|3,6,-21.723572351590217
2|5|3|1|3,5,-16.526817702355395
6|5|3|1|2,3,-19.24401803846679
6|5|3|1|2,5,-14.093089731612444
6|5|3|1|2,0,-18.857093344322017
6|5|3|1|2,4,-7.060383447449923
3|6|3|1|1,6,-14.999918824565944
3|6|3|1|1,5,-14.99994317719616
5|1|3|2|10,6,-14.182520971988913
5|1|3|2|10,4,-9.576538291854089
5|1|3|2|10,2,-16.977332840884753
6|1|3|2|9,4,-12.523070419057285
6|1|3|2|9,7,-15.34379455066739
4|4|2|2|8,0,-16.967005556841094
4|4|2|2|8,6,-15.729582601296105
4|4|2|2|8,1,-14.508901475093642
4|4|2|2|8,5,-14.656694280364889
4|4|2|2|8,2,-12.388050567621349
4|4|2|2|8,7,-13.681195565104485
4|4|2|2|8,3,-12.489699040101325
0|5|4|2|7,5,-4.471977172259575
0|5|4|2|7,4,-7.51869052286391
0|5|4|2|7,1,-5.725328207072458
5|9|3|2|6,0,-6.701629312345039
5|9|3|2|6,6,-9.912631153421003
0|9|3|2|5,4,-16.40351613299255
0|9|3|2|5,7,-8.73104624886264
0|9|3|2|5,1,-7.096201586463653
0|9|3|2|5,3,-1.477329577187055
0|9|3|2|5,2,-2.31923240362008
0|9|3|2|5,6,-7.812431405771001
0|9|3|2|5,5,-7.61292064356806
4|9|3|2|4,3,-10.181543180846681
4|9|3|2|4,5,-14.864123944648163
3|11|3|1|3,1,-17.923117657671597
3|11|3|1|3,4,-18.172911382664747
1|12|3|0|2,6,-3.015
6|12|3|0|1,2,-4.5
2|1|3|1|10,7,-22.700075610496114
2|1|3|1|10,0,-13.331261651717924
2|1|3|1|10,4,-24.071442683745083
2|1|3|1|10,6,-24.23511951770814
2|1|3|1|10,5,-23.835449711430545
2|1|3|1|10,3,-23.980859774109064
2|1|3|1|10,1,-22.80347466335934
7|1|3|1|9,1,-20.923886069747386
7|1|3|1|9,5,-21.558738971286772
7|1|3|1|9,0,-21.552126858394903
7|1|3|1|9,2,-20.62657392334017
7|1|3|1|9,6,-20.87295870553782
7|1|3|1|9,4,-20.866829644461216
7|1|3|1|9,3,-16.688836309376907
1|4|3|1|8,6,-16.05404898081769
1|4|3|1|8,3,-16.344804693755126
1|4|3|1|8,2,-13.214564499356744
1|4|3|1|8,4,-13.976329860640305
1|4|3|1|8,5,-14.862541519786962
6|7|2|2|7,0,-11.284162389434504
6|7|2|2|7,3,-10.761564271980317
6|7|2|2|7,4,-8.554453599125708
0|9|2|1|6,7,-8.367874926915148
0|9|2|1|6,1,-8.628119911759457
0|9|2|1|6,3,-6.705448177064741
0|9|2|1|6,2,-8.471987117080944
0|9|2|1|6,4,-7.284212220297325
4|11|3|1|4,2,-18.17225190010678
4|11|3|1|4,6,-18.128115374654293
2|14|1|1|3,7,-18.8956494382118
2|14|1|1|3,4,-17.313685357222624
2|14|1|1|3,6,-18.306793983177716
2|14|1|1|3,0,-17.408632656996524
2|14|1|1|3,5,-17.503306519397263
2|14|1|1|3,1,-18.77342409572621
5|14|1|1|1,0,-14.898266539072651
5|14|1|1|1,1,-14.898266539072651
5|14|1|1|1,7,-14.898266539072651
5|14|1|1|1,6,-14.898266539072651
5|14|1|1|1,3,-4.5
3|1|1|1|8,4,-36.43186051235173
3|1|1|1|8,6,-35.160273136278946
3|1|1|1|8,7,-35.6298447897499
3|1|1|1|8,1,-22.863112312248777
3|1|1|1|8,5,-34.68630567949385
3|1|1|1|8,0,-31.72273927740284
3|1|1|1|8,2,-35.95922070601085
4|1|1|1|7,1,-33.24257181069996
4|1|1|1|7,6,-32.917075301032874
4|1|1|1|7,2,-31.30586892539442
4|1|1|1|7,0,-33.146750392256635
4|1|1|1|7,3,-32.81388480012218
4|1|1|1|7,5,-33.544106996988944
4|1|1|1|7,7,-33.67093855799438
1|2|1|1|6,6,-23.54543170826033
1|2|1|1|6,3,-23.853723414793013
1|2|1|1|6,0,-23.08058218562037
1|2|1|1|6,4,-23.52522412738091
1|2|1|1|6,5,-21.446733962599637
1|2|1|1|6,7,-22.82499172361129
1|2|1|1|6,2,-21.684542790489218
6|3|3|2|5,3,-17.457303663452794
6|3|3|2|5,4,-16.50301625668207
6|3|3|2|5,5,-17.519639939476086
6|3|3|2|5,2,-17.349542484464205
3|3|3|2|4,2,-16.689905801869738
3|3|3|2|4,6,-18.192491988080878
3|3|3|2|4,4,-16.68592285788492
3|3|3|2|4,7,-17.799754036172565
3|3|3|2|4,1,-16.53630703802711
3|3|3|2|4,5,-16.325626239340963
3|3|3|2|4,0,-20.421353283991337
2|3|3|2|3,0,-15.909457929168957
2|3|3|2|3,7,-16.136580997981177
2|3|3|2|3,5,-19.11088249862833
0|3|3|2|2,1,-17.599519365547305
0|3|3|2|2,2,-11.545837760472
0|3|3|2|2,4,-17.391579562517297
0|3|3|2|2,6,-17.167753644049615
0|3|3|2|2,3,-10.948171549955262
1|3|3|2|1,3,-14.13527985
1|3|3|2|1,5,-14.13527985
1|3|3|2|1,4,-14.13527985
1|3|3|2|1,7,-14.13527985
1|3|3|2|1,2,-14.13527985
1|3|3|2|1,0,-14.13527985
1|3|3|2|1,6,-14.13527985
5|1|1|1|10,1,-38.217107278520686
5|1|1|1|10,2,-37.46957072716198
5|1|1|1|10,3,-26.105600203516293
5|1|1|1|10,4,-37.738029126331654
5|1|1|1|10,7,-37.99304613607106
5|1|1|1|10,0,-37.579981317776145
5|1|1|1|10,6,-34.31890885866329
1|1|1|1|9,5,-34.567416349396
1|1|1|1|9,0,-30.325167194578793
1|1|1|1|9,6,-33.97807093849878
1|1|1|1|9,4,-33.84414185495539
1|1|1|1|9,2,-37.35227248121671
1|1|1|1|9,7,-37.861397925700295
1|1|1|1|9,3,-37.85289599337483
1|1|1|1|7,0,-32.45372172732893
1|1|1|1|7,7,-32.2624256719904
1|1|1|1|7,3,-32.64706115323017
1|1|1|1|7,6,-32.60490695358881
1|1|1|1|7,4,-33.62273421641117
1|1|1|1|7,5,-29.28113663538702
1|1|1|1|7,2,-13.822276369319301
0|1|1|1|6,4,-31.31118938128716
0|1|1|1|6,6,-32.69942884540217
0|1|1|1|6,2,-27.68078031827811
0|1|1|1|6,1,-32.81824168948198
0|1|1|1|6,5,-30.873482547444596
0|1|1|1|6,3,-30.664127432573864
0|1|1|1|6,7,-31.175317843099126
4|1|1|1|5,1,-29.05523260519925
4|1|1|1|5,6,-28.40363304541717
4|1|1|1|5,7,-27.748236131562997
4|1|1|1|5,5,-28.011251769584266
4|1|1|1|5,2,-27.657534778069266
4|1|1|1|5,3,-27.57464645380123
4|1|1|1|5,0,-28.966714868122693
1|1|1|1|4,5,-23.554278466731482
1|1|1|1|4,4,-26.09772589741358
1|1|1|1|4,2,-27.67975331006193
1|1|1|1|4,6,-25.656105273721025
1|1|1|1|4,0,-26.167202115790758
1|1|1|1|4,7,-26.263352800675747
1|1|1|1|4,3,-26.172161359052957
5|1|1|1|3,3,-23.35655153543882
5|1|1|1|3,2,-22.903271923226658
5|1|1|1|3,0,-22.65618268866049
5|1|1|1|3,7,-23.280521620339048
5|1|1|1|3,1,-23.339724117836493
5|1|1|1|3,4,-21.264271717900904
5|1|1|1|3,6,-22.229193651364227
3|2|1|1|2,4,-17.808309333786266
3|2|1|1|2,2,-17.869721697505984
3|2|1|1|2,5,-17.425280215173025
3|2|1|1|2,0,-17.511696727838125
3|2|1|1|2,7,-15.81494603355729
3|2|1|1|2,6,-18.016433345334615
4|3|2|2|1,0,-13.235265
4|3|2|2|1,3,-13.235265
5|1|2|1|9,6,-33.008993333200074
5|1|2|1|9,1,-32.98928547714401
5|1|2|1|9,4,-32.780552588772785
5|1|2|1|9,3,-33.59653877053271
5|1|2|1|9,7,-32.901045637391036
5|1|2|1|9,2,-33.01861396826029
5|1|2|1|9,0,-32.14858167633843
6|1|2|1|8,0,-29.743506130517023
6|1|2|1|8,1,-29.91981675646086
6|1|2|1|8,2,-30.67639006651942
6|1|2|1|8,4,-31.205008463284003
6|1|2|1|8,5,-30.17941086693326
6|1|2|1|8,7,-31.036617791870533
6|1|2|1|8,3,-30.537966014686322
0|1|2|1|7,3,-28.226013109054637
0|1|2|1|7,1,-27.59451954098398
0|1|2|1|7,7,-27.865752102866093
0|1|2|1|7,6,-26.963270169502938
0|1|2|1|7,5,-27.825947105100823
0|1|2|1|7,2,-28.426310266952278
0|1|2|1|7,4,-28.31807682663385
6|3|2|1|5,3,-24.62894000987187
6|3|2|1|5,1,-25.440196392271407
6|3|2|1|5,7,-24.492163490245172
6|3|2|1|5,2,-25.31080153782774
6|3|2|1|5,5,-21.559752573344497
6|3|2|1|5,0,-25.2552712884921
6|3|2|1|5,4,-25.138896600452764
3|3|2|1|4,4,-17.964129533392676
3|3|2|1|4,0,-22.683388679594525
3|3|2|1|4,2,-20.629521491512214
3|3|2|1|4,1,-23.03591038437841
3|3|2|1|4,6,-22.103440081546097
3|3|2|1|4,5,-22.00944207784115
3|3|2|1|4,7,-22.207371257072772
4|5|1|1|3,1,-17.068933298660934
1|6|2|1|2,6,-18.81284957544638
1|6|2|1|2,3,-18.08903868308412
1|6|2|1|2,5,-19.527339559089246
1|6|2|1|2,7,-18.56151933021908
1|6|2|1|2,4,-17.90371772315909
1|6|2|1|2,2,-18.239609241257668
1|6|2|1|2,0,-19.432037392360844
6|8|3|2|1,0,-14.8546664843895
6|8|3|2|1,4,-14.792380691985
6|8|3|2|1,7,-14.8546664843895
6|8|3|2|1,3,-14.792380691985
7|1|2|1|6,0,-26.29632938856142
7|1|2|1|6,6,-26.137741174815453
7|1|2|1|6,4,-21.175826493280706
7|1|2|1|6,5,-27.030991838340636
7|1|2|1|6,1,-25.493569275044898
7|1|2|1|6,2,-26.536952170598727
7|1|2|1|6,3,-26.390258567870934
0|3|1|1|5,6,-16.315548991206143
0|3|1|1|5,2,-16.226015604219306
0|3|1|1|5,7,-16.032072133365855
0|3|1|1|5,4,-16.390830239667583
0|3|1|1|5,3,-14.985382244334108
0|3|1|1|5,5,-16.715542810700065
6|3|1|1|4,0,-11.854169651913125
0|3|1|1|3,6,-17.012383277222447
0|3|1|1|3,4,-17.961274151176646
0|3|1|1|3,1,-17.192793576968175
0|3|1|1|3,3,-16.77741977549557
0|3|1|1|3,2,-16.076318666785614
0|3|1|1|3,5,-18.230333679633326
0|3|1|1|3,7,-17.621322716424263
6|3|1|1|2,2,-18.031128039725346
6|3|1|1|2,4,-13.268350204721676
2|3|1|1|1,1,-14.394695895
2|3|1|1|1,5,-14.394695895
2|3|1|1|1,4,-14.394695895
2|3|1|1|1,0,-14.394695895
3|1|2|1|9,1,-34.15896270596398
3|1|2|1|9,4,-33.30058484587656
3|1|2|1|9,5,-29.728561997417266
3|1|2|1|9,6,-33.05543878034872
3|1|2|1|9,2,-32.17915152065335
3|1|2|1|9,7,-32.66481095855041
3|1|2|1|9,0,-33.11283042911994
1|2|5|2|8,6,-6.494662220924997
6|2|5|2|7,7,-5.9395500000000006
7|2|5|2|6,6,-5.737881134990853
6|2|5|2|5,0,-4.6026547944207294
0|4|6|1|4,6,-5.078925
6|4|6|1|3,7,-0.41049557295000016
7|5|6|2|2,4,-3.015
4|5|6|2|1,1,-4.5
5|1|4|1|10,2,-18.278648491497222
5|1|4|1|10,6,-14.650933055081472
5|1|4|1|10,3,-8.28152527034307
2|5|3|3|9,4,-0.00883391560141411
4|7|3|3|8,1,0.1725
4|7|3|3|8,3,-3.82905
1|8|3|3|7,3,-3.015
3|8|3|3|6,2,-9.03133308893302
2|8|3|3|5,3,-6.53239422459724
3|8|3|3|4,4,-8.742757268209603
4|8|3|3|3,0,-14.710489053593921
4|11|3|1|1,3,-14.703400988550001
4|11|3|1|1,6,-14.703400988550001
4|11|3|1|1,2,-13.7646855
4|11|3|1|1,1,-12.478950000000001
6|1|3|1|10,4,-25.00763300011817
6|1|3|1|10,2,-25.38334604927134
6|1|3|1|10,1,-24.28689874118341
6|1|3|1|10,3,-24.5240269759003
6|1|3|1|10,0,-25.103322375496013
6|1|3|1|10,5,-24.302205611931335
6|1|3|1|10,7,-24.340841218639287
4|4|1|1|9,1,-13.54825564999567
1|5|2|1|8,6,-15.30004539985601
1|5|2|1|8,2,-14.479071663653668
1|5|2|1|8,5,-14.12431741517999
1|5|2|1|8,3,-15.278321397044735
6|5|2|1|7,3,-15.064564918871737
6|5|2|1|7,5,-16.495822426587843
6|5|2|1|7,7,-16.40194250081726
6|5|2|1|7,1,-15.208953238132402
3|5|2|1|6,5,-17.86705221183635
3|5|2|1|6,7,-17.408113588386794
3|5|2|1|6,2,-17.896627629634942
3|5|2|1|6,4,-17.07047687341568
3|5|2|1|6,0,-17.22378967730471
3|5|2|1|6,1,-16.709007685941533
3|5|2|1|6,6,-12.535029253670467
5|7|2|1|5,2,-14.548629702385385
5|7|2|1|5,0,-11.877881614387048
5|7|2|1|5,3,-11.748691252738942
5|7|2|1|5,1,-13.289263107491287
5|7|2|1|5,6,-13.882764964919664
5|7|2|1|5,7,-14.203367056005664
2|9|2|1|4,4,-15.976738277278365
2|9|2|1|4,7,-15.141004376816745
2|9|2|1|4,5,-14.988557983396376
2|9|2|1|4,3,-14.211753229554471
4|10|2|1|3,5,-13.880181438882701
4|10|2|1|3,1,-17.357728126916463
4|10|2|1|3,6,-14.544561492800813
4|10|2|1|3,7,-16.73159383115868
4|10|2|1|3,2,-17.02114344807982
4|10|2|1|3,0,-17.89601802700089
4|10|2|1|3,3,-16.49207542949074
3|12|2|1|1,6,-14.928786577350856
3|12|2|1|1,5,-14.928786577350856
3|12|2|1|1,4,-14.928786577350856
3|12|2|1|1,2,-14.928786577350856
3|12|2|1|1,1,-14.928786577350856
3|12|2|1|1,7,-14.950150604145598
3|12|2|1|1,0,-14.950150604145598
2|1|2|0|10,4,-36.52813514741893
2|1|2|0|10,6,-35.03926137477354
2|1|2|0|10,3,-36.14747453643917
2|1|2|0|10,1,-35.81739055949231
2|1|2|0|10,7,-35.2282283192492
2|1|2|0|10,0,-35.69770430249859
2|1|2|0|10,5,-35.25012773021493
4|1|2|0|9,2,-36.21221484074147
4|1|2|0|9,1,-35.84223465415831
4|1|2|0|9,6,-36.189789095231525
4|1|2|0|9,5,-36.300632677621
4|1|2|0|9,0,-35.30985824998105
4|1|2|0|9,3,-35.67668791903028
4|1|2|0|9,7,-36.57480268049454
2|1|2|0|8,1,-32.67936804582889
2|1|2|0|8,5,-33.15640506821276
2|1|2|0|8,6,-32.884687471876724
2|1|2|0|8,7,-25.45401413203599
2|1|2|0|8,4,-32.974681053567906
2|1|2|0|8,3,-34.105362020772695
2|1|2|0|8,0,-33.62667062067345
1|1|2|0|7,5,-32.85099412320201
1|1|2|0|7,0,-32.97956796669111
1|1|2|0|7,3,-32.38603023286298
1|1|2|0|7,7,-31.936070658970472
1|1|2|0|7,6,-25.697549105224713
1|1|2|0|7,2,-31.9227144078975
1|1|2|0|7,4,-32.82568054423488
5|1|2|0|6,4,-31.068851287220273
5|1|2|0|6,1,-30.376611997555475
5|1|2|0|6,7,-29.10253789877704
5|1|2|0|6,3,-30.183830676369702
5|1|2|0|6,6,-31.558050847998878
5|1|2|0|6,2,-32.68808449298745
5|1|2|0|6,0,-29.881700075962375
0|1|2|0|3,4,-24.082766001511015
0|1|2|0|3,1,-27.308722881750388
0|1|2|0|3,3,-25.784667697988937
0|1|2|0|3,2,-20.919392074727895
0|1|2|0|3,7,-10.649855955234605
4|1|2|0|2,2,-21.71638811160901
4|1|2|0|2,1,-21.794017566700386
4|1|2|0|2,0,-21.550427161921164
4|1|2|0|2,3,-21.71961523680325
4|1|2|0|2,7,-21.661694122313218
4|1|2|0|2,6,-22.02646874056733
4|1|2|0|2,5,-22.03053859282986
2|1|2|0|1,0,-14.792380691985
2|1|2|0|1,5,-14.792380691985
2|1|2|0|1,1,-14.8546664843895
2|1|2|0|1,6,-14.703400988550001
2|1|2|0|1,7,-14.703400988550001
2|1|2|0|1,4,-14.703400988550001
2|1|2|0|1,3,-14.13527985
1|3|2|1|9,4,-19.91044298697623
1|3|2|1|9,2,-20.51893192814799
1|3|2|1|9,3,-18.4481793542869
1|3|2|1|9,0,-20.717393024713402
1|3|2|1|9,5,-20.7926023672096
1|3|2|1|9,7,-20.34592984714108
1|3|2|1|9,6,-19.41695520024314
4|4|3|2|8,1,-16.8093848095718
4|4|3|2|8,2,-3.888588208135598
1|4|3|2|7,2,-17.17474943015362
2|4|3|2|6,3,-17.85014866151276
2|4|3|2|6,0,-17.331081826564713
2|4|3|2|6,4,-12.236842314427113
2|4|3|2|6,7,-3.3090400289813164
7|4|3|2|4,4,-18.4899894190059
7|4|3|2|4,2,-19.85186282350721
7|4|3|2|4,1,-19.44355747249712
7|4|3|2|4,6,-12.40711645633018
7|4|3|2|4,3,-19.644236402881994
7|4|3|2|4,5,-20.18823722614721
7|4|3|2|4,0,-18.85508930532551
4|4|3|2|3,6,-17.069350662591752
4|4|3|2|3,2,-17.350638316342533
4|4|3|2|3,0,-17.7251347747306
4|4|3|2|3,1,-19.67928705660779
4|4|3|2|3,7,-20.355435820728133
6|5|5|2|2,3,-5.48085
3|5|5|2|1,7,-7.65
5|3|2|1|6,1,-25.022254767206366
5|3|2|1|6,4,-21.742245019642027
5|3|2|1|6,6,-23.41748805102189
5|3|2|1|6,7,-24.20688378535208
5|3|2|1|6,2,-24.701734297204762
5|3|2|1|6,0,-24.806615547771884
5|3|2|1|6,3,-25.483685986868004
1|3|2|1|5,0,-24.75008988183272
1|3|2|1|5,4,-24.52515961973102
1|3|2|1|5,7,-23.22478537541825
1|3|2|1|5,3,-13.399032993376084
1|3|2|1|5,5,-24.494739079152723
1|3|2|1|5,6,-24.367263513162733
1|3|2|1|5,2,-23.026751959936245
7|4|3|2|3,5,-18.46130363623758
7|4|3|2|3,2,-15.93242971040982
7|4|3|2|3,0,-16.531133319845086
7|4|3|2|3,3,-16.494555785981653
7|4|3|2|3,4,-16.67910569997039
5|7|2|2|2,3,-20.423160634965733
5|7|2|2|2,0,-19.495466390659406
5|7|2|2|2,2,-19.36326992434558
5|7|2|2|2,7,-15.936769852934859
5|7|2|2|2,6,-11.377650261776115
3|8|2|2|1,0,-14.950150604145598
3|8|2|2|1,2,-14.950150604145598
3|4|1|1|10,1,-7.252085593222967
3|4|1|1|10,5,-5.02669637086777
1|5|2|1|9,0,-9.155007643828544
1|5|2|1|9,3,-8.723363848967093
1|5|2|1|9,4,-7.051096789247079
0|5|2|1|8,6,-8.798952277391276
0|5|2|1|8,7,-12.645635725008562
0|5|2|1|8,1,-10.260024684914917
0|5|2|1|8,3,-10.837291884382928
0|5|2|1|8,5,-11.494565771682401
0|5|2|1|8,2,-12.068594261366002
0|5|2|1|8,4,-9.874014684567562
6|6|2|1|7,0,-11.653892236880587
6|6|2|1|7,3,-10.532656536225733
6|6|2|1|7,4,-8.540373188785
6|6|2|1|7,1,-10.664820676492493
6|6|2|1|7,5,-9.983586926500296
6|6|2|1|7,2,-11.366433601729852
0|6|2|1|6,3,-15.881551320191505
0|6|2|1|6,4,-16.063030387085252
0|6|2|1|6,1,-15.439598533530917
0|6|2|1|6,6,-15.947005819034292
0|6|2|1|6,7,-15.360091583245563
0|6|2|1|6,2,-10.050349339758789
3|6|2|1|5,1,-14.61499529428633
3|6|2|1|5,4,-15.769168336037271
3|6|2|1|5,6,-15.309018326459055
3|6|2|1|5,7,-14.459006707191026
3|6|2|1|5,2,-13.09504795816358
1|7|2|1|4,2,-17.964285907979367
1|7|2|1|4,4,-15.93889067223015
2|8|2|1|3,7,-17.998517850781433
2|8|2|1|3,3,-15.344002222703349
2|8|2|1|3,4,-15.887902566936543
2|8|2|1|3,1,-16.3290979319495
2|8|2|1|3,0,-16.448750271282837
2|8|2|1|3,5,-14.3528600614518
2|8|2|1|3,6,-17.22474998664764
7|10|2|1|2,4,-19.016501838781362
7|10|2|1|2,0,-17.458343272877567
7|10|2|1|2,2,-19.124177123560674
7|10|2|1|2,5,-18.186797902945358
7|10|2|1|2,1,-18.056482199804172
4|11|2|1|1,7,-14.792380691985
4|11|2|1|1,2,-14.792380691985
4|11|2|1|1,1,-14.792380691985
4|11|2|1|1,6,-14.703400988550001
4|11|2|1|1,5,-14.792380691985
4|11|2|1|1,0,-14.792380691985
4|11|2|1|1,3,-14.792380691985
1|2|4|1|9,5,-13.439065234358976
1|2|4|1|9,0,-14.579660699404265
1|2|4|1|9,4,-15.560591901601386
5|6|2|2|8,7,-9.502924982510642
5|6|2|2|8,6,-8.907832962803685
7|7|2|2|7,2,-7.57168240878686
7|7|2|2|7,3,-9.761778096201345
7|7|2|2|7,6,-9.208516130407151
7|7|2|2|7,4,-9.617649065286034
2|9|2|1|6,3,-9.357636239189233
2|9|2|1|6,0,-9.516368771539733
3|11|2|1|5,7,-14.734692667006136
3|11|2|1|5,6,-14.488145761270346
3|11|2|1|5,0,-15.133727331442064
7|12|2|1|4,5,-15.512332410839102
7|12|2|1|4,4,-8.943569080057259
7|12|2|1|4,0,-13.146358007052841
5|12|2|1|3,1,-18.936763747769184
5|12|2|1|3,3,-19.501498982362484
5|12|2|1|3,4,-19.47921396834605
5|12|2|1|3,0,-18.028646371615856
1|14|1|1|2,7,-16.091379217905
1|14|1|1|2,3,-18.082413199720555
1|14|1|1|2,6,-17.249995932151062
1|14|1|1|2,2,-17.96807512665
1|14|1|1|2,4,-17.8980327945
1|14|1|1|2,5,-17.844573342097327
1|14|1|1|2,0,-17.83645897790739
7|14|1|1|1,4,-14.394695895
7|14|1|1|1,0,-14.394695895
7|14|1|1|1,6,-14.394695895
7|14|1|1|1,1,-14.5762871265
7|14|1|1|1,2,-14.394695895
7|14|1|1|1,5,-14.394695895
2|1|1|1|9,1,-37.20571977283231
2|1|1|1|9,6,-36.46881035519327
2|1|1|1|9,7,-37.376954907332994
2|1|1|1|9,4,-27.772744742300787
2|1|1|1|9,3,-36.27584760844844
2|1|1|1|9,5,-37.61546411692186
2|1|1|1|9,0,-36.540191289089464
5|2|1|1|7,0,-21.6278354990587
5|2|1|1|7,1,-24.695194310417662
5|2|1|1|7,2,-24.264089851473003
5|2|1|1|7,3,-25.15481966138446
5|2|1|1|7,6,-24.062222058364043
5|2|1|1|7,4,-24.46357722035262
5|2|1|1|7,7,-24.33807773587776
0|3|2|1|6,7,-24.875019399308705
0|3|2|1|6,3,-25.999814741516786
0|3|2|1|6,4,-25.876964292504717
0|3|2|1|6,5,-24.88050447678092
0|3|2|1|6,6,-25.005400322709885
0|3|2|1|6,1,-24.759324079907955
0|3|2|1|6,2,-18.19303494229599
7|4|2|1|5,4,-21.51546547999224
7|4|2|1|5,0,-20.642146889868183
7|4|2|1|5,2,-19.778173488769482
7|4|2|1|5,3,-20.637973747104294
7|4|2|1|5,6,-20.68436534888454
7|4|2|1|5,5,-21.235752143795494
7|4|2|1|5,1,-21.75519534453001
4|6|2|1|4,5,-16.97982797193554
4|6|2|1|4,6,-14.979365927649727
4|6|2|1|4,1,-14.524892238598351
4|6|2|1|4,2,-15.587439708713077
4|6|2|1|4,7,-14.855828338520976
5|6|2|1|3,4,-18.1052049794463
5|6|2|1|3,1,-14.791708738578892
5|6|2|1|3,7,-16.74902295121855
5|6|2|1|3,6,-17.182063350451912
5|6|2|1|3,3,-16.37317547760906
5|6|2|1|3,0,-17.123031910385325
5|6|2|1|3,2,-16.619307392856882
4|6|2|1|2,7,-18.328921814861037
4|6|2|1|2,1,-18.8285153553045
4|6|2|1|2,0,-17.8629513033
4|6|2|1|2,3,-16.090772294965397
4|6|2|1|2,6,-18.5931904004085
4|6|2|1|2,5,-17.84420849627175
4|6|2|1|2,2,-18.10560773338104
7|7|2|2|1,5,-14.999999811161171
7|7|2|2|1,3,-14.792380691985
0|2|4|0|8,4,-13.034100087853355
4|2|4|0|7,3,-20.228980708729797
3|2|4|0|6,4,-20.818256597907045
4|2|4|0|5,3,-19.921820269187297
3|2|4|0|4,0,-13.196875325189662
0|2|4|0|3,2,-9.67988353417599
0|2|4|0|3,1,-5.121248509069081
0|2|4|0|3,6,-5.7580006500000005
2|2|4|0|2,3,-9.51885
3|2|4|0|1,5,-9.855
7|1|4|0|10,2,-16.137110940995022
7|1|4|0|10,3,-17.01410111227642
7|1|4|0|10,0,-18.651408990077247
7|1|4|0|10,1,-18.506156165975284
2|1|4|0|9,5,-16.956113265056196
2|1|4|0|9,1,-17.54257074642608
2|1|4|0|9,4,-19.334012335402466
5|5|3|1|8,3,-12.450607715832472
5|5|3|1|8,0,-12.045824422824563
5|5|3|1|8,2,-13.992963049641736
5|5|3|1|8,4,-12.568901744001629
3|6|4|3|7,4,0.749851240725
4|6|4|3|6,6,0.1725
6|7|4|3|5,5,-3.015
5|7|4|3|4,7,-4.842525
7|8|4|3|3,6,-5.9395500000000006
6|8|4|3|2,3,-6.3405000000000005
3|8|4|3|1,4,-7.65
2|1|2|2|10,4,-15.38854633062402
2|1|2|2|10,1,-21.301520078335543
2|1|2|2|10,5,-21.067689156647344
2|1|2|2|10,3,-20.77990819007433
2|1|2|2|10,7,-20.794111633533824
4|1|2|2|9,6,-21.45137547777163
4|1|2|2|9,7,-3.9115353949117684
6|1|2|2|8,3,-14.608268769774853
3|1|2|2|7,2,-14.512622179771434
3|1|2|2|7,1,-15.119861489585041
3|1|2|2|7,0,-13.53868125918809
2|1|2|2|6,1,-10.212424428768502
2|1|2|2|6,0,-11.052116298303474
2|1|2|2|6,3,-5.454826213654847
1|1|2|2|5,4,-5.484349723315206
4|1|2|2|4,7,0.36
7|3|3|1|3,3,-15.797977924514868
7|3|3|1|3,2,-17.832144455617247
7|3|3|1|3,4,-19.2834570761574
7|3|3|1|3,1,-17.715470492656763
3|3|3|1|2,6,-19.558999964079167
3|3|3|1|2,7,-19.63862507645984
3|3|3|1|2,1,-19.38990017022524
3|3|3|1|2,0,-17.565886929393358
3|3|3|1|2,4,-16.843291565553848
3|3|3|1|2,5,-16.458484892934933
3|3|3|1|2,2,-16.157740792240627
6|3|3|1|1,1,-14.928786577350856
6|3|3|1|1,0,-14.928786577350856
2|3|2|1|10,5,-13.427053283803879
2|3|2|1|10,1,-13.662327868196854
2|3|2|1|10,6,-15.72164872866307
2|3|2|1|10,0,-15.020458997853977
2|3|2|1|10,4,-13.223358021871434
2|3|2|1|10,7,-12.76131823223806
5|4|2|1|9,4,-13.639204951685402
5|4|2|1|9,1,-13.519134366700046
5|4|2|1|9,6,-12.534949440451744
5|4|2|1|9,0,-8.793337334734561
5|4|2|1|9,3,-13.175598390206204
5|4|2|1|9,7,-13.899687905749452
4|6|2|1|8,6,-12.791442020309855
4|6|2|1|8,2,-12.50962158000656
4|6|2|1|8,1,-13.421936068964643
3|7|2|1|6,7,-12.613355131177116
3|7|2|1|6,4,-10.635721696466957
3|7|2|1|6,1,-13.933545132948765
7|8|2|1|5,5,-8.283119016252396
7|8|2|1|5,0,-8.921858508630367
7|8|2|1|5,2,-11.233944492493125
7|8|2|1|5,6,-8.028905059391354
7|8|2|1|5,4,-7.938882642187123
7|8|2|1|5,3,-2.8945904816281485
5|8|2|1|4,2,-14.021426696066296
5|8|2|1|4,4,-15.229035463418699
3|8|2|1|2,5,-15.772815024921908
3|8|2|1|2,2,-16.73998254967379
3|8|2|1|2,1,-17.912176569071114
3|8|2|1|2,4,-17.19966439916567
5|8|2|1|1,6,-14.991621812038751
5|8|2|1|1,0,-14.991621812038751
5|8|2|1|1,7,-13.235265
1|1|3|1|10,7,-24.185608228177493
1|1|3|1|10,4,-24.06645129937731
1|1|3|1|10,2,-24.400723388649435
1|1|3|1|10,0,-23.473750591480886
1|1|3|1|10,6,-24.680011092781292
1|1|3|1|10,3,-23.799445569790578
1|1|3|1|10,5,-23.077689234584675
5|1|3|1|8,7,-22.55689960223498
5|1|3|1|8,2,-23.26844500363138
5|1|3|1|8,4,-22.709821412714163
7|1|3|1|7,1,-21.25018336948769
7|1|3|1|7,3,-22.399295274381124
7|1|3|1|7,0,-21.639511050875587
7|1|3|1|7,4,-22.570648596336145
1|1|3|1|6,7,-19.544317024268945
1|1|3|1|6,6,-20.1792173312625
1|1|3|1|6,0,-18.655310030279146
1|1|3|1|6,4,-19.711149400983587
1|1|3|1|6,5,-19.421291679143426
1|1|3|1|6,3,-19.28459051112373
7|1|3|1|5,6,-18.255258981954466
6|1|3|1|4,4,-16.651331870690008
6|1|3|1|4,5,-18.06183582176352
6|1|3|1|4,7,-18.002935799963847
4|1|3|1|3,5,-14.035439533933172
4|1|3|1|3,6,-16.879123338955395
5|1|3|1|2,6,-9.51885
5|1|3|1|2,7,-11.993235585
5|1|3|1|2,3,-9.459682500000001
6|1|3|1|1,2,-12.478950000000001
2|1|2|1|7,7,-27.89854491674505
2|1|2|1|7,5,-27.612244955893527
2|1|2|1|7,6,-28.351509328480113
2|1|2|1|7,1,-29.042075341371905
2|1|2|1|7,3,-27.680360387884004
2|1|2|1|7,4,-28.014936364966292
2|1|2|1|7,0,-27.558029276042458
1|3|2|1|4,0,-22.607340181356307
1|3|2|1|4,7,-22.814939141309278
1|3|2|1|4,3,-23.439259500383997
1|3|2|1|4,2,-25.388851148545136
1|3|2|1|4,4,-22.036425280843268
1|3|2|1|4,5,-23.54770390200066
1|3|2|1|4,6,-22.871723987192834
0|5|3|2|3,5,-18.950780330383193
0|5|3|2|3,6,-17.734654846335335
0|5|3|2|3,7,-17.65926210197563
0|5|3|2|3,1,-18.750980627380834
5|6|3|2|2,3,-18.127880416455
5|6|3|2|2,2,-16.13772988411281
5|6|3|2|2,0,-18.43755710034345
5|6|3|2|2,7,-14.544272791066597
6|1|1|1|8,0,-34.17094960965679
6|1|1|1|8,5,-36.25917182769846
6|1|1|1|8,3,-31.5598943349952
6|1|1|1|8,4,-34.50116015381988
6|1|1|1|8,7,-30.470153940333027
6|1|1|1|8,1,-34.55001748718094
6|1|1|1|8,2,-33.90024901579137
0|1|1|1|7,7,-32.69843802212781
0|1|1|1|7,2,-32.462608222934634
0|1|1|1|7,5,-32.449280523555245
0|1|1|1|7,6,-31.84689771598692
0|1|1|1|7,3,-32.63967302167805
0|1|1|1|7,1,-32.3230645764977
0|1|1|1|7,4,-32.840867128575994
7|1|1|1|6,5,-31.3552383865675
7|1|1|1|6,6,-30.887747758391935
7|1|1|1|6,1,-31.927075834964125
7|1|1|1|6,4,-30.705712114718533
7|1|1|1|6,0,-30.970763949756424
7|1|1|1|6,3,-30.870778069147935
7|1|1|1|6,2,-30.62003466375463
5|1|1|1|5,3,-28.893157728917263
5|1|1|1|5,1,-26.259887469403537
5|1|1|1|5,2,-28.77947711204914
5|1|1|1|5,0,-28.704092459543322
5|1|1|1|5,6,-28.98890520908943
5|1|1|1|5,7,-29.163185706563205
5|1|1|1|5,4,-28.425566364516254
3|1|1|1|4,4,-26.88886507305675
3|1|1|1|4,0,-26.785925324170037
3|1|1|1|4,7,-25.80610902582224
3|1|1|1|4,1,-25.67717848367076
3|1|1|1|4,6,-26.038312535282234
3|1|1|1|4,2,-26.561619140174418
3|1|1|1|4,5,-25.43822712021339
4|2|2|1|3,3,-23.54141189240698
4|2|2|1|3,1,-23.04642015866674
4|2|2|1|3,0,-23.523697192071232
4|2|2|1|3,7,-19.452612786181607
4|2|2|1|3,5,-22.698774263044083
4|2|2|1|3,6,-23.86948690411675
4|2|2|1|3,2,-23.411876646978723
3|2|2|1|2,7,-21.157589048521476
3|2|2|1|2,5,-21.3754389042286
3|2|2|1|2,6,-18.061408175795744
3|2|2|1|2,4,-21.30163309608416
3|2|2|1|2,0,-21.294940510991776
7|3|2|1|1,2,-14.99966190989564
7|3|2|1|1,6,-14.99966190989564
7|3|2|1|1,0,-14.5762871265
7|3|2|1|1,3,-14.703400988550001
7|3|2|1|1,1,-14.5762871265
7|3|2|1|1,4,-14.394695895
7|3|2|1|1,5,-12.478950000000001
4|2|3|1|9,5,-22.352725589544512
4|2|3|1|9,0,-22.026825627113396
4|2|3|1|9,2,-18.168950051148062
4|2|3|1|9,1,-20.73191733724759
5|2|3|1|8,6,-20.597319045685836
5|2|3|1|8,0,-20.748592464873866
5|2|3|1|8,3,-20.656698559040862
5|2|3|1|8,4,-21.078790884145633
5|2|3|1|8,2,-21.304976086457177
5|2|3|1|8,7,-19.975409610013237
5|2|3|1|8,1,-19.788052254405425
6|2|3|1|7,1,-19.213269389333075
6|2|3|1|7,7,-19.28710223944442
6|2|3|1|7,2,-19.369353108254213
6|2|3|1|7,5,-20.61473631697354
6|2|3|1|7,3,-20.04419489949005
6|2|3|1|7,4,-21.452004946515416
6|2|3|1|7,0,-19.552329938146364
1|3|3|2|6,5,-16.936215439263755
1|3|3|2|6,0,-15.941063204487524
1|3|3|2|6,3,-16.64278849509132
5|5|3|1|5,1,-15.915466755337512
5|5|3|1|5,3,-17.489845482772054
5|5|3|1|5,7,-15.79437885661002
5|5|3|1|5,6,-13.115181666461503
5|5|3|1|5,2,-15.307471269281896
5|5|3|1|5,4,-6.9383302058841565
1|5|3|1|4,2,-13.698200235080055
1|5|3|1|4,3,-13.444693802383672
1|5|3|1|4,5,-12.965056547479628
1|5|3|1|4,6,-16.98699337246521
1|5|3|1|4,4,-16.527821648430766
1|5|3|1|4,7,-13.650277314205763
1|5|3|1|4,0,-13.328575123882334
2|8|2|2|3,7,-16.282205000587584
2|8|2|2|3,3,-17.070613290761646
2|8|2|2|3,5,-16.693749511131042
2|8|2|2|3,0,-16.354338748493984
2|8|2|2|3,6,-16.893728902521488
2|8|2|2|3,4,-6.689170052136788
2|8|2|2|3,1,-6.782706774068237
7|10|2|2|2,2,-17.403833040835952
7|10|2|2|2,6,-16.032854478412833
7|10|2|2|2,5,-16.989175791144895
7|10|2|2|2,0,-16.66304049054037
7|10|2|2|2,3,-18.15845704603827
2|10|2|2|1,4,-14.394695895
2|10|2|2|1,7,-14.394695895
2|10|2|2|1,3,-14.394695895
2|10|2|2|1,1,-14.394695895
2|10|2|2|1,6,-14.394695895
2|10|2|2|1,5,-14.394695895
2|10|2|2|1,0,-14.5762871265
5|1|1|1|7,6,-26.50955093080835
5|1|1|1|7,2,-34.004461774570466
5|1|1|1|7,3,-33.675262761166174
5|1|1|1|7,0,-33.460243719439866
5|1|1|1|7,4,-34.26337772819581
5|1|1|1|7,7,-34.6220329824856
5|1|1|1|7,1,-34.161870974772874
6|1|1|1|6,0,-31.01606364991879
6|1|1|1|6,7,-30.61066785827507
6|1|1|1|6,1,-30.419228964649832
6|1|1|1|6,4,-30.48661716442946
6|1|1|1|6,3,-30.114790794810727
6|1|1|1|6,2,-25.30098390800471
6|1|1|1|6,5,-31.370812340166072
0|1|1|1|5,6,-28.007624939284927
0|1|1|1|5,4,-28.73778753015533
0|1|1|1|5,2,-28.28255341109519
0|1|1|1|5,5,-28.90857339657078
0|1|1|1|5,3,-28.299609312766172
0|1|1|1|5,7,-27.055023960876085
0|1|1|1|5,1,-28.804628825419687
6|1|1|1|4,0,-25.522305494378216
6|1|1|1|4,4,-25.37318147531185
6|1|1|1|4,7,-21.882643470103158
6|1|1|1|4,2,-25.493125147896553
6|1|1|1|4,1,-28.018026452745417
6|1|1|1|4,3,-24.905123197824892
6|1|1|1|4,5,-25.03638601120289
0|1|1|1|3,1,-23.114017696250798
0|1|1|1|3,2,-24.091036019108856
0|1|1|1|3,6,-22.996731722765766
0|1|1|1|3,3,-24.071981498826688
0|1|1|1|3,4,-22.851009223200542
0|1|1|1|3,5,-22.938853591966406
0|1|1|1|3,7,-24.384353537785238
1|1|1|1|2,5,-20.339020105856594
1|1|1|1|2,3,-19.4908014341603
1|1|1|1|2,7,-15.144000000580526
1|1|1|1|2,6,-20.22717985437222
1|1|1|1|2,2,-19.18355026031128
1|1|1|1|2,4,-19.4691203220585
1|1|1|1|2,0,-20.173754355234465
5|1|1|1|1,3,-14.96510542290192
5|1|1|1|1,1,-14.96510542290192
5|1|1|1|1,0,-14.96510542290192
5|1|1|1|1,7,-14.96510542290192
7|1|1|1|5,0,-29.58638835089224
7|1|1|1|5,3,-27.886739390154588
7|1|1|1|5,5,-27.63226946952221
7|1|1|1|5,1,-27.902983360397712
7|1|1|1|5,2,-28.796823711847157
7|1|1|1|5,6,-27.5834856119089
7|1|1|1|5,4,-29.163834248003766
0|2|2|1|4,1,-25.286600199852227
0|2|2|1|4,7,-24.82524492167153
0|2|2|1|4,5,-23.845723791154896
0|2|2|1|4,3,-24.08647237385029
0|2|2|1|4,2,-24.13379125347429
0|2|2|1|4,4,-25.084677662579235
0|2|2|1|4,6,-24.880919644622473
1|4|3|2|3,5,-13.151648596235503
1|4|3|2|3,4,-18.760449813440253
1|4|3|2|3,2,-18.022579401578376
1|4|3|2|3,7,-18.273097020363736
1|4|3|2|3,3,-18.482904925837193
5|4|3|2|2,0,-17.90684226804323
5|4|3|2|2,1,-16.82536747982439
5|4|3|2|2,3,-17.243158091516534
5|4|3|2|2,6,-17.233443270765356
5|4|3|2|2,4,-17.12034759024591
0|5|3|2|1,3,-14.394695895
0|5|3|2|1,2,-14.5762871265
0|5|3|2|1,6,-14.5762871265
0|5|3|2|1,1,-14.394695895
0|5|3|2|1,5,-14.394695895
0|5|3|2|1,7,-14.394695895
0|5|3|2|1,4,-11.3985
2|3|2|1|8,6,-23.582199665899786
2|3|2|1|8,3,-23.609848189768226
2|3|2|1|8,7,-23.101025272777495
2|3|2|1|8,0,-24.018154483058932
2|3|2|1|8,4,-23.221543822888275
2|3|2|1|8,1,-18.43522183409594
2|3|2|1|8,5,-24.53167173217765
5|6|2|2|6,7,-14.97279829174426
5|6|2|2|6,3,-13.788747069487686
5|6|2|2|6,1,-12.999532657851708
5|6|2|2|6,4,-13.01465427512172
5|6|2|2|6,6,-14.702279561256452
5|6|2|2|6,0,-14.98819833550396
5|6|2|2|6,2,-11.703620967284818
7|8|3|2|5,5,-14.108729189603245
7|8|3|2|5,1,-13.734188486650714
7|8|3|2|5,0,-13.215344486485007
7|8|3|2|5,4,-13.663358860729417
7|8|3|2|5,2,-9.997886329564894
7|8|3|2|5,6,-12.880618757039601
5|11|2|1|4,2,-17.851078924888558
5|11|2|1|4,6,-17.874781312503472
5|11|2|1|4,4,-18.29407279570897
2|13|1|1|3,1,-17.01086100174134
2|13|1|1|3,4,-17.555149794311973
2|13|1|1|3,3,-17.01327830781079
2|13|1|1|3,6,-15.17969797781657
1|13|1|1|2,2,-15.642624804
1|13|1|1|2,4,-16.149711353177253
1|13|1|1|2,0,-17.1947618772
1|13|1|1|2,7,-17.22114419505
1|13|1|1|2,5,-16.359517036086412
1|13|1|1|2,3,-15.354629852355496
1|13|1|1|2,6,-16.061296395657887
2|13|1|1|1,1,-13.7646855
2|13|1|1|1,6,-13.7646855
2|13|1|1|1,3,-13.7646855
2|13|1|1|1,5,-13.7646855
2|13|1|1|1,7,-13.7646855
2|13|1|1|1,0,-13.7646855
2|13|1|1|1,4,-13.7646855
1|2|3|1|10,7,-16.787507484123783
1|2|3|1|10,2,-18.41857169625104
1|2|3|1|10,4,-16.875213486612953
1|2|3|1|10,6,-12.098465388818727
1|2|3|1|10,5,-18.05405944511847
1|2|3|1|10,0,-15.995847449735507
1|2|3|1|10,3,-16.481855573498287
7|2|3|1|9,0,-19.45388850763066
7|2|3|1|9,3,-20.935292108813417
7|2|3|1|9,4,-22.02089674760081
7|2|3|1|9,2,-19.52566655153877
7|2|3|1|9,6,-15.780572534251954
7|7|3|1|7,6,-12.874521914591753
6|8|3|1|6,4,-14.428709325353307
6|8|3|1|6,7,-10.222362989521802
4|11|2|1|5,5,-17.517267790826544
4|11|2|1|5,7,-15.841702024063224
4|11|2|1|5,2,-14.764238913020623
4|11|2|1|5,3,-14.746487882297828
5|13|1|1|4,4,-7.0033954224799695
5|13|1|1|4,7,-8.01567694191041
5|13|1|1|4,1,-6.432444376495047
5|13|1|1|4,3,-7.727687086095001
5|13|1|1|4,0,-9.419642766476077
5|13|1|1|4,6,-8.418356021960651
4|14|1|1|3,6,-12.76708967935032
4|14|1|1|3,0,-14.328047400026204
4|14|1|1|3,7,-12.63916358853298
4|14|1|1|3,5,-14.262557955484795
4|14|1|1|3,3,-13.380867374556
4|14|1|1|3,1,-9.06599090837249
4|14|1|1|3,2,-13.990527145860899
6|14|1|1|2,3,-18.5135619505635
6|14|1|1|2,4,-18.359076734713184
6|14|1|1|2,0,-17.05238169997315
6|14|1|1|2,1,-16.559965944632665
3|14|1|1|1,4,-14.928786577350856
3|14|1|1|1,0,-14.928786577350856
3|14|1|1|1,5,-14.928786577350856
3|14|1|1|1,6,-14.928786577350856
3|2|2|1|9,2,-21.458078669935862
3|2|2|1|9,7,-27.60737185754291
3|2|2|1|9,1,-28.45921143575565
3|2|2|1|9,5,-27.10621200767372
3|2|2|1|9,0,-27.29435269107997
3|2|2|1|9,6,-27.153555494734988
3|2|2|1|9,4,-27.888879892460643
2|4|2|1|8,3,-17.92073114665282
2|4|2|1|8,1,-15.027217852496616
2|4|2|1|8,6,-18.17941657272553
2|4|2|1|8,4,-19.171393954394784
2|4|2|1|8,5,-18.765637974917627
2|4|2|1|8,7,-17.73975562518766
3|6|2|2|7,0,-15.80338492534793
3|6|2|2|7,6,-15.393218746973641
3|6|2|2|7,7,-15.279112284199051
3|6|2|2|7,1,-6.217278687307379
3|6|2|2|7,2,-7.161379025686641
0|7|2|2|6,7,-13.118936029036439
0|7|2|2|6,2,-15.287759566147317
0|7|2|2|6,3,-16.232741978723993
7|7|2|2|5,5,-16.589175897364346
7|7|2|2|5,0,-20.98388171002886
5|7|2|2|4,7,-17.099590192727234
5|7|2|2|4,0,-15.834807505134563
5|7|2|2|4,2,-16.567558816239263
5|7|2|2|4,6,-17.268898367763263
5|7|2|2|4,4,-14.347882189180337
7|7|2|2|3,4,-18.95484575949945
7|7|2|2|3,5,-16.497898517285726
7|7|2|2|3,0,-16.320870777098197
7|7|2|2|3,6,-18.128565795506592
7|7|2|2|3,3,-17.297787015222557
7|7|2|2|3,2,-17.1053680226679
7|7|2|2|3,1,-16.824323562922615
4|9|3|2|2,3,-22.694585931804284
4|9|3|2|2,7,-15.696997023656499
3|11|3|1|1,7,-14.792380691985
3|11|3|1|1,6,-14.792380691985
3|11|3|1|1,0,-14.792380691985
3|2|2|1|7,5,-26.754827440329695
3|2|2|1|7,4,-26.67746854863252
3|2|2|1|7,1,-28.768149396825358
3|2|2|1|7,7,-27.290238876951378
3|2|2|1|7,2,-27.12571055760802
3|2|2|1|7,0,-25.058125607459633
3|2|2|1|7,6,-27.748104435580604
5|4|3|2|6,0,-19.583244243795203
5|4|3|2|6,2,-17.290643043534438
0|4|3|2|5,7,-17.480656992919513
0|4|3|2|5,1,-19.734626564686252
0|4|3|2|5,4,-20.299002160067545
0|4|3|2|5,5,-17.505612778141945
0|4|3|2|5,2,-19.216711837077202
0|4|3|2|5,3,-18.351579528517867
0|4|3|2|5,6,-17.652439652182196
2|5|3|2|3,1,-15.979999547324116
2|5|3|2|3,7,-17.09848649271556
2|5|3|2|3,4,-14.950582947652222
2|5|3|2|3,5,-15.411946087599379
2|5|3|2|3,6,-15.086913140077272
2|5|3|2|3,3,-17.621514019430393
2|5|3|2|3,0,-15.697878032800217
1|8|2|1|2,6,-16.123563884679616
1|8|2|1|2,0,-15.2864297161269
1|8|2|1|2,2,-15.740327172453247
1|8|2|1|2,5,-15.724773546977184
1|8|2|1|2,4,-16.346810053784182
1|8|2|1|2,3,-15.82932986415
1|8|2|1|2,7,-15.158354265798902
6|8|2|1|1,1,-14.96510542290192
6|8|2|1|1,3,-14.975573796031343
6|8|2|1|1,5,-14.96510542290192
6|8|2|1|1,7,-14.96510542290192
5|4|3|3|6,2,-10.217590807818297
2|5|3|3|5,0,-6.238284097668776
0|6|3|3|4,6,-11.489643947932008
0|6|3|3|4,1,-11.202761546798644
6|6|3|3|3,2,-10.794632727692827
6|6|3|3|3,1,-9.231464133899355
2|6|3|3|2,6,-13.3780263
2|6|3|3|2,4,-14.87474713911
6|6|3|3|1,2,-13.235265
4|1|4|0|10,6,-20.77966822339846
4|1|4|0|10,1,-17.504183353108555
6|1|4|0|9,5,-20.840833025622523
6|1|4|0|9,0,-20.81509735662843
6|1|4|0|9,3,-21.363014967866036
5|5|2|2|8,1,-12.122151219745447
5|5|2|2|8,4,-14.98528936730001
5|5|2|2|8,0,-10.547929514367773
1|5|2|2|7,5,-10.222513323181785
1|5|2|2|7,7,-13.63605838831321
1|5|2|2|7,6,-13.721514628096806
1|5|2|2|7,2,-15.54728514882734
1|5|2|2|7,0,-14.376938098742958
1|5|2|2|7,3,-13.842140030873074
1|5|2|2|7,4,-13.027393737011419
5|5|2|2|6,2,-15.182264881608603
5|5|2|2|6,1,-16.447016975625434
5|5|2|2|6,3,-16.561493027987957
5|5|2|2|6,6,-14.105230474821909
5|5|2|2|6,4,-16.290291309836924
5|5|2|2|6,0,-15.453864261680327
2|5|2|2|5,6,-14.50712284551393
2|5|2|2|5,7,-19.21955069393862
2|5|2|2|5,3,-17.98328449934005
2|5|2|2|5,0,-20.26864364873341
6|6|3|2|4,3,-21.127797659611616
6|6|3|2|4,4,-19.541929250672155
6|6|3|2|4,0,-21.46584863974444
6|6|3|2|4,1,-19.579795019009158
3|6|3|2|3,6,-19.90147864809484
3|6|3|2|3,0,-17.94901519416563
3|6|3|2|3,5,-18.61378822055902
3|6|3|2|3,2,-15.931213105575216
3|6|3|2|3,7,-17.83833630465189
3|6|3|2|3,1,-18.459372738462733
6|6|3|2|2,0,-20.624984372330857
6|6|3|2|2,4,-20.042561943337542
6|6|3|2|2,3,-19.891850637537065
6|6|3|2|2,1,-19.57397860810257
6|6|3|2|2,5,-19.47647186145948
0|9|2|1|1,4,-14.995894687898987
0|9|2|1|1,3,-14.995894687898987
7|1|1|1|8,5,-34.397835182198655
7|1|1|1|8,4,-34.60371450792926
7|1|1|1|8,0,-35.17116936953587
7|1|1|1|8,6,-34.58181065728986
7|1|1|1|8,2,-30.505442094888686
7|1|1|1|8,1,-35.495441274317294
7|1|1|1|8,3,-34.899808954007675
2|1|1|1|6,3,-30.687798791907476
2|1|1|1|6,4,-30.58042960859389
2|1|1|1|6,6,-31.451800629982248
2|1|1|1|6,1,-31.088277435726454
2|1|1|1|6,5,-30.61509294200992
2|1|1|1|6,7,-30.796036287042302
2|1|1|1|6,0,-26.194777677594963
3|1|1|1|5,1,-27.61236258837412
3|1|1|1|5,0,-29.29556097247748
3|1|1|1|5,2,-28.94384917122126
3|1|1|1|5,6,-27.53383968862773
3|1|1|1|5,7,-27.52770304237123
3|1|1|1|5,5,-27.47597324302836
3|1|1|1|5,4,-27.687023077867785
4|1|1|1|3,1,-24.311211577013317
4|1|1|1|3,6,-23.478873176452502
4|1|1|1|3,7,-23.856029213193864
4|1|1|1|3,2,-23.296755767753922
4|1|1|1|3,0,-23.490622468173573
4|1|1|1|3,5,-23.500210743973014
4|1|1|1|3,3,-23.53203567191079
3|1|1|1|1,0,-14.703400988550001
3|1|1|1|1,5,-14.5762871265
3|1|1|1|1,6,-14.703400988550001
3|1|1|1|1,1,-14.703400988550001
3|1|1|1|1,2,-14.703400988550001
3|1|1|1|1,7,-14.703400988550001
3|1|1|1|1,4,-14.703400988550001
7|2|2|1|8,2,-29.273116568819088
7|2|2|1|8,3,-23.548066295008436
7|2|2|1|8,4,-29.720234944073923
7|2|2|1|8,6,-28.757925496190374
7|2|2|1|8,0,-30.29762076785596
7|2|2|1|8,1,-28.725685814342576
7|2|2|1|8,5,-28.77768379097177
2|2|2|1|7,5,-26.758680694421546
2|2|2|1|7,6,-27.721354057847606
2|2|2|1|7,4,-27.523454421787555
2|2|2|1|7,7,-27.782994980726308
2|2|2|1|7,0,-28.511088984978407
2|2|2|1|7,1,-29.14885003836367
2|2|2|1|7,3,-25.313052556073742
5|2|2|1|6,3,-27.099367852074945
5|2|2|1|6,6,-28.74729789184181
5|2|2|1|6,2,-27.266716094425888
5|2|2|1|6,0,-26.84973734268657
5|2|2|1|6,7,-27.760572276873255
5|2|2|1|6,1,-25.126178477670802
5|2|2|1|6,4,-28.257731570419335
3|2|2|1|5,1,-25.585893969946397
3|2|2|1|5,5,-26.254757772931168
3|2|2|1|5,6,-24.26273740882043
3|2|2|1|5,4,-22.248690000688242
3|2|2|1|5,2,-26.95597119478233
3|2|2|1|5,7,-26.899416330618386
3|2|2|1|5,0,-25.460445181959823
1|4|1|1|4,7,-17.113242043928903
1|4|1|1|4,6,-15.715396874017468
1|4|1|1|4,5,-16.807917363934905
1|4|1|1|4,3,-17.093307787580244
7|5|2|2|3,1,-16.99016483678243
7|5|2|2|3,6,-19.355256871056636
7|5|2|2|3,0,-19.09173551237067
7|5|2|2|3,4,-18.637763474346535
7|5|2|2|3,2,-18.615518121241855
1|5|2|2|2,0,-14.31072671665775
1|5|2|2|2,6,-18.73119696165
1|5|2|2|2,4,-16.93514141922054
1|5|2|2|2,5,-18.53040695572699
1|5|2|2|2,2,-18.787898409288143
1|5|2|2|2,3,-16.460324011533082
1|5|2|2|2,7,-17.933262182952948
0|5|2|2|1,6,-14.999763336926948
0|5|2|2|1,2,-14.5762871265
0|5|2|2|1,1,-13.235265
0|5|2|2|1,3,-11.3985
3|5|2|1|9,7,-10.637707396780314
3|5|2|1|9,6,-11.021450917914413
7|5|2|1|8,3,-9.177219997244887
7|5|2|1|8,0,-11.891763637278693
7|5|2|1|8,5,-10.605941965853681
7|5|2|1|8,6,-12.554824384604455
7|5|2|1|8,2,-10.596131336249119
3|5|2|1|7,1,-11.906753596990958
3|5|2|1|7,7,-13.769983350454897
3|5|2|1|7,5,-12.246645285991693
3|5|2|1|7,0,-9.454764187269875
3|5|2|1|7,6,-13.222992783965212
3|5|2|1|7,4,-10.518548227637183
3|5|2|1|7,2,-15.744772639922935
1|6|2|2|6,7,-15.509166732783013
1|6|2|2|6,4,-18.08244359487064
7|6|2|2|5,6,-18.463618634673935
7|6|2|2|5,1,-20.669993050755966
7|6|2|2|5,5,-18.485774775063202
7|6|2|2|5,0,-19.645036518591162
6|7|2|2|4,5,-16.613503384845476
6|7|2|2|4,3,-16.696480047699083
6|7|2|2|4,7,-17.09597611532621
6|7|2|2|4,1,-11.767214819682312
6|7|2|2|4,4,-9.33336450230616
6|7|2|2|4,2,-13.194323919447065
5|9|2|1|3,2,-17.641012768215393
5|9|2|1|3,7,-15.285228815675351
5|9|2|1|3,1,-16.56828312305096
5|9|2|1|3,0,-15.911447056282011
5|9|2|1|3,4,-15.795076557992097
5|9|2|1|3,6,-16.328542477343586
5|9|2|1|3,3,-16.219861086551425
2|11|2|1|2,4,-16.426034520369
2|11|2|1|2,7,-18.09780681326006
2|11|2|1|2,0,-15.361345329375682
2|11|2|1|2,5,-16.436488101013502
2|11|2|1|2,6,-16.613513977597922
2|11|2|1|2,3,-15.904344034485414
2|11|2|1|2,1,-16.40600947148743
4|13|1|1|1,2,-13.235265
4|13|1|1|1,6,-12.478950000000001
4|13|1|1|1,5,-13.235265
4|13|1|1|1,0,-13.235265
4|13|1|1|1,7,-12.478950000000001
4|13|1|1|1,3,-13.235265
4|13|1|1|1,1,-13.235265
3|1|1|1|6,4,-31.64777865985762
3|1|1|1|6,7,-31.80810116549655
3|1|1|1|6,1,-31.246932377635922
3|1|1|1|6,0,-30.89106127775681
3|1|1|1|6,2,-30.951609444446223
3|1|1|1|6,6,-30.770809932271725
3|1|1|1|6,5,-31.164300442878176
0|2|2|1|3,5,-22.79798611920529
0|2|2|1|3,2,-22.50079276478639
0|2|2|1|3,3,-24.71485236318922
0|2|2|1|3,6,-22.81569127244686
0|2|2|1|3,7,-23.679826793335387
0|2|2|1|3,4,-23.18304053504742
0|2|2|1|3,1,-22.810079710851298
5|3|2|1|2,2,-20.197339279053434
5|3|2|1|2,6,-17.52266109006835
5|3|2|1|2,1,-20.889688296610196
5|3|2|1|2,7,-21.114969149641816
5|3|2|1|2,3,-20.419910780805004
5|3|2|1|2,0,-20.383163045503547
5|3|2|1|2,4,-20.3427303344934
2|3|2|1|1,1,-14.975573796031343
2|3|2|1|1,6,-14.975573796031343
2|3|2|1|1,7,-14.975573796031343
2|3|2|1|1,4,-14.975573796031343
2|3|2|1|1,0,-14.982901657221941
0|1|1|1|8,3,-35.00524321934782
0|1|1|1|8,1,-35.08248842842444
0|1|1|1|8,5,-34.91772010109418
0|1|1|1|8,2,-35.00651486569822
0|1|1|1|8,4,-34.731560305208895
0|1|1|1|8,7,-27.170808110356628
0|1|1|1|8,6,-35.7891708785119
0|2|2|1|5,4,-26.293839586145925
0|2|2|1|5,1,-26.228086470277155
0|2|2|1|5,3,-25.990828295817085
0|2|2|1|5,2,-27.04712199825795
0|2|2|1|5,5,-26.193706139443048
0|2|2|1|5,7,-26.24332848453462
0|2|2|1|5,6,-26.838636651215808
4|2|2|1|4,1,-26.094096497556365
4|2|2|1|4,2,-25.057106480904267
4|2|2|1|4,7,-25.3763292329498
4|2|2|1|4,6,-23.51806245392803
4|2|2|1|4,0,-24.8852793671552
4|2|2|1|4,5,-25.008997346841582
4|2|2|1|4,3,-25.135075775228657
1|2|2|1|3,0,-23.174669524676805
1|2|2|1|3,6,-23.079440381416205
1|2|2|1|3,3,-23.102521949815188
1|2|2|1|3,2,-22.88320761641958
1|2|2|1|3,4,-21.782877246750175
1|2|2|1|3,5,-23.22298867665924
1|2|2|1|3,7,-22.87644126967565
0|2|2|1|2,1,-20.953820366838215
0|2|2|1|2,2,-20.626533469048024
0|2|2|1|2,6,-21.07145975324771
0|2|2|1|2,3,-18.60533087240223
0|2|2|1|2,7,-21.38687433408299
0|2|2|1|2,5,-20.597050755573857
0|2|2|1|2,4,-20.83512597590595
1|2|2|1|1,0,-14.975573796031343
1|2|2|1|1,2,-14.96510542290192
1|2|2|1|1,5,-14.96510542290192
1|2|2|1|1,3,-14.975573796031343
3|2|4|2|7,6,-4.353860043466732
3|2|4|2|7,5,-3.586802027431932
6|6|4|4|6,7,0.735
7|10|4|1|5,5,-3.9974254080313356
5|10|4|1|4,4,-2.3391326492074693
0|15|1|0|2,2,-12.410766697949999
0|15|1|0|2,3,-11.20892725326166
0|15|1|0|2,6,-11.107835543157439
0|15|1|0|2,4,-12.380031886692901
2|15|1|0|1,5,-10.460279850000001
2|15|1|0|1,6,-11.97474
2|15|1|0|1,4,-12.5041605
2|15|1|0|1,7,-11.434515
2|15|1|0|1,3,-11.97474
2|15|1|0|1,0,-11.3985
2|15|1|0|1,1,-9.90645
6|1|1|1|10,2,-38.36784858282202
6|1|1|1|10,4,-37.67745725820679
6|1|1|1|10,5,-38.54131184436894
6|1|1|1|10,0,-38.409047901048915
6|1|1|1|10,7,-38.50266916934684
6|1|1|1|10,3,-33.83356620801616
6|1|1|1|10,1,-38.44295969176778
2|2|1|1|9,4,-20.63282519134915
2|2|1|1|9,5,-24.126346821168223
2|2|1|1|9,3,-24.7729106523112
2|2|1|1|9,7,-22.72637741282019
2|2|1|1|9,1,-23.884140694098853
2|2|1|1|9,0,-24.159149077666125
2|2|1|1|9,6,-23.296902024573882
5|5|2|1|4,0,-20.95833260997969
5|5|2|1|4,1,-19.330785199506693
5|5|2|1|4,4,-18.574014464668586
5|5|2|1|4,2,-19.075184649501935
0|5|2|1|3,4,-19.224971571186686
0|5|2|1|3,3,-18.89456587134827
0|5|2|1|3,2,-18.676385659062003
0|5|2|1|3,7,-19.267097102897267
0|5|2|1|3,5,-19.716184264421013
0|5|2|1|3,6,-20.668219264623392
0|5|2|1|3,1,-19.19936908088996
4|5|2|1|2,0,-14.129210625079478
4|5|2|1|2,5,-18.412855577436847
4|5|2|1|2,3,-17.470087397758622
4|5|2|1|2,1,-17.451291424360953
4|5|2|1|2,2,-18.36631602406402
4|5|2|1|2,6,-16.252410303366453
4|5|2|1|2,7,-17.736951000869965
0|5|2|1|1,5,-14.928786577350856
0|5|2|1|1,3,-14.950150604145598
0|5|2|1|1,4,-14.950150604145598
0|5|2|1|1,7,-14.928786577350856
0|5|2|1|1,1,-9.855
2|1|2|0|9,0,-35.09561415849579
2|1|2|0|9,4,-34.979521186634706
2|1|2|0|9,3,-34.67503128989502
2|1|2|0|9,5,-35.471551704998554
2|1|2|0|9,6,-34.935296736200414
2|1|2|0|9,1,-35.16880937334277
2|1|2|0|9,7,-35.670475140964115
2|1|2|0|7,1,-32.45914169272291
2|1|2|0|7,7,-32.25983851709323
2|1|2|0|7,4,-31.834382723975047
2|1|2|0|7,5,-32.94073001521273
2|1|2|0|7,6,-31.960130358508156
2|1|2|0|7,0,-32.65336194787303
2|1|2|0|7,3,-31.855371337229712
6|3|3|2|3,7,-19.544710855768706
6|3|3|2|3,2,-15.783213843635579
6|3|3|2|3,5,-19.476171806897902
7|3|3|2|2,5,-17.117605752000003
7|3|3|2|2,1,-18.032757153256345
7|3|3|2|2,6,-14.965235630848667
5|6|3|2|1,3,-14.96510542290192
5|6|3|2|1,4,-14.703400988550001
5|6|3|2|1,1,-14.703400988550001
5|6|3|2|1,6,-14.703400988550001
5|6|3|2|1,7,-14.703400988550001
5|6|3|2|1,0,-14.13527985
5|3|1|1|8,0,-13.966003007317717
5|3|1|1|8,4,-17.206724495534605
5|3|1|1|8,7,-17.66522021855137
5|3|1|1|8,2,-18.63924110808195
5|3|1|1|8,3,-17.14900486976733
5|3|1|1|8,1,-15.83845315540119
5|3|1|1|8,6,-16.246053085311747
0|4|1|1|7,1,-12.181047455241014
0|4|1|1|7,2,-13.197331131042253
0|4|1|1|7,7,-13.67752058450568
0|4|1|1|7,4,-14.018025565102157
1|4|1|1|6,6,-12.45659945924456
1|4|1|1|6,3,-13.99473502996466
1|4|1|1|6,4,-15.045793605300613
1|4|1|1|6,0,-11.912483978190886
1|4|1|1|6,5,-11.326792324069675
1|4|1|1|6,2,-12.223486358746348
6|5|2|1|5,0,-17.30241604801791
6|5|2|1|5,5,-18.436084144678166
6|5|2|1|5,1,-16.885298633178543
6|5|2|1|5,4,-15.744730741951265
6|5|2|1|5,3,-16.428403497271333
6|5|2|1|5,7,-17.02941569383999
6|5|2|1|5,2,-16.526361854317248
0|5|2|1|4,6,-17.13818298764158
0|5|2|1|4,2,-17.32336969038668
0|5|2|1|4,1,-16.928008199645188
0|5|2|1|4,7,-17.271901435040704
0|5|2|1|4,4,-16.693079035401446
0|5|2|1|4,5,-16.90139112868719
0|5|2|1|4,3,-16.760178229005646
6|5|2|1|3,1,-19.95211279914136
6|5|2|1|3,4,-17.15443038418332
6|5|2|1|3,0,-18.691850760190803
6|5|2|1|3,2,-18.648549400934975
6|5|2|1|3,5,-18.62864663405973
6|5|2|1|3,3,-19.17576098228035
6|5|2|1|3,7,-18.082368400034106
1|5|2|1|2,5,-15.53751314736748
1|5|2|1|2,3,-19.01648584120559
1|5|2|1|2,7,-19.80903082645784
5|6|2|1|1,6,-14.99712628152929
5|6|2|1|1,7,-14.99712628152929
5|6|2|1|1,1,-14.99712628152929
7|2|2|2|9,5,-19.797291068106077
7|2|2|2|9,1,-19.85702054329353
7|2|2|2|9,2,-15.595553150627353
2|2|2|2|7,0,-22.342414824669504
2|2|2|2|7,5,-18.58787053832618
0|4|2|2|6,4,-18.26260045159187
0|4|2|2|6,6,-17.983531945743195
0|4|2|2|6,3,-19.83002363064901
0|4|2|2|6,1,-14.347908449002754
0|4|2|2|6,5,-18.74122410586807
0|4|2|2|6,2,-19.146125509782923
0|4|2|2|6,7,-18.382733215272918
4|4|2|2|5,1,-19.167268018377893
4|4|2|2|5,3,-17.924501859044433
4|4|2|2|5,2,-17.094010190218967
4|4|2|2|5,7,-17.76946409667718
4|4|2|2|5,6,-19.09039051341862
4|4|2|2|5,0,-17.40006096623344
4|4|2|2|5,5,-17.347861512243604
1|5|2|2|4,2,-15.179526041423152
1|5|2|2|4,5,-16.33181780883695
1|5|2|2|4,7,-15.923697060637187
1|5|2|2|4,0,-18.177813684917506
3|8|3|3|2,0,-9.876596550000002
3|8|3|3|2,1,-4.8803665500000015
0|11|3|2|1,7,-12.478950000000001
0|1|4|1|10,3,-15.832997879319906
0|1|4|1|10,1,-12.967671312533044
0|1|4|1|10,2,-17.046757536893324
0|1|4|1|10,6,-16.071280546497306
3|1|4|1|9,6,-14.43662839286644
3|1|4|1|9,0,-13.698135332911294
3|1|4|1|9,2,-13.581790803273448
3|1|4|1|9,7,-14.059821996522077
3|1|4|1|9,5,-14.347485618889099
3|1|4|1|9,1,-11.578051244797582
3|1|4|1|9,4,-8.064074528625651
6|1|4|1|8,2,-14.397518188345188
2|1|4|1|7,0,-7.582233941462267
0|1|4|1|6,3,-13.885742568483986
3|1|4|1|5,7,-14.754885120035226
3|1|4|1|5,4,-15.22574527061001
3|1|4|1|5,0,-15.4905472840451
7|5|2|2|4,3,-15.303152408582386
7|5|2|2|4,5,-14.971600124699956
7|5|2|2|4,4,-14.71558998843278
7|5|2|2|4,2,-15.854092310840334
7|5|2|2|4,1,-15.029623600096215
7|5|2|2|4,6,-16.0577169018742
7|5|2|2|4,0,-14.57703140788782
3|5|2|2|3,4,-16.820518612582227
3|5|2|2|3,0,-16.967996242327697
3|5|2|2|3,1,-18.615264651444868
3|5|2|2|3,2,-16.70028456954359
3|5|2|2|3,7,-12.611761547493682
3|5|2|2|3,5,-17.961726939243913
3|5|2|2|3,6,-17.061768115895003
4|5|2|2|2,1,-17.27979146991009
4|5|2|2|2,0,-16.751868648431635
4|5|2|2|2,5,-16.732763336986608
4|5|2|2|2,2,-18.150003772118392
4|5|2|2|2,3,-16.364617366841323
1|7|2|1|1,4,-14.5762871265
1|7|2|1|1,6,-14.5762871265
1|7|2|1|1,0,-14.5762871265
1|7|2|1|1,5,-14.5762871265
1|7|2|1|1,7,-14.5762871265
1|7|2|1|1,3,-14.5762871265
1|2|2|1|7,7,-29.190299420304363
1|2|2|1|7,5,-28.772452358488025
1|2|2|1|7,4,-28.925082164472546
1|2|2|1|7,6,-28.465825845430295
1|2|2|1|7,2,-29.215872378324526
1|2|2|1|7,3,-28.52751423574058
1|2|2|1|7,0,-21.888122962569714
7|2|2|1|6,2,-26.94293304819598
7|2|2|1|6,3,-27.33048282705006
7|2|2|1|6,0,-28.460010878731275
7|2|2|1|6,4,-27.49416355964692
7|2|2|1|6,1,-27.090923586197707
7|2|2|1|6,6,-26.620413312054367
7|2|2|1|6,5,-26.970257210776253
2|4|2|2|5,0,-17.60777866989249
2|4|2|2|5,4,-17.724350496099248
2|4|2|2|5,3,-17.63223591614188
2|4|2|2|5,7,-16.862257978908808
2|4|2|2|5,6,-18.09708782268039
2|4|2|2|5,1,-16.564862130542007
2|4|2|2|5,5,-18.488764887490547
0|4|2|2|4,3,-18.76622221771489
0|4|2|2|4,5,-16.21225489764571
0|4|2|2|4,7,-20.8533139045796
0|4|2|2|4,1,-19.343285709517776
0|4|2|2|4,4,-15.854202400682388
0|4|2|2|4,6,-17.81120103516436
0|4|2|2|4,2,-14.282719117786993
3|4|2|2|3,5,-20.089827579646432
3|4|2|2|3,2,-20.787551169866212
3|4|2|2|3,6,-20.080438298273886
3|4|2|2|3,4,-19.587611353162192
3|4|2|2|3,0,-20.128530949246006
3|4|2|2|3,1,-20.035849687659056
3|4|2|2|3,7,-20.669355323537673
5|6|2|2|2,1,-16.31468976522473
5|6|2|2|2,0,-17.498531712377993
5|6|2|2|2,4,-19.135931010788862
5|6|2|2|2,2,-17.6894377696485
5|6|2|2|2,6,-17.40784670807635
5|6|2|2|2,3,-16.71421949672884
5|6|2|2|2,7,-18.314578284834646
1|6|2|2|1,3,-14.703400988550001
1|6|2|2|1,6,-14.703400988550001
1|6|2|2|1,0,-14.703400988550001
1|6|2|2|1,7,-14.5762871265
1|6|2|2|1,2,-14.5762871265
1|6|2|2|1,5,-14.703400988550001
1|6|2|2|1,4,-14.703400988550001
6|1|2|0|10,5,-35.747575570396094
6|1|2|0|10,0,-35.07254943882839
6|1|2|0|10,2,-35.888536909144975
6|1|2|0|10,7,-32.14103725524234
6|1|2|0|10,3,-35.11446856676125
6|1|2|0|10,1,-35.58331265191333
6|1|2|0|10,4,-36.462074518623325
5|1|2|0|9,2,-33.688856718733
5|1|2|0|9,7,-35.454955289192874
5|1|2|0|9,6,-33.87310820771334
5|1|2|0|9,3,-33.28372217405462
5|1|2|0|9,0,-34.67708485772275
5|1|2|0|9,1,-33.91679724840257
5|1|2|0|9,4,-34.571850286327475
7|1|2|0|5,4,-30.39136517749334
7|1|2|0|5,6,-29.612660262790634
7|1|2|0|5,3,-30.209367878079927
7|1|2|0|5,2,-30.297347589559003
7|1|2|0|5,1,-26.280917873976026
7|1|2|0|5,0,-24.73217690745108
7|1|2|0|5,5,-25.622558216121856
4|1|2|0|4,6,-28.651702389448385
4|1|2|0|4,5,-28.853738964709194
4|1|2|0|4,7,-28.3797641411916
4|1|2|0|4,2,-29.211672497421468
4|1|2|0|4,0,-27.631371715706823
4|1|2|0|4,1,-28.235847842745624
6|1|2|0|3,0,-26.579587827826344
6|1|2|0|3,4,-27.234637182929134
6|1|2|0|3,7,-26.382197148384627
0|1|2|0|2,5,-21.905031106674443
0|1|2|0|2,1,-22.217771012785185
0|1|2|0|2,3,-21.683654160594983
0|1|2|0|2,6,-22.119843538713088
0|1|2|0|2,7,-17.70505047524223
0|1|2|0|2,4,-11.964841596321271
5|1|2|0|1,3,-14.792380691985
5|1|2|0|1,0,-14.8546664843895
5|1|2|0|1,7,-14.792380691985
5|1|2|0|1,6,-14.792380691985
5|1|2|0|1,1,-14.792380691985
5|1|2|0|1,4,-14.792380691985
5|1|2|0|1,2,-4.5
6|1|1|1|7,1,-32.98351803955137
6|1|1|1|7,4,-33.79961517454212
6|1|1|1|7,2,-33.05095830052426
6|1|1|1|7,7,-34.065209443674256
6|1|1|1|7,0,-28.05974672937994
6|1|1|1|7,3,-33.915784892190345
6|1|1|1|7,5,-32.81765223020929
1|1|1|1|6,3,-31.95356330926878
1|1|1|1|6,7,-31.050981568203024
1|1|1|1|6,4,-26.445554714183526
1|1|1|1|6,2,-31.129685011599957
1|1|1|1|6,0,-31.036534423129318
1|1|1|1|6,5,-31.328442728953743
1|1|1|1|6,6,-31.3987899465208
0|2|3|2|4,5,-8.7328023075
0|2|3|2|4,7,-11.899289649577973
0|2|3|2|4,6,-6.112481039858342
5|2|3|2|3,2,-18.2740583883306
2|5|4|2|2,1,-11.03941005429975
1|6|4|2|1,3,-14.394695895
0|2|1|1|10,2,-26.826220694038607
0|2|1|1|10,1,-25.324462398625652
0|2|1|1|10,3,-25.749713202869682
0|2|1|1|10,5,-21.945042964109504
0|2|1|1|10,7,-26.186812922351795
0|2|1|1|10,4,-26.314617138690824
0|2|1|1|10,6,-26.00335219740977
4|4|2|1|8,6,-11.462888829642734
4|4|2|1|8,2,-15.739997224754141
4|4|2|1|8,1,-17.42026372120757
4|4|2|1|8,3,-15.975037648777434
4|4|2|1|8,0,-16.388218249541488
4|4|2|1|8,5,-18.377136955628316
4|4|2|1|8,7,-16.6149684999019
4|6|2|1|6,1,-11.66805602953479
4|6|2|1|6,3,-15.205929579933274
4|6|2|1|6,5,-14.380375198118566
4|6|2|1|6,6,-14.791912383336747
4|6|2|1|6,7,-10.27482909342626
1|7|2|1|5,2,-11.486172288896128
1|7|2|1|5,3,-13.81023680136613
1|7|2|1|5,4,-14.06446056857729
1|7|2|1|5,0,-12.830437074669003
1|7|2|1|5,7,-11.867238777722221
1|7|2|1|5,6,-11.384510394825966
2|9|1|1|4,4,-4.105039774872001
2|9|1|1|4,0,-4.8780501917198595
1|10|2|1|2,4,-19.0793597410995
1|10|2|1|2,7,-19.4108631092129
1|10|2|1|2,2,-19.61951113029206
4|10|2|1|1,6,-14.792380691985
4|10|2|1|1,7,-14.8546664843895
4|10|2|1|1,5,-14.792380691985
4|10|2|1|1,3,-14.792380691985
4|10|2|1|1,2,-14.792380691985
4|10|2|1|1,0,-14.8546664843895
4|10|2|1|1,1,-14.8546664843895
6|2|4|1|10,0,-14.641968954577514
6|2|4|1|10,7,-15.784848946237199
6|2|4|1|10,1,-12.946720437290683
0|2|4|1|9,7,-13.731509443254449
0|2|4|1|9,4,-14.687910598528973
0|2|4|1|9,5,-15.052262941992396
0|2|4|1|9,1,-17.190967174295846
7|2|4|1|8,5,-18.018199098903235
7|2|4|1|8,6,-16.365537540910616
7|2|4|1|8,2,-17.300305180855936
5|6|3|2|7,6,-11.398540992112867
5|6|3|2|7,7,-10.360538426662128
5|6|3|2|7,4,-10.600424114691208
5|6|3|2|7,2,-12.856272053750434
5|6|3|2|7,1,-8.979963955291112
6|6|3|2|6,4,-18.268396702481752
6|6|3|2|6,7,-16.209916730708674
6|6|3|2|6,0,-15.463368897210287
4|9|2|2|5,2,-9.445745565214812
4|9|2|2|5,0,-11.977797809791584
4|9|2|2|5,7,-12.854308948972346
4|9|2|2|5,3,-14.073344043712574
2|11|2|1|4,6,-14.219987716362262
2|11|2|1|4,3,-9.88500803112855
2|11|2|1|4,5,-14.202863375242725
2|11|2|1|4,7,-13.123726487789995
2|11|2|1|4,1,-12.011372823530708
6|12|2|1|3,5,-18.538199794194917
6|12|2|1|3,3,-17.370987439102333
6|12|2|1|3,1,-15.530015029967753
6|12|2|1|3,2,-14.990516365613857
4|12|2|1|1,0,-14.792380691985
4|12|2|1|1,5,-14.792380691985
4|12|2|1|1,7,-14.703400988550001
4|12|2|1|1,1,-14.792380691985
4|12|2|1|1,3,-14.792380691985
4|12|2|1|1,6,-14.792380691985
4|12|2|1|1,2,-14.792380691985
0|1|2|0|10,5,-37.13828926975735
0|1|2|0|10,3,-36.92641542326117
0|1|2|0|10,1,-36.67406009278758
0|1|2|0|10,6,-36.41368217451101
0|1|2|0|10,7,-36.47952365770344
0|1|2|0|10,4,-37.719280497535095
0|1|2|0|10,2,-36.8847447500461
5|3|3|1|9,1,-12.315449188966323
1|3|3|1|8,0,-19.052511568142172
1|3|3|1|8,7,-18.47515733687049
1|3|3|1|8,3,-17.928440212225723
1|3|3|1|8,6,-19.260354698361244
1|3|3|1|8,4,-16.671391519917048
1|3|3|1|8,5,-18.983107663853957
1|3|3|1|8,2,-21.12800493501399
0|3|3|1|7,5,-17.620298376012315
0|3|3|1|7,7,-18.814715337512723
0|3|3|1|7,2,-14.002861907146862
0|3|3|1|7,6,-17.54174345291984
0|3|3|1|7,4,-17.026757105181154
5|3|3|1|6,7,-22.6207678458054
5|3|3|1|6,4,-22.234632883400607
5|3|3|1|6,3,-18.76044042557144
5|3|3|1|6,1,-22.162674289339876
7|4|3|2|5,4,-17.124717750562887
7|4|3|2|5,3,-13.237685969224408
7|4|3|2|5,6,-19.19047109195727
7|4|3|2|5,5,-17.796603382537445
7|4|3|2|5,0,-4.032119779120479
4|7|2|2|4,0,-16.02682930644225
4|7|2|2|4,1,-16.518313093648647
4|7|2|2|4,3,-16.024618992820525
4|7|2|2|4,2,-16.236688664228904
4|7|2|2|4,5,-16.573925774899084
4|7|2|2|4,6,-13.693197029827996
4|7|2|2|4,7,-10.115776499598828
0|8|2|2|3,4,-19.465192347914684
0|8|2|2|3,1,-19.63752287830902
0|8|2|2|3,3,-17.928796369343885
4|8|2|2|2,1,-18.66252897137415
4|8|2|2|2,6,-18.74322792553912
4|8|2|2|2,7,-18.60078531186757
4|8|2|2|2,0,-16.140363347109872
4|8|2|2|2,3,-17.13332654258499
1|10|3|2|1,5,-13.7646855
1|10|3|2|1,4,-13.235265
1|10|3|2|1,6,-7.65
6|2|2|1|10,3,-26.6343537265323
6|2|2|1|10,1,-26.641086750181483
6|2|2|1|10,2,-25.708799529058354
6|2|2|1|10,0,-13.006277217404097
6|2|2|1|10,4,-26.852712606768204
6|2|2|1|10,5,-27.761522268904997
6|2|2|1|10,7,-27.43612154899561
3|3|2|1|9,0,-20.416181294396743
3|3|2|1|9,7,-20.685753042833184
3|3|2|1|9,5,-24.31892776821311
3|3|2|1|9,1,-22.837141951605854
3|3|2|1|9,2,-20.426991706523935
3|3|2|1|9,6,-20.78526863658646
3|3|2|1|9,4,-19.71579385950308
0|3|2|1|8,3,-23.64573749563048
0|3|2|1|8,6,-23.98719257628359
0|3|2|1|8,7,-24.06571035241249
0|3|2|1|8,2,-23.076022102428354
0|3|2|1|8,4,-14.671823064982188
0|3|2|1|8,1,-23.389066709140863
0|3|2|1|8,5,-23.765606169080147
6|4|2|1|5,7,-19.91887348584238
6|4|2|1|5,4,-20.73094930262188
6|4|2|1|5,2,-19.358196134283716
6|4|2|1|5,0,-18.41702399287414
6|4|2|1|5,5,-20.927721701655294
6|4|2|1|5,3,-20.71801123091673
6|4|2|1|5,1,-21.877204955244643
7|6|2|1|4,5,-15.354381393923678
7|6|2|1|4,6,-18.38926364272415
7|6|2|1|4,4,-19.274091046856924
0|10|1|1|1,5,-14.898266539072651
0|10|1|1|1,2,-14.898266539072651
0|10|1|1|1,7,-14.898266539072651
1|1|5|0|10,2,-12.287033030939119
2|1|5|0|9,6,-18.937931257947945
6|6|2|2|8,4,-9.924754713651481
6|6|2|2|8,2,-8.019784629120648
6|6|2|2|8,1,-8.651545128233646
6|6|2|2|8,0,-9.166508501024413
4|6|2|2|7,7,-13.454751985610104
4|6|2|2|7,3,-13.737298379179162
4|6|2|2|7,6,-13.520447317961246
1|6|2|2|5,5,-16.495982700666232
1|6|2|2|5,7,-15.436461761565411
1|6|2|2|5,2,-12.433198481329708
1|6|2|2|5,0,-17.586574749929756
1|6|2|2|5,3,-15.724128837875877
1|6|2|2|5,4,-15.585644370877812
5|8|3|2|4,6,-14.337693886720265
5|8|3|2|4,4,-16.400680685080008
5|8|3|2|4,3,-15.241577023045416
5|8|3|2|4,2,-15.070685426474473
5|8|3|2|4,0,-15.46250122043627
5|8|3|2|4,1,-15.685490936043095
6|8|3|2|3,4,-17.793789758657752
6|8|3|2|3,3,-15.82377514131638
1|8|3|2|1,5,-14.950150604145598
1|8|3|2|1,7,-14.950150604145598
1|8|3|2|1,4,-14.5762871265
1|8|3|2|1,0,-14.5762871265
1|8|3|2|1,3,-14.5762871265
7|2|2|2|7,6,-20.079957475133263
7|2|2|2|7,3,-19.671820210379448
7|2|2|2|7,4,-21.55292543930672
6|2|2|2|6,0,-17.412930182692975
6|2|2|2|6,5,-18.086522169983294
6|2|2|2|6,7,-18.122005247020766
6|2|2|2|6,2,-17.73121381920829
6|2|2|2|6,3,-19.439631159814127
6|2|2|2|6,4,-18.178409178391107
6|2|2|2|6,1,-18.438836312138616
0|4|4|2|5,4,-11.306375980591366
0|4|4|2|5,2,-12.711948256950707
4|8|2|2|4,2,-14.213274898794978
4|8|2|2|4,1,-13.775598205569914
4|8|2|2|4,7,-15.692140966617796
4|8|2|2|4,6,-14.298798178612742
4|8|2|2|4,3,-12.429273078326684
2|10|2|2|3,7,-16.426712736825277
2|10|2|2|3,0,-14.643553224498277
2|10|2|2|3,5,-13.02670997261971
2|10|2|2|3,1,-17.632095427190137
7|12|2|1|2,4,-11.38974114818562
7|12|2|1|2,3,-18.38393089122033
7|12|2|1|2,5,-17.61937161171645
7|12|2|1|2,1,-16.870220213130732
7|12|2|1|2,6,-16.714990401077475
5|1|2|1|8,7,-30.243041808313084
5|1|2|1|8,3,-29.73674857029164
5|1|2|1|8,4,-30.34510000097424
5|1|2|1|8,1,-29.95730801123877
5|1|2|1|8,2,-29.694400916227373
5|1|2|1|8,6,-27.71904447043817
5|1|2|1|8,0,-29.691603801411166
3|2|2|2|6,0,-16.265338776371134
3|2|2|2|6,7,-16.858109510929218
3|2|2|2|6,2,-18.79017495141643
3|2|2|2|6,1,-18.76078986074397
3|2|2|2|6,4,-17.07755440211152
3|2|2|2|6,5,-17.404915622213576
3|2|2|2|6,6,-16.95597056921867
0|2|2|2|5,2,-17.12695564415445
0|2|2|2|5,1,-18.19661138072716
0|2|2|2|5,6,-17.53538740597717
0|2|2|2|5,5,-17.316456056485976
0|2|2|2|5,3,-16.901082137477857
0|2|2|2|5,7,-7.626031543592892
2|4|2|2|4,4,-18.507563541620026
2|4|2|2|4,7,-16.849622541985305
2|4|2|2|4,1,-17.765896091695037
2|4|2|2|4,5,-19.739140670362627
2|4|2|2|4,3,-18.957446943080367
2|4|2|2|4,0,-20.206445063992106
2|4|2|2|4,6,-19.487856537292455
4|6|3|1|3,2,-15.521008280184606
4|6|3|1|3,0,-18.139931733600772
4|6|3|1|3,7,-17.616844008706956
4|6|3|1|3,3,-16.97813742480365
4|6|3|1|3,1,-17.96314132600273
4|6|3|1|1,2,-14.999918824565944
4|6|3|1|1,7,-11.3985
0|1|2|1|8,3,-30.140506798207134
0|1|2|1|8,6,-30.186245865594422
0|1|2|1|8,4,-29.553666910833517
0|1|2|1|8,7,-29.820569311918103
0|1|2|1|8,2,-30.32561273723409
0|1|2|1|8,1,-29.366941312985162
0|1|2|1|8,5,-26.041925331854333
3|1|2|1|7,0,-23.814105768237045
3|1|2|1|7,1,-28.73702886233612
3|1|2|1|7,2,-28.191714208120302
3|1|2|1|7,7,-28.475905289023153
3|1|2|1|7,5,-29.197334253316463
3|1|2|1|7,4,-28.737536559116236
3|1|2|1|7,6,-28.369109996337052
0|1|2|1|6,4,-25.190335672616545
0|1|2|1|6,5,-25.20942759275514
0|1|2|1|6,6,-25.08560786547489
0|1|2|1|6,1,-22.030761031675823
0|1|2|1|6,2,-26.091098605269266
0|1|2|1|6,7,-25.87397455096415
0|1|2|1|6,3,-24.891405409203138
4|1|2|1|5,3,-24.83273393288353
4|1|2|1|5,2,-24.00854903699588
4|1|2|1|5,1,-19.920865747552938
4|1|2|1|5,6,-23.17305138773113
4|1|2|1|5,0,-24.387475028943495
4|1|2|1|5,5,-25.345368530066793
3|1|2|1|4,0,-23.43289375471777
3|1|2|1|4,2,-19.66979563052759
3|1|2|1|4,7,-23.608514049598956
3|1|2|1|4,6,-25.189847181263612
3|1|2|1|4,5,-23.032968057039607
3|1|2|1|4,1,-23.309416201687025
0|1|2|1|3,4,-23.189301527933864
0|1|2|1|3,2,-23.012760473268113
0|1|2|1|3,7,-25.074110605295484
4|1|2|1|2,3,-20.245800368772013
4|1|2|1|2,6,-19.627702664117734
4|1|2|1|2,0,-17.53953689435388
3|1|2|1|1,7,-14.5762871265
0|2|3|1|10,5,-21.4430678021222
0|2|3|1|10,7,-21.838139882034618
0|2|3|1|10,1,-23.044535424126096
0|2|3|1|10,3,-22.035809488673948
5|5|2|1|9,4,-13.21890192303348
4|6|3|1|8,1,-11.920569075191086
4|6|3|1|8,7,-14.695906114406334
4|6|3|1|8,6,-5.469352649226174
1|6|3|1|7,4,-15.455425282212646
1|6|3|1|7,0,-13.928496387137091
1|6|3|1|7,5,-13.949698309050584
4|6|3|1|6,0,-15.533271611712726
4|6|3|1|6,3,-15.43124576648
4|6|3|1|6,7,-15.084345367467112
4|6|3|1|6,5,-9.295916512851742
0|9|2|2|5,3,-18.539750934054513
0|9|2|2|5,2,-19.006222595291952
3|11|2|2|4,0,-21.70256431748198
3|11|2|2|4,6,-17.708163902453826
3|11|2|2|4,7,-20.38978785096783
0|11|2|2|3,2,-24.574723174852796
0|11|2|2|3,4,-20.76716045095782
2|13|2|1|2,1,-19.468179596407133
2|13|2|1|2,6,-20.059574679071787
2|13|2|1|2,3,-15.095084395749453
2|13|2|1|2,0,-19.844400976272002
1|13|2|1|1,3,-14.792380691985
1|13|2|1|1,5,-14.792380691985
1|13|2|1|1,6,-14.792380691985
1|13|2|1|1,7,-14.792380691985
1|13|2|1|1,0,-14.792380691985
1|13|2|1|1,2,-14.792380691985
1|13|2|1|1,4,-14.792380691985
2|1|2|1|9,7,-32.55419771502965
2|1|2|1|9,4,-33.290473189075044
2|1|2|1|9,3,-33.595373930957656
2|1|2|1|9,6,-32.57501185653104
2|1|2|1|9,5,-19.923814763495
2|1|2|1|9,1,-33.762836948860276
2|1|2|1|9,0,-32.44552626380748
5|2|2|1|5,2,-26.853804022506598
5|2|2|1|5,3,-27.499919479568987
5|2|2|1|5,6,-26.02603228835009
5|2|2|1|5,1,-25.499232885324183
5|2|2|1|5,7,-26.058232039787377
5|2|2|1|5,4,-26.51472876273493
5|2|2|1|5,0,-26.80050435848079
2|2|2|1|4,7,-23.55239578756246
2|2|2|1|4,5,-23.5286223395645
2|2|2|1|4,0,-23.530120061113237
2|2|2|1|4,1,-23.22501685183237
2|2|2|1|4,3,-24.072232754105432
2|2|2|1|4,4,-25.152631726332324
2|2|2|1|4,6,-23.305284097427517
7|2|2|1|3,0,-21.707236626511985
7|2|2|1|3,3,-23.422679021319905
7|2|2|1|3,1,-22.35060252251793
7|2|2|1|3,6,-22.935802896308612
7|2|2|1|3,2,-22.012711825440267
7|2|2|1|3,4,-22.032969573335553
7|2|2|1|3,5,-22.76047058289053
0|4|3|1|2,5,-20.43488703567224
0|4|3|1|2,3,-20.046825822109202
0|4|3|1|2,6,-14.875030178908798
5|5|3|2|1,2,-14.96510542290192
5|5|3|2|1,3,-14.975573796031343
5|2|2|1|8,2,-26.979482608378685
5|2|2|1|8,4,-28.126079965842862
5|2|2|1|8,1,-27.144521361863205
5|2|2|1|8,6,-27.65197134370261
5|2|2|1|8,7,-29.505537816070134
5|2|2|1|8,3,-25.66842187667202
5|2|2|1|8,0,-26.176847602888795
6|3|2|2|6,0,-20.449285707357447
6|3|2|2|6,1,-19.617705810125482
6|3|2|2|6,3,-21.45284260397446
6|3|2|2|6,7,-20.092366123819655
6|3|2|2|6,2,-20.119476830304123
6|3|2|2|6,4,-20.27554957355718
6|3|2|2|6,5,-19.576803718900322
0|4|2|2|5,1,-21.33584729534083
0|4|2|2|5,6,-20.38894398381354
0|4|2|2|5,5,-20.391864627949385
0|4|2|2|5,4,-19.64171023702119
0|4|2|2|5,3,-18.845318331130677
0|4|2|2|5,2,-18.76277108760514
0|4|2|2|5,7,-15.08427223846654
1|4|2|2|4,7,-18.0691056361379
1|4|2|2|4,3,-23.532594622215782
1|4|2|2|4,5,-24.092224633683657
7|4|2|2|3,2,-20.388010125427176
7|4|2|2|3,1,-19.75085053292686
7|4|2|2|3,0,-17.253021538481935
7|4|2|2|3,5,-20.372758376343025
7|4|2|2|3,3,-19.049506139410315
5|7|3|1|1,1,-14.999918824565944
5|7|3|1|1,7,-9.855
0|2|3|1|8,6,-21.39143648113118
0|2|3|1|8,5,-20.979763020353104
0|2|3|1|8,7,-20.018485036630768
0|2|3|1|8,3,-18.869337710979945
0|2|3|1|8,1,-20.146705115598934
0|2|3|1|8,4,-22.027989140812302
0|2|3|1|8,2,-20.532591114648184
6|5|2|2|7,3,-11.389708943033332
6|5|2|2|7,7,-12.867795027506354
6|5|2|2|7,2,-8.977553639822597
6|5|2|2|7,0,-13.782630362247911
6|5|2|2|7,4,-11.136467013772698
6|5|2|2|7,1,-14.139057032929749
6|5|2|2|7,5,-11.487369412785723
3|7|2|2|6,1,-15.80480313786741
3|7|2|2|6,5,-15.091384972855561
3|7|2|2|6,2,-14.936889189584454
3|7|2|2|6,0,-8.114899751348089
1|9|2|2|5,5,-13.011317145251034
1|9|2|2|5,6,-13.585594427213639
1|9|2|2|5,0,-8.290896731951362
5|10|2|2|4,4,-13.936028961853555
5|10|2|2|4,0,-11.421413510874107
5|10|2|2|4,6,-14.476245546184643
5|10|2|2|4,1,-13.20147650323678
4|10|2|2|3,3,-17.1685270294749
4|10|2|2|3,6,-18.21403943398624
4|10|2|2|3,0,-17.73256751788375
4|10|2|2|3,1,-19.829654509281205
3|11|2|2|2,0,-16.461912343863066
3|11|2|2|2,2,-19.672976638829063
0|13|2|1|1,3,-14.928786577350856
0|13|2|1|1,1,-14.928786577350856
0|13|2|1|1,5,-14.928786577350856
0|13|2|1|1,4,-14.898266539072651
6|2|2|1|7,0,-27.757269251705853
6|2|2|1|7,4,-20.53638700131408
6|2|2|1|7,1,-28.031506904413032
6|2|2|1|7,3,-27.269052058172257
6|2|2|1|7,5,-27.731123895254647
6|2|2|1|7,2,-27.9019237515872
6|2|2|1|7,7,-27.508643676884542
0|3|3|2|6,6,-17.645112550423928
4|3|3|2|4,7,-14.32795232698189
4|3|3|2|4,5,-20.591192785712224
7|5|3|1|3,1,-18.064191107275956
7|5|3|1|3,0,-19.281978749224862
7|5|3|1|3,4,-16.69877727778303
7|5|3|1|3,5,-19.725949596568576
7|5|3|1|3,2,-18.81998336499467
2|8|2|1|1,3,-14.394695895
2|8|2|1|1,4,-14.394695895
2|8|2|1|1,1,-14.5762871265
2|8|2|1|1,6,-14.394695895
2|8|2|1|1,0,-14.394695895
2|8|2|1|1,5,-14.394695895
2|8|2|1|1,7,-14.394695895
3|5|2|1|10,0,-2.1494224367398864
0|7|1|1|9,7,-0.5588217000000001
7|7|1|1|8,1,-5.036170965514954
1|8|3|2|7,5,-10.485559280004962
1|8|3|2|7,2,-9.934161239883442
6|11|3|1|5,4,-16.72018218850352
3|15|1|0|3,6,-14.411898013761002
3|15|1|0|3,5,-14.080209491568475
3|15|1|0|3,4,-14.307024390445351
3|15|1|0|3,1,-14.849637828557237
3|15|1|0|3,2,-13.830660089991
3|15|1|0|3,0,-15.302672534073688
3|15|1|0|3,7,-14.752781689701287
5|15|1|0|1,2,-13.7313758445174
5|15|1|0|1,6,-12.194995012435296
5|15|1|0|1,3,-13.7646855
5|15|1|0|1,7,-13.96233582
7|1|1|1|7,4,-32.355910507111815
7|1|1|1|7,2,-35.48049572464314
7|1|1|1|7,5,-32.50648809448848
7|1|1|1|7,6,-32.36599090155634
7|1|1|1|7,1,-33.305581037236095
7|1|1|1|7,0,-33.22033595975758
7|1|1|1|7,3,-32.86450875106401
4|1|1|1|6,3,-30.973020072354647
4|1|1|1|6,1,-30.602451140138378
4|1|1|1|6,6,-30.90327419275119
4|1|1|1|6,7,-31.43785136141269
4|1|1|1|6,2,-30.520177245833075
4|1|1|1|6,5,-30.80759190578002
4|1|1|1|6,0,-31.621103047276193
5|2|2|1|3,2,-22.568877863402054
5|2|2|1|3,3,-23.09106832846211
5|2|2|1|3,6,-23.62617941208361
5|2|2|1|3,1,-21.863475519372546
5|2|2|1|3,0,-21.952507795541948
5|2|2|1|3,4,-22.274156254024444
5|2|2|1|3,7,-23.006971659326084
2|2|2|1|2,4,-19.383031078080002
2|2|2|1|2,5,-20.163621937916684
2|2|2|1|2,3,-19.615757984237284
2|2|2|1|2,1,-20.126700862125944
2|2|2|1|2,0,-20.331335847566674
2|2|2|1|2,6,-19.951702764054538
2|2|2|1|2,7,-20.842645954895588
4|4|2|1|1,3,-14.5762871265
4|4|2|1|1,5,-14.5762871265
4|4|2|1|1,6,-14.394695895
4|4|2|1|1,2,-14.5762871265
4|4|2|1|1,7,-14.5762871265
4|4|2|1|1,0,-14.5762871265
4|4|2|1|1,1,-14.5762871265
0|4|2|1|10,2,-7.240796142141871
0|4|2|1|10,5,-10.53998933511115
2|4|2|1|9,5,-11.320572837632275
2|4|2|1|9,0,-13.310218741801012
2|4|2|1|9,7,-10.213842572025834
2|4|2|1|9,4,-11.034090810019828
5|5|2|1|8,2,-10.305495129427953
5|5|2|1|8,7,-9.539932970211606
5|5|2|1|8,3,-10.913113111349004
5|5|2|1|8,6,-11.20928915184938
5|5|2|1|8,4,-10.764095436025677
2|5|2|1|7,7,-12.578047412700485
2|5|2|1|7,5,-15.009380766048256
2|5|2|1|7,0,-15.256358199700486
2|5|2|1|7,1,-12.62276932549256
2|5|2|1|7,3,-14.462542841417536
2|5|2|1|7,4,-13.84207810543635
2|5|2|1|7,6,-13.1370436557661
7|5|2|1|6,5,-16.010725751077818
7|5|2|1|6,2,-17.870723785621806
7|5|2|1|6,0,-16.745211840557623
7|5|2|1|6,6,-17.560786096193755
7|5|2|1|6,4,-16.478131558639223
7|5|2|1|6,3,-17.700962029738164
7|5|2|1|6,1,-11.341688514062934
5|5|2|1|5,2,-13.75781899679934
5|5|2|1|5,0,-16.20514351378095
5|5|2|1|5,4,-16.99642961154225
5|5|2|1|5,1,-16.255048649983223
5|5|2|1|5,3,-18.39741418036472
5|5|2|1|5,6,-16.123878748410213
2|5|2|1|4,1,-16.960339002671056
2|5|2|1|4,5,-18.890345091803084
2|5|2|1|4,0,-18.591234714694306
2|5|2|1|4,6,-17.875643359141232
2|5|2|1|4,4,-18.244062563374463
2|5|2|1|4,3,-19.537419157090294
2|5|2|1|4,7,-16.49827884673163
1|5|2|1|3,4,-18.883184608948156
1|5|2|1|3,6,-18.250232797100793
1|5|2|1|3,3,-18.755794060784048
1|5|2|1|3,0,-18.75593653807394
1|5|2|1|3,2,-18.380639178201918
1|5|2|1|3,5,-20.13380284465855
1|5|2|1|3,7,-14.299608097477302
4|7|1|1|2,2,-9.281162524155
4|7|1|1|2,7,-11.654345524155001
2|7|1|1|1,3,-13.235265
2|7|1|1|1,1,-12.478950000000001
2|7|1|1|1,4,-12.478950000000001
1|2|2|1|9,4,-28.00518536390041
1|2|2|1|9,2,-24.087887484851404
1|2|2|1|9,6,-29.68821540683046
1|2|2|1|9,7,-27.954253912519956
1|2|2|1|9,5,-28.411679365753443
1|2|2|1|9,0,-19.42147999790393
1|2|2|1|9,3,-28.597021513612287
2|6|4|1|7,7,-14.721205996278576
7|10|2|1|6,2,-11.750945086536069
7|10|2|1|6,4,-11.05273607788072
2|10|2|1|5,6,-14.836434721294001
2|10|2|1|5,5,-13.276695545294729
2|10|2|1|5,7,-11.311810450391143
2|10|2|1|5,4,-15.35558946554871
6|11|2|1|4,3,-16.979244927639694
6|11|2|1|4,0,-18.205158788140835
6|11|2|1|4,7,-19.06962754411228
6|11|2|1|4,1,-17.352172426237207
7|1|2|0|8,1,-34.312208846597386
7|1|2|0|8,0,-34.91337747335177
7|1|2|0|8,3,-33.67441381067969
7|1|2|0|8,4,-34.88285768343421
7|1|2|0|8,5,-33.6650211506609
7|1|2|0|8,2,-33.648277650209415
1|3|1|1|7,3,-16.135798792284156
1|3|1|1|7,2,-17.42808680989664
1|3|1|1|7,4,-17.46158254975258
1|3|1|1|7,7,-16.960892044103993
1|3|1|1|7,0,-16.910210393534378
1|3|1|1|7,6,-14.390660255916279
1|3|1|1|7,5,-18.88501398657902
3|3|1|1|6,2,-14.668941249886197
3|3|1|1|6,1,-21.495373663819837
2|4|1|1|5,1,-13.045154328792542
2|4|1|1|5,0,-13.147283226532894
2|4|1|1|5,3,-12.986847911166013
2|4|1|1|5,5,-13.705906126798784
2|4|1|1|5,4,-13.597359493568213
2|4|1|1|5,6,-13.56227643208995
6|5|2|2|3,1,-20.33925756668831
6|5|2|2|3,0,-17.784913752248155
6|5|2|2|3,7,-19.43557353832292
6|5|2|2|3,5,-17.267053343361496
6|5|2|2|3,2,-14.526005236280065
1|1|2|1|7,5,-28.205615822481125
1|1|2|1|7,4,-27.49174375507589
1|1|2|1|7,3,-27.068389834732848
1|1|2|1|7,0,-27.890696357332278
1|1|2|1|7,2,-27.197584621645287
1|1|2|1|7,7,-27.9241275706476
1|1|2|1|7,6,-22.769604706951483
7|1|2|1|4,6,-23.00525297811896
7|1|2|1|4,3,-23.504145565887175
7|1|2|1|4,5,-24.278694258720694
7|1|2|1|4,0,-23.189069366269162
6|3|3|1|3,3,-20.24189503904129
3|4|3|1|2,7,-18.887040320614968
3|4|3|1|2,2,-19.666435335801765
7|7|1|1|1,0,-14.982901657221941
7|1|4|2|10,5,-0.7828918224630153
5|1|4|2|9,7,-11.806765440361023
7|1|4|2|8,4,-11.929551609798
7|1|4|2|8,3,-7.349526701988016
4|1|4|2|7,6,-9.4238124174
4|1|4|2|7,0,-3.015
6|1|4|2|6,0,-9.41420133284927
0|1|4|2|5,2,-4.4351563800000005
2|5|4|2|4,7,-15.153269367610145
7|5|4|2|3,0,-15.364565158821215
0|7|5|1|2,3,-7.160490949155
3|12|1|1|1,4,-14.703400988550001
3|12|1|1|1,6,-14.5762871265
3|12|1|1|1,1,-14.703400988550001
3|12|1|1|1,5,-14.5762871265
3|12|1|1|1,7,-14.5762871265
3|12|1|1|1,2,-14.703400988550001
4|2|1|1|10,6,-22.304796010784607
4|2|1|1|10,0,-20.646142048676733
4|2|1|1|10,7,-21.75911477835515
4|2|1|1|10,5,-23.602593011726405
4|2|1|1|10,2,-22.08514162623959
4|2|1|1|10,1,-22.094180655062196
4|2|1|1|10,3,-23.484464390503007
6|3|4|1|9,2,-14.741983513864971
2|7|1|1|8,1,-3.841460755352721
1|8|2|1|7,0,-11.548840514653925
0|8|2|1|6,5,-11.0280319092466
0|8|2|1|6,4,-12.695755464279543
0|8|2|1|6,1,-11.656122137838402
0|8|2|1|6,3,-8.078324105439977
5|9|3|1|5,2,-15.776551168759312
5|9|3|1|5,7,-10.287865910646707
2|9|3|1|4,6,-19.852275269112795
2|9|3|1|4,3,-18.145842029652123
6|12|1|1|3,3,-10.029798983887577
6|12|1|1|3,1,-11.543963371650001
6|12|1|1|3,4,-9.999380659783213
3|12|1|1|2,0,-17.15418953962382
3|12|1|1|2,7,-17.628170709000003
7|1|1|1|4,1,-26.630129869186483
7|1|1|1|4,3,-26.764023101817298
7|1|1|1|4,4,-25.806115166284616
7|1|1|1|4,5,-26.453158096341646
7|1|1|1|4,0,-25.718692888621504
7|1|1|1|4,2,-25.59889849677425
7|1|1|1|4,6,-25.74406369727666
1|1|1|1|3,7,-23.377602911534453
1|1|1|1|3,5,-23.095665592100367
1|1|1|1|3,4,-23.550992591264833
1|1|1|1|3,0,-23.231425849279212
1|1|1|1|3,3,-22.99546757028319
1|1|1|1|3,6,-23.337777323786693
7|1|1|1|2,3,-21.55675909298529
7|1|1|1|2,1,-21.5401530851319
7|1|1|1|2,5,-22.037814087623154
7|1|1|1|2,0,-21.709557592091144
7|1|1|1|2,2,-21.65605344286695
3|2|1|1|1,5,-14.997988397070504
3|2|1|1|1,0,-7.65
2|2|1|1|8,1,-23.518771769168428
2|2|1|1|8,3,-23.397762419707814
2|2|1|1|8,7,-25.107348601683043
2|2|1|1|8,0,-23.604840355301253
2|2|1|1|8,4,-25.398894920930843
2|2|1|1|8,5,-23.402342956694536
2|2|1|1|8,6,-19.073803300847327
2|3|1|1|6,4,-18.399311202312916
2|3|1|1|6,5,-16.921698231261193
2|3|1|1|6,6,-19.283553494610928
2|3|1|1|6,1,-19.01075060068905
2|3|1|1|6,3,-18.893297753039384
2|3|1|1|6,7,-17.584356016603188
2|3|1|1|6,0,-17.16665736157527
2|6|3|1|3,6,-18.574211984317802
2|6|3|1|3,0,-19.506369394954103
2|6|3|1|3,7,-19.920758875267754
2|6|3|1|3,3,-17.219226703115126
2|6|3|1|3,1,-19.100906260153035
6|7|3|1|2,2,-18.989584943105264
6|7|3|1|2,0,-18.290259964239617
6|7|3|1|2,4,-15.099284707267778
6|7|3|1|2,3,-5.080500000000001
2|7|3|1|1,6,-14.792380691985
2|7|3|1|1,4,-14.792380691985
2|7|3|1|1,5,-14.703400988550001
2|7|3|1|1,3,-14.792380691985
2|7|3|1|1,1,-14.703400988550001
7|1|3|1|10,5,-22.892389800572666
7|1|3|1|10,0,-23.37995165112855
7|1|3|1|10,4,-23.892807464761127
7|1|3|1|10,1,-24.705548940602586
7|1|3|1|10,6,-24.560776628082824
7|1|3|1|10,3,-23.163798730207525
7|1|3|1|10,2,-17.175560130058614
5|1|3|1|9,2,-21.041877982717093
5|1|3|1|9,4,-23.201883613844192
5|1|3|1|9,0,-22.62750077125681
5|1|3|1|9,7,-21.258314617899487
5|1|3|1|9,1,-19.025475259475293
5|1|3|1|9,6,-23.259932997258773
5|1|3|1|9,3,-22.215755223342054
2|4|1|1|8,6,-13.085512798726132
2|4|1|1|8,7,-12.511611234219174
2|4|1|1|8,1,-10.454736110259358
2|4|1|1|8,3,-12.705358015472523
2|4|1|1|8,5,-12.687525872038993
6|4|1|1|7,5,-12.518517913183226
6|4|1|1|7,0,-13.489501017211895
6|4|1|1|7,1,-11.575382710691251
6|4|1|1|7,2,-13.53441652910945
6|4|1|1|7,4,-13.383251952587738
5|4|1|1|6,6,-12.723264109117338
5|4|1|1|6,3,-13.785275200407108
5|4|1|1|6,4,-13.730327215659639
5|4|1|1|6,1,-15.121647894737293
5|4|1|1|6,2,-12.13493026974922
5|4|1|1|6,0,-15.018119152163955
5|4|1|1|6,7,-13.561786066983206
6|4|1|1|5,2,-13.688351095844276
6|4|1|1|5,7,-13.730589203291778
6|4|1|1|5,0,-11.86383167643312
6|4|1|1|5,5,-15.125147029776791
6|4|1|1|5,1,-11.707133140266453
6|4|1|1|5,3,-12.462631866504333
2|4|1|1|4,1,-14.158525033074437
2|4|1|1|4,0,-15.508423542212869
2|4|1|1|4,3,-14.406501703255218
1|4|1|1|3,2,-17.518131566195176
1|4|1|1|3,5,-14.136960800469252
1|4|1|1|3,0,-11.874686405701356
1|4|1|1|3,6,-11.406844585803633
1|4|1|1|3,3,-13.269127934360274
2|4|1|1|2,4,-15.377061199155001
2|4|1|1|2,5,-15.421261773659255
2|4|1|1|2,6,-14.413310271660938
4|5|2|1|1,5,-14.703400988550001
4|5|2|1|1,0,-14.792380691985
4|5|2|1|1,6,-14.703400988550001
4|5|2|1|1,7,-14.703400988550001
4|5|2|1|1,1,-14.703400988550001
4|5|2|1|1,2,-14.703400988550001
4|5|2|1|1,3,-14.703400988550001
0|3|2|2|10,6,-10.735921665408632
0|3|2|2|10,3,-8.011453423665946
0|3|2|2|10,4,-13.41478802718089
6|5|3|2|9,3,-13.308384680530338
6|5|3|2|9,5,-4.568279826437238
3|5|3|2|8,7,-14.724975962272383
3|5|3|2|8,5,-12.554790774916366
3|5|3|2|8,0,-12.806324159683875
7|6|3|2|7,1,-14.287913774496417
7|6|3|2|7,3,-13.22097612711213
7|6|3|2|7,5,-10.51687467114466
7|6|3|2|7,4,-16.230685469702994
1|8|3|1|6,6,-7.701939565345864
1|8|3|1|6,4,-8.60616480186528
1|8|3|1|6,7,-8.099335264634714
1|8|3|1|6,5,-10.160243117702297
1|8|3|1|6,2,-8.584598157180329
1|8|3|1|6,0,-9.670130385960405
6|8|3|1|5,7,-9.219225604115053
4|9|3|1|3,6,-21.82506503733485
4|9|3|1|3,7,-17.62011252856943
4|9|3|1|3,1,-21.15473310543785
6|9|3|1|2,4,-20.508023218060632
6|9|3|1|2,2,-20.514203226194027
4|9|3|1|1,7,-14.703400988550001
4|9|3|1|1,1,-14.703400988550001
4|9|3|1|1,2,-14.703400988550001
4|9|3|1|1,6,-14.5762871265
5|4|2|1|6,1,-19.501297524089736
5|4|2|1|6,0,-20.75155985598068
5|4|2|1|6,2,-15.675703348748137
5|4|2|1|6,6,-21.069980304809242
5|4|2|1|6,4,-19.755693932730285
5|4|2|1|6,3,-20.2323067563791
5|4|2|1|6,7,-20.105888933701834
1|4|2|1|5,4,-21.798825985842736
1|4|2|1|5,3,-22.44949485826208
1|4|2|1|5,7,-21.35292025814417
1|4|2|1|5,5,-22.322624897237162
1|4|2|1|5,6,-16.286409899993284
1|4|2|1|5,0,-21.57231219851368
1|4|2|1|5,2,-22.029163490179084
4|6|6|2|4,5,-3.015
5|6|6|2|3,0,0.8349749999999999
0|8|6|1|2,5,-2.89425
5|9|6|1|1,4,-4.5
4|1|1|1|8,3,-35.013037104463976
4|1|1|1|8,2,-35.85339758074922
4|1|1|1|8,6,-23.0035076595646
4|1|1|1|8,7,-35.57917148562552
4|1|1|1|8,0,-34.5792360089938
4|1|1|1|8,5,-34.720600467693465
4|1|1|1|8,1,-34.73778285281832
3|1|1|1|7,0,-32.775802192223956
3|1|1|1|7,2,-31.877331333445262
3|1|1|1|7,4,-32.642567016674285
3|1|1|1|7,1,-32.49294461851817
3|1|1|1|7,6,-31.31396334816294
3|1|1|1|7,7,-32.97397644316341
3|1|1|1|7,5,-32.21411965210599
6|1|1|1|5,3,-29.46094921164145
6|1|1|1|5,7,-29.070692984011043
6|1|1|1|5,4,-25.095557160795327
6|1|1|1|5,2,-29.67064655543531
6|1|1|1|5,5,-29.172824662605507
6|1|1|1|5,1,-28.95301022546977
6|1|1|1|5,0,-29.85443553055652
2|1|1|1|2,5,-21.718087416514077
2|1|1|1|2,1,-20.923430272365525
2|1|1|1|2,7,-21.602654682151865
5|2|1|1|1,3,-14.982901657221941
5|2|1|1|1,7,-14.975573796031343
5|2|1|1|1,4,-14.394695895
5|2|1|1|1,0,-14.5762871265
2|2|2|1|8,6,-27.5389312819006
2|2|2|1|8,3,-27.305618781440984
2|2|2|1|8,5,-26.657395780443423
2|2|2|1|8,7,-26.69829811991867
2|2|2|1|8,1,-27.26005194931503
2|2|2|1|8,4,-16.164897573940586
2|2|2|1|8,0,-28.231442237937483
6|2|2|1|5,3,-27.526311633090444
6|2|2|1|5,2,-26.755394891804393
6|2|2|1|5,5,-26.895004642912514
6|2|2|1|5,4,-22.47845508741054
6|2|2|1|5,7,-26.993963114671462
6|2|2|1|5,0,-26.98231120658981
6|2|2|1|5,1,-27.173132526782037
3|2|2|1|4,6,-25.989192920753716
3|2|2|1|4,0,-25.96917001964124
3|2|2|1|4,1,-25.96771788542727
3|2|2|1|4,4,-23.581494087168725
3|2|2|1|4,7,-26.206686851896706
3|2|2|1|4,5,-26.202692577494908
3|2|2|1|4,2,-26.766620563610267
6|2|2|1|3,1,-22.28008955696413
6|2|2|1|3,0,-22.781192731628533
6|2|2|1|3,2,-22.40667052180045
6|2|2|1|3,3,-22.90203866493434
6|2|2|1|3,5,-21.44191485337559
6|2|2|1|3,4,-20.668682146144086
6|2|2|1|3,7,-21.455759181002783
1|4|2|1|2,2,-18.055005722377054
1|4|2|1|2,3,-17.86661589982986
1|4|2|1|2,6,-19.61590903815
1|4|2|1|2,7,-18.53741812236741
1|4|2|1|2,5,-18.96461412542986
1|4|2|1|2,0,-17.043067822406584
1|4|2|1|2,4,-14.565896624395638
2|4|2|1|1,3,-14.898266539072651
2|4|2|1|1,7,-14.898266539072651
2|4|2|1|1,4,-14.8546664843895
2|4|2|1|1,0,-14.898266539072651
2|4|2|1|1,6,-14.898266539072651
2|4|2|1|1,1,-14.898266539072651
1|2|3|2|10,5,-19.091209140505388
1|2|3|2|10,7,-17.49293462069477
1|2|3|2|10,2,-17.503630498075818
1|2|3|2|8,2,-14.38195410258906
1|2|3|2|8,3,-9.688374831406406
1|2|3|2|8,7,-14.02239572195012
1|2|3|2|8,5,-14.723447738727147
1|2|3|2|8,0,-14.699492882966368
1|2|3|2|8,6,-15.175675505292809
1|2|3|2|8,4,-13.448122668633967
2|2|3|2|7,7,-14.379075990832904
2|2|3|2|7,4,-16.623771393702228
2|2|3|2|7,0,-16.621617047253093
2|2|3|2|7,3,-14.541782737088676
2|5|2|1|5,6,-16.852936820049454
2|5|2|1|5,5,-18.269004303300854
2|5|2|1|5,3,-16.882349727258646
2|5|2|1|5,0,-16.813240406073483
2|5|2|1|5,7,-17.108695173588863
2|5|2|1|5,4,-17.801458759212537
2|5|2|1|5,1,-18.02107864484756
6|5|2|1|4,4,-18.37468022514847
6|5|2|1|4,7,-15.646800645431098
6|5|2|1|4,2,-18.36455705180447
6|5|2|1|4,5,-17.860268563688233
6|5|2|1|4,1,-19.800825337666158
6|5|2|1|4,0,-18.089600123675538
6|5|2|1|4,3,-17.851032192822977
4|5|2|1|3,1,-20.020849013094086
4|5|2|1|3,0,-19.39796156742272
4|5|2|1|3,6,-18.272989864495308
4|5|2|1|3,5,-18.76498624035817
4|5|2|1|3,3,-18.239931443543057
4|5|2|1|3,7,-18.216945490474597
4|5|2|1|3,2,-16.551325953883406
3|8|3|1|1,1,-14.8546664843895
3|8|3|1|1,0,-14.8546664843895
3|8|3|1|1,7,-14.8546664843895
1|2|2|1|8,6,-24.720279025866624
1|2|2|1|8,5,-29.9580761072496
1|2|2|1|8,4,-29.314481250458677
1|2|2|1|8,7,-29.118835330531706
1|2|2|1|8,3,-24.80865354192325
1|2|2|1|8,0,-29.45210601202185
1|2|2|1|8,2,-29.32233616239827
1|2|2|1|4,6,-23.851574549741994
1|2|2|1|4,3,-23.48332406048799
1|2|2|1|4,4,-23.92032425426983
1|2|2|1|4,7,-25.015522391071652
1|2|2|1|4,0,-25.115906458991052
1|2|2|1|4,2,-23.98056843750268
1|2|2|1|4,5,-23.52049100313352
2|3|3|1|1,1,-12.478950000000001
2|3|3|1|1,4,-13.235265
2|3|3|1|1,6,-12.478950000000001
2|3|3|1|1,7,-13.235265
2|3|3|1|1,3,-12.478950000000001
2|3|3|1|1,5,-12.478950000000001
2|3|3|1|1,0,-12.478950000000001
5|1|3|1|10,7,-24.171922022456375
5|1|3|1|10,6,-24.049073034745135
5|1|3|1|10,3,-24.097607096154007
5|1|3|1|10,2,-24.830403691576972
5|1|3|1|10,4,-24.93118097365371
5|1|3|1|10,1,-25.54155573889695
5|1|3|1|10,0,-25.33721803359555
0|1|3|1|8,3,-19.357046047539175
0|1|3|1|8,1,-20.117666472523684
0|1|3|1|8,7,-21.333445418769042
0|1|3|1|8,4,-20.002719574213
0|1|3|1|8,5,-19.61037934379545
0|1|3|1|8,2,-19.74819523132235
0|1|3|1|8,6,-21.350360849430924
3|4|3|2|7,6,-13.924628766691203
3|4|3|2|7,1,-12.715233353578695
3|4|3|2|7,7,-13.048014392974238
6|4|3|2|6,4,-16.78409034184765
6|4|3|2|6,0,-15.57676453801329
6|4|3|2|6,3,-16.360577363842488
6|4|3|2|6,2,-15.823286791945115
6|4|3|2|6,7,-16.47764662491612
6|4|3|2|6,1,-18.384910399153707
6|4|3|2|6,5,-15.43251405166324
4|5|3|2|5,6,-17.10275245217103
4|5|3|2|5,7,-18.390422773583882
4|5|3|2|5,5,-16.46499407752333
4|5|3|2|5,0,-18.295267149733856
4|5|3|2|5,1,-16.346317459837316
6|5|3|2|4,1,-18.984300841632344
6|5|3|2|4,7,-18.447455331971803
6|5|3|2|4,3,-18.0299778308352
6|5|3|2|4,0,-17.837892779107523
6|5|3|2|4,5,-18.70381965342718
6|5|3|2|4,2,-0.43639932428363765
1|5|3|2|3,2,-21.096712173453636
1|5|3|2|3,6,-21.31561056166056
1|5|3|2|3,5,-20.66103904144104
1|5|3|2|3,7,-20.361053505926876
2|8|3|2|2,0,-21.11660655604051
2|8|3|2|2,3,-20.998055536832197
0|11|2|1|1,4,-14.8546664843895
0|11|2|1|1,6,-14.792380691985
0|11|2|1|1,1,-14.792380691985
0|11|2|1|1,5,-14.8546664843895
0|11|2|1|1,7,-14.792380691985
0|11|2|1|1,2,-14.8546664843895
0|11|2|1|1,3,-14.792380691985
5|1|4|0|10,0,-15.625253207057082
5|1|4|0|10,6,-16.215640932605552
5|1|4|0|10,4,-18.555707565319423
0|1|4|0|9,5,-20.94806130507264
0|1|4|0|9,6,-20.152560715338417
0|1|4|0|9,4,-22.69116201009014
0|1|4|0|9,1,-18.206666139225195
5|1|4|0|8,6,-19.84410404102242
5|1|4|0|8,2,-20.0191767615691
5|1|4|0|8,7,-22.0113318303564
5|1|4|0|8,4,-23.445920340185307
5|1|4|0|8,0,-19.013799786409926
3|5|2|2|6,4,-14.255336086813932
3|5|2|2|6,5,-15.021608268232553
3|5|2|2|6,0,-15.766197874062591
3|5|2|2|6,6,-15.066113529664374
3|5|2|2|6,1,-16.07335825061567
3|5|2|2|6,2,-16.703580825411933
3|5|2|2|6,7,-14.07681242794235
4|5|2|2|5,0,-16.171229455117473
4|5|2|2|5,2,-16.648102315977795
4|5|2|2|5,1,-18.31691828634621
4|5|2|2|5,5,-16.95128414867373
4|5|2|2|5,3,-16.775013558885316
4|5|2|2|5,6,-18.333137407407552
0|5|2|2|4,2,-17.393713612148655
0|5|2|2|4,5,-18.968001171237436
0|5|2|2|4,7,-18.83361691623025
3|1|4|0|9,7,-20.4130964892598
7|1|4|0|8,1,-19.599646075441218
7|1|4|0|8,2,-19.14008050652659
7|1|4|0|8,4,-20.318317082385587
1|1|4|0|7,3,-16.957716458818854
3|1|4|0|6,1,-18.705511852881887
3|1|4|0|6,0,-8.898076633339965
1|1|4|0|5,0,-25.563730589757085
1|1|4|0|5,7,-9.880379121756164
0|1|4|0|4,4,-24.833978177062384
4|1|4|0|3,1,-21.201478416373117
1|1|4|0|2,3,-17.462765111655994
1|1|4|0|2,2,-18.827963505880454
3|1|4|0|1,6,-14.394695895
7|1|2|0|9,0,-33.75757005826441
7|1|2|0|9,3,-34.833546616163275
7|1|2|0|9,2,-33.98616602718756
7|1|2|0|9,5,-33.75229126028872
7|1|2|0|9,4,-33.6753510833962
7|1|2|0|9,1,-35.34724610648528
7|1|2|0|9,6,-35.26443667290954
3|1|2|0|7,4,-32.120370456098186
3|1|2|0|7,7,-27.566086501113002
3|1|2|0|7,2,-33.48239264110288
3|1|2|0|7,6,-32.88446663118232
3|1|2|0|7,0,-31.892844960926226
3|1|2|0|7,5,-32.75505039622403
3|1|2|0|7,1,-31.811603239955893
1|3|1|1|4,7,-18.246486202384084
1|3|1|1|4,5,-15.842928859648335
1|3|1|1|4,6,-17.82560009431465
1|3|1|1|4,3,-16.56535517189565
1|3|1|1|4,0,-17.392320886195762
4|4|4|2|1,2,-12.478950000000001
4|4|4|2|1,5,-11.3985
1|3|2|1|7,7,-23.770891137446473
1|3|2|1|7,5,-24.087281043336134
1|3|2|1|7,4,-24.25514275383076
1|3|2|1|7,6,-23.83783633591294
1|3|2|1|7,0,-24.72853129174674
1|3|2|1|7,3,-24.109243009258517
1|3|2|1|7,2,-23.613930175766818
7|4|2|1|6,1,-18.54234600839719
7|4|2|1|6,6,-19.498557315704513
7|4|2|1|6,3,-19.875284659282237
7|4|2|1|6,4,-17.785427822311963
7|4|2|1|6,5,-18.91052591075459
7|4|2|1|6,2,-18.194826129164017
7|4|2|1|6,0,-12.264596872583061
1|5|4|2|5,6,-13.914472677438834
6|7|4|2|4,1,-13.342775422340457
6|7|4|2|4,7,-15.956706034285988
1|7|4|2|3,7,-21.67378845658972
7|8|4|2|2,3,-13.680012266908498
7|8|4|2|2,6,-13.098922652988518
7|8|4|2|2,4,-15.060292113868503
7|2|1|1|10,2,-18.945654154070144
7|2|1|1|10,4,-25.195472850671784
7|2|1|1|10,3,-24.243610670617183
7|2|1|1|10,1,-24.982257874935176
7|2|1|1|10,6,-24.224807258873362
7|2|1|1|10,0,-25.200538538554202
5|2|1|1|8,7,-23.427916232929856
5|2|1|1|8,1,-25.814705938906258
5|2|1|1|8,2,-24.01420640871844
5|2|1|1|8,0,-22.078785304771937
5|2|1|1|8,3,-26.345841519445404
5|2|1|1|8,4,-24.405868831148847
5|2|1|1|8,6,-24.930729411610645
7|2|1|1|7,0,-23.919473673006916
7|2|1|1|7,5,-19.514235950704137
7|2|1|1|7,1,-25.434202258453183
7|2|1|1|7,4,-24.001519574074713
7|2|1|1|7,6,-23.876058777518153
7|2|1|1|7,3,-23.87693794188925
7|2|1|1|7,2,-24.442478627657927
3|4|3|1|5,1,-18.36852474716987
3|4|3|1|5,5,-21.080644476586425
1|7|2|2|4,4,-15.418696017246049
1|7|2|2|4,3,-16.69230589052768
1|7|2|2|4,6,-12.9887537515454
1|7|2|2|4,7,-16.158765295066726
1|7|2|2|4,5,-17.255101799261023
1|7|2|2|4,2,-15.749829725480293
1|7|2|2|4,0,-17.687653041630693
4|7|2|2|3,7,-17.189133342246226
4|7|2|2|3,0,-18.934108034578127
4|7|2|2|3,2,-18.731285890092057
4|7|2|2|3,5,-17.81712023093627
4|7|2|2|3,1,-19.635241682505335
7|8|2|2|2,1,-16.500286408807465
7|8|2|2|2,2,-15.99112749406174
7|8|2|2|2,5,-17.142690948597362
7|8|2|2|2,3,-14.971843372897528
7|8|2|2|2,4,-17.307386945018944
7|8|2|2|2,0,-16.54473402308435
7|8|2|2|2,6,-16.881018461916195
1|8|2|2|1,5,-14.5762871265
1|8|2|2|1,4,-14.703400988550001
1|8|2|2|1,7,-14.5762871265
1|8|2|2|1,6,-14.703400988550001
1|8|2|2|1,0,-14.5762871265
1|8|2|2|1,3,-11.3985
2|2|2|1|10,6,-16.921952690863034
2|2|2|1|10,1,-27.176479150556244
2|2|2|1|10,3,-25.093000261647294
2|2|2|1|10,0,-26.764225254632898
2|2|2|1|10,4,-26.51783648513403
2|2|2|1|10,7,-25.48255210870279
2|2|2|1|10,5,-28.13875663235852
6|4|2|2|9,3,-12.554670137898608
6|4|2|2|9,4,-11.036356059190245
6|4|2|2|9,1,-11.71420061677069
3|6|2|2|8,1,-10.128910723386097
3|6|2|2|8,0,-9.490754857825218
3|6|2|2|8,2,-8.038502928143467
3|6|2|2|8,7,-5.584121952494016
1|6|2|2|7,4,-11.467089032440002
1|6|2|2|7,6,-8.409858709081249
1|6|2|2|7,2,-10.962908510968562
1|6|2|2|7,0,-12.842052879928495
1|6|2|2|7,7,-12.345600332491836
4|7|3|2|6,1,-7.811115012599222
4|7|3|2|6,0,-10.232632865610793
1|7|3|2|5,6,-12.378430093795144
1|7|3|2|5,2,-13.662497910731023
1|7|3|2|5,3,-14.150691630964827
1|7|3|2|5,5,-11.522728250015353
6|9|3|2|4,7,-16.74217114758187
7|12|2|1|3,6,-18.039402039432794
7|12|2|1|3,4,-18.10793445271897
7|12|2|1|3,5,-20.108672359092502
7|12|2|1|3,2,-19.042197447594326
7|12|2|1|3,0,-20.30467971925659
7|12|2|1|3,1,-19.668860970630345
6|12|2|1|2,5,-16.592789396338617
6|12|2|1|2,3,-15.688574051335952
6|12|2|1|2,1,-16.562848823305124
6|12|2|1|2,2,-16.689592731743115
6|12|2|1|2,4,-17.2167475214085
6|12|2|1|2,7,-17.20122480400678
6|12|2|1|2,0,-17.445665171838822
5|12|2|1|1,3,-14.8546664843895
5|12|2|1|1,1,-14.898266539072651
5|12|2|1|1,2,-14.8546664843895
5|12|2|1|1,4,-14.8546664843895
5|12|2|1|1,7,-14.8546664843895
5|12|2|1|1,6,-14.8546664843895
5|12|2|1|1,0,-14.8546664843895
7|3|1|1|9,1,-13.036011109707093
7|3|1|1|9,0,-17.829304005611007
7|3|1|1|9,4,-13.764155273408972
7|3|1|1|9,3,-13.511023739158993
7|3|1|1|9,2,-15.294477581351707
7|3|1|1|9,6,-15.678349656445144
7|3|1|1|9,5,-15.540599847211023
1|3|1|1|8,5,-18.18134409675157
1|3|1|1|8,7,-17.858183796979617
1|3|1|1|8,0,-19.128335202773762
1|3|1|1|8,4,-18.687239430710132
1|3|1|1|8,2,-18.986274890259686
1|3|1|1|8,6,-18.43211906112593
1|3|1|1|8,3,-12.364661230148908
5|3|1|1|7,4,-20.083173287158463
5|3|1|1|7,2,-18.155135810151837
5|3|1|1|7,7,-17.715443945432277
5|3|1|1|7,6,-19.1634486823495
5|3|1|1|7,0,-17.701864081237318
5|3|1|1|7,3,-17.814849776310332
5|3|1|1|7,1,-18.57372218079547
4|4|3|1|6,0,-16.366214080069753
4|4|3|1|6,3,-15.901714066442786
4|4|3|1|6,7,-16.042941623994857
4|4|3|1|6,1,-15.12791979397411
4|4|3|1|6,5,-15.891038801684436
4|4|3|1|6,6,-17.640095061402583
4|4|3|1|6,2,-15.950556306450913
0|7|2|2|5,3,-16.673515342404542
0|7|2|2|5,5,-16.990219912224767
0|7|2|2|5,4,-15.238051020031849
0|7|2|2|5,1,-17.68082867020797
3|9|2|1|4,7,-14.748505092700103
3|9|2|1|4,6,-15.010682599261267
3|9|2|1|4,0,-14.935109041826967
3|9|2|1|4,2,-14.59141152200716
7|10|2|1|3,6,-15.768112871272898
7|10|2|1|3,5,-16.459684683181834
7|10|2|1|3,3,-16.154318798498114
7|10|2|1|3,0,-16.941198036433157
7|10|2|1|3,2,-15.019810266849047
7|10|2|1|3,1,-13.560698785470864
7|10|2|1|3,4,-14.539602985728564
6|12|1|1|2,7,-14.5717100325
6|12|1|1|2,0,-15.175364838898666
6|12|1|1|2,2,-12.070585181895915
6|12|1|1|2,5,-15.5773021291609
7|13|1|1|1,1,-14.394695895
7|13|1|1|1,6,-14.394695895
7|13|1|1|1,2,-14.394695895
7|13|1|1|1,5,-14.394695895
7|13|1|1|1,4,-14.394695895
7|13|1|1|1,3,-14.394695895
7|13|1|1|1,0,-14.394695895
1|3|3|0|9,2,-3.015
2|3|3|0|8,5,-5.8360725
5|3|3|0|7,0,-5.5132379209198366
0|6|1|1|6,6,-12.730573525152494
0|6|1|1|6,3,-14.126568741424329
6|6|1|1|5,1,-10.783867549281894
6|6|1|1|5,4,-9.738953713527497
2|7|2|1|3,0,-17.559929271186533
2|7|2|1|3,4,-18.893018968662453
2|7|2|1|3,7,-17.368000883098127
2|7|2|1|3,1,-17.9810643019916
2|7|2|1|3,5,-17.706747775254243
2|7|2|1|3,3,-16.733908065577268
2|7|2|1|3,6,-17.29517783557662
0|7|2|1|2,5,-17.582947178715408
0|7|2|1|2,7,-17.303478429332174
0|7|2|1|2,4,-15.264362083804823
5|2|3|2|10,2,-16.116963499580915
5|2|3|2|10,1,-14.483303945276372
2|4|3|1|9,3,-14.880085249147182
3|4|3|1|8,7,-15.545775154416937
3|4|3|1|8,4,-10.425338123781248
3|4|3|1|8,0,-14.264724755010974
7|4|3|1|7,3,-16.750725920396516
7|4|3|1|7,1,-19.62232098091129
7|4|3|1|7,4,-17.105850631573425
7|4|3|1|7,6,-17.99786523551413
7|4|3|1|7,5,-0.7358433346284879
3|4|3|1|6,1,-16.387774381261874
3|4|3|1|6,0,-18.539424921419
3|4|3|1|6,6,-16.443399339927193
3|4|3|1|6,5,-17.992463799151377
3|4|3|1|6,4,-15.377832205272416
3|4|3|1|6,7,-16.983277675041514
3|4|3|1|6,2,-17.862989045877065
0|5|3|1|4,2,-18.512449879102615
0|5|3|1|4,4,-18.662838559281234
0|5|3|1|4,6,-15.551021742441819
0|5|3|1|4,1,-18.87108315397114
5|6|3|1|2,2,-21.49932456739907
1|1|2|0|10,4,-35.40090566299745
1|1|2|0|10,7,-34.64777272069906
1|1|2|0|10,3,-34.88840557942407
1|1|2|0|10,5,-35.746845426656265
1|1|2|0|10,6,-35.52103738671422
1|1|2|0|10,2,-34.447791448642526
1|1|2|0|10,0,-34.753697040205594
4|3|2|1|9,1,-20.151457445857364
4|3|2|1|9,5,-14.802563508461635
4|3|2|1|9,0,-18.980922149467393
4|3|2|1|9,2,-19.676823694623817
4|3|2|1|9,7,-21.065738720655293
4|3|2|1|9,3,-19.692034659635716
4|3|2|1|9,6,-18.893466512353132
1|3|2|1|8,3,-23.796566243112824
1|3|2|1|8,2,-24.48300119137131
1|3|2|1|8,6,-24.295917694435595
1|3|2|1|8,4,-25.61283447688902
1|3|2|1|8,0,-24.93694236662354
1|3|2|1|8,5,-16.19616596630445
1|3|2|1|8,7,-23.953817531953348
0|7|2|1|5,7,-9.390361981419147
0|7|2|1|5,6,-8.668813474261052
0|7|2|1|5,5,-7.504451579135004
0|7|2|1|5,2,-7.550645932514187
0|7|2|1|5,1,-10.829659611389669
0|7|2|1|5,3,-10.85641829250159
0|7|2|1|5,4,-12.657293144880988
7|7|2|1|4,0,-17.547375659942603
7|7|2|1|4,3,-4.562616065381888
0|7|2|1|3,4,-17.22631383770725
0|7|2|1|3,5,-16.78002007272923
0|7|2|1|3,2,-17.176249136965744
0|7|2|1|3,1,-17.825088121848616
0|7|2|1|3,6,-15.641319419638487
0|7|2|1|3,3,-16.89349468743353
4|8|3|1|2,3,-16.462861790996115
4|8|3|1|2,6,-17.109552879205175
4|8|3|1|2,5,-16.896316396589185
4|8|3|1|2,2,-17.49747040075125
4|8|3|1|2,7,-16.280796667851128
4|8|3|1|2,0,-18.080390642351613
4|8|3|1|2,1,-3.8774991155551777
2|2|3|1|7,7,-20.900486990640438
2|2|3|1|7,5,-20.420904128243535
2|2|3|1|7,1,-22.315481861527882
2|2|3|1|7,4,-21.330179781404098
2|2|3|1|7,3,-20.561203912407336
2|2|3|1|7,6,-20.323728383310055
7|2|3|1|6,5,-14.143137287302771
7|2|3|1|6,2,-20.637560947174347
7|2|3|1|6,1,-19.552727932561
7|2|3|1|6,3,-19.41176059408798
7|2|3|1|6,6,-19.258744779207483
7|2|3|1|6,4,-19.59423218052111
7|2|3|1|6,0,-22.20933559547722
2|6|2|2|4,1,-13.370665281841324
2|6|2|2|4,6,-20.519387218259595
2|6|2|2|4,7,-19.08185460137492
1|8|3|2|3,7,-19.227568960877758
1|8|3|2|3,2,-18.248847230172736
1|8|3|2|3,3,-13.58143721638379
1|8|3|2|3,5,-19.5837050189571
1|8|3|2|3,0,-3.138474293417737
7|9|3|2|2,4,-12.919070677029104
7|9|3|2|2,6,-15.0731830792635
7|9|3|2|2,3,-15.3442747449455
7|9|3|2|2,0,-16.575753691565655
4|9|3|2|1,0,-14.5762871265
4|9|3|2|1,3,-14.394695895
4|9|3|2|1,5,-14.5762871265
4|9|3|2|1,6,-14.394695895
4|9|3|2|1,1,-14.394695895
4|9|3|2|1,7,-14.5762871265
4|9|3|2|1,2,-14.394695895
5|1|2|0|8,2,-33.51991200900819
5|1|2|0|8,4,-33.8291404094728
5|1|2|0|8,6,-33.55468729887518
5|1|2|0|8,0,-34.00098960250254
5|1|2|0|8,1,-33.42077507418754
5|1|2|0|8,3,-31.30781141524565
5|1|2|0|8,7,-34.31331277107237
3|3|2|1|5,1,-24.691477918362178
3|3|2|1|5,5,-24.05416216922601
3|3|2|1|5,4,-24.01236564477565
3|3|2|1|5,2,-25.399346199057703
3|3|2|1|5,6,-25.131389929603372
3|3|2|1|5,0,-21.02268307737018
3|3|2|1|5,7,-24.851734968431927
7|5|1|1|3,0,-10.668602497875002
7|5|1|1|3,6,-7.494713011780516
0|5|1|1|2,5,-8.182016077899451
0|5|1|1|2,4,-9.3541671359085
0|5|1|1|2,3,-10.045584600000002
0|5|1|1|2,7,-9.213542524154999
0|5|1|1|2,2,-9.085107163119313
0|5|1|1|2,1,-3.6440255595
5|6|2|2|1,7,-14.703400988550001
5|6|2|2|1,1,-14.792380691985
5|6|2|2|1,6,-14.792380691985
5|6|2|2|1,0,-14.792380691985
5|6|2|2|1,4,-14.792380691985
5|6|2|2|1,2,-14.703400988550001
4|1|4|2|10,6,-9.090384336390164
4|1|4|2|10,2,-3.015
6|1|4|2|9,3,-9.26946762228218
3|5|3|1|8,7,-15.601380115881035
3|5|3|1|8,0,-14.166998072107157
7|8|2|1|7,6,-11.336054516658745
7|8|2|1|7,2,-4.714429581580415
6|8|2|1|6,0,-11.949353641168212
6|8|2|1|6,3,-15.271521479016226
0|10|2|1|5,5,-12.912241851315759
0|10|2|1|5,7,-12.845664805904324
0|10|2|1|5,4,-14.428013842120311
0|10|2|1|5,3,-13.688043412580303
0|10|2|1|5,6,-12.386647713575751
5|11|3|1|4,2,-17.575290378323793
5|11|3|1|4,7,-14.183910883227592
2|12|3|1|3,4,-9.963159812576553
2|12|3|1|3,1,-6.30777884145
4|15|1|0|2,0,-16.674203825477864
4|15|1|0|2,7,-18.218093913861395
4|15|1|0|2,6,-7.779597117302123
4|15|1|0|2,2,5.1
4|15|1|0|2,1,-4.23
3|1|2|1|8,2,-30.090460760566767
3|1|2|1|8,5,-29.534122584076027
3|1|2|1|8,1,-30.3679104699051
3|1|2|1|8,4,-30.337066111520926
3|1|2|1|8,0,-29.69967598292503
3|1|2|1|8,7,-30.876461021300663
3|1|2|1|8,6,-29.236869304026857
4|3|2|1|6,2,-23.40186622516403
4|3|2|1|6,3,-21.915537568201984
4|3|2|1|6,0,-24.951989732064813
4|3|2|1|6,1,-22.872220476313473
4|3|2|1|6,5,-21.792446856416746
4|3|2|1|6,7,-22.178317630104978
4|3|2|1|6,6,-17.558102523441942
5|3|2|1|4,6,-22.928033698857075
5|3|2|1|4,7,-23.790496932094207
5|3|2|1|4,4,-22.566496403757093
5|3|2|1|4,3,-22.614904211298196
5|3|2|1|4,2,-23.140538594739322
5|3|2|1|4,0,-16.488119001827506
5|3|2|1|4,1,-23.291464613431888
3|5|2|2|2,5,-12.630126205067848
3|5|2|2|2,4,-17.515206102713904
0|3|3|1|9,4,-21.68071759939824
0|3|3|1|9,1,-20.626909289769053
4|3|3|1|8,6,-19.607581866424837
4|3|3|1|8,0,-19.629962422885928
4|3|3|1|8,5,-20.539807778890943
4|3|3|1|8,7,-19.677112327156447
4|3|3|1|8,1,-13.956845681095135
4|3|3|1|8,3,-19.605979015974327
4|3|3|1|8,2,-19.24053733887952
6|3|3|1|7,3,-17.843589194926736
6|3|3|1|7,2,-18.090484702709375
6|3|3|1|7,0,-18.279206699967915
6|3|3|1|7,1,-15.239939164792617
0|4|3|1|5,3,-19.29879741867571
0|4|3|1|5,4,-13.198470269538563
0|4|3|1|5,2,-18.715098604187734
0|4|3|1|5,7,-20.44768122638425
0|4|3|1|5,6,-19.718806932316134
3|4|3|1|4,7,-18.53496320911507
3|4|3|1|4,6,-18.00804486783823
3|4|3|1|4,4,-18.88192289171151
3|4|3|1|4,5,-19.1120590691466
3|4|3|1|4,2,-17.86568180326524
3|4|3|1|4,0,-18.200377727050668
3|4|3|1|4,1,-18.160879675442164
7|4|3|1|3,1,-17.968336099514406
7|4|3|1|3,0,-18.24173561542353
7|4|3|1|3,4,-18.863317479830712
7|4|3|1|3,3,-18.33229043037711
7|4|3|1|3,6,-17.588392701880643
7|4|3|1|3,2,-12.274177944858732
7|4|3|1|3,5,-18.21442364800373
1|4|3|1|2,4,-14.869771531862584
1|4|3|1|2,0,-16.484049670956857
1|4|3|1|2,7,-16.507151024940168
1|4|3|1|2,6,-18.519147023276798
1|4|3|1|2,2,-15.519747913441424
1|4|3|1|2,3,-10.189030837837151
1|4|3|1|2,5,-14.805896643483631
4|4|3|1|1,5,-14.13527985
4|4|3|1|1,3,-14.13527985
4|4|3|1|1,6,-13.7646855
4|4|3|1|1,1,-14.13527985
2|2|1|1|6,0,-22.440684355559135
2|2|1|1|6,4,-22.035608656120765
2|2|1|1|6,7,-20.969146103796042
2|2|1|1|6,6,-22.470234201855074
2|2|1|1|6,1,-21.174631513793962
2|2|1|1|6,5,-21.41546127682006
2|2|1|1|6,3,-22.01949480700504
7|2|2|1|5,2,-26.801310455446586
7|2|2|1|5,5,-21.385372355481596
7|2|2|1|5,0,-27.17033498741111
7|2|2|1|5,4,-26.94501550724651
7|2|2|1|5,1,-27.20541012096831
7|2|2|1|5,6,-28.492430304479527
7|2|2|1|5,3,-27.4580952589022
5|3|2|1|1,1,-14.8546664843895
5|3|2|1|1,7,-14.8546664843895
5|3|2|1|1,4,-14.792380691985
5|3|2|1|1,6,-14.792380691985
5|3|2|1|1,2,-14.792380691985
5|3|2|1|1,0,-14.8546664843895
5|3|2|1|1,3,-14.8546664843895
6|4|2|2|7,7,-18.07685035270708
6|4|2|2|7,5,-17.715061294782558
6|4|2|2|7,0,-14.660287625813526
7|5|2|2|6,2,-15.281898316213704
7|5|2|2|6,4,-14.478578579099166
7|5|2|2|6,3,-14.160888723822502
7|5|2|2|6,0,-15.389357796289929
7|5|2|2|6,1,-14.125885405390582
7|5|2|2|6,6,-16.317324492084918
7|5|2|2|6,5,-13.872310583914423
3|7|4|2|3,2,-19.598972885579656
2|7|4|2|2,6,-15.93913013203765
2|7|4|2|2,5,-12.019894952146633
2|7|4|2|2,1,-15.9639822397577
6|7|4|2|1,2,-14.998591877949353
4|3|2|1|3,5,-22.33060216794957
4|3|2|1|3,3,-23.69508466797632
4|3|2|1|3,7,-23.31825873713936
4|3|2|1|3,1,-23.046641873468882
4|3|2|1|3,0,-22.53005024317756
4|3|2|1|3,6,-20.870939673794243
4|3|2|1|3,2,-24.106773600156114
6|3|2|1|1,5,-14.975573796031343
6|3|2|1|1,7,-14.96510542290192
6|3|2|1|1,0,-14.975573796031343
6|3|2|1|1,4,-14.96510542290192
6|3|2|1|1,2,-14.96510542290192
6|3|2|1|1,3,-14.8546664843895
4|3|1|1|6,1,-20.0660990930208
4|3|1|1|6,0,-16.591661177530256
4|3|1|1|6,5,-20.089373648630005
4|3|1|1|6,2,-20.75388389980195
1|3|1|1|5,2,-20.691525697186318
1|3|1|1|5,4,-20.582320076900206
1|3|1|1|5,0,-22.25384736936981
1|3|1|1|5,7,-21.659855883610664
1|3|1|1|5,3,-21.2348560396433
2|3|1|1|4,1,-19.844821992433282
2|3|1|1|4,6,-13.653187061158244
2|3|1|1|4,5,-19.878535959771536
2|3|1|1|4,7,-19.131682662073793
5|4|1|1|2,4,-16.563384338879093
4|5|1|1|1,3,-9.855
4|5|1|1|1,7,-9.855
4|5|1|1|1,2,-7.65
2|1|1|1|5,3,-30.14211139195732
2|1|1|1|5,7,-25.404264122491085
2|1|1|1|5,0,-30.575907266344807
2|1|1|1|5,1,-29.184484687486588
2|1|1|1|5,4,-29.50974202014416
2|1|1|1|5,5,-29.868409551193857
2|1|1|1|5,6,-29.40476903997314
7|1|1|1|3,5,-22.979839726904544
7|1|1|1|3,2,-22.98458765695487
7|1|1|1|3,1,-22.099864917966013
7|1|1|1|3,6,-22.196693910666532
7|1|1|1|3,4,-22.250696987227137
7|1|1|1|3,0,-19.59687141557767
7|1|1|1|3,3,-22.31369225099403
5|1|1|1|2,3,-20.19165635295
5|1|1|1|2,4,-20.504007884659135
5|1|1|1|2,1,-20.23883275847887
5|1|1|1|2,2,-20.551035055710003
5|1|1|1|2,6,-19.954742980012245
5|1|1|1|2,0,-17.513433286921888
2|2|2|1|9,0,-26.75345157289846
2|2|2|1|9,6,-27.81094873539046
2|2|2|1|9,4,-28.742608252928573
2|2|2|1|9,5,-26.931757967194297
2|2|2|1|9,1,-27.286166683108085
2|2|2|1|9,3,-27.889865679466862
2|2|2|1|9,7,-25.760329870479605
3|2|2|1|6,4,-27.359341514501658
3|2|2|1|6,0,-26.360207112048872
3|2|2|1|6,6,-27.585586371762048
3|2|2|1|6,1,-27.332090818240676
3|2|2|1|6,5,-27.245745057263093
3|2|2|1|6,2,-27.875919145583318
3|2|2|1|6,7,-23.48958593313778
4|2|2|1|5,6,-26.44835220864132
4|2|2|1|5,5,-27.092580801470934
4|2|2|1|5,0,-15.479617964762278
4|2|2|1|5,7,-26.61710014450197
4|2|2|1|5,1,-27.233966466456085
4|2|2|1|5,2,-27.157483456684545
4|2|2|1|5,3,-26.740120949967203
5|3|2|2|3,0,-18.544898520215497
5|3|2|2|3,7,-17.79994981120735
5|3|2|2|3,1,-14.275270970418939
0|3|2|2|2,3,-19.85601311650385
0|3|2|2|2,7,-11.38533626371862
0|3|2|2|2,2,-20.458864404403368
3|4|2|2|1,0,-14.991621812038751
3|4|2|2|1,5,-14.988031160055359
3|4|2|2|1,6,-13.235265
3|4|2|2|1,2,-12.478950000000001
3|4|2|2|1,4,-13.235265
3|4|3|1|9,2,-8.821852438770764
2|4|3|1|8,1,-12.818740441224948
2|4|3|1|8,0,-14.005828414655006
2|4|3|1|8,6,-14.70544527706603
2|4|3|1|8,7,-13.841257305735269
2|4|3|1|8,5,-14.602257065039993
2|4|3|1|8,4,-12.467322651176499
1|4|3|1|7,3,-19.407128065077007
1|4|3|1|7,6,-15.77292011706705
6|7|3|2|5,3,-16.009237149249305
6|7|3|2|5,1,-14.083981572235967
6|7|3|2|5,0,-15.517236490740704
2|9|3|2|3,6,-19.723301366474818
6|10|3|2|2,7,-19.421771759285264
6|10|3|2|2,2,-17.467671078063017
7|13|2|1|1,0,-14.8546664843895
7|13|2|1|1,1,-14.792380691985
7|13|2|1|1,5,-14.8546664843895
7|13|2|1|1,2,-14.8546664843895
7|13|2|1|1,3,-14.8546664843895
7|13|2|1|1,4,-14.8546664843895
7|13|2|1|1,6,-14.792380691985
6|3|2|2|7,1,-18.76799076054291
6|3|2|2|7,4,-18.325539932922002
6|3|2|2|7,3,-12.186223985772143
6|3|2|2|7,0,-18.05101938179377
6|3|2|2|7,7,-14.97222232475441
1|3|2|2|6,4,-21.68455102881127
1|3|2|2|6,2,-21.08941681538459
1|3|2|2|6,0,-16.52504335509964
1|3|2|2|4,4,-16.855721932960527
1|3|2|2|4,5,-17.249827051740446
1|3|2|2|4,0,-17.794676350704947
1|3|2|2|4,6,-17.44424303817093
1|3|2|2|4,2,-18.045454904961204
1|3|2|2|4,7,-16.64025633066395
4|3|2|2|3,1,-19.944114120597675
4|3|2|2|3,2,-20.813665734002925
4|3|2|2|3,5,-19.792168896503668
4|3|2|2|3,3,-13.028430840948932
5|4|4|2|1,6,-13.235265
5|4|2|1|7,2,-18.494978472973663
5|4|2|1|7,3,-14.459248515370472
5|4|2|1|7,0,-18.51839929256154
5|4|2|1|7,1,-19.469240959539118
5|4|2|1|7,4,-20.33878365015487
5|4|2|1|7,7,-18.858843415733507
5|4|2|1|7,6,-19.352309063469818
2|4|2|1|6,7,-20.431199552134263
2|4|2|1|6,3,-18.487523743224262
2|4|2|1|6,4,-19.20175128514588
2|4|2|1|6,5,-19.42996959402338
2|4|2|1|6,6,-20.556950417317264
2|4|2|1|6,0,-18.676604531812764
2|4|2|1|6,1,-16.466393280644446
7|5|2|1|5,4,-18.587106047960173
7|5|2|1|5,3,-18.02373659859355
7|5|2|1|5,6,-18.277386542063276
7|5|2|1|5,1,-17.981492805566386
7|5|2|1|5,5,-19.583742872698306
7|5|2|1|5,0,-18.063271913255416
7|5|2|1|5,2,-13.203123653320088
4|6|3|2|4,7,-17.808930277851594
4|6|3|2|4,3,-18.850316737921744
4|6|3|2|4,0,-18.843531718941485
4|6|3|2|4,2,-18.92684585140066
4|6|3|2|4,6,-17.262157239889845
7|7|3|2|3,2,-19.656606204459237
7|7|3|2|3,0,-13.498029301060068
7|7|3|2|3,4,-20.108213653310894
2|7|3|2|2,4,-20.053866839321813
2|7|3|2|2,3,-20.306462658786106
2|7|3|2|2,6,-20.051422917819373
4|7|3|2|1,6,-14.982901657221941
4|7|3|2|1,1,-14.982901657221941
4|7|3|2|1,0,-14.928786577350856
4|7|3|2|1,2,-14.928786577350856
3|1|1|1|3,1,-23.003861660043135
3|1|1|1|3,7,-23.36631930991323
3|1|1|1|3,6,-23.032772497828663
3|1|1|1|3,0,-24.7133199464172
3|1|1|1|3,2,-23.615082346130624
3|1|1|1|3,4,-23.206189898453818
3|1|1|1|3,5,-23.605216658797147
1|2|1|1|2,6,-18.70764944853473
1|2|1|1|2,5,-16.588588224351028
1|2|1|1|2,0,-18.93929195170911
1|2|1|1|2,7,-19.459320133653858
1|2|1|1|2,3,-12.699914173592651
6|2|1|1|1,0,-14.703400988550001
6|2|1|1|1,4,-14.703400988550001
6|2|1|1|1,7,-14.703400988550001
6|2|1|1|1,2,-14.703400988550001
6|2|1|1|1,1,-14.394695895
4|1|2|0|7,5,-32.71524360209103
4|1|2|0|7,3,-31.859233121790375
4|1|2|0|7,6,-33.2764176716162
4|1|2|0|7,2,-31.51328720795144
4|1|2|0|7,7,-31.166494057679362
4|1|2|0|7,0,-32.967832802085866
4|1|2|0|7,1,-31.41689314581637
1|1|2|0|5,5,-31.348915913895283
1|1|2|0|5,6,-24.42907371729844
1|1|2|0|5,7,-30.415901242049763
3|1|2|0|3,4,-25.21270868762746
3|1|2|0|3,1,-23.793331396028034
3|1|2|0|3,0,-24.21895558278708
3|1|2|0|3,2,-23.631422342700198
3|1|2|0|3,7,-24.621758069973687
3|1|2|0|3,5,-24.306733191618967
3|1|2|0|3,6,-23.753220777313896
1|1|2|0|1,4,-14.994135268427126
1|1|2|0|1,7,-14.994135268427126
1|1|2|0|1,5,-14.991621812038751
3|3|3|3|7,5,-4.887352367901045
5|3|3|3|6,3,-9.856130111901377
3|3|3|3|5,4,-5.9395500000000006
3|3|3|3|5,7,-4.137472608622833
4|3|3|3|4,7,-3.6101850000000004
7|3|3|3|3,1,-4.977675
7|3|3|3|3,5,-5.80862565
1|3|3|3|2,0,-4.22607
1|3|3|3|2,7,-5.804580414932428
1|3|3|3|2,4,-4.2238500000000005
0|6|4|2|1,2,-14.792380691985
7|2|4|1|10,2,-19.644404705220694
7|2|4|1|10,1,-11.436982813382619
7|2|4|1|10,3,-10.15779921278781
2|2|4|1|9,3,-21.367498517529242
3|2|4|1|8,4,-17.69414332796324
3|2|4|1|8,2,-17.855340261005082
3|2|4|1|8,6,-18.79115698940057
3|2|4|1|8,7,-17.545912522937435
3|2|4|1|8,5,-18.295656695637796
4|2|4|1|7,7,-15.995369106924166
4|2|4|1|7,0,-11.891128311040664
4|2|4|1|7,5,-7.217779148762758
7|2|4|1|6,4,-18.842537494515756
7|2|4|1|6,2,-17.216955268961314
7|2|4|1|6,5,-17.451107765799648
4|2|4|1|5,5,-16.686003290437643
4|2|4|1|5,3,-15.990623768529428
4|2|4|1|5,1,-14.75163031642418
5|2|4|1|4,7,-15.878896841283698
5|2|4|1|4,0,-12.549105046638607
5|2|4|1|4,1,-15.074849438059466
7|2|4|1|3,2,-14.205121014780433
2|2|4|1|2,7,-17.645110254
2|2|4|1|2,6,-9.5281296
7|2|4|1|1,5,-13.7646855
7|2|4|1|1,3,-13.7646855
7|2|4|1|1,2,-13.235265
3|4|2|1|5,0,-19.230860808146005
3|4|2|1|5,5,-18.804777232422328
3|4|2|1|5,7,-18.248589824276074
3|4|2|1|5,2,-18.79288222808356
3|4|2|1|5,1,-18.88761184553954
3|4|2|1|5,6,-19.65275474473786
3|4|2|1|5,4,-19.718983058712976
0|6|2|1|4,7,-16.72116202840117
0|6|2|1|4,4,-14.292494659618333
0|6|2|1|4,1,-12.788105390333206
0|6|2|1|4,2,-14.721383766599846
0|6|2|1|4,5,-14.801460779012388
0|6|2|1|4,6,-14.272697587599357
0|6|2|1|4,3,-15.173776489034298
1|7|2|2|1,6,-14.792380691985
1|7|2|2|1,2,-14.792380691985
1|7|2|2|1,3,-14.792380691985
1|7|2|2|1,4,-14.792380691985
1|7|2|2|1,0,-14.792380691985
1|7|2|2|1,5,-14.792380691985
1|7|2|2|1,7,-14.13527985
4|3|2|1|7,1,-23.9706560388616
4|3|2|1|7,7,-25.159507248758487
4|3|2|1|7,6,-25.078546150135722
4|3|2|1|7,2,-23.67391889476188
4|3|2|1|7,0,-23.360956318920014
4|3|2|1|7,5,-17.772319950998444
4|3|2|1|7,3,-21.360598094552586
1|3|2|1|6,7,-23.883989590632687
1|3|2|1|6,2,-24.116651473726858
1|3|2|1|6,5,-24.122459422793682
1|3|2|1|6,3,-24.708612339331722
1|3|2|1|6,0,-20.6437609541309
1|3|2|1|6,6,-25.058426815162434
1|3|2|1|6,4,-23.955213342013167
7|3|2|1|5,0,-24.47115000924629
7|3|2|1|5,6,-23.63710459986071
7|3|2|1|5,5,-23.723446805555085
7|3|2|1|5,4,-25.646644085942295
7|3|2|1|5,1,-23.47106114338169
7|3|2|1|5,3,-23.583116671030048
7|3|2|1|5,2,-24.09815490433719
0|5|1|1|4,5,-13.453576722243227
0|5|1|1|4,6,-13.210036531576835
0|5|1|1|4,3,-10.191507978712314
0|5|1|1|4,1,-9.867174054439301
0|5|1|1|4,4,-9.934026512407897
0|5|1|1|4,7,-10.265560748547747
0|5|1|1|4,2,-12.218136128764478
5|6|2|2|3,4,-18.232700973458137
5|6|2|2|3,3,-19.834361525792573
5|6|2|2|3,1,-18.150805110904052
5|6|2|2|3,0,-8.026009311869586
4|6|2|2|2,6,-16.424913426833353
4|6|2|2|2,2,-17.80559705565
4|6|2|2|2,1,-13.863347596187083
4|6|2|2|2,3,-16.920968989524898
4|6|2|2|2,5,-17.628023471267696
4|6|2|2|2,7,-17.255600360500456
4|6|2|2|2,0,-18.061428675749067
6|7|2|2|1,4,-14.991621812038751
6|7|2|2|1,5,-14.991621812038751
6|7|2|2|1,2,-14.991621812038751
6|7|2|2|1,1,-14.8546664843895
1|2|1|1|10,7,-25.161611125201393
1|2|1|1|10,5,-24.26871281432108
1|2|1|1|10,6,-24.07407367977932
1|2|1|1|10,0,-24.100920134183934
1|2|1|1|10,3,-24.27826252362644
1|2|1|1|10,4,-24.752189455165663
1|2|1|1|10,2,-23.503675380239038
7|3|3|1|9,5,-14.215649240009622
7|3|3|1|9,4,-15.365921426318884
7|3|3|1|9,1,-16.835128875684468
7|3|3|1|9,6,-16.12997239417091
7|3|3|1|9,2,-15.823993879029873
7|3|3|1|9,3,-15.324475346901146
7|3|3|1|9,0,-14.95403232559399
5|3|3|1|8,1,-17.253738909299575
5|3|3|1|8,4,-17.744491941024336
5|3|3|1|8,0,-16.14249937073378
5|3|3|1|8,2,-20.071314683902074
5|3|3|1|8,3,-16.80640518269781
5|3|3|1|8,7,-11.372007025199723
5|3|3|1|8,6,-16.544322466039745
1|3|3|1|7,3,-15.464055355293253
1|3|3|1|7,0,-17.966590542231643
1|3|3|1|7,5,-17.467923401936844
1|3|3|1|7,7,-18.918500617643005
1|3|3|1|7,4,-17.839062539456073
1|3|3|1|7,6,-16.844677269907823
1|3|3|1|7,2,-18.458733453326463
3|6|1|1|6,0,-8.67463960074502
7|8|2|2|4,5,-18.648315443160868
7|8|2|2|4,3,-18.733618598272557
1|11|2|1|2,6,-18.452282044862724
1|11|2|1|2,5,-19.49247343701385
1|11|2|1|2,3,-19.455936545174467
1|11|2|1|2,2,-19.12157014693383
1|11|2|1|2,0,-18.640147846651267
1|11|2|1|2,4,-19.464654811240752
1|11|2|1|2,7,-8.176988479697775
6|13|1|1|1,1,-14.5762871265
6|13|1|1|1,5,-14.394695895
6|13|1|1|1,4,-14.394695895
6|13|1|1|1,3,-14.13527985
6|13|1|1|1,2,-13.235265
2|2|3|2|10,6,-11.59416009374472
2|2|3|2|10,5,-18.41247940930949
2|2|3|2|10,0,-13.596805052859997
2|2|3|2|8,3,-15.90221356207008
2|2|3|2|8,1,-14.81572579626666
3|2|3|2|7,4,-13.024649476896712
3|2|3|2|7,2,-16.259540897797063
4|2|3|2|6,6,-12.62349678195056
4|2|3|2|6,3,-10.92561521149625
4|2|3|2|6,5,-7.704115391889085
4|2|3|2|6,0,-9.04071545513139
6|2|3|2|5,7,-17.760382980379678
7|5|3|2|4,4,-19.270298571925522
7|5|3|2|4,3,-20.319820679564685
4|6|3|2|3,6,-14.07831535888015
4|6|3|2|3,7,-19.900295374721473
4|6|3|2|3,1,-19.30612441117673
4|6|3|2|3,5,-2.259352166829484
0|9|2|2|1,4,-14.8546664843895
0|9|2|2|1,6,-14.8546664843895
0|9|2|2|1,1,-14.898266539072651
0|9|2|2|1,2,-14.8546664843895
0|9|2|2|1,5,-14.8546664843895
0|9|2|2|1,3,-14.898266539072651
0|9|2|2|1,7,-14.8546664843895
5|2|3|2|8,0,-12.553046448495834
5|2|3|2|8,3,-11.172951465869206
5|2|3|2|8,6,-11.429298494575221
5|2|3|2|8,7,-12.594881718274234
5|2|3|2|8,2,-13.081375159118274
5|2|3|2|8,1,-11.043138443710696
5|2|3|2|8,4,-12.354356991793825
0|2|3|2|7,4,-15.472775336049759
0|2|3|2|7,2,-13.523958781315189
0|2|3|2|7,3,-17.09714428259902
4|3|4|3|6,6,-2.5005
6|7|3|1|5,0,-17.8890674638274
0|8|3|1|4,4,-15.208385903008034
0|8|3|1|4,1,-13.78000675434833
0|8|3|1|4,6,-16.31951513698982
5|9|3|1|2,3,-17.71458668094701
5|9|3|1|2,7,-15.245604315551136
5|9|3|1|2,1,-11.934447235131357
3|10|3|1|1,7,-14.991621812038751
3|10|3|1|1,1,-14.991621812038751
3|10|3|1|1,2,-7.65
1|7|2|1|6,6,-12.191622352025943
1|7|2|1|6,3,-11.134387943854604
1|7|2|1|6,2,-10.33903761483074
6|7|2|1|5,3,-15.764341440823802
6|7|2|1|5,7,-7.823223415896022
6|7|2|1|5,1,-14.869483806961808
6|7|2|1|5,2,-15.383583341877516
6|7|2|1|5,4,-13.842057128648303
3|7|2|1|4,7,-18.559481165625073
3|7|2|1|4,2,-16.276478053168333
3|7|2|1|4,0,-18.252151977521617
7|7|2|1|3,3,-15.93497481074853
7|7|2|1|3,0,-13.31920234848102
7|7|2|1|3,2,-16.30332097151239
7|7|2|1|3,4,-3.467160053078248
3|7|2|1|2,4,-17.290458247793204
3|7|2|1|2,2,-18.040212267636182
3|7|2|1|2,6,-15.213609731649548
3|7|2|1|2,1,-17.78688119241281
3|7|2|1|2,7,-16.811372681401195
4|8|2|2|1,6,-14.5762871265
4|8|2|2|1,1,-14.5762871265
4|8|2|2|1,3,-14.5762871265
4|8|2|2|1,7,-14.394695895
4|8|2|2|1,0,-14.703400988550001
4|8|2|2|1,5,-14.5762871265
4|8|2|2|1,2,-14.5762871265
6|2|3|1|9,7,-10.457617445906585
6|2|3|1|9,1,-21.293144366936737
6|2|3|1|9,4,-20.75376388821484
6|2|3|1|9,0,-19.77204017359337
6|2|3|1|9,3,-19.808640144697762
6|2|3|1|9,5,-20.18025174088578
6|2|3|1|9,2,-21.28433034067916
7|5|3|2|8,6,-7.955039865125471
7|5|3|2|8,4,-11.205579161335846
7|5|3|2|8,5,-11.259093207182733
6|5|3|2|7,5,-13.9486259573081
6|5|3|2|7,7,-15.460017537792792
5|8|3|2|6,6,-11.39212235883978
5|8|3|2|6,4,-12.042207233819063
5|8|3|2|6,3,-12.072521341255879
5|8|3|2|6,1,-9.475663094708665
6|8|3|2|5,0,-21.31641831911503
0|10|3|2|4,6,-17.531636685906705
0|10|3|2|4,2,0.1725
6|10|3|2|3,3,-20.2349313866711
3|10|3|2|2,6,-19.686685169156732
3|10|3|2|2,0,-18.41394350045854
6|10|3|2|1,1,-13.7646855
6|10|3|2|1,2,-14.13527985
6|10|3|2|1,4,-14.13527985
6|10|3|2|1,0,-13.7646855
6|10|3|2|1,3,-14.13527985
0|2|1|1|9,1,-25.28894125578943
0|2|1|1|9,4,-24.87808158232419
0|2|1|1|9,2,-24.323317680802916
0|2|1|1|9,3,-24.369929889737616
0|2|1|1|9,7,-24.218271101642006
0|2|1|1|9,6,-25.856966547693823
0|2|1|1|9,5,-25.798801132305925
0|2|1|1|7,2,-24.248096533428093
0|2|1|1|7,4,-23.909278966498274
0|2|1|1|7,6,-23.561328382183227
0|2|1|1|7,7,-24.08613434916323
0|2|1|1|7,5,-24.359723985061567
0|2|1|1|7,1,-24.173282102993426
0|2|1|1|7,3,-25.390434403088268
2|3|2|1|6,4,-21.02445568677644
2|3|2|1|6,1,-24.709417693165747
2|3|2|1|6,7,-24.62370062342292
2|3|2|1|6,5,-22.833707880350772
2|3|2|1|6,0,-23.24407247965861
2|3|2|1|6,6,-23.665081545963588
2|3|2|1|6,3,-25.268079258171028
4|3|2|1|5,6,-20.558926094490282
4|3|2|1|5,3,-24.93723525613253
4|3|2|1|5,7,-27.186831728325718
4|3|2|1|5,1,-24.594185236200328
4|3|2|1|5,0,-24.45698648348651
4|3|2|1|5,2,-24.20836007820382
4|3|2|1|5,5,-24.949929846403553
6|5|1|1|4,0,-16.380043155487364
6|5|1|1|4,3,-16.378105589180663
6|5|1|1|4,2,-1.9045711060048256
0|5|1|1|3,1,-16.145149672259766
0|5|1|1|3,7,-18.331575128121838
1|6|1|1|2,2,-14.177815707355732
1|6|1|1|2,7,-17.85136069931595
1|1|1|1|5,5,-28.407034822422883
1|1|1|1|5,4,-28.805873681654855
1|1|1|1|5,2,-24.437112375705812
1|1|1|1|5,3,-28.641823088474432
1|1|1|1|5,6,-28.270963628142425
1|1|1|1|5,7,-28.041754010258984
1|1|1|1|5,0,-29.543008500397832
5|2|1|1|4,6,-19.17908366090987
5|2|1|1|4,2,-19.468585538258747
5|2|1|1|4,0,-21.08787312232545
5|2|1|1|4,3,-20.673390634480672
5|2|1|1|4,4,-19.03970658923047
5|2|1|1|4,1,-19.539699095313825
5|2|1|1|4,7,-19.67758774342862
6|2|1|1|3,2,-20.328133852951144
6|2|1|1|3,3,-18.60575497261277
6|2|1|1|3,1,-21.030204834098004
2|2|1|1|2,6,-17.76116703533595
2|2|1|1|2,5,-18.302873088903397
2|2|1|1|2,0,-17.57613338903559
2|2|1|1|2,3,-17.966663489993117
2|2|1|1|2,1,-18.194022350273507
2|2|1|1|2,7,-19.13336847688959
2|2|1|1|2,4,-18.0396950892015
4|1|3|1|9,3,-21.12276327559823
4|1|3|1|9,7,-21.63345482603927
4|1|3|1|9,0,-22.67789973603181
4|1|3|1|9,2,-21.35276114919165
4|1|3|1|9,6,-22.719724919502095
4|1|3|1|9,5,-21.89864716553224
4|1|3|1|9,1,-17.671963879611205
3|4|3|2|8,0,-13.998886432767463
3|4|3|2|8,6,-13.991899281054568
3|4|3|2|8,7,-14.505725324609879
3|4|3|2|8,4,-15.951515948362314
3|4|3|2|8,1,-15.522535520043279
0|7|2|2|7,1,-21.52603294121441
1|8|2|2|6,4,-16.688896468633207
1|8|2|2|6,3,-16.101250955033127
1|8|2|2|6,0,-13.83490704072571
4|10|2|2|5,3,-13.078916181612524
4|10|2|2|5,5,-13.606287715460263
4|10|2|2|5,0,-11.836884422907215
4|10|2|2|5,2,-11.487896544800469
3|10|2|2|4,1,-12.4799361554081
3|10|2|2|4,6,-15.471921307316688
3|10|2|2|4,4,-16.795190666679524
3|10|2|2|4,0,-14.084829125973284
1|10|2|2|3,6,-18.244436474438018
1|10|2|2|3,0,-16.861257836172424
1|10|2|2|3,5,-17.121362696684667
1|10|2|2|3,4,-15.43444189469816
6|12|2|2|2,4,-12.1430016
6|12|2|2|2,0,-11.62222155
6|12|2|2|2,3,-14.658134035785165
4|12|2|2|1,6,-12.478950000000001
4|12|2|2|1,2,-12.478950000000001
4|12|2|2|1,3,-12.478950000000001
7|1|2|0|6,5,-30.424485911531256
7|1|2|0|6,1,-30.93748218304959
7|1|2|0|6,3,-30.794545079031625
7|1|2|0|6,2,-30.812232174148985
7|1|2|0|6,4,-31.269337799116858
7|1|2|0|6,6,-31.34182210870983
7|1|2|0|6,0,-31.449419255167292
7|1|2|0|4,6,-27.00094867816358
7|1|2|0|4,4,-26.028465926834723
7|1|2|0|4,5,-27.95106362754677
7|1|2|0|4,3,-27.08274771754371
7|1|2|0|4,1,-21.578697285008577
7|1|2|0|4,2,-27.110407972331664
7|1|2|0|4,0,-27.870378577894474
7|2|2|2|10,4,-21.19295191989326
7|2|2|2|10,0,-21.53207999609997
4|2|2|2|9,1,-19.716103181922108
4|2|2|2|9,3,-21.353737000435544
4|2|2|2|9,6,-20.38551468329904
4|2|2|2|9,2,-19.870745901674965
4|2|2|2|9,5,-19.840918310186193
1|4|2|2|8,3,-14.789291276853056
1|4|2|2|8,6,-11.625041586885207
3|6|3|1|7,6,-12.45028337744165
3|6|3|1|7,4,-17.803109566655603
6|9|1|1|6,7,-6.985019944295219
6|9|1|1|6,3,-10.209777492878862
7|10|1|1|5,3,-4.752276871572911
3|11|1|1|4,6,-3.7708605011264638
3|11|1|1|4,1,-5.638253250614088
6|11|1|1|3,3,-6.2676
6|11|1|1|3,4,-8.0357895
6|11|1|1|3,2,-5.6177818095
3|11|1|1|2,0,-12.886188334499998
3|11|1|1|2,5,-11.939437665268557
3|11|1|1|2,6,-11.628126109499998
3|11|1|1|2,7,-10.722636682640275
0|12|1|1|1,1,-14.703400988550001
0|12|1|1|1,2,-14.703400988550001
0|12|1|1|1,3,-14.5762871265
0|12|1|1|1,5,-13.235265
0|12|1|1|1,6,-13.235265
0|1|3|1|9,1,-21.594287990724105
0|1|3|1|9,3,-23.195403657621185
0|1|3|1|9,6,-21.677538189434642
0|1|3|1|9,7,-21.59433962498845
0|1|3|1|9,2,-22.93380793762679
0|1|3|1|9,5,-23.659192573439398
0|1|3|1|9,4,-23.19628340816721
1|2|3|1|8,7,-20.388816264578395
1|2|3|1|8,5,-20.257499554873647
1|2|3|1|8,4,-17.366194972647147
1|2|3|1|8,2,-19.99178392155128
1|2|3|1|8,3,-20.775693045499487
1|2|3|1|8,0,-21.014592130308788
1|2|3|1|8,6,-21.886119504707406
7|5|1|1|7,0,-12.95049707769472
4|6|2|1|5,5,-13.847252307241869
4|6|2|1|5,7,-15.53804258709092
4|6|2|1|5,2,-12.98013960460428
4|6|2|1|5,0,-14.9460462601799
4|6|2|1|5,1,-15.925856893485452
4|6|2|1|5,3,-14.581392634416883
4|6|2|1|5,6,-14.951218699801615
5|6|2|1|4,3,-16.913616541145664
5|6|2|1|4,6,-17.78195828236193
5|6|2|1|4,1,-16.67542866576451
5|6|2|1|4,7,-12.480157158987382
5|6|2|1|4,4,-15.812973386577752
5|6|2|1|4,2,-15.728645924207658
3|8|3|2|3,0,-12.432090579746042
3|8|3|2|3,2,-17.011084580292028
3|8|3|2|3,6,-13.284751002507885
3|8|3|2|3,4,-15.124077311736796
3|8|3|2|3,5,-14.572824396862877
3|8|3|2|3,7,-13.809946566660052
0|8|3|2|2,5,-15.284341091647898
0|8|3|2|2,7,-16.36100359568478
0|8|3|2|2,6,-16.96372278317679
0|8|3|2|2,1,-16.90497108455663
1|2|1|1|7,3,-24.413200525532375
1|2|1|1|7,7,-24.493004671377253
1|2|1|1|7,0,-25.211728542949487
1|2|1|1|7,6,-24.500410756237414
1|2|1|1|7,4,-24.9890839426284
1|2|1|1|7,2,-22.556165872482943
1|2|1|1|7,5,-24.364348450648766
6|4|2|1|4,0,-20.773423667660882
6|4|2|1|4,4,-19.979377448739314
6|4|2|1|4,3,-15.511564389473788
6|4|2|1|4,2,-20.226189395611474
6|4|2|1|4,7,-20.866918899334813
6|4|2|1|4,1,-21.58064392610714
6|4|2|1|4,5,-20.415199099769225
0|4|2|1|3,4,-18.82910383104304
0|4|2|1|3,6,-19.139574447037177
0|4|2|1|3,1,-19.488205958736465
0|4|2|1|3,3,-20.73633207575865
0|4|2|1|3,2,-18.88585209499848
0|4|2|1|3,7,-19.243294898965395
0|4|2|1|3,5,-14.166520642404555
1|6|2|1|1,0,-14.975573796031343
1|6|2|1|1,7,-14.975573796031343
1|6|2|1|1,6,-14.975573796031343
1|6|2|1|1,5,-14.975573796031343
2|1|3|1|8,6,-19.08317780349983
2|1|3|1|8,7,-19.975357825697913
2|1|3|1|8,0,-20.145922602850668
2|1|3|1|8,3,-13.110327659301573
2|1|3|1|8,4,-20.645197128399953
6|1|3|1|7,1,-19.913937783332067
6|1|3|1|7,0,-21.184790823875872
6|1|3|1|7,3,-20.81466040865012
6|1|3|1|7,7,-20.11740426731663
6|1|3|1|7,2,-21.614602604699407
6|1|3|1|5,0,-15.488707413933556
6|1|3|1|5,5,-18.293646317161688
6|1|3|1|5,4,-15.684284165322877
6|1|3|1|5,1,-15.867330564904762
6|1|3|1|5,2,-8.833839399905271
0|4|4|2|4,3,-14.527506722301316
3|4|4|2|3,7,-14.949528371856985
7|4|4|2|2,2,-19.762342927629007
2|4|4|2|1,1,-14.5762871265
2|4|4|2|1,3,-14.394695895
3|4|2|2|9,0,-16.27249835266639
3|4|2|2|9,7,-16.112747203691846
3|4|2|2|9,6,-12.042457289815372
0|4|2|2|8,1,-12.579128315366086
1|4|2|2|7,4,-14.57927377099892
1|4|2|2|7,0,-20.3136050219974
1|4|2|2|7,5,-18.720669546863746
4|4|2|2|6,0,-20.347664335763053
4|4|2|2|6,3,-18.494066457714204
4|4|2|2|6,5,-17.33983780848836
4|4|2|2|6,7,-18.799913630606213
4|4|2|2|6,1,-17.66907546505028
4|4|2|2|6,2,-11.441509798213405
4|4|2|2|6,6,-17.03804739146344
6|4|2|2|4,3,-22.47199093100799
6|4|2|2|4,7,-21.64890532367524
6|4|2|2|4,5,-18.639957858690792
6|4|2|2|4,4,-21.66215771084228
0|2|2|2|9,3,-19.177772255328023
0|2|2|2|9,5,-17.628692593865246
0|2|2|2|9,2,-19.69939588348241
0|2|2|2|9,4,-20.896954497985664
3|4|2|1|8,0,-18.405448877169032
3|4|2|1|8,4,-18.389211035293076
3|4|2|1|8,7,-19.144125539322836
3|4|2|1|8,6,-10.74140238312103
6|6|2|1|6,7,-13.240177230151694
6|6|2|1|6,1,-13.242003089350082
6|6|2|1|6,0,-9.251959582112752
6|6|2|1|6,5,-15.026928262833337
6|6|2|1|6,2,-14.614663169104688
7|6|2|1|5,4,-15.276942310557349
7|6|2|1|5,6,-12.666438392898819
7|6|2|1|5,3,-13.252020025990783
7|6|2|1|5,1,-12.780959318789519
7|6|2|1|5,0,-12.93348310501678
7|6|2|1|5,5,-13.820073154288327
7|6|2|1|5,2,-13.639024353049605
4|8|3|1|4,3,-11.296442094784462
4|8|3|1|4,0,-13.450842443616189
4|8|3|1|4,2,-11.969258604677178
4|8|3|1|4,7,-9.125125719682924
3|11|1|1|3,1,-16.835292969842733
1|12|1|1|2,7,-17.971681402560417
1|12|1|1|2,3,-17.490257981239502
1|12|1|1|2,5,-18.259732722067497
7|12|1|1|1,6,-14.13527985
7|12|1|1|1,1,-14.394695895
7|12|1|1|1,4,-14.394695895
7|12|1|1|1,3,-14.394695895
7|12|1|1|1,0,-14.394695895
7|12|1|1|1,2,-13.7646855
7|12|1|1|1,5,-4.5
3|2|2|2|7,6,-21.121095197849712
3|2|2|2|7,1,-20.386223925355033
3|2|2|2|7,2,-18.931967954791585
3|2|2|2|7,7,-21.94603777474419
3|2|2|2|7,4,-22.03059242977579
1|6|3|1|4,0,-18.509262727800888
1|6|3|1|4,2,-18.43731648068866
1|6|3|1|4,3,-17.10912455456138
0|6|3|1|3,7,-19.189610567598343
0|6|3|1|3,5,-17.100675079522286
0|6|3|1|3,2,-16.00442815100647
0|6|3|1|3,4,-18.44667204211837
7|6|3|1|2,0,-19.54226158905736
7|6|3|1|2,2,-20.19462480801308
7|6|3|1|2,4,-19.958098051877666
7|6|3|1|2,5,-19.114128202764704
7|6|3|1|2,6,-19.101166400871094
7|6|3|1|2,1,-14.252269971607259
7|6|3|1|2,3,-19.20950557284306
0|6|3|1|1,2,-14.5762871265
0|6|3|1|1,4,-14.5762871265
0|6|3|1|1,6,-14.5762871265
0|6|3|1|1,5,-14.394695895
0|6|3|1|1,7,-14.394695895
0|6|3|1|1,1,-4.5
6|2|1|1|10,3,-23.893830014915835
6|2|1|1|10,2,-24.74098810510063
6|2|1|1|10,5,-25.321688237663526
6|2|1|1|10,7,-16.459252301124202
6|2|1|1|10,1,-23.268395896937847
6|2|1|1|10,4,-22.815667552638985
6|2|1|1|10,0,-24.317658549870437
3|2|1|1|9,2,-25.48174248137666
3|2|1|1|9,6,-25.31271945024932
3|2|1|1|9,4,-25.70403567199051
3|2|1|1|9,1,-26.149783784683848
3|2|1|1|9,0,-26.66639860795038
3|2|1|1|9,5,-19.269972952631527
3|2|1|1|9,7,-25.11900229619334
3|5|1|1|7,5,-14.999807261464944
3|5|1|1|7,2,-11.933026885358743
5|6|1|1|6,2,-9.391067178664313
2|7|2|1|5,5,-11.832433615521179
2|7|2|1|5,1,-12.22269509856872
2|7|2|1|5,3,-15.238145129381781
2|7|2|1|5,4,-16.4497922168755
7|8|3|1|3,3,-17.79815907010444
7|8|3|1|3,4,-14.178971027497713
7|8|3|1|3,6,-17.30074021117452
7|8|3|1|3,5,-17.392563712781115
3|8|3|1|2,4,-17.5631804920335
3|8|3|1|2,0,-17.482069723456544
3|8|3|1|2,1,-18.107403098746396
3|8|3|1|2,2,-14.756021562934555
3|8|3|1|2,6,-18.969136232972698
6|1|1|1|2,1,-19.83920515968996
6|1|1|1|2,7,-19.696626955003666
6|1|1|1|2,3,-19.95842542784712
6|1|1|1|2,0,-20.385564769143155
6|1|1|1|2,2,-19.648348714849618
6|1|1|1|2,5,-20.636806951202505
6|1|1|1|2,4,-14.691876680490392
6|2|3|1|5,3,-22.73026135200604
6|2|3|1|5,0,-23.11102010880055
6|2|3|1|5,5,-24.75753979115156
6|2|3|1|5,4,-21.519682095961322
6|2|3|1|5,1,-21.185966778129686
6|2|3|1|5,7,-20.643507384699028
3|5|3|3|4,6,-11.288280364869367
6|5|3|3|3,0,-12.840138816845295
6|5|3|3|3,2,-13.561309856072551
6|1|2|1|4,3,-21.651667412700576
6|1|2|1|4,7,-22.634024296737902
6|1|2|1|4,2,-19.815892009284497
3|1|2|1|3,0,-21.420593179453085
3|1|2|1|3,7,-23.68079140919222
3|1|2|1|3,6,-22.371676862898926
3|1|2|1|3,1,-17.930570363996683
3|1|2|1|3,4,-20.6838568373117
3|1|2|1|3,2,-20.947464987597836
3|1|2|1|3,5,-20.74669268624788
0|1|2|1|2,4,-16.17670399515048
0|1|2|1|2,2,-20.14680613219566
4|3|1|1|1,7,-13.7646855
4|3|1|1|1,2,-13.7646855
4|3|1|1|1,0,-13.7646855
6|3|4|2|8,3,-6.170359156394301
6|3|4|2|8,5,-8.398517979932027
3|7|4|1|7,2,-4.170909365617915
2|11|2|1|6,1,-7.919422576134139
2|11|2|1|6,6,-12.30466969469797
1|13|1|1|5,3,-15.92436054394578
3|13|1|1|4,7,-17.663283067165043
3|13|1|1|4,2,-15.516600262876027
7|13|1|1|3,1,-15.9252445082187
7|13|1|1|3,0,-16.443340521694974
7|13|1|1|3,4,-13.338705307123828
4|14|1|1|1,6,-14.394695895
4|14|1|1|1,2,-14.394695895
4|14|1|1|1,1,-14.5762871265
4|14|1|1|1,0,-14.5762871265
4|14|1|1|1,5,-14.5762871265
4|14|1|1|1,7,-14.394695895
4|14|1|1|1,3,-14.394695895
1|3|2|2|7,3,-19.08461803746721
1|3|2|2|7,0,-20.099476277151464
1|3|2|2|7,6,-21.285528817496647
1|3|2|2|7,2,-20.409407812126876
1|3|2|2|7,7,-20.747377386729354
3|3|2|2|6,0,-18.209307640985642
3|3|2|2|6,2,-19.257905729833926
3|3|2|2|6,6,-19.40773571604984
3|3|2|2|6,7,-17.2756258870185
3|3|2|2|6,5,-18.1744481531599
3|3|2|2|6,1,-19.161278581266018
3|3|2|2|6,4,-17.249462201481116
0|3|2|2|5,3,-21.05745479953724
0|3|2|2|5,4,-19.93380729573324
0|3|2|2|5,2,-20.450572134232637
0|3|2|2|5,6,-20.288346409392254
0|3|2|2|5,5,-19.54440917437078
0|3|2|2|5,7,-16.80194642285701
0|3|2|2|5,1,-19.815575347950578
3|3|2|2|4,1,-19.975327298628375
3|3|2|2|4,0,-20.233795686232735
3|3|2|2|4,4,-18.208051511084328
3|3|2|2|4,7,-19.64789008296437
1|3|2|2|3,4,-17.978058327380705
1|3|2|2|3,7,-17.913218768004683
1|3|2|2|3,6,-18.697295225606556
1|3|2|2|3,2,-20.13529478014084
1|3|2|2|3,3,-19.2904540311704
1|3|2|2|3,5,-18.52259059714925
1|3|2|2|3,0,-17.55858045974231
1|5|2|2|1,5,-14.5762871265
1|5|2|2|1,6,-14.703400988550001
1|5|2|2|1,3,-14.703400988550001
1|5|2|2|1,4,-14.5762871265
1|5|2|2|1,0,-14.5762871265
1|5|2|2|1,2,-14.5762871265
1|1|2|0|8,0,-34.08703556131269
1|1|2|0|8,4,-32.94638645897828
1|1|2|0|8,6,-33.5508011469041
1|1|2|0|8,2,-33.37560930845154
1|1|2|0|8,5,-33.29468645913116
1|1|2|0|8,3,-34.452508980243245
1|1|2|0|8,7,-33.172689662526494
0|1|2|0|7,2,-32.88729448802281
0|1|2|0|7,7,-33.22959149719691
0|1|2|0|7,3,-32.84909890311373
0|1|2|0|7,1,-32.57111444264246
0|1|2|0|7,5,-32.518165275400506
0|1|2|0|7,6,-33.523565135823546
0|1|2|0|7,4,-26.610223648524414
2|1|2|0|6,7,-27.614497162464374
2|1|2|0|6,0,-30.580037287596095
2|1|2|0|6,5,-30.674584209396798
2|1|2|0|6,4,-31.37854436757733
2|1|2|0|6,3,-31.437284895522
2|1|2|0|6,1,-30.950458388514026
2|1|2|0|6,6,-31.48303316788926
7|1|2|0|3,4,-26.73340434631951
7|1|2|0|3,5,-25.941831874409214
7|1|2|0|3,6,-26.237446754420418
0|1|2|0|1,1,-14.994135268427126
0|1|2|0|1,7,-14.994135268427126
3|1|2|0|6,5,-31.143938486044398
3|1|2|0|6,0,-31.03356709642232
3|1|2|0|6,7,-28.166774706067724
3|1|2|0|6,6,-30.18234326069683
3|1|2|0|6,2,-31.05485520767798
3|1|2|0|6,1,-29.729500252474633
3|1|2|0|6,4,-29.804782739804942
3|1|2|0|4,4,-26.39642364981313
3|1|2|0|4,2,-27.211865517433072
3|1|2|0|4,0,-16.351441547078473
3|1|2|0|4,5,-26.3890765791152
3|1|2|0|4,7,-28.217957538994117
3|1|2|0|4,1,-26.375145634405833
3|1|2|0|4,6,-26.662503373613667
4|1|2|0|3,1,-25.557057615323302
4|1|2|0|3,2,-25.253488406423823
4|1|2|0|3,3,-24.425569264858655
4|1|2|0|3,7,-24.641107654576814
4|1|2|0|3,6,-25.36455940613756
4|1|2|0|3,0,-25.910705517316924
4|1|2|0|3,5,-26.004973617019967
1|1|2|0|2,2,-21.25517227361433
1|1|2|0|2,7,-21.711328250652002
1|1|2|0|2,4,-21.831224600518958
1|1|2|0|2,5,-21.508087856063288
1|1|2|0|2,3,-21.219753108074162
6|6|2|1|3,7,-18.336670640184835
6|6|2|1|3,5,-18.556188294371626
6|6|2|1|3,2,-18.132034088072153
6|6|2|1|3,3,-19.100867088976344
6|6|2|1|3,0,-19.257029585692685
6|6|2|1|3,1,-19.30225200020543
6|6|2|1|3,4,-18.56019548435803
7|6|2|1|2,0,-16.78269388065
7|6|2|1|2,1,-17.916202894602595
7|6|2|1|2,5,-16.41281363976931
7|6|2|1|2,3,-17.453776906131836
7|6|2|1|2,4,-17.677877023406282
7|6|2|1|2,6,-16.498068508277186
7|6|2|1|2,2,-14.12644845283966
0|8|3|2|1,3,-14.99999999984932
6|1|2|0|6,0,-27.746711215656845
6|1|2|0|6,3,-32.548082942452055
6|1|2|0|6,7,-31.830200035590902
6|1|2|0|6,5,-31.637612103590598
6|1|2|0|6,4,-32.454483790765515
6|1|2|0|6,2,-32.83150226197414
0|3|3|1|5,2,-19.19198516013741
0|3|3|1|5,1,-17.80059713813788
0|3|3|1|5,6,-17.87296916059151
0|3|3|1|5,3,-14.30168771757167
0|3|3|1|5,7,-18.695479574471292
0|3|3|1|5,5,-18.059511122651877
0|3|3|1|5,4,-20.667845088708603
2|4|3|1|4,7,-18.722438145281853
2|4|3|1|4,5,-18.035204581657997
2|4|3|1|4,4,-18.368702974045725
2|4|3|1|4,3,-18.12624023192572
2|4|3|1|4,6,-18.39261851367159
2|4|3|1|4,0,-16.12573597996361
7|5|3|2|3,0,-20.183995303130587
7|5|3|2|3,4,-17.956161786500424
0|7|3|3|2,4,-13.988769099183518
0|7|3|3|2,2,-11.029173447449924
0|7|3|3|2,5,-6.58852155
4|7|3|3|1,7,-14.13527985
4|7|3|3|1,5,-14.394695895
2|2|2|1|3,5,-19.06487893004098
2|2|2|1|3,6,-22.885358098272437
2|2|2|1|3,4,-22.395314359056393
2|2|2|1|3,1,-23.216850154306393
2|2|2|1|3,7,-23.26274785969325
2|2|2|1|3,3,-22.981114590049792
2|2|2|1|3,0,-22.819034505921515
5|4|2|1|2,6,-18.638984646262596
5|4|2|1|2,1,-18.4359322092711
5|4|2|1|2,0,-19.082109621814038
5|4|2|1|2,2,-18.23909670355582
5|4|2|1|2,4,-12.94157093770435
5|4|2|1|2,7,-16.759680870396597
5|4|2|1|2,3,-3.71406789165
6|4|2|1|1,4,-14.394695895
6|4|2|1|1,5,-14.394695895
6|4|2|1|1,1,-14.13527985
6|4|2|1|1,2,-14.13527985
6|4|2|1|1,3,-14.5762871265
6|4|2|1|1,7,-14.13527985
6|4|2|1|1,0,-14.5762871265
6|3|2|1|7,3,-26.102948780693406
6|3|2|1|7,0,-25.189654051637618
6|3|2|1|7,4,-25.37114820119668
6|3|2|1|7,2,-24.859143827208484
6|3|2|1|7,1,-24.107475773378134
6|3|2|1|7,7,-24.52783896695072
6|3|2|1|7,5,-22.489346877036773
3|5|3|2|6,5,-14.795055182049902
3|5|3|2|6,0,-18.13219291441199
5|8|3|2|5,3,-18.34391274903192
3|8|3|2|4,1,-17.676416518687535
3|8|3|2|4,7,-15.52402878375432
1|9|3|2|3,0,-18.280280672700556
1|9|3|2|3,7,-17.502063415134725
0|10|3|2|2,5,-12.33243207165
0|10|3|2|2,6,-14.10631468205445
0|10|3|2|2,3,-13.050307253908501
0|10|3|2|2,7,-4.23
5|10|3|2|1,4,-14.703400988550001
5|10|3|2|1,3,-14.792380691985
2|3|3|1|4,0,-18.482762310417645
2|3|3|1|4,4,-17.083641630157423
2|3|3|1|4,7,-18.447119694250354
2|3|3|1|4,5,-16.69389769663895
2|3|3|1|4,1,-17.538017675228634
2|3|3|1|4,3,-17.65146503446265
2|3|3|1|4,6,-17.17437205221479
0|3|3|1|3,6,-18.320802666987092
0|3|3|1|3,7,-17.823689108370193
0|3|3|1|3,5,-17.87892737969019
0|3|3|1|3,1,-18.674937721318823
0|3|3|1|3,3,-16.72220591362892
0|3|3|1|3,2,-17.507894924839498
0|3|3|1|3,4,-17.30963559091277
6|6|3|1|2,4,-14.359660752025087
6|6|3|1|2,7,-19.80809117866154
5|1|1|1|4,3,-26.932011183693913
5|1|1|1|4,1,-26.01974590457278
5|1|1|1|4,7,-22.21226956768641
5|1|1|1|4,2,-25.67596065325134
5|1|1|1|4,4,-25.96454921696079
5|1|1|1|4,0,-25.87912136737154
5|1|1|1|4,6,-26.415777467639685
3|2|1|1|3,4,-23.272007022742688
3|2|1|1|3,0,-19.787539547185865
4|2|1|1|2,1,-21.04791128257453
4|2|1|1|2,0,-20.749860375056457
4|2|1|1|2,5,-19.60848019344953
1|3|2|2|1,5,-14.792380691985
6|2|1|1|8,3,-23.322412526710767
6|2|1|1|8,1,-23.91399202897149
6|2|1|1|8,5,-24.955934864415624
6|2|1|1|8,4,-24.345677970860613
6|2|1|1|8,7,-23.059982626594415
6|2|1|1|8,0,-24.640290710859098
6|2|1|1|8,2,-20.793281444223194
3|2|1|1|7,6,-23.50936084841996
3|2|1|1|7,4,-23.493088062433007
3|2|1|1|7,2,-23.21182965701829
3|2|1|1|7,1,-23.587119840874934
3|2|1|1|7,5,-24.468907962626872
3|2|1|1|7,0,-23.515245312277106
3|2|1|1|7,7,-23.701842892333467
7|2|1|1|4,0,-22.744404666278815
7|2|1|1|4,4,-22.33221591224026
7|2|1|1|4,3,-18.663362748661235
0|3|2|1|3,7,-21.27988233854417
0|3|2|1|3,2,-21.583320617196673
0|3|2|1|3,6,-21.94320872055582
0|3|2|1|3,1,-21.3882253241566
0|3|2|1|3,5,-23.222887751472573
0|3|2|1|3,4,-19.152678372308
0|3|2|1|3,3,-21.80518457663567
7|3|2|1|2,1,-16.649961773749094
7|3|2|1|2,5,-19.434894317949365
7|3|2|1|2,6,-19.458439173644717
7|3|2|1|2,4,-18.885874268789177
7|3|2|1|2,3,-19.673712884703292
7|3|2|1|2,0,-19.92396600539425
7|3|2|1|2,2,-18.792556186731684
1|5|3|1|1,5,-14.96510542290192
1|2|3|1|9,0,-21.962395770669687
1|2|3|1|9,4,-21.134483901514347
1|2|3|1|9,2,-19.40456491215136
1|2|3|1|9,5,-21.636251685687913
1|2|3|1|9,3,-22.314744837938942
1|2|3|1|9,7,-20.764947926393205
1|2|3|1|9,6,-22.15779407975258
7|3|3|1|2,2,-14.097044505479984
7|3|3|1|2,1,-15.432828357058671
7|3|3|1|2,6,-15.532951192488902
7|3|3|1|2,3,-15.853373796375681
7|3|3|1|2,0,-16.30185777
7|3|3|1|2,5,-16.66540855892491
5|2|2|2|6,1,-18.64597202928318
5|2|2|2|6,7,-18.967391621142824
5|2|2|2|6,3,-12.446124187953647
5|2|2|2|6,0,-11.14059052416625
1|4|4|1|5,2,-12.44409344901228
1|4|4|1|5,0,-8.9419064461729
2|8|3|2|4,4,-18.124589627726493
2|8|3|2|4,0,-17.334970479515768
2|8|3|2|4,7,-17.2801477887938
2|8|3|2|4,6,-17.450499968267223
3|13|1|1|2,4,-15.514436100000001
3|13|1|1|2,7,-16.2565051095
3|13|1|1|2,5,-16.46525246311536
3|13|1|1|2,6,-14.60567875358595
3|13|1|1|2,2,-14.506504718655002
2|3|2|1|2,0,-20.67193487704556
2|3|2|1|2,1,-20.276159943579632
2|3|2|1|2,3,-20.13190272622714
2|3|2|1|2,6,-20.387012930041156
2|3|2|1|2,4,-20.851266184290726
2|3|2|1|2,7,-14.478645551634335
2|3|2|1|2,5,-19.898092136798937
0|4|2|2|1,5,-14.950150604145598
0|4|2|2|1,4,-14.928786577350856
0|4|2|2|1,1,-14.928786577350856
7|2|1|1|8,0,-22.942869123840712
7|2|1|1|8,5,-22.143975231759246
7|2|1|1|8,3,-23.750959689226285
7|2|1|1|8,4,-23.439325653832416
7|2|1|1|8,1,-20.509224982110467
7|2|1|1|8,2,-22.276645836609834
7|2|1|1|8,6,-23.440063474575112
0|3|2|1|7,4,-24.536814904161666
0|3|2|1|7,1,-24.649126421245107
0|3|2|1|7,7,-23.073858357513835
0|3|2|1|7,5,-23.81959150398246
0|3|2|1|7,2,-23.529401382595147
0|3|2|1|7,3,-22.734976104566712
0|3|2|1|7,6,-22.940003275466587
0|3|2|1|5,2,-26.014427009060174
0|3|2|1|5,1,-25.74030172378768
0|3|2|1|5,6,-26.23550254991793
0|3|2|1|5,4,-24.90418570264979
0|3|2|1|5,5,-25.004198452389605
0|3|2|1|5,7,-26.19900190195669
0|3|2|1|5,3,-25.670761274935487
5|3|2|1|3,6,-17.910295349880283
5|3|2|1|3,4,-21.901951513187893
5|3|2|1|3,3,-21.232234682341467
5|3|2|1|3,1,-21.898854955151563
5|3|2|1|3,2,-21.32219245418818
5|3|2|1|3,7,-21.99121842912123
5|3|2|1|3,0,-21.716937868344363
6|4|3|1|2,5,-15.262500654491559
6|4|3|1|2,7,-22.06465011995477
5|4|3|1|1,1,-14.96510542290192
5|4|3|1|1,0,-14.975573796031343
5|4|3|1|1,4,-7.65
5|4|3|1|8,2,-11.79264940399164
5|4|3|1|8,3,-11.044807382600123
5|4|3|1|8,7,-12.717498878083854
5|4|3|1|8,4,-9.940726636592633
5|4|3|1|8,0,-6.408427065752641
2|4|3|1|7,0,-16.757072401994932
2|4|3|1|7,4,-16.234936938864003
2|4|3|1|7,5,-11.11167547795109
7|4|3|1|5,3,-17.987794568784803
7|4|3|1|5,0,-18.94496503336736
7|4|3|1|5,2,-19.699831050835602
7|4|3|1|5,1,-18.611005553679135
7|4|3|1|5,6,-18.206198029252317
7|4|3|1|5,5,-18.287296023126494
7|4|3|1|5,4,-17.70253624372188
3|5|3|1|4,0,-17.089345875775106
3|5|3|1|4,4,-21.64915378695181
3|5|3|1|4,5,-11.189957818718046
0|5|3|1|3,6,-17.9953875725305
0|5|3|1|3,7,-18.854755389220724
0|5|3|1|3,1,-18.273817621808956
0|5|3|1|3,5,-17.361267614538555
0|5|3|1|3,2,-18.273675588751303
0|5|3|1|3,4,-18.649808280443704
6|8|2|1|2,0,-18.69067950375619
6|8|2|1|2,3,-12.88821727509232
6|8|2|1|2,1,-17.156406005118686
6|8|2|1|2,4,-16.12739869689945
6|8|2|1|2,5,-17.46851196851526
0|8|2|1|1,1,-14.96510542290192
0|8|2|1|1,4,-14.950150604145598
0|8|2|1|1,5,-14.950150604145598
0|8|2|1|1,2,-14.950150604145598
4|1|1|1|4,1,-25.989064011085564
4|1|1|1|4,6,-26.395943727412906
4|1|1|1|4,5,-22.548536409887447
4|1|1|1|4,2,-26.62067566294653
4|1|1|1|4,0,-26.733344462975786
4|1|1|1|4,3,-26.478243655372662
4|1|1|1|4,7,-25.94526262848322
1|1|1|1|1,6,-14.792380691985
1|1|1|1|1,0,-14.8546664843895
1|1|1|1|1,2,-14.8546664843895
1|1|1|1|1,5,-14.792380691985
1|1|1|1|1,4,-14.8546664843895
1|1|1|1|1,3,-14.8546664843895
1|1|1|1|1,7,-14.792380691985
5|2|1|1|9,3,-25.889196924912966
5|2|1|1|9,0,-20.432682136423715
5|2|1|1|9,4,-24.574353693391107
5|2|1|1|9,7,-23.89305221050926
5|2|1|1|9,1,-24.29723647791384
5|2|1|1|9,6,-24.123425895978333
5|2|1|1|9,2,-24.577432645301272
3|3|2|1|2,1,-20.23133563840133
3|3|2|1|2,7,-19.79844057462073
3|3|2|1|2,6,-20.07486043392957
3|3|2|1|2,0,-18.825333119996465
3|3|2|1|2,4,-20.75965833324095
3|3|2|1|2,2,-20.490555893412335
3|3|2|1|2,5,-20.060616123739347
1|3|2|1|1,0,-14.792380691985
1|3|2|1|1,5,-14.792380691985
1|3|2|1|1,2,-14.792380691985
1|3|2|1|1,7,-14.792380691985
1|3|2|1|1,6,-14.792380691985
1|3|2|1|1,4,-14.8546664843895
1|3|2|1|1,3,-14.792380691985
2|1|2|1|4,0,-23.06344645906938
2|1|2|1|4,3,-23.598656822501166
2|1|2|1|4,7,-22.400418028343996
2|1|2|1|4,4,-22.66040704040608
2|1|2|1|4,1,-23.140087685024664
2|1|2|1|4,5,-22.85456177426317
2|1|2|1|4,6,-20.211020011253886
5|2|2|1|2,7,-19.00440203679588
5|2|2|1|2,2,-18.64023690404687
5|2|2|1|2,4,-19.640591997424977
5|2|2|1|2,3,-19.0217494605215
5|2|2|1|2,1,-18.610852674324153
5|2|2|1|2,6,-19.54747769732852
5|2|2|1|2,0,-18.393272219460002
7|2|2|1|1,6,-14.792380691985
7|2|2|1|1,3,-14.8546664843895
7|2|2|1|1,1,-14.792380691985
7|2|2|1|1,5,-14.8546664843895
7|2|2|1|1,2,-14.8546664843895
7|2|2|1|1,0,-14.8546664843895
7|2|2|1|1,4,-14.8546664843895
6|2|2|1|2,7,-20.20493118778757
6|2|2|1|2,2,-17.496011849425933
6|2|2|1|2,3,-20.908839680169457
6|2|2|1|2,1,-20.836937762738106
6|2|2|1|2,4,-20.115683182210034
6|2|2|1|2,0,-20.50235884668345
6|2|2|1|2,5,-20.266098791293423
3|2|1|1|10,5,-22.82047048230368
3|2|1|1|10,1,-23.242699020187025
3|2|1|1|10,7,-22.749159932293594
3|2|1|1|10,2,-22.44418470874468
3|2|1|1|10,4,-22.54605763402732
3|2|1|1|10,0,-22.744422689143274
3|2|1|1|10,6,-16.20947999133918
5|3|2|2|9,7,-20.43010178375641
5|3|2|2|9,6,-20.684575682861215
3|4|2|2|7,0,-17.31119000059106
3|4|2|2|7,5,-17.38454694684589
3|4|2|2|7,7,-18.478687608323163
3|4|2|2|7,1,-16.76530882321056
3|4|2|2|7,6,-17.388707575072623
3|4|2|2|7,4,-17.367108490408473
3|4|2|2|7,2,-15.625137404254403
1|8|1|1|5,7,-12.879697826674601
7|9|2|2|4,2,-13.41388887977935
7|9|2|2|4,1,-12.385667416629685
7|9|2|2|4,6,-15.367657981671886
7|9|2|2|4,5,-14.879444212139827
7|9|2|2|4,4,-13.167224062618335
7|9|2|2|4,3,-15.124733520830114
5|2|2|2|7,2,-21.01567282782973
5|2|2|2|7,7,-19.305213112630657
5|2|2|2|7,0,-19.19090153358287
5|2|2|2|7,4,-21.310553165510004
5|2|2|2|7,3,-20.25802536810293
4|4|3|2|2,7,-15.15942451683742
4|4|3|2|2,0,-18.425393317804684
4|4|3|2|2,6,-17.739853549083698
4|4|3|2|2,3,-16.686197432147512
7|4|3|2|1,5,-14.792380691985
7|4|3|2|1,4,-14.13527985
7|4|3|2|1,6,-14.13527985
7|4|3|2|1,0,-14.13527985
7|4|3|2|1,3,-12.478950000000001
6|4|3|2|5,0,-16.958553117048872
6|4|3|2|5,1,-17.58650168032218
6|4|3|2|5,4,-13.447360544293542
6|4|3|2|5,5,-18.001530555421624
0|4|3|2|4,2,-17.559751243784227
0|4|3|2|4,6,-17.73268876712695
0|4|3|2|4,7,-16.401865913470782
0|4|3|2|4,1,-17.896631291088337
0|4|3|2|4,4,-17.507369153357907
0|4|3|2|4,5,-11.382606809010003
1|5|3|2|2,4,-17.562774529590627
1|5|3|2|2,3,-17.582041226999348
1|5|3|2|2,7,-15.463483588151652
1|5|3|2|2,6,-16.186401083655003
1|5|3|2|2,2,-14.559725852930605
1|5|3|2|2,0,-16.140445412274314
1|5|3|2|2,5,-17.10894997092203
4|5|3|2|1,7,-14.994135268427126
4|5|3|2|1,0,-14.994135268427126
7|2|1|1|6,0,-22.012988861410562
7|2|1|1|6,4,-23.087537763885024
7|2|1|1|6,5,-20.298500288602888
7|2|1|1|6,1,-23.530166912245143
7|2|1|1|6,3,-21.15704995503329
7|2|1|1|6,6,-22.56657779144045
7|2|1|1|6,2,-21.03528660997671
1|5|1|1|3,0,-7.7435563205983975
1|5|1|1|3,2,-11.526756440334026
1|5|1|1|3,7,-8.418784101
1|5|1|1|3,4,-8.393739965850518
1|5|1|1|3,6,-11.108565993074741
4|6|2|1|1,2,-14.928786577350856
4|6|2|1|1,7,-14.928786577350856
4|6|2|1|1,6,-14.928786577350856
4|6|2|1|1,5,-14.928786577350856
0|2|2|1|10,3,-26.224069322313373
0|2|2|1|10,7,-28.20224520999222
0|2|2|1|10,4,-26.80906073514539
0|2|2|1|10,2,-19.825111505263735
0|2|2|1|10,1,-27.437308160892577
0|2|2|1|10,5,-28.388667694848213
0|2|2|1|10,6,-27.509056235990585
3|3|2|2|9,4,-15.93388029443549
3|3|2|2|9,2,-12.576213944452624
3|3|2|2|9,1,-13.239407350061768
3|3|2|2|9,5,-14.984442115190507
3|3|2|2|9,0,-15.070315908699023
3|3|2|2|9,6,-12.659104303246751
3|3|2|2|9,7,-11.433066474152351
7|4|3|2|7,0,-16.34743314107423
7|4|3|2|7,6,-13.236421251309526
7|4|3|2|7,1,-15.316423591531386
0|7|3|2|6,2,-16.79081679664245
0|7|3|2|6,6,-2.3271287125759104
2|7|3|2|5,5,-12.783584284895305
2|7|3|2|5,6,-13.785040658191381
5|9|3|1|4,7,-12.447265940449503
5|9|3|1|4,0,-11.295330453977133
7|9|3|1|3,4,-18.45649343265396
7|9|3|1|3,2,-14.861777471924757
7|9|3|1|3,0,-10.700120322975998
4|9|3|1|2,1,-18.657834931360874
4|9|3|1|2,7,-18.954912470099067
4|9|3|1|2,2,-18.984445246901785
4|9|3|1|2,5,-8.73548585708716
4|9|3|1|2,0,-5.080500000000001
5|4|3|2|7,1,-16.430638326021004
5|4|3|2|7,0,-14.654184362796126
5|4|3|2|7,6,-14.73231420943724
5|4|3|2|7,4,-16.48038705025887
5|4|3|2|7,2,-14.477933454361077
6|9|1|1|5,5,0.1725
5|10|1|1|4,6,-12.024081555436918
6|10|1|1|3,0,-11.61863057753617
6|10|1|1|3,1,-9.240346333309061
6|10|1|1|3,5,-10.180319804097842
0|11|1|1|2,2,-14.749365890364992
0|11|1|1|2,4,-18.650899372736117
2|12|1|1|1,4,-13.7646855
2|12|1|1|1,3,-14.13527985
2|12|1|1|1,6,-13.7646855
2|12|1|1|1,1,-13.7646855
3|3|3|1|9,5,-18.678616987798343
3|3|3|1|9,1,-16.567804701316696
5|6|3|3|8,4,-6.1548457324429116
4|6|3|3|7,1,-10.286967546347602
1|6|3|3|6,7,-12.339309516021824
7|7|3|3|5,3,0.14930249999999995
7|7|3|3|5,1,-4.492778313325102
3|10|3|2|4,6,-20.39541014909381
3|10|3|2|4,1,-17.900953436207168
6|13|2|1|3,3,-11.016044263971377
6|13|2|1|3,5,-10.703987505975581
6|13|2|1|3,7,-11.303172386727752
6|13|2|1|3,1,-17.90665518593203
6|13|2|1|3,4,-9.116272080872896
6|13|2|1|3,2,-11.87522363114472
6|13|2|1|3,0,-14.003557142815652
3|13|2|1|2,0,-19.651923042735703
3|13|2|1|2,7,-18.23913671745
3|13|2|1|2,6,-19.02639701168281
3|13|2|1|2,5,-19.72961411262018
3|13|2|1|2,1,-18.48064449627
3|13|2|1|2,2,-18.719549710650004
3|13|2|1|2,4,-18.593746208287715
6|2|2|2|8,4,-17.391058722661814
6|2|2|2|8,3,-16.49118312186589
6|2|2|2|8,1,-17.52072540439113
6|2|2|2|8,5,-16.941951979593604
4|4|3|1|7,0,-15.316652999346585
4|4|3|1|7,1,-16.31045828865807
4|4|3|1|7,6,-12.044616333716588
4|4|3|1|7,2,-10.05611888720281
4|4|3|1|7,7,-10.768252284261662
4|4|3|1|7,5,-7.360080597518319
4|4|3|1|5,5,-16.32561079290197
4|4|3|1|5,1,-16.323307073226985
4|4|3|1|5,3,-17.32950487113281
4|4|3|1|5,7,-17.332754469991414
4|4|3|1|5,6,-17.66840297079277
4|4|3|1|5,2,-16.401483633974177
4|4|3|1|5,0,-17.55264839837941
5|7|4|2|4,2,-20.07069182040315
2|7|4|2|3,4,-16.930792263871385
2|7|4|2|3,1,-17.576810362849947
2|7|4|2|3,3,-6.555152490687274
4|7|4|2|2,2,-13.724235803655002
4|7|4|2|2,6,-15.69656572577628
2|7|4|2|1,7,-14.792380691985
7|3|1|1|8,1,-16.76904793377461
7|3|1|1|8,0,-17.468970072325256
7|3|1|1|8,3,-12.857783149533553
7|3|1|1|8,2,-17.426056115929107
7|3|1|1|8,4,-15.251640482190828
7|3|1|1|8,6,-15.08169143797574
7|3|1|1|8,5,-9.409583673872568
4|5|3|2|6,6,-18.818715656656003
4|5|3|2|6,1,-12.047707930064057
4|5|3|2|6,0,-15.329738876751971
6|8|2|2|5,7,-16.54794911291698
6|8|2|2|5,2,-14.913090815333767
6|8|2|2|5,1,-13.5612393249671
6|8|2|2|5,4,-14.755562096290173
6|8|2|2|5,5,-13.458180969840962
6|8|2|2|5,0,-14.012607508334916
7|9|3|2|4,3,-16.539066428532866
7|9|3|2|4,0,-13.637857891686856
7|9|3|2|4,6,-13.442063865935156
7|9|3|2|4,4,-13.724932060928046
3|12|2|2|3,6,-11.963493451260423
0|12|2|2|1,3,-14.394695895
5|4|1|1|9,6,-10.914085694985353
5|4|1|1|9,1,-9.929456381860549
6|4|1|1|8,5,-15.601270863876119
5|4|1|1|7,1,-13.35420689285153
5|4|1|1|7,6,-12.850663719575143
5|4|1|1|7,7,-12.69824582343333
5|4|1|1|7,3,-12.795020938934757
5|4|1|1|7,4,-14.116724581546288
5|4|1|1|7,0,-12.14394237397828
5|4|1|1|7,2,-14.67177714609718
1|5|2|1|6,3,-12.824495708898358
1|5|2|1|6,7,-14.661397792437286
1|5|2|1|6,4,-14.884675089221213
1|5|2|1|6,2,-15.973951019835535
1|5|2|1|6,6,-13.568243751527795
1|5|2|1|6,5,-14.225676329527364
3|7|2|1|5,6,-10.933013722630056
6|8|2|2|4,4,-17.64675076315054
6|8|2|2|4,7,-16.917045006996567
6|8|2|2|4,2,-17.20598500936431
6|8|2|2|4,0,-13.004254801183563
6|8|2|2|4,3,-16.930034776754667
6|10|2|1|2,1,-18.783170818568454
6|10|2|1|2,0,-18.509079799445747
6|10|2|1|2,7,-18.44795690816936
6|10|2|1|2,4,-16.570042628629114
6|10|2|1|2,2,-18.800495497558614
6|10|2|1|2,5,-18.505223250678196
6|10|2|1|2,3,-18.254670505871587
5|2|2|1|4,1,-25.46047841693095
5|2|2|1|4,0,-17.584433185024128
5|2|2|1|4,3,-25.58922303111081
5|2|2|1|4,7,-25.47523731013328
5|2|2|1|4,4,-25.238856829192546
5|2|2|1|4,6,-24.70829326799481
5|2|2|1|4,2,-25.183354301445142
2|1|2|0|2,7,-20.587894025007444
2|1|2|0|2,5,-21.227384028838284
2|1|2|0|2,0,-21.33178176327042
2|1|2|0|2,3,-21.110646996768963
7|1|2|0|1,4,-14.8546664843895
7|1|2|0|1,3,-14.8546664843895
7|1|2|0|1,6,-14.8546664843895
7|1|2|0|1,5,-14.8546664843895
0|2|3|2|9,1,-8.21780426560943
0|2|3|2|9,5,-15.008614870902772
7|7|2|1|1,4,-14.792380691985
7|7|2|1|1,2,-14.792380691985
7|7|2|1|1,5,-14.792380691985
7|7|2|1|1,1,-14.792380691985
7|7|2|1|1,0,-14.792380691985
7|7|2|1|1,3,-14.792380691985
7|7|2|1|1,6,-14.792380691985
4|1|2|0|8,7,-34.16741635170543
4|1|2|0|8,2,-30.217692636042457
4|1|2|0|8,3,-34.813280300241516
4|1|2|0|8,1,-33.77447979834266
4|1|2|0|8,5,-33.5786639848018
4|1|2|0|8,6,-34.08258695246373
4|1|2|0|8,0,-34.09002782463311
0|3|4|1|5,4,-13.569620136248382
4|3|4|1|4,3,-16.12179382273407
4|3|4|1|4,2,-13.898279978084522
4|3|4|1|4,7,-15.617155336123133
4|3|4|1|4,6,-12.292713420790298
4|3|4|1|4,5,-15.137419620709949
4|3|4|1|4,1,-16.376912651788235
4|3|4|1|4,0,-14.671059258097792
3|4|4|1|3,4,-11.589172656232353
3|4|4|1|3,7,-10.173111375043211
4|4|4|1|2,0,-19.2673282345901
4|4|4|1|2,2,-18.93619256719095
0|4|4|1|1,6,-14.928786577350856
0|4|4|1|1,7,-14.792380691985
6|1|5|1|10,0,-13.839594076639537
0|6|3|3|9,2,0.5475
2|9|3|1|8,5,-2.71507398109397
5|12|1|1|7,6,-6.3303163428650535
6|13|1|1|6,5,-12.254071454597655
6|13|1|1|6,3,-11.030426677062014
5|13|1|1|5,6,-11.355312609408237
5|13|1|1|5,2,-11.89394932403484
5|13|1|1|5,7,-13.810817141487611
6|13|1|1|4,0,-7.665008778217988
6|13|1|1|4,4,-10.93574329062145
6|13|1|1|4,1,-10.751805017995554
6|13|1|1|4,2,-12.128724894169135
0|14|1|1|3,1,-14.887995940255868
0|14|1|1|3,6,-16.328206454482924
0|14|1|1|3,7,-13.872599722994023
0|14|1|1|3,3,-14.770536566038388
0|14|1|1|3,5,-12.889215981119364
0|14|1|1|3,4,-12.918791432272927
6|14|1|1|1,0,-14.394695895
6|14|1|1|1,2,-14.394695895
6|14|1|1|1,4,-14.5762871265
6|14|1|1|1,7,-14.394695895
6|14|1|1|1,5,-14.394695895
6|14|1|1|1,1,-14.394695895
6|14|1|1|1,3,-14.394695895
5|4|1|1|4,1,-15.385001997205787
5|4|1|1|4,4,-14.956189342508853
5|4|1|1|4,2,-12.620182748116083
1|5|3|1|3,7,-18.72429823528154
2|9|2|1|1,1,-14.988031160055359
2|9|2|1|1,5,-14.982901657221941
2|9|2|1|1,7,-14.988031160055359
2|9|2|1|1,3,-14.988031160055359
3|1|3|1|8,6,-21.114535652720576
3|1|3|1|8,5,-21.420605430424303
3|1|3|1|8,0,-21.888332757687564
3|1|3|1|8,4,-20.079460945878857
3|1|3|1|8,2,-20.2129141267925
3|1|3|1|8,1,-21.234494576498935
3|1|3|1|8,7,-22.42687382229474
0|1|3|1|6,6,-19.649385355767063
0|1|3|1|6,5,-19.867654903264334
0|1|3|1|6,4,-19.526446940687492
0|1|3|1|6,1,-0.6251065183362108
5|1|3|1|4,4,-20.368539796358004
7|1|3|1|1,2,-14.5762871265
7|2|1|1|5,2,-21.747147483446483
7|2|1|1|5,5,-22.053896437761843
7|2|1|1|5,3,-21.306241930987582
7|2|1|1|5,4,-22.96987273178357
7|2|1|1|5,6,-21.66705035405031
7|2|1|1|5,1,-22.27502233506276
7|2|1|1|5,0,-21.289455829931264
3|6|2|1|2,6,-17.649540055383117
3|6|2|1|2,2,-16.436698170507228
3|6|2|1|2,1,-17.08562862146888
3|6|2|1|2,5,-17.395913295414793
3|6|2|1|2,7,-16.409101605260624
3|6|2|1|2,0,-17.477979221468935
3|6|2|1|2,4,-17.435464406738866
6|7|2|1|1,7,-14.8546664843895
6|7|2|1|1,5,-14.792380691985
6|7|2|1|1,2,-14.792380691985
6|7|2|1|1,1,-14.792380691985
6|7|2|1|1,3,-14.792380691985
0|3|3|2|7,4,-14.226414879621823
0|3|3|2|7,7,-16.050442242658136
0|3|3|2|7,3,-14.05728257111683
0|3|3|2|7,6,-15.13573705205198
0|3|3|2|7,2,-13.948973974381119
0|3|3|2|7,5,-15.76319746675384
0|3|3|2|7,1,-14.620244430460282
4|3|3|2|6,1,-14.24532083701271
4|3|3|2|6,7,-16.35333281453879
4|3|3|2|6,0,-16.132826425261484
1|4|3|2|5,7,-16.81716526858635
1|4|3|2|5,2,-21.200627308792807
3|6|3|1|6,4,-14.283052506613355
3|6|3|1|6,6,-16.59394423615268
3|6|3|1|6,5,-16.36536103954289
4|9|2|1|5,1,-14.079229638237729
4|9|2|1|5,3,-11.948268766551525
4|9|2|1|5,2,-13.847854840031594
4|9|2|1|5,7,-5.595376203453575
1|9|2|1|4,5,-15.336053398425896
1|9|2|1|4,7,-17.12628433919975
5|11|2|1|3,0,-19.311914643660362
0|11|2|1|2,1,-18.214997442098085
0|11|2|1|2,7,-17.898995220593978
0|11|2|1|2,6,-18.163914730641434
0|11|2|1|2,3,-17.6404995807329
0|11|2|1|2,5,-17.629242405150002
0|11|2|1|2,4,-19.11191655336645
0|11|2|1|2,2,-15.288165630698028
1|11|2|1|1,3,-14.99966190989564
1|11|2|1|1,4,-14.99966190989564
1|11|2|1|1,0,-12.478950000000001
4|2|3|2|9,0,-12.35171664032095
4|2|3|2|9,2,-11.800332049979424
4|2|3|2|9,6,-10.837895484540235
4|2|3|2|9,1,-9.964332680872793
4|2|3|2|9,7,-10.819687776079935
0|5|3|2|8,4,-11.33629905906361
0|5|3|2|8,2,-9.56619533030836
0|5|3|2|8,7,-9.339966068424708
0|5|3|2|8,5,-9.742336021745938
2|6|3|2|6,5,-14.377606864136482
2|6|3|2|6,4,-21.27074685654697
5|9|2|2|5,3,-8.811683596215222
5|9|2|2|5,6,-13.412392463321016
5|9|2|2|5,2,-12.577091412111855
3|11|3|1|4,6,-18.16083008423089
6|11|3|1|3,5,-17.40691244136154
6|11|3|1|3,2,-16.289777542495695
6|11|3|1|3,0,-17.81398530419192
5|11|3|1|2,7,-14.225712719717205
5|11|3|1|2,0,-19.264451613566862
6|1|2|0|7,4,-27.292770958339958
6|1|2|0|7,3,-30.351576308278034
6|1|2|0|7,1,-32.077769187158545
6|1|2|0|7,0,-30.852170288128917
6|1|2|0|7,5,-30.88645898291263
6|1|2|0|7,7,-31.146825771012686
6|1|2|0|7,2,-32.267204990488324
3|4|2|1|4,4,-19.693983263897145
3|4|2|1|4,7,-20.767797400036926
3|4|2|1|4,5,-19.91519638834629
3|4|2|1|4,1,-20.870141776709414
3|4|2|1|4,6,-20.03556699145286
3|4|2|1|4,0,-20.669045058675053
3|4|2|1|4,2,-15.798702733169058
4|4|2|1|3,3,-18.9585253656806
4|4|2|1|3,1,-19.901145157020558
4|4|2|1|3,5,-17.744212043817193
4|4|2|1|3,0,-18.383790806511264
4|4|2|1|3,7,-18.50513586139092
4|4|2|1|3,6,-19.80674633287077
4|4|2|1|3,2,-17.785673243823076
3|4|2|1|2,4,-19.619125201686863
3|4|2|1|2,2,-19.35307286813535
3|4|2|1|2,1,-16.488421919992888
3|4|2|1|2,0,-19.21172330530916
3|4|2|1|2,6,-19.419336003835767
3|4|2|1|2,5,-19.13500705533947
6|3|4|1|10,5,-9.81673650940428
6|3|4|1|10,3,-6.8145527404106545
5|3|4|1|9,0,-15.047807174587316
5|3|4|1|9,4,-9.694598592142345
5|3|4|1|9,6,-10.287390872492072
5|3|4|1|9,7,-8.091468337193517
0|7|2|1|8,2,-5.277770525544069
2|8|2|2|7,0,-13.355089078029609
2|8|2|2|7,5,-8.101552623351685
0|8|2|2|6,3,-12.75310819701642
0|8|2|2|6,2,-14.87033170556931
0|8|2|2|6,5,-13.468361217598057
3|10|3|2|5,4,-4.051164376587607
3|10|3|2|5,5,-0.2624669819921385
4|13|2|1|4,5,-13.240697785050902
4|13|2|1|4,6,-13.85655145623987
5|14|2|0|3,4,-9.235074306006002
4|14|2|0|2,1,-15.465727415165244
4|14|2|0|2,0,-15.840330314650199
4|14|2|0|2,5,-16.011758574960318
0|2|2|1|6,3,-28.989846298225128
0|2|2|1|6,4,-27.545786379187955
0|2|2|1|6,7,-29.32464404486056
0|2|2|1|6,5,-28.848559443031487
0|2|2|1|6,1,-27.073503083795373
0|2|2|1|6,2,-27.893436848033968
0|2|2|1|6,6,-28.29927946060994
5|5|2|2|3,1,-19.04847177448046
5|5|2|2|3,2,-16.67521207657666
5|5|2|2|3,4,-18.106039578542962
5|5|2|2|3,6,-18.140277253184884
5|5|2|2|3,0,-18.664878312305646
5|5|2|2|3,3,-10.318999820388997
7|5|2|1|4,6,-16.1053939283988
7|5|2|1|4,1,-16.19388532372627
7|5|2|1|4,5,-16.818630561412476
7|5|2|1|4,3,-17.681319065256524
7|5|2|1|4,2,-15.910402453861984
7|5|2|1|4,4,-17.55770964663615
7|5|2|1|4,0,-16.696752242492565
6|7|2|1|3,0,-15.268753489959348
6|7|2|1|3,3,-13.545053532353027
6|7|2|1|3,5,-14.327960374634415
6|7|2|1|3,7,-14.561583078299831
6|7|2|1|3,2,-14.049906205699422
6|7|2|1|3,4,-10.696871482738802
0|8|2|1|2,2,-13.681497306405001
0|8|2|1|2,5,-15.029249885190165
0|8|2|1|2,3,-15.474298455697847
0|8|2|1|2,4,-13.640855026650001
0|8|2|1|2,7,-12.865527957838983
0|8|2|1|2,1,-15.564382167014747
1|5|2|1|4,4,-17.829021537104424
1|5|2|1|4,5,-18.74823184653605
1|5|2|1|4,7,-19.789307394886556
1|5|2|1|4,2,-17.24223444353921
1|5|2|1|4,0,-17.90128894211137
1|5|2|1|4,6,-17.528107067688858
1|5|2|1|4,3,-14.169856686489517
4|6|2|2|3,1,-18.552609654811143
4|6|2|2|3,3,-18.00926237668679
4|6|2|2|3,6,-18.098482319264143
4|6|2|2|3,7,-15.651269981376073
4|6|2|2|3,2,-19.23481468166353
4|6|2|2|3,5,-17.955842416757758
4|6|2|2|3,0,-18.963020262559823
1|6|2|2|2,4,-17.655693613707165
1|6|2|2|2,0,-18.101212202221486
1|6|2|2|2,7,-18.77715183526964
1|6|2|2|2,2,-17.385477418585335
1|6|2|2|2,6,-15.745080039816017
4|6|2|2|1,2,-14.928786577350856
4|6|2|2|1,6,-14.928786577350856
4|6|2|2|1,5,-14.928786577350856
4|6|2|2|1,3,-14.928786577350856
4|6|2|2|1,1,-14.928786577350856
4|6|2|2|1,0,-14.928786577350856
4|6|2|2|1,7,-14.898266539072651
3|2|3|1|8,4,-21.56495328529546
3|2|3|1|8,6,-22.21189617641148
3|2|3|1|8,5,-21.13309290314389
3|2|3|1|8,1,-22.378452984782516
3|2|3|1|8,2,-22.469154575135715
3|2|3|1|8,7,-21.448460100605995
3|2|3|1|8,0,-20.700772667933865
4|2|3|1|7,0,-21.81834136091387
4|2|3|1|7,5,-21.96466505391708
4|2|3|1|7,2,-21.206619553232418
4|2|3|1|7,3,-20.835223851015325
4|2|3|1|7,7,-20.106894306514032
0|2|3|1|6,4,-22.100102002263306
0|2|3|1|6,5,-23.353408827088067
0|2|3|1|6,2,-21.105070187820974
0|2|3|1|6,6,-21.522864523528842
0|2|3|1|6,7,-24.953257040850687
0|2|3|1|6,3,-22.68498245993999
0|2|3|1|6,1,-20.823804554699937
4|2|3|1|5,5,-23.712039008011775
4|2|3|1|5,7,-19.023932147333017
4|2|3|1|5,6,-24.027683568874192
4|2|3|1|5,1,-23.78148420209209
5|3|3|1|4,0,-18.1781251170559
5|3|3|1|4,6,-18.059757592392195
5|3|3|1|4,7,-18.69596754257502
5|3|3|1|4,3,-17.455599307403645
5|3|3|1|4,4,-16.82007360832832
5|3|3|1|4,2,-19.24859735933894
5|3|3|1|4,1,-19.749838755250824
5|3|3|1|2,4,-17.74668274179539
5|3|3|1|2,2,-16.031778877689856
5|3|3|1|2,7,-18.039411490384733
5|3|3|1|2,0,-17.761590675014947
5|3|3|1|2,3,-17.650804905715766
7|1|3|0|10,2,-27.13221539291872
7|1|3|0|10,5,-27.742563238670055
7|1|3|0|10,1,-28.613586471115543
7|1|3|0|10,4,-27.36198544260095
2|1|3|0|9,0,-26.45285112549883
2|1|3|0|9,7,-26.19521603978249
2|1|3|0|9,4,-27.122347169600374
2|1|3|0|9,1,-26.366072731974562
2|1|3|0|9,3,-24.913227971034356
0|1|3|0|8,5,-22.22034972243568
0|1|3|0|8,7,-28.575220837197314
5|4|3|1|7,2,-18.327135441609162
5|4|3|1|7,7,-17.758249086625447
2|7|1|1|6,7,-4.375116859191223
7|8|1|1|5,3,-4.955923076846845
3|8|1|1|4,2,-16.289335731459367
3|8|1|1|4,0,-5.6206119551483305
7|11|2|1|1,2,-14.928786577350856
7|11|2|1|1,0,-14.928786577350856
7|11|2|1|1,1,-14.928786577350856
7|11|2|1|1,6,-14.928786577350856
7|11|2|1|1,3,-14.928786577350856
7|11|2|1|1,4,-14.928786577350856
7|11|2|1|1,5,-14.928786577350856
6|3|2|1|4,4,-23.47945220413804
6|3|2|1|4,7,-24.50510255094794
6|3|2|1|4,5,-22.918796830749994
6|3|2|1|4,3,-22.848881677480524
6|3|2|1|4,2,-22.747735328782472
6|3|2|1|4,1,-18.322355957602998
6|3|2|1|4,0,-22.80761306339163
4|5|2|2|3,0,-16.72230574740342
4|5|2|2|3,6,-17.423867817656706
4|5|2|2|3,5,-16.45576619600967
4|5|2|2|3,1,-19.82763532239357
4|5|2|2|3,3,-16.21539239936371
4|5|2|2|3,2,-14.985635357284327
4|5|2|2|3,7,-17.412609226360846
0|6|2|2|2,1,-13.7919098941363
0|6|2|2|2,4,-19.882229270348102
0|6|2|2|2,3,-19.18617640911825
0|6|2|2|2,6,-18.606326560306293
0|6|2|2|2,7,-19.664244717594944
0|6|2|2|2,5,-18.888663613138124
5|1|2|0|3,1,-25.36201211140146
5|1|2|0|3,0,-25.258395632414853
5|1|2|0|3,3,-25.858780144188177
5|1|2|0|3,7,-24.83898671803405
5|1|2|0|3,6,-24.215622189722072
5|1|2|0|3,4,-23.980483137491948
5|3|1|1|1,6,-14.13527985
5|3|1|1|1,2,-14.13527985
5|3|1|1|1,7,-13.7646855
5|3|1|1|1,3,-14.13527985
5|3|1|1|1,1,-14.13527985
5|3|1|1|1,4,-4.5
5|3|2|1|10,3,-24.151447553838242
4|6|2|2|4,6,-18.543177020965164
4|6|2|2|4,0,-19.297677926604234
4|6|2|2|4,5,-17.72686046023431
4|6|2|2|4,2,-14.985793966174821
6|8|3|1|3,2,-14.370295329459413
6|8|3|1|3,1,-15.400982944684134
6|8|3|1|3,5,-13.191770801349488
6|8|3|1|3,7,-7.534844145758479
6|8|3|1|3,4,-7.410815100319804
2|8|3|1|2,4,-16.75267326478245
2|8|3|1|2,5,-16.550729334435168
2|8|3|1|2,6,-14.963208466546325
2|8|3|1|2,7,-15.914842652362763
2|8|3|1|2,3,-16.302777541650002
2|8|3|1|2,0,-14.282166306130016
4|8|3|1|1,5,-14.703400988550001
4|8|3|1|1,7,-14.703400988550001
4|8|3|1|1,3,-14.703400988550001
4|8|3|1|1,6,-14.703400988550001
1|2|3|0|10,6,-6.140463134133377
6|5|2|1|9,2,-10.03579531999793
6|5|2|1|9,5,-8.494842129010749
6|5|2|1|9,7,-9.860999619734157
2|6|2|1|8,3,-10.247447573699638
2|6|2|1|8,0,-7.917703854529721
2|6|2|1|8,5,-9.194905604322956
3|7|3|1|7,1,-21.26848136889496
1|10|2|1|6,2,-17.050016989986318
2|11|2|1|5,5,-15.132748151052692
2|11|2|1|5,1,-15.250495653352582
2|11|2|1|5,0,-8.142222817924637
2|11|2|1|5,4,-8.057242358480709
2|11|2|1|5,3,-9.874771975572356
5|14|1|1|2,2,-15.929559249
5|14|1|1|2,0,-12.912035333403388
5|14|1|1|2,6,-15.541977757459161
5|14|1|1|2,4,-13.727896455634731
5|14|1|1|2,7,-15.509633987290202
5|14|1|1|2,1,-14.536773943434348
4|1|2|1|6,1,-24.538541179651617
4|1|2|1|6,2,-24.875662398454736
4|1|2|1|6,5,-24.775770512847235
4|1|2|1|6,6,-24.93724358675044
4|1|2|1|6,7,-25.577493664518602
4|1|2|1|6,0,-25.17351494163286
4|1|2|1|6,3,-25.199990161291655
1|1|2|1|5,6,-23.37934555089439
1|1|2|1|5,0,-23.5213906028699
1|1|2|1|5,4,-17.68904560448594
1|1|2|1|5,2,-24.043733894625365
1|1|2|1|5,3,-23.53423463135467
1|1|2|1|5,5,-25.932787828226566
1|1|2|1|5,7,-23.812029884189588
5|4|1|1|1,6,-13.7646855
5|4|1|1|1,1,-13.7646855
5|4|1|1|1,2,-13.7646855
2|1|1|1|7,0,-32.20038604746312
2|1|1|1|7,5,-28.476108386007237
2|1|1|1|7,3,-33.37509442626719
2|1|1|1|7,4,-31.995301477064245
2|1|1|1|7,6,-31.725079151213478
2|1|1|1|7,1,-32.46570219315866
2|1|1|1|7,7,-33.167482845584395
2|1|1|1|4,7,-25.246998376811625
2|1|1|1|4,3,-25.06508273751853
2|1|1|1|4,6,-26.58410079161661
2|1|1|1|4,1,-26.2667012060928
2|1|1|1|4,0,-25.840623490007154
2|1|1|1|4,5,-25.521116967181197
2|1|1|1|4,4,-26.793915366392845
3|2|4|1|9,5,-14.739780122860159
3|2|4|1|9,4,-17.241729115696224
3|2|4|1|9,1,-13.824505034970905
5|2|4|1|8,7,-15.419212968506294
5|2|4|1|8,2,-16.65532312798153
5|2|4|1|8,1,-14.444906815148329
5|2|4|1|8,0,-14.041820706785185
5|2|4|1|8,4,-15.582123656718524
5|2|4|1|8,6,-14.782638340658806
5|2|4|1|8,3,-14.416095882699741
7|2|4|1|7,4,-14.251930906847598
4|6|3|3|6,1,-14.125296475128732
3|12|1|1|4,5,-10.333634043784981
5|12|1|1|3,4,-9.020168699867316
5|12|1|1|3,7,-8.933599627738696
5|12|1|1|3,2,-6.983079975641554
5|12|1|1|3,1,-6.086435272913701
5|12|1|1|3,6,-4.5515900359499994
4|13|1|1|2,7,-19.54415387766285
4|13|1|1|2,3,-19.178011660597505
4|13|1|1|2,5,-18.199984411373684
4|13|1|1|2,1,-18.19857256886197
6|2|2|2|10,3,-16.635203569386725
6|2|2|2|10,0,-13.519410562341823
6|2|2|2|10,2,-15.983668008451417
3|2|2|2|9,7,-12.118810262987889
3|2|2|2|9,1,-12.577507560529506
3|2|2|2|9,2,-16.036723144410026
3|2|2|2|9,5,-13.61033739055014
3|2|2|2|9,4,-15.165777457759397
3|2|2|2|9,6,-14.328925109878346
3|2|2|2|9,0,-7.994355789528135
7|2|2|2|8,2,-20.04395602614222
7|2|2|2|8,1,-17.313616724234386
7|2|2|2|8,6,-17.83545356110356
7|2|2|2|8,0,-16.854890578068865
7|2|2|2|8,4,-16.94340675826774
7|2|2|2|8,3,-19.219892228881292
2|4|2|2|7,5,-17.45309579290438
2|4|2|2|7,4,-18.56933019775127
2|4|2|2|7,7,-17.563984268023496
2|4|2|2|7,0,-15.308832566906759
5|4|2|2|6,6,-18.765686200726453
5|4|2|2|6,7,-19.676652723074184
5|4|2|2|6,4,-17.66800903481458
5|4|2|2|6,1,-17.58592893890532
5|4|2|2|6,2,-13.81447549231395
5|4|2|2|6,3,-19.63069953426313
6|4|2|2|5,4,-18.371979554592297
6|4|2|2|5,5,-20.09288396438123
6|4|2|2|5,1,-21.96593143904648
6|4|2|2|5,7,-18.531234075441777
6|4|2|2|5,2,-19.209064773994506
6|4|2|2|5,0,-15.248804936655212
6|4|2|2|5,3,-20.28897110936925
2|8|3|2|1,7,-14.394695895
2|8|3|2|1,4,-14.394695895
2|8|3|2|1,5,-14.394695895
2|8|3|2|1,3,-14.394695895
2|8|3|2|1,6,-13.235265
2|8|3|2|1,0,-13.7646855
5|1|1|1|6,1,-30.674914292966132
5|1|1|1|6,2,-26.70671174246617
5|1|1|1|6,3,-31.383952846385895
5|1|1|1|6,4,-30.84317750340405
5|1|1|1|6,6,-31.196247204745326
5|1|1|1|6,7,-30.34160742540597
5|1|1|1|6,0,-30.71704568341825
1|2|2|1|5,2,-26.60741250119692
1|2|2|1|5,4,-25.910981841523913
1|2|2|1|5,7,-25.533707343091418
1|2|2|1|5,0,-28.114805941077357
1|2|2|1|5,6,-26.277855347059987
1|2|2|1|5,5,-26.919659920008005
1|2|2|1|5,3,-26.017162369228984
3|2|2|1|3,4,-22.34292001672605
3|2|2|1|3,6,-23.17267134977621
3|2|2|1|3,5,-22.436068483679247
3|2|2|1|3,2,-22.999136785595386
3|2|2|1|3,7,-22.25980980850678
3|2|2|1|3,1,-22.59147868855151
3|2|2|1|3,0,-16.789969930758964
4|3|2|1|2,2,-20.39596201174759
4|3|2|1|2,7,-18.214404948869458
4|3|2|1|2,1,-19.850067506240507
4|3|2|1|2,0,-20.54295574346803
4|3|2|1|2,3,-20.71958075588019
4|3|2|1|2,5,-19.70385730128214
4|3|2|1|2,6,-18.399730100305124
1|2|2|2|7,3,-13.865231027523464
1|2|2|2|7,2,-16.309406139958533
1|2|2|2|7,5,-14.823243697111103
1|2|2|2|7,7,-13.537826788635208
1|2|2|2|7,0,-15.131105456795343
1|2|2|2|7,6,-15.006749280250109
1|2|2|2|7,4,-16.963842012564577
6|2|2|2|4,7,-17.88032032166748
6|2|2|2|4,0,-17.056819401650447
6|2|2|2|4,4,-18.493349482417138
7|2|2|2|3,2,-17.018108671264912
7|2|2|2|3,1,-14.997316335993355
2|3|2|2|2,6,-20.594618625311703
2|3|2|2|2,7,-18.523731853592647
2|3|2|2|2,3,-20.683292691024363
6|3|2|2|1,1,-14.8546664843895
6|3|2|2|1,2,-14.898266539072651
6|3|2|2|1,0,-14.13527985
4|5|2|1|4,1,-19.04235326645656
4|5|2|1|4,5,-18.815246613129403
4|5|2|1|4,6,-17.896114314018014
4|5|2|1|4,7,-17.165653096011884
4|5|2|1|4,0,-17.423319597881477
4|5|2|1|4,3,-17.299383412460404
4|5|2|1|4,2,-19.054851422715252
1|1|3|1|8,6,-22.227397126598767
1|1|3|1|8,0,-21.442812813349274
1|1|3|1|8,7,-22.342707525828306
1|1|3|1|8,2,-15.13663562782831
1|1|3|1|8,5,-16.767620809176723
1|1|3|1|8,3,-14.120751164597163
6|2|3|2|7,1,-18.919358307004387
6|2|3|2|7,5,-19.03810273766146
6|2|3|2|7,3,-18.18011322318151
1|2|3|2|6,2,-19.542990356517805
1|2|3|2|6,0,-13.036707883378483
1|6|2|1|3,3,-19.793812816031004
1|6|2|1|3,0,-18.5737149729379
1|6|2|1|3,2,-17.333065963989345
1|6|2|1|3,4,-17.616205292044572
1|6|2|1|3,5,-16.954907619019107
1|6|2|1|3,7,-18.222275766743653
1|6|2|1|3,6,-15.028139515126638
0|10|3|2|1,5,-14.96510542290192
3|3|3|1|3,1,-18.82620485231116
3|3|3|1|3,2,-19.569612900280934
3|3|3|1|3,0,-18.948979205543267
3|3|3|1|3,6,-9.939688205225
1|3|3|1|2,6,-19.319520391075947
1|3|3|1|2,3,-19.57374769682204
1|3|3|1|2,0,-18.52365336713769
1|3|3|1|2,4,-19.446526718067265
6|4|3|2|1,0,-14.898266539072651
6|4|3|2|1,3,-14.13527985
6|4|3|2|1,5,-13.7646855
0|2|4|2|10,2,-5.147690414702158
0|2|4|2|10,3,-7.768228259584738
2|2|4|2|9,3,-8.711513782187062
2|2|4|2|9,0,-6.601434154445682
2|2|4|2|9,5,-5.490022561656362
2|2|4|2|9,6,-6.998739576560709
3|6|3|3|8,5,-2.8385002011638143
5|7|3|3|7,1,0.5475
1|10|3|2|6,7,-5.416673618445583
7|13|2|1|5,3,-8.717795194078391
7|13|2|1|5,2,-8.471767310725715
3|13|2|1|4,4,-17.668498872036636
3|13|2|1|4,1,-18.69268278018357
3|13|2|1|4,2,-16.117365219200526
4|14|2|0|3,3,-8.155392423088202
4|14|2|0|3,1,-16.83645851337602
4|14|2|0|3,6,-18.056687798087218
3|14|2|0|2,5,-12.30162308965706
3|14|2|0|2,2,-10.459569885000002
3|14|2|0|2,6,-9.98506491
3|14|2|0|2,7,-11.417217702000002
5|14|2|0|1,6,-14.379103047060799
7|3|2|1|6,6,-24.742116684545337
7|3|2|1|6,3,-14.620656404146727
7|3|2|1|6,4,-23.471933868135906
7|3|2|1|6,2,-25.1975695286699
7|3|2|1|6,0,-24.092575558197552
7|3|2|1|6,1,-23.605740226545365
7|3|2|1|6,5,-25.066217010636908
6|5|3|2|5,4,-18.33403227702984
6|5|3|2|5,1,-19.052152961412904
6|5|3|2|5,3,-18.538135672260925
6|5|3|2|5,2,-20.223960703385515
4|6|3|3|4,7,-9.325787523413428
7|9|4|1|3,3,-15.425609573840296
7|9|4|1|3,1,-12.747731375269689
2|1|3|1|9,7,-22.066888192952707
2|1|3|1|9,6,-22.5782256317289
2|1|3|1|9,4,-22.56001703263152
2|1|3|1|9,5,-21.559049141900253
2|1|3|1|9,0,-17.23451417472146
2|1|3|1|9,3,-22.165973159889912
2|1|3|1|9,1,-21.766176713872238
7|1|3|1|8,3,-18.92678982165428
7|1|3|1|8,5,-18.736642800784747
7|1|3|1|8,2,-20.12500114977942
7|1|3|1|8,4,-19.80941138459164
7|1|3|1|8,0,-20.48034435434754
7|1|3|1|8,1,-18.333706334214927
7|1|3|1|8,6,-20.49016347986647
3|4|2|1|7,6,-17.72093587418434
3|4|2|1|7,4,-17.317831977726215
3|4|2|1|7,1,-17.672528654190504
3|4|2|1|7,7,-17.927876343159404
3|4|2|1|7,2,-18.68398081186205
3|4|2|1|7,5,-16.2644579416569
3|4|2|1|7,0,-19.478070303245207
5|4|2|1|4,7,-15.879414296220315
5|4|2|1|4,0,-20.22892989952462
5|4|2|1|4,4,-19.857441301673795
5|4|2|1|4,2,-20.18257947853182
5|4|2|1|4,6,-20.57768864749123
5|4|2|1|4,1,-20.241629637788343
5|4|2|1|4,3,-19.380607398249744
7|4|2|1|3,0,-20.521155892694978
7|4|2|1|3,4,-17.911872416309603
7|4|2|1|3,1,-18.71333456100744
7|4|2|1|3,6,-18.911168520841045
7|4|2|1|3,5,-19.159993320032974
7|4|2|1|3,3,-19.263383292508976
7|4|2|1|3,2,-18.963081750976624
0|5|2|2|2,5,-19.40621755798773
0|5|2|2|2,4,-19.534387358010452
0|5|2|2|2,1,-18.284225316425374
0|5|2|2|2,7,-19.299802599853813
0|5|2|2|2,2,-18.79746729503471
2|3|2|1|3,5,-21.315453789874258
2|3|2|1|3,7,-21.482057442134924
2|3|2|1|3,1,-22.672701384217447
2|3|2|1|3,6,-22.15419015230511
2|3|2|1|3,0,-22.272497581660573
2|3|2|1|3,4,-13.404222805838852
2|3|2|1|3,3,-22.458797751324862
6|2|2|1|1,1,-14.998591877949353
6|2|2|1|1,2,-14.999014314564548
6|2|2|1|1,4,-11.3985
5|1|3|1|7,4,-14.463891266415315
5|1|3|1|7,1,-18.893855231688335
5|1|3|1|7,2,-21.492800408553627
5|1|3|1|7,7,-19.788660058434512
4|1|3|1|6,2,-20.887251334509223
4|1|3|1|6,7,-22.659986448351855
4|1|3|1|6,3,-22.010095615458546
2|2|3|1|5,6,-22.161649626150012
2|2|3|1|5,4,-19.402867372243787
2|2|3|1|5,7,-23.276294863615977
2|2|3|1|5,3,-22.573559387265465
2|2|3|1|5,5,-23.335156674596107
2|2|3|1|5,1,-20.152926989484232
3|5|1|1|3,1,-16.19330455622964
3|5|1|1|3,0,-6.65989477165232
7|2|3|2|9,3,-19.05888740838408
3|2|3|2|8,2,-17.548930342542494
3|2|3|2|8,0,-14.125855823853323
3|2|3|2|8,5,-16.809266643392018
3|2|3|2|8,7,-16.130307724354804
3|2|3|2|8,6,-13.774623436964145
4|5|2|2|6,1,-14.671367906979823
4|5|2|2|6,6,-14.67674288801591
4|5|2|2|6,0,-13.044457962116459
4|5|2|2|6,2,-14.763379562413467
4|5|2|2|6,7,-16.501563661035355
4|5|2|2|6,5,-15.164106109399542
4|5|2|2|6,3,-15.630805314433715
1|5|2|2|5,0,-18.058298579723257
1|5|2|2|5,2,-14.720198769918749
1|5|2|2|5,3,-18.472064022280787
1|5|2|2|5,6,-9.19816859924652
2|5|2|2|3,3,-18.39188156408727
2|5|2|2|3,4,-19.897131793215163
2|5|2|2|3,7,-17.04653974259529
2|5|2|2|3,5,-19.32125012623782
2|5|2|2|3,6,-18.67104591408209
2|5|2|2|3,0,-18.47996906260586
3|7|2|2|2,5,-17.818323641028165
3|7|2|2|2,2,-17.718014252163822
3|7|2|2|2,0,-18.92018611153762
3|7|2|2|2,7,-15.943586423317667
3|7|2|2|2,1,-16.559885239985675
3|7|2|2|2,6,-17.728336025236274
3|7|2|2|2,4,-16.010458791365565
5|8|2|2|1,6,-14.999998876427503
5|8|2|2|1,2,-4.5
5|1|2|0|10,4,-36.81694525865465
5|1|2|0|10,2,-36.02149400131198
5|1|2|0|10,3,-35.98140706707336
5|1|2|0|10,0,-35.84564767336114
5|1|2|0|10,6,-36.15117127566204
5|1|2|0|10,1,-34.50134542159786
5|1|2|0|10,7,-36.12834851834687
5|6|3|1|4,0,-16.994347920814285
5|6|3|1|4,7,-11.735415728754448
5|6|3|1|4,1,-16.937202400375995
2|6|3|1|1,6,-14.703400988550001
2|6|3|1|1,5,-14.703400988550001
2|6|3|1|1,1,-14.703400988550001
2|6|3|1|1,7,-14.703400988550001
2|6|3|1|1,4,-14.703400988550001
2|6|3|1|1,0,-14.703400988550001
2|6|3|1|1,3,-14.703400988550001
6|2|3|1|8,2,-21.642182325595552
6|2|3|1|8,4,-21.71640285361434
6|2|3|1|8,1,-21.2014944874839
6|2|3|1|8,5,-20.868054204159712
6|2|3|1|8,3,-22.0573172280218
6|2|3|1|8,7,-21.671170617929157
5|2|3|1|6,3,-21.299081354309457
5|2|3|1|6,1,-21.35075857854555
5|2|3|1|6,6,-21.089030816427094
5|2|3|1|6,4,-21.209332239361075
5|2|3|1|6,7,-21.204153130716673
3|3|3|2|5,0,-13.791413654476075
3|3|3|2|5,7,-14.436594766677565
3|3|3|2|5,1,-14.227403274794169
3|3|3|2|5,5,-16.063759394054667
3|3|3|2|5,4,-13.569447657212926
3|3|3|2|5,2,-14.319143443644668
6|4|3|2|3,7,-20.230923034000337
6|4|3|2|3,2,-17.218449681830595
6|4|3|2|3,1,-20.411809801718142
6|4|3|2|3,3,-20.248377440692014
7|6|4|1|2,3,-9.519833822387728
7|6|4|1|2,4,-10.312225024155
7|6|4|1|2,6,-9.07751566311931
3|7|4|4|1,5,-4.5
3|4|2|1|3,2,-17.592217949213726
3|4|2|1|3,7,-18.15828270353807
3|4|2|1|3,6,-19.399045368607354
3|4|2|1|3,4,-18.17114496023189
3|4|2|1|3,5,-11.928087316539727
3|4|2|1|3,0,-20.01309336017081
3|4|2|1|3,1,-19.77000132222407
2|4|2|1|2,7,-18.614292726421613
2|4|2|1|2,1,-13.940403594110789
2|4|2|1|2,4,-17.540846751092346
2|4|2|1|2,5,-18.284272793534804
2|4|2|1|2,3,-17.95950356847914
7|4|2|1|1,2,-14.975573796031343
7|4|2|1|1,0,-14.982901657221941
7|4|2|1|1,6,-14.975573796031343
7|4|2|1|1,1,-14.975573796031343
7|4|2|1|1,5,-14.982901657221941
3|3|3|1|7,7,-17.675463521874654
3|3|3|1|7,6,-22.753842504069443
7|6|3|2|6,4,-16.52282361190819
7|6|3|2|6,0,-16.311759993154492
7|6|3|2|6,2,-17.604259525947654
7|6|3|2|6,6,-15.934416189717977
4|6|3|2|5,1,-19.086223223811118
4|6|3|2|5,5,-20.745440753006434
4|6|3|2|5,6,-20.453288527313926
1|6|3|2|4,2,-18.27230515803509
1|6|3|2|4,0,-21.400170021438793
2|8|3|1|3,6,-16.097079637830145
2|8|3|1|3,3,-14.259557864555413
2|8|3|1|3,1,-14.93072345495929
2|8|3|1|3,4,-15.386262853936115
6|8|3|1|2,1,-19.16344466774184
6|8|3|1|2,5,-14.425882450713335
1|8|3|1|1,3,-14.13527985
1|8|3|1|1,6,-14.13527985
1|8|3|1|1,0,-14.13527985
1|8|3|1|1,2,-14.394695895
1|8|3|1|1,4,-14.394695895
2|4|2|1|4,4,-19.9682029393925
2|4|2|1|4,1,-18.035400715173097
2|4|2|1|4,7,-20.32897732029247
2|4|2|1|4,5,-18.61770016731025
2|4|2|1|4,0,-19.94510227458468
2|4|2|1|4,6,-18.605743036102172
2|4|2|1|4,3,-18.98502127507351
0|6|2|1|2,5,-19.47230436782921
0|6|2|1|2,2,-16.63523850364644
0|6|2|1|2,6,-19.361643871093847
0|6|2|1|2,7,-19.933286793128175
2|1|5|1|10,5,-10.676447535851223
2|1|5|1|10,7,-11.282628677609235
2|1|5|1|10,1,-12.161070304014606
5|2|5|1|9,1,-14.364797302635662
1|2|5|1|8,2,-5.641786018176516
2|2|5|1|7,4,-8.27951122336815
4|7|4|1|6,5,-10.992294758454335
5|7|4|1|5,6,-16.354720911271823
6|7|4|1|4,7,-7.889500180643431
7|8|4|2|3,0,-7.292470318500001
0|9|4|2|2,5,-9.92213778683595
5|9|4|2|1,3,-13.235265
5|9|4|2|1,2,-9.855
5|9|4|2|1,4,-4.5
5|9|4|2|1,1,-4.5
5|3|3|2|10,6,-9.821892541263349
6|6|3|1|9,7,-14.555539647554763
7|6|3|1|8,1,-8.34779500933126
4|7|3|1|6,0,-15.124310167714263
7|11|2|2|4,1,-5.19226739956313
7|11|2|2|4,5,-7.1148516618843045
7|11|2|2|4,3,-7.893102708940125
1|13|2|1|3,3,-18.29500655629451
1|13|2|1|3,7,-20.64857866378526
1|13|2|1|3,4,-16.49548628681262
5|2|2|1|7,7,-29.640343895615885
5|2|2|1|7,4,-29.53108396540462
5|2|2|1|7,6,-30.676270641888042
5|2|2|1|7,2,-30.34161603478269
5|2|2|1|7,0,-29.829260144200912
5|2|2|1|7,1,-30.515389721177648
5|2|2|1|7,3,-29.147954885109595
0|5|3|2|2,6,-12.918608157110487
0|5|3|2|2,4,-20.40486611788709
6|5|3|2|6,7,-14.158321322808478
6|5|3|2|6,2,-10.306885366699357
6|5|3|2|6,3,-13.934155137403602
6|5|3|2|6,1,-15.694224097708815
6|5|3|2|6,5,-13.01373515118088
6|5|3|2|6,4,-16.01624208217859
6|5|3|2|6,0,-15.254388027679958
7|5|3|2|5,4,-15.210583733561784
7|5|3|2|5,2,-14.884022289010307
7|5|3|2|5,3,-13.235603534071952
7|5|3|2|5,6,-15.543626033256231
7|5|3|2|5,0,-15.707899297204872
3|9|2|1|3,1,-16.115419033790335
3|9|2|1|3,6,-16.91153019996246
3|9|2|1|3,0,-16.18961090239486
3|9|2|1|3,7,-15.24224282312391
5|11|2|1|1,4,-14.8546664843895
5|11|2|1|1,0,-14.8546664843895
5|11|2|1|1,2,-14.8546664843895
5|11|2|1|1,6,-14.792380691985
5|11|2|1|1,7,-14.792380691985
5|11|2|1|1,3,-14.8546664843895
5|11|2|1|1,1,-14.792380691985
0|4|1|1|5,5,-14.451339911455504
0|4|1|1|5,1,-13.961805142680866
0|4|1|1|5,3,-14.411913732763011
0|4|1|1|5,2,-13.721462946278585
5|5|1|1|4,1,-13.818004734660413
1|6|1|1|3,6,-13.293338399183817
1|6|1|1|3,7,-12.127109527708953
1|6|1|1|3,0,-8.910759144538984
1|6|1|1|3,2,-6.802849361402535
1|6|1|1|3,3,-3.896057587965001
6|6|1|1|2,2,-12.855156775785165
6|6|1|1|2,5,-12.483590685302888
2|7|2|1|1,0,-14.5762871265
2|7|2|1|1,3,-14.5762871265
2|7|2|1|1,4,-14.5762871265
2|7|2|1|1,1,-14.394695895
2|7|2|1|1,6,-14.394695895
2|7|2|1|1,7,-14.5762871265
2|7|2|1|1,5,-14.5762871265
7|3|3|1|6,2,-21.36847220579247
7|3|3|1|6,4,-20.382418432724982
7|3|3|1|6,0,-20.663548176865472
7|3|3|1|6,3,-21.068786733740108
7|3|3|1|6,6,-10.920046301316358
6|6|2|2|3,5,-17.866541262664715
6|6|2|2|3,4,-17.458450002947416
6|6|2|2|3,7,-17.846976511876587
6|6|2|2|3,3,-17.689139736697804
5|8|2|2|2,1,-18.674405062700135
5|8|2|2|2,7,-19.192620266046223
5|8|2|2|2,4,-18.71855765701848
1|10|2|2|1,7,-14.394695895
1|10|2|2|1,6,-14.394695895
1|10|2|2|1,4,-14.394695895
1|10|2|2|1,2,-14.394695895
1|10|2|2|1,0,-14.394695895
1|10|2|2|1,5,-14.394695895
2|2|7|1|9,6,-2.10675
6|9|2|2|8,5,-7.450097700736223
6|9|2|2|8,1,-8.324728172761812
6|9|2|2|8,7,-7.765798053786693
5|11|2|2|7,1,-9.644153034914366
1|13|2|1|6,6,-8.541913599851032
1|13|2|1|6,5,-7.776422669934093
6|13|2|1|5,0,-8.772853561696529
6|13|2|1|5,5,-13.474974239409075
0|15|1|0|4,3,-14.633894288699203
0|15|1|0|4,2,-7.025230384704526
4|1|2|1|7,0,-27.96549553446581
4|1|2|1|7,2,-28.63809940590485
4|1|2|1|7,3,-28.24663451529174
4|1|2|1|7,5,-28.16989491343412
4|1|2|1|7,1,-28.7295379874248
4|1|2|1|7,6,-28.810820136459167
4|1|2|1|7,7,-28.58955210758448
5|1|2|1|5,4,-23.853439045970703
5|1|2|1|5,7,-23.61547798701575
5|1|2|1|5,0,-24.738546465332806
5|1|2|1|5,3,-23.267596049223375
5|1|2|1|5,6,-23.299728467301787
4|1|2|1|4,5,-22.77284023830296
4|1|2|1|4,7,-21.52673000489575
4|1|2|1|4,3,-23.02606313875674
4|1|2|1|4,6,-21.334655268427124
4|1|2|1|4,2,-24.10590392859671
4|1|2|1|4,0,-18.610072036798822
4|1|2|1|4,1,-22.461952583968092
1|3|2|1|2,4,-20.48615239273509
1|3|2|1|2,0,-20.425815485063602
1|3|2|1|2,2,-20.209345888192047
1|3|2|1|2,7,-20.76410987753716
1|3|2|1|2,3,-19.2354943989081
1|3|2|1|2,5,-20.120365704325458
1|3|2|1|2,6,-20.207594558712685
1|2|2|2|8,5,-21.436008547006438
1|2|2|2|8,3,-20.375357362351743
1|2|2|2|8,7,-20.652329291564715
1|2|2|2|8,0,-20.702531211644963
1|2|2|2|8,4,-16.606547188882317
7|2|2|2|6,1,-20.485850964070053
7|2|2|2|6,5,-20.69912727404577
7|2|2|2|6,3,-21.65239316524124
1|2|2|2|5,3,-20.982602831010777
1|2|2|2|5,7,-18.801343378513995
1|2|2|2|5,2,-18.08499957093422
1|2|2|2|5,4,-17.141826701342005
1|2|2|2|5,5,-18.996610655507386
1|2|2|2|5,6,-18.769753769584863
1|2|2|2|5,0,-17.303344493481482
3|4|2|2|4,0,-20.187043373761462
3|4|2|2|4,2,-21.221107519267186
3|4|2|2|4,7,-18.50972370746942
3|4|2|2|4,4,-20.88844213846275
0|4|2|2|3,4,-19.923829373233367
0|4|2|2|3,5,-19.29243056342216
0|4|2|2|3,6,-20.179780973602185
0|4|2|2|3,2,-19.263234475563237
0|4|2|2|3,1,-18.948865261244325
0|4|2|2|3,7,-19.40633116551879
0|4|2|2|3,3,-18.095914955236232
4|6|3|2|2,2,-17.399559515805
4|6|3|2|2,1,-17.997887250008414
4|6|3|2|2,5,-18.279665379818173
4|6|3|2|2,3,-17.327119753873454
4|6|3|2|2,0,-14.52497217352564
0|2|1|1|6,6,-23.271316996212263
0|2|1|1|6,1,-21.55955846508237
0|2|1|1|6,4,-23.441154489500235
0|2|1|1|6,3,-22.552450610089867
0|2|1|1|6,7,-17.661585332934823
0|2|1|1|6,2,-22.40641190740983
0|2|1|1|6,5,-23.22569107010875
0|4|1|1|4,2,-15.045825966080027
0|4|1|1|4,1,-14.635153051890892
0|4|1|1|4,6,-14.149021494207368
0|4|1|1|4,5,-13.920854420134539
0|4|1|1|4,4,-13.037231556413841
2|5|2|1|3,7,-18.76036735814123
2|5|2|1|3,0,-18.86021543360721
2|5|2|1|3,1,-19.853347982855126
2|5|2|1|3,6,-19.427621648965715
2|5|2|1|3,3,-18.16400028535817
2|5|2|1|3,4,-17.88699637012804
2|5|2|1|3,5,-18.334998443282355
7|6|2|2|2,4,-14.819624135958914
7|6|2|2|2,3,-19.680427772434047
5|2|4|2|6,0,-14.149522126740724
5|2|4|2|6,2,-9.881241014631254
0|2|4|2|5,6,-12.366558403036375
6|6|2|2|4,2,-16.70052278939346
6|6|2|2|4,7,-16.531839778643928
6|6|2|2|4,0,-16.70764749325698
6|6|2|2|4,5,-16.688002004641376
6|6|2|2|4,1,-18.581987189335944
6|6|2|2|4,4,-16.63918256186362
6|6|2|2|4,3,-18.56340603757185
5|2|3|1|5,7,-25.583527488592942
5|2|3|1|5,3,-23.710442866141896
5|2|3|1|5,0,-24.204372441910053
5|2|3|1|5,1,-23.38867325438453
7|10|3|1|1,1,-14.982901657221941
7|10|3|1|1,5,-14.928786577350856
7|10|3|1|1,6,-14.928786577350856
6|5|4|1|3,0,-16.12975587169033
6|5|4|1|3,1,-18.01504543788109
2|9|2|2|1,3,-14.99966190989564
2|9|2|2|1,1,-14.999517014136629
2|9|2|2|1,0,-11.3985
2|9|2|2|1,7,-11.3985
5|3|1|1|9,6,-17.631294189523576
5|3|1|1|9,2,-15.327947232984188
5|3|1|1|9,1,-15.488189433720606
5|3|1|1|9,7,-14.79719070838368
6|3|1|1|8,1,-16.722353523698644
6|3|1|1|8,2,-13.983877662401753
6|3|1|1|8,0,-18.174057707993622
6|3|1|1|8,4,-17.40390415068994
6|3|1|1|8,7,-18.03221274108428
6|3|1|1|8,5,-17.176805323736893
4|4|1|1|6,1,-15.393782723764117
4|4|1|1|6,2,-13.522601970060629
4|4|1|1|6,0,-14.593495311905112
1|4|1|1|5,0,-16.17214099383621
6|8|3|1|1,7,-14.96510542290192
6|8|3|1|1,2,-14.96510542290192
6|8|3|1|1,3,-14.96510542290192
0|4|2|1|2,7,-20.04335205420327
0|4|2|1|2,4,-18.941985074042496
0|4|2|1|2,3,-18.886702814356635
0|4|2|1|2,2,-18.661075374198553
0|4|2|1|2,1,-18.704399170833963
5|4|2|1|3,0,-18.637714224586684
5|4|2|1|3,3,-19.147924500035604
5|4|2|1|3,1,-18.960459739094528
5|4|2|1|3,4,-16.517699817806566
5|4|2|1|3,6,-19.798612361842
5|4|2|1|3,2,-18.740269568773833
5|4|2|1|3,7,-18.103792629778273
4|5|2|2|1,0,-14.394695895
4|5|2|2|1,7,-14.394695895
4|5|2|2|1,1,-14.394695895
4|5|2|2|1,2,-14.394695895
4|5|2|2|1,3,-14.394695895
4|5|2|2|1,6,-14.394695895
4|5|2|2|1,5,-14.394695895
5|2|3|1|7,6,-22.140870463526433
5|2|3|1|7,0,-21.374814423491358
5|2|3|1|7,2,-20.59672555737791
5|2|3|1|7,4,-20.824935965907848
5|2|3|1|7,7,-20.33969576233838
5|2|3|1|7,1,-20.35081922293194
5|2|3|1|7,3,-21.419152882069685
2|5|3|2|5,4,-16.638585736020826
2|5|3|2|5,7,-17.08100635933669
2|5|3|2|5,5,-15.609877275702331
2|5|3|2|5,1,-16.029448131678308
2|5|3|2|5,0,-13.153674551475905
4|5|3|2|4,3,-16.365168949818738
4|5|3|2|4,6,-16.410865855354796
4|5|3|2|4,2,-16.205196711893933
4|5|3|2|4,1,-18.34706651620798
4|5|3|2|4,5,-19.214232714403703
2|10|3|1|2,1,-16.778947600754382
2|10|3|1|2,6,-17.659862787524222
1|10|3|1|1,7,-14.928786577350856
1|10|3|1|1,6,-14.928786577350856
1|10|3|1|1,2,-13.7646855
1|10|3|1|1,3,-9.855
4|2|3|1|4,7,-21.747657725225245
4|2|3|1|4,5,-21.42248970818773
4|2|3|1|4,0,-19.341347896194392
4|2|3|1|4,1,-21.611110750329264
4|2|3|1|4,6,-3.5990033923373277
3|7|1|1|2,7,-14.444147972619312
3|7|1|1|2,5,-10.108704060246867
7|8|2|1|1,3,-14.898266539072651
7|8|2|1|1,6,-14.898266539072651
7|8|2|1|1,1,-14.928786577350856
7|8|2|1|1,4,-14.898266539072651
7|8|2|1|1,0,-14.928786577350856
1|7|1|1|3,3,-12.739729774841035
3|8|1|1|2,6,-15.31129327872274
3|8|1|1|2,2,-13.480602056066983
6|9|2|1|1,5,-14.999996724278436
6|9|2|1|1,0,-14.8546664843895
6|9|2|1|1,7,-14.8546664843895
6|9|2|1|1,2,-14.8546664843895
3|5|3|2|2,6,-13.97109091023881
6|5|3|2|1,7,-14.8546664843895
6|5|3|2|1,3,-14.8546664843895
6|5|3|2|1,4,-14.898266539072651
6|5|3|2|1,0,-14.8546664843895
6|5|3|2|1,1,-14.792380691985
6|5|3|2|1,5,-14.792380691985
6|5|3|2|1,2,-14.792380691985
2|2|2|1|1,6,-14.997988397070504
2|2|2|1|1,5,-14.997988397070504
2|2|2|1|1,4,-14.703400988550001
2|2|2|1|1,0,-14.5762871265
4|2|3|1|8,5,-21.111249063680766
4|2|3|1|8,2,-17.713858891487714
4|2|3|1|8,7,-21.248836682899675
4|2|3|1|8,6,-20.963166482868793
4|2|3|1|8,1,-20.82991093940057
0|6|2|2|6,5,-18.055150093559906
0|6|2|2|6,6,-18.48231615516193
0|6|2|2|6,4,-18.846350639246314
2|7|2|2|4,1,-18.88080764208249
2|7|2|2|4,7,-18.132016571472796
2|7|2|2|4,5,-6.021597892081339
1|8|2|2|3,4,-13.137989921336642
1|8|2|2|3,0,-16.33954889496897
1|8|2|2|3,2,-16.217529612141224
1|8|2|2|3,7,-16.956897272957814
1|8|2|2|3,6,-16.00037761807118
1|8|2|2|3,5,-16.48853350441954
1|8|2|2|3,3,-15.041653479467888
4|10|2|2|2,1,-17.97333459662825
4|10|2|2|2,0,-17.974320432454856
4|10|2|2|2,2,-18.8747537252885
4|10|2|2|2,5,-18.397519278497395
4|10|2|2|2,6,-17.289682157655
4|2|4|1|10,0,-12.409855724909512
4|2|4|1|10,2,-13.438005736986206
4|2|4|1|8,0,-17.43630534180775
4|2|4|1|8,7,-15.95727692533394
4|2|4|1|8,2,-17.86746199373315
4|2|4|1|8,3,-19.09733315909949
0|2|4|1|7,7,-18.01890274406312
0|2|4|1|7,1,-18.30728396189333
0|2|4|1|7,5,-15.3118015849381
5|9|2|2|4,0,-17.189663497735435
5|9|2|2|4,3,-16.46050673077525
5|9|2|2|4,7,-16.221066721586887
5|9|2|2|4,2,-17.66591722816451
5|9|2|2|4,1,-15.702561215951855
5|9|2|2|4,6,-8.771689160445177
0|10|2|2|3,5,-14.263324216629664
0|10|2|2|3,3,-16.512957539186246
0|10|2|2|3,6,-16.55433892278034
0|10|2|2|3,2,-17.130051213944743
0|10|2|2|3,1,-15.504875465935072
0|10|2|2|3,7,-13.784986047879705
0|10|2|2|3,4,-15.297383952744607
5|10|2|2|2,6,-19.013174559813557
5|10|2|2|2,1,-18.032912299771183
5|10|2|2|2,2,-17.760875101155463
5|10|2|2|2,3,-18.822336322348264
6|12|2|1|1,4,-14.703400988550001
6|12|2|1|1,1,-14.792380691985
6|12|2|1|1,7,-14.792380691985
6|12|2|1|1,2,-14.792380691985
6|12|2|1|1,0,-14.703400988550001
6|12|2|1|1,5,-14.703400988550001
6|12|2|1|1,3,-14.703400988550001
5|4|2|1|10,1,-3.914561184736942
5|4|2|1|10,7,-8.657567459777079
1|5|3|1|9,3,-6.493465834289607
1|5|3|1|9,0,-6.150220392268999
1|5|3|1|9,7,-5.350552199449456
3|6|3|2|8,1,-7.571896439031581
3|6|3|2|8,2,-11.621000736713608
1|6|3|2|7,7,-9.385760696258432
0|7|3|2|5,7,-18.810459889484743
7|7|3|2|4,2,-18.405065441094195
7|7|3|2|4,4,-14.399927083207968
7|7|3|2|4,6,-18.790149045496
7|7|3|2|4,5,-18.58264013013016
7|7|3|2|4,0,-18.155821704105904
7|7|3|2|4,1,-17.68207185695285
7|7|3|2|4,3,-18.7463282936578
4|4|7|1|8,1,-3.015
1|4|7|1|7,4,-3.015
4|4|7|1|6,6,1.2975
6|11|2|1|5,0,-13.681072560440608
0|13|1|1|4,6,-15.853861394134936
0|13|1|1|4,5,-16.032212519586352
6|13|1|1|3,2,-17.253959386591227
6|13|1|1|3,4,-18.671328602564284
2|1|2|1|5,4,-24.57929066407964
2|1|2|1|5,7,-23.19400220976926
2|1|2|1|5,3,-22.865970391544728
2|1|2|1|5,1,-22.99508782085992
2|1|2|1|5,6,-23.375207704957973
2|1|2|1|5,0,-23.038361229746734
2|1|2|1|5,5,-23.453155484784432
0|4|2|1|1,7,-14.950150604145598
0|4|2|1|1,4,-14.950150604145598
0|4|2|1|1,2,-14.950150604145598
0|4|2|1|1,1,-14.96510542290192
0|4|2|1|1,6,-14.950150604145598
0|4|2|1|1,3,-14.950150604145598
1|1|4|0|10,4,-19.59196491012333
1|1|4|0|10,3,-18.74976814507348
1|1|4|0|10,6,-16.20570450114658
0|6|3|2|8,2,-1.0198864356096577
0|6|3|2|8,5,-3.32697225
0|6|3|2|8,6,-6.28652093944439
0|6|3|2|8,3,-4.5246143967387535
0|6|3|2|8,7,-4.912513758474092
0|6|3|2|8,4,-2.6134637684020396
2|6|3|2|7,5,-12.261107337955206
2|6|3|2|7,7,-10.89618047619192
2|6|3|2|7,4,-12.224861488373847
2|6|3|2|7,3,-10.725566385892632
5|9|3|1|6,1,-9.936799489480308
1|10|3|1|5,6,-12.352865908368818
1|10|3|1|5,7,-13.091247084666172
4|13|1|1|3,0,-14.941689321608708
4|13|1|1|3,6,-14.763517527829848
4|13|1|1|3,1,-15.622564872177087
0|13|1|1|2,2,-17.466568658635353
0|13|1|1|2,1,-17.58712430325
0|13|1|1|2,4,-17.601330420000004
0|13|1|1|2,3,-14.838953095397143
4|4|2|1|4,3,-20.960520351660403
4|4|2|1|4,2,-21.014779447504075
4|4|2|1|4,5,-13.9491490144775
4|4|2|1|4,6,-21.17252271601317
4|4|2|1|4,7,-21.07704012254898
4|4|2|1|4,0,-22.86307364142405
4|4|2|1|4,1,-20.450936053671295
3|5|2|1|3,2,-18.723966893001293
3|5|2|1|3,4,-15.419700652137827
3|5|2|1|3,7,-11.385151432475489
2|6|2|1|2,4,-19.505605225646118
2|6|2|1|2,0,-19.27838848532052
2|6|2|1|2,6,-19.237369294312412
2|6|2|1|2,7,-17.97507479714134
2|6|2|1|2,5,-20.21434100645716
2|6|2|1|2,3,-18.63328729141919
2|6|2|1|2,1,-18.281384630271056
4|7|2|1|1,0,-14.394695895
4|7|2|1|1,3,-14.13527985
4|7|2|1|1,1,-14.394695895
4|7|2|1|1,2,-14.394695895
4|7|2|1|1,7,-14.394695895
4|7|2|1|1,6,-14.13527985
4|7|2|1|1,5,-14.13527985
2|4|2|2|8,1,-16.760530784849294
2|4|2|2|8,7,-15.269220276164662
7|7|4|1|6,0,-3.1599167140823177
0|11|1|1|5,4,-10.00756707340345
4|12|1|1|4,3,-11.882300464711939
4|12|1|1|4,6,-12.986550591616275
3|13|1|1|3,7,-10.69639075995
3|13|1|1|3,5,-13.019799138279184
3|13|1|1|3,2,-13.546864193772
3|13|1|1|3,0,-11.574073845541694
3|13|1|1|3,1,-15.3656279964
3|13|1|1|3,4,-11.397801017485552
3|13|1|1|3,6,-11.898900151113008
7|13|1|1|2,2,-17.2195987914
7|13|1|1|2,1,-13.737325761026117
7|13|1|1|2,5,-17.890183607669023
7|13|1|1|2,3,-15.904875356613118
7|6|2|1|3,6,-17.54563478919493
7|6|2|1|3,2,-16.935707984449465
7|6|2|1|3,1,-16.54414420409899
7|6|2|1|3,3,-15.949145084187135
7|6|2|1|3,4,-16.33998767436415
7|6|2|1|3,0,-13.662038990164891
7|6|2|1|3,5,-6.416006356662049
6|6|2|1|2,3,-18.10380963925923
6|6|2|1|2,2,-17.674452199275837
6|6|2|1|2,7,-16.078428182874497
6|6|2|1|2,0,-18.4553825872194
6|6|2|1|2,1,-19.02747812466996
3|6|2|1|1,0,-14.898266539072651
3|6|2|1|1,4,-14.898266539072651
3|6|2|1|1,2,-14.8546664843895
3|6|2|1|1,5,-14.898266539072651
3|6|2|1|1,7,-14.898266539072651
7|6|3|2|9,6,-8.524804438989674
7|6|3|2|9,5,-4.81348663355535
7|6|3|2|9,2,-6.244772587383365
6|9|2|1|8,5,-4.1311395970795886
6|9|2|1|8,7,-3.680949678662807
5|11|1|1|7,0,-5.88851530633975
0|12|1|1|6,2,-3.0674685000000004
0|12|1|1|6,4,-6.054110403405202
0|12|1|1|6,7,-6.61206347799075
2|13|1|1|5,6,-8.106245640754501
2|13|1|1|5,7,-7.83887590931942
0|13|1|1|3,3,-12.011072447165999
3|14|1|1|2,6,-15.265421261784837
3|14|1|1|2,0,-14.416934741655002
3|14|1|1|2,2,-16.885392970605
3|14|1|1|2,4,-14.571805729500001
3|14|1|1|2,7,-15.7933560286335
6|15|1|0|1,4,-13.897171188901428
6|15|1|0|1,1,-11.026343168953016
2|3|3|1|9,3,-16.618828586655646
2|3|3|1|9,6,-17.42277206405218
2|3|3|1|9,7,-16.1715810066374
2|3|3|1|9,1,-13.109517866794995
0|6|2|2|7,5,-13.711480108080352
0|6|2|2|7,1,-12.305962797085584
0|8|2|1|5,4,-16.326739516793932
0|8|2|1|5,6,-15.31170658022389
0|8|2|1|5,5,-8.552199419762108
0|8|2|1|5,1,-15.709559700842275
0|8|2|1|5,2,-14.730557344699715
4|8|2|1|4,1,-10.631528960859953
4|8|2|1|4,7,-14.852796755600298
4|8|2|1|4,6,-15.835027245364607
1|9|2|1|3,6,-17.42126388863345
1|9|2|1|3,5,-18.95396786341387
1|9|2|1|3,3,-15.667132297250681
6|11|1|1|2,3,-16.198499929805816
6|11|1|1|2,7,-3.1968165000000006
5|6|2|1|5,4,-13.720780264191683
5|6|2|1|5,2,-13.612991730583783
5|6|2|1|5,7,-15.181795608545332
5|6|2|1|5,0,-14.835457496936131
5|6|2|1|5,3,-13.26854691700069
5|6|2|1|5,1,-16.101539458057683
7|9|2|2|3,2,-16.270569317975056
7|9|2|2|3,0,-17.418599376260786
7|9|2|2|3,5,-14.896331716496398
7|9|2|2|3,6,-15.439648892201154
7|9|2|2|3,1,-15.778904716697731
0|8|3|1|3,4,-14.255432342060637
0|8|3|1|3,1,-11.69753014299662
0|8|3|1|3,3,-13.884090612164417
4|11|1|1|2,5,-12.5575097669085
4|11|1|1|2,1,-10.443264135
4|11|1|1|2,0,-7.353768266908501
4|11|1|1|2,2,-7.305293659500001
5|11|1|1|1,1,-12.478950000000001
5|11|1|1|1,2,-12.478950000000001
5|11|1|1|1,3,-12.478950000000001
5|11|1|1|1,7,-12.478950000000001
6|3|2|1|8,7,-20.923633975425858
6|3|2|1|8,4,-11.878981844730399
6|3|2|1|8,1,-21.12658215069271
6|3|2|1|8,5,-23.02840970117045
6|3|2|1|8,0,-22.14777452207947
6|3|2|1|8,3,-22.54294270843577
6|3|2|1|8,2,-21.183950980139716
5|4|2|2|5,7,-18.088497796067145
5|4|2|2|5,2,-18.925955365457895
5|4|2|2|5,1,-19.503404119793565
5|4|2|2|5,6,-19.420935347996505
5|4|2|2|5,3,-13.47798922661699
5|4|2|2|5,0,-17.315884284283648
7|4|2|2|4,2,-19.46551309710523
7|4|2|2|4,1,-20.041734021822307
7|4|2|2|4,6,-19.367845692221724
7|4|2|2|4,5,-19.25173995146095
7|4|2|2|4,4,-18.526682431739843
7|4|2|2|4,0,-18.751722680554796
7|4|2|2|4,3,-18.70642466112035
2|4|2|2|3,7,-21.394360364795396
2|4|2|2|3,1,-17.28023089394882
2|4|2|2|3,0,-21.17478375841949
7|4|2|2|2,3,-19.31232916966097
7|4|2|2|2,0,-19.02639262417499
7|4|2|2|2,6,-16.587315796649563
7|4|2|2|2,1,-19.00739620683077
5|1|2|1|4,4,-26.963883545827276
4|3|3|1|3,2,-18.0724258737774
4|3|3|1|3,7,-18.507935211390958
4|3|3|1|3,0,-16.124154316537698
4|3|3|1|3,5,-19.265046544109833
4|3|3|1|3,1,-20.19247309490493
4|3|3|1|3,3,-19.00287786554671
4|3|3|1|3,6,-19.45394912337157
7|4|3|1|1,0,-14.928786577350856
7|4|3|1|1,1,-14.928786577350856
7|4|3|1|1,3,-14.928786577350856
7|4|3|1|1,6,-14.928786577350856
5|5|2|2|4,4,-18.448845610219003
5|5|2|2|4,1,-19.68971273636308
5|5|2|2|4,2,-18.054464775657465
5|5|2|2|4,0,-17.669804329649384
5|5|2|2|4,6,-13.961869301508125
5|5|2|2|4,3,-15.620038952399408
6|7|2|2|2,2,-14.86661903979949
6|7|2|2|2,7,-16.795385449606027
6|7|2|2|2,4,-17.11040819561012
6|7|2|2|2,5,-16.743011742334282
6|7|2|2|2,0,-16.80762695700945
6|7|2|2|2,1,-17.4923387775585
6|7|2|2|2,3,-17.118009081851937
2|9|3|2|1,6,-13.7646855
2|9|3|2|1,5,-14.13527985
2|9|3|2|1,7,-14.13527985
0|1|5|1|10,2,-14.151895221769346
2|1|5|1|9,7,-17.876660154433566
2|1|5|1|9,3,-5.3522985323224574
7|6|3|2|8,6,-11.023909780217416
7|6|3|2|8,3,-8.451222455475401
7|6|3|2|8,5,-3.8551181599715694
6|6|3|2|7,2,-16.82229557024839
6|6|3|2|7,0,-13.952247077670222
2|8|3|1|6,4,-12.734913257893997
4|11|1|1|5,1,-9.664416251070097
4|11|1|1|5,0,-7.843371799572358
4|11|1|1|5,2,-1.4988275873828998
1|12|1|1|4,3,-11.181554586232675
1|12|1|1|4,2,-14.746835227425013
0|14|1|1|1,7,-13.7646855
0|14|1|1|1,5,-13.7646855
0|14|1|1|1,3,-14.13527985
0|14|1|1|1,6,-13.7646855
0|14|1|1|1,1,-13.7646855
0|14|1|1|1,4,-13.7646855
0|14|1|1|1,2,-13.235265
5|2|2|1|1,6,-14.999310020195184
5|2|2|1|1,0,-14.999310020195184
5|2|3|0|9,0,-21.869708785782848
0|5|3|1|8,2,-5.346252291020523
0|5|3|1|8,6,-6.930546638091653
0|5|3|1|8,5,-8.758179017477719
0|5|3|1|8,3,-6.601899073376648
0|5|3|1|8,4,-6.861185069169679
0|5|3|1|8,7,-7.361872540342402
2|8|3|3|7,5,-5.9395500000000006
5|8|3|3|6,1,-0.8914392855000001
1|8|3|3|5,5,-5.9395500000000006
1|8|3|3|5,7,-5.781585317443095
5|8|3|3|4,2,-7.182177154507086
2|8|3|3|3,3,-8.674110248663936
3|11|3|1|2,2,-16.2565051095
3|11|3|1|2,7,-15.484331405675473
2|11|3|1|1,4,-14.394695895
2|11|3|1|1,1,-14.13527985
2|11|3|1|1,6,-14.394695895
2|11|3|1|1,5,-14.394695895
2|11|3|1|1,3,-14.394695895
7|1|5|1|9,5,-9.447978116297838
7|1|5|1|9,6,-3.015
5|1|5|1|8,1,-13.062886155058443
1|1|5|1|7,2,-15.884114701064252
2|1|5|1|6,5,-8.133876248440377
5|1|5|1|5,4,-5.807373452264905
4|6|4|1|4,3,-16.146766095496652
4|6|4|1|4,1,-12.815962305619108
3|6|4|1|3,4,-11.228540097160938
3|6|4|1|3,6,-12.681046629463683
3|6|4|1|3,2,-15.441156760396538
4|6|4|1|2,0,-11.06107418739945
4|6|4|1|2,1,-11.975850921835951
0|6|4|1|1,2,-14.703400988550001
0|6|4|1|1,3,-14.703400988550001
0|6|4|1|1,4,-4.5
3|3|2|1|10,5,-15.30262650912185
3|3|2|1|10,7,-17.17797513803477
3|3|2|1|10,0,-17.913442930911852
3|3|2|1|10,2,-16.475030175869673
3|3|2|1|10,6,-17.54419798881092
3|3|2|1|10,1,-15.65882952961946
7|7|2|1|5,4,-10.804116849366457
7|7|2|1|5,6,-15.569240761917802
7|7|2|1|5,1,-14.896851581834945
4|9|2|1|4,1,-18.0905637897839
1|11|1|1|3,5,-10.424762924077546
5|12|1|1|2,0,-14.8309108695
5|12|1|1|2,4,-14.825800701150001
5|12|1|1|2,2,-13.585837994999999
5|12|1|1|2,6,-11.70721746165
5|12|1|1|2,3,-10.521226803744453
6|1|2|0|5,3,-29.838316300400933
6|1|2|0|5,2,-29.90488753632072
6|1|2|0|5,7,-29.390607490086758
6|1|2|0|5,5,-30.448299302115846
6|1|2|0|5,1,-30.613920032550634
6|1|2|0|5,4,-30.7464210504523
6|1|2|0|5,0,-29.795429849708267
1|4|2|1|3,6,-18.829035908189326
1|4|2|1|3,4,-18.631440268996567
1|4|2|1|3,5,-18.398862967222442
1|4|2|1|3,3,-19.653193061973127
1|4|2|1|3,2,-19.884455294565633
1|4|2|1|3,0,-18.69536184678946
1|4|2|1|3,7,-19.809598723424585
3|6|2|2|1,7,-14.5762871265
3|6|2|2|1,2,-14.703400988550001
3|6|2|2|1,6,-14.703400988550001
3|6|2|2|1,5,-14.5762871265
3|6|2|2|1,4,-14.5762871265
3|6|2|2|1,1,-14.703400988550001
3|6|2|2|1,0,-14.5762871265
4|3|3|1|6,7,-19.308801098830042
4|3|3|1|6,3,-20.75173413727827
4|3|3|1|6,5,-15.180440166279013
4|3|3|1|6,2,-20.377989704765575
4|3|3|1|6,0,-19.52700705337006
4|3|3|1|6,6,-18.823393824799627
0|4|3|1|4,5,-18.44488071091375
0|4|3|1|4,2,-17.690023743512825
0|4|3|1|4,1,-16.095146235149343
0|4|3|1|4,6,-17.56636357424867
0|4|3|1|4,7,-17.046129226562208
0|4|3|1|4,4,-15.01383174113027
0|4|3|1|4,3,-16.68305902357942
5|7|2|1|3,1,-14.66535225121963
5|7|2|1|3,3,-17.806132361416864
5|7|2|1|3,2,-18.520617411388134
5|7|2|1|3,4,-16.035762819031955
1|9|1|1|2,7,-15.157685431868115
7|10|1|1|1,6,-11.3985
4|1|3|1|10,7,-24.35064007083563
4|1|3|1|10,2,-24.765171880383274
4|1|3|1|10,0,-24.213779680028463
4|1|3|1|10,6,-24.82383691812522
4|1|3|1|10,3,-24.05802221041546
4|1|3|1|10,1,-24.989469572063918
4|1|3|1|10,5,-21.371473684352427
6|1|3|1|8,0,-20.246556782108094
6|1|3|1|8,1,-21.084296673675397
6|1|3|1|8,3,-20.448736739650617
6|1|3|1|8,5,-18.65790647660848
6|1|3|1|8,7,-21.343968278543493
6|1|3|1|8,2,-20.114868570738707
6|1|3|1|8,4,-21.1691565509103
0|4|4|1|7,5,-13.823620856477651
5|8|2|2|6,6,-13.35930914656193
5|8|2|2|6,0,-13.545165066738644
5|8|2|2|6,7,-10.822369045627925
5|8|2|2|6,1,-10.840857177789806
5|8|2|2|6,4,-13.268074655988462
6|9|2|2|5,2,-13.277440988721679
6|9|2|2|5,7,-8.834172714065408
3|11|2|1|3,1,-19.316003117106884
3|11|2|1|3,7,-16.93898007583947
3|11|2|1|3,0,-13.58480233805914
1|12|2|1|2,6,-17.618940541502113
1|12|2|1|2,3,-18.919926140335953
1|12|2|1|2,0,-18.955444404670487
1|12|2|1|2,4,-19.12765446185077
1|12|2|1|2,7,-18.66998895314282
1|12|2|1|2,2,-17.73935154340804
6|13|2|1|1,0,-14.994135268427126
6|13|2|1|1,3,-14.994135268427126
6|13|2|1|1,2,-14.994135268427126
4|5|2|1|5,0,-16.090775236157597
4|5|2|1|5,7,-15.107862801964899
4|5|2|1|5,1,-16.22464988885435
4|5|2|1|5,3,-17.52256541540281
4|5|2|1|5,2,-15.864675235962764
4|5|2|1|5,5,-7.990987557355566
0|7|2|1|4,3,-15.456488820266435
0|7|2|1|4,5,-15.320327286745751
0|7|2|1|4,1,-15.760365793454994
0|7|2|1|4,6,-13.017248798280942
3|7|2|1|3,5,-19.354444573772053
3|7|2|1|3,2,-15.37221089134739
5|7|2|1|2,2,-15.734032347583652
5|7|2|1|2,7,-16.8051381593019
5|7|2|1|2,3,-16.208301506860618
5|7|2|1|2,1,-15.919858041885629
5|7|2|1|2,0,-16.728326403271048
5|7|2|1|2,4,-16.316117338155003
5|7|2|1|2,6,-16.964008648263118
2|9|1|1|1,3,-13.7646855
2|9|1|1|1,5,-14.13527985
2|9|1|1|1,0,-13.7646855
2|1|2|1|6,6,-25.901138332075835
2|1|2|1|6,7,-25.117927323775433
2|1|2|1|6,0,-26.893639731707847
2|1|2|1|6,1,-26.051447469394315
2|1|2|1|6,4,-23.50114386653963
2|1|2|1|6,3,-25.30694973614525
2|1|2|1|6,5,-25.411127552263693
6|1|2|1|5,4,-24.334801236481848
6|1|2|1|5,1,-20.004698594330097
6|1|2|1|5,2,-23.96147092285103
6|1|2|1|5,3,-23.542944840863925
6|1|2|1|5,0,-23.770280592499603
6|1|2|1|5,5,-23.619310304041356
6|1|2|1|5,7,-23.975739150527623
1|2|2|2|2,7,-19.050085457872385
7|2|2|2|1,5,-14.5762871265
7|2|2|2|1,2,-13.235265
7|2|2|2|1,4,-13.235265
2|1|3|1|7,3,-23.214733274719226
2|1|3|1|7,6,-17.543000709961294
2|1|3|1|7,7,-19.769884707677598
2|1|3|1|7,0,-16.657836869628646
3|1|3|1|6,0,-19.7784613490768
3|1|3|1|6,6,-18.112409578423655
3|1|3|1|6,5,-18.80055566514902
3|1|3|1|6,2,-18.325333858589183
0|1|3|1|5,4,-16.775706601458605
0|1|3|1|5,5,-16.14258682244142
0|1|3|1|5,2,-17.26165825963143
0|1|3|1|5,1,-14.511656419205645
0|1|3|1|5,7,-16.73927643954937
0|1|3|1|5,3,-19.18799484854665
4|4|4|1|4,2,-20.541438707027556
4|4|4|1|4,1,-20.491308937375404
2|4|4|1|3,7,-15.856829840209087
2|4|4|1|3,1,-19.487989794325266
2|4|4|1|3,4,-20.188103732257698
7|4|4|1|2,1,-13.526528621469037
1|4|4|1|1,7,-14.950150604145598
1|4|4|1|1,4,-14.792380691985
1|1|3|1|7,5,-21.414146675146362
1|1|3|1|7,4,-19.977616648687118
1|1|3|1|7,0,-20.787885042526252
1|1|3|1|7,3,-20.717372080318444
1|1|3|1|7,2,-15.711329604053118
1|1|3|1|7,7,-19.378624057834728
5|4|3|1|6,6,-18.544395831492924
5|4|3|1|6,0,-16.317969310467827
5|4|3|1|6,4,-16.26319717607516
5|4|3|1|6,1,-16.360301218048136
5|4|3|1|6,7,-16.560210842010378
5|4|3|1|6,2,-11.381999223571409
5|4|3|1|6,3,-18.336945560869722
1|9|3|1|2,4,-18.665311120650003
1|9|3|1|2,0,-19.504397014374263
1|9|3|1|2,7,-14.695570520641573
1|9|3|1|2,3,-18.641167718872964
1|2|2|1|2,0,-19.93291811672242
1|2|2|1|2,6,-15.756614915178597
1|2|2|1|2,4,-20.412562900147666
1|2|2|1|2,2,-20.6055549692518
1|2|2|1|2,7,-20.80009416867705
1|2|2|1|2,3,-20.526381744680958
1|2|2|1|2,5,-20.277034252619366
0|2|2|1|1,6,-14.792380691985
0|2|2|1|1,2,-14.8546664843895
0|2|2|1|1,7,-14.8546664843895
0|2|2|1|1,5,-14.8546664843895
0|2|2|1|1,1,-14.8546664843895
0|2|2|1|1,3,-14.8546664843895
2|4|4|2|9,4,-6.903228073073567
2|4|4|2|9,1,-2.808061001934761
4|8|2|2|8,7,-2.0124743075199065
4|8|2|2|8,0,-7.144269840648907
4|8|2|2|8,3,-7.182382783005677
7|9|2|2|7,0,-7.028221100428472
0|11|2|1|6,4,-13.151812411756389
7|11|2|1|4,2,-17.323750620695925
7|11|2|1|4,6,-8.779330407973179
7|11|2|1|4,3,-11.487831395781248
2|12|2|1|3,5,-18.27213925551869
2|12|2|1|3,3,-17.809229915854743
2|12|2|1|3,6,-17.72155671593748
2|12|2|1|3,0,-18.934862603436592
2|12|2|1|3,7,-18.62556655046113
2|12|2|1|3,1,-17.680507676610254
2|12|2|1|1,4,-14.928786577350856
2|12|2|1|1,3,-14.928786577350856
2|12|2|1|1,6,-14.950150604145598
2|12|2|1|1,0,-14.950150604145598
2|12|2|1|1,7,-13.235265
6|1|4|0|8,3,-25.59745331784728
6|1|4|0|8,2,-24.526947793303016
3|1|4|0|7,1,-24.641244511461863
3|1|4|0|7,6,-25.541781642771525
6|7|2|1|4,4,-14.614428317009487
6|7|2|1|4,0,-15.056202156270134
6|7|2|1|4,1,-14.936957337996494
6|7|2|1|4,7,-16.06191575371713
6|7|2|1|4,2,-16.37266795933111
6|7|2|1|4,3,-13.385994288919177
6|7|2|1|4,5,-15.027969399224904
4|7|2|1|3,0,-16.145377359551606
4|7|2|1|3,6,-15.480863449439187
4|7|2|1|3,5,-15.806314530100902
4|7|2|1|3,2,-16.486781837747277
4|7|2|1|3,1,-16.628875557492748
4|7|2|1|3,7,-15.009805117294755
4|7|2|1|3,3,-11.775943202823896
5|9|2|2|1,2,-14.96510542290192
5|9|2|2|1,6,-14.950150604145598
5|9|2|2|1,4,-14.13527985
3|1|3|2|10,4,-21.968406390525086
4|4|2|1|9,5,-11.672358985406834
4|4|2|1|9,0,-13.373908164184341
4|4|2|1|9,7,-10.480275713875868
4|4|2|1|9,1,-13.718820281015137
4|4|2|1|9,6,-11.366290099136991
5|4|2|1|8,0,-17.088339420606207
5|4|2|1|8,2,-13.781331806145202
5|4|2|1|8,3,-17.64557112504128
5|4|2|1|8,6,-15.363822193620013
5|4|2|1|8,4,-7.63617141513353
5|4|2|1|8,1,-13.697938397188167
0|6|4|1|7,3,-1.2657247500000002
0|6|4|1|7,1,-2.62781217525
0|6|4|1|7,7,-5.085412925979522
3|6|4|1|6,7,-8.121879151158002
0|12|1|1|4,5,-6.840942850231336
0|12|1|1|4,4,-5.461211127941757
0|12|1|1|4,2,-5.9728511937826845
5|13|1|1|3,1,-17.772263360887727
5|13|1|1|3,6,-17.09738416784435
7|4|4|1|8,4,-10.276505808488675
7|4|4|1|8,1,-7.665576083085314
7|4|4|1|8,3,-4.4353300200094505
4|4|4|1|7,6,-14.11078761421668
6|5|4|1|6,4,-14.02642518913296
6|5|4|1|6,0,-13.19794272762417
4|5|4|1|5,1,-17.273055639646756
4|5|4|1|5,2,-16.043583868924426
4|5|4|1|5,6,-14.865780937551003
4|5|4|1|5,3,-16.380427266037735
4|5|4|1|5,0,-14.79976796043035
1|5|4|1|4,5,-15.847300722878556
7|11|2|1|2,2,-14.376443860677606
7|11|2|1|2,4,-21.534564350088907
7|4|3|2|8,5,-16.528235770789177
7|4|3|2|8,2,-17.020078581429033
5|7|4|2|7,4,-3.015
4|7|4|2|6,6,-12.694771942888114
6|7|4|2|5,2,-11.944710248652527
6|7|4|2|5,3,-9.52709085215539
6|7|4|2|5,4,-10.487652984264951
6|11|2|1|3,0,-18.50856807872529
6|11|2|1|3,1,-18.294812204050302
6|11|2|1|3,5,-15.777901522243999
6|11|2|1|3,7,-11.922742159642574
6|11|2|1|3,3,-6.25427365946137
5|3|2|1|8,1,-23.76711685857606
5|3|2|1|8,2,-22.308220155598153
5|3|2|1|8,3,-23.415336453159128
5|3|2|1|8,0,-22.04234240312332
5|3|2|1|8,7,-11.232205876051426
5|3|2|1|8,6,-23.111890552351362
5|3|2|1|8,4,-22.750498135659967
1|5|2|1|7,2,-11.663820299286073
1|5|2|1|7,6,-10.285279913952499
1|5|2|1|7,7,-10.310788521432048
1|5|2|1|7,3,-13.60578184077719
1|5|2|1|7,5,-13.28780682712285
1|5|2|1|7,4,-14.579723499401835
1|5|2|1|7,0,-2.094271864806945
2|5|2|1|6,5,-17.609640060656517
2|5|2|1|6,7,-17.042596686997683
2|5|2|1|6,6,-17.712538281872384
2|5|2|1|6,0,-17.171581957072558
2|5|2|1|6,1,-12.76758203522045
5|6|3|2|5,4,-19.362488854498984
5|6|3|2|5,3,-19.334610278145416
4|8|3|2|4,1,-16.273126642437216
4|8|3|2|4,6,-15.3319599216929
4|8|3|2|4,3,-14.467656195660375
4|8|3|2|4,7,-15.70604857423383
2|9|3|2|2,3,-15.408307059698839
2|9|3|2|2,5,-15.1841951295
3|10|3|2|1,7,-13.235265
3|10|3|2|1,6,-13.7646855
3|10|3|2|1,4,-13.235265
3|10|3|2|1,0,-13.7646855
1|2|3|1|5,2,-16.774160830919318
1|2|3|1|5,3,-19.178881573751244
1|2|3|1|5,0,-19.004381749306013
1|2|3|1|5,7,-20.659300185783927
1|2|3|1|5,4,-18.950220933283994
1|2|3|1|5,6,-18.86430689259135
1|2|3|1|5,5,-19.648329578716776
2|2|3|1|4,7,-16.95092074914832
2|2|3|1|4,4,-15.968183633169389
2|2|3|1|4,5,-19.148580710254077
7|2|3|1|3,3,-23.548786716789518
7|2|3|1|3,0,-23.41112519959822
7|2|3|1|3,6,-23.891641835332862
7|2|3|1|3,2,-18.649170204055412
4|3|2|2|4,0,-21.370382830807745
4|3|2|2|4,3,-18.398597036437213
4|3|2|2|4,7,-18.387715062048528
4|3|2|2|4,6,-20.23478068630535
4|3|2|2|4,2,-19.35466983743731
4|3|2|2|4,5,-18.974827312010643
4|3|2|2|4,1,-19.242459822856265
0|5|4|1|3,6,-17.81984153866088
0|5|4|1|3,4,-20.2060143105907
6|9|2|1|2,7,-15.025550453196963
6|9|2|1|2,4,-17.437180867426353
6|9|2|1|2,3,-15.21658866165
6|9|2|1|2,5,-16.098079633237628
6|9|2|1|2,0,-15.859237636320502
6|9|2|1|2,2,-15.171057504542832
7|9|2|1|1,5,-14.999014314564548
7|9|2|1|1,0,-14.792380691985
7|9|2|1|1,4,-14.792380691985
6|1|1|1|3,5,-14.800177707396106
6|1|1|1|3,7,-23.660720223009392
6|1|1|1|3,0,-23.721153129148117
6|1|1|1|3,3,-24.338523806175143
6|1|1|1|3,2,-23.73363522359816
6|1|1|1|3,1,-23.634130074695474
6|1|1|1|3,4,-23.60332700673071
4|1|1|1|1,6,-14.928786577350856
4|1|1|1|1,5,-14.928786577350856
7|3|1|1|10,0,-20.731396987681794
0|4|3|1|9,4,-13.053452066441055
0|4|3|1|9,2,-12.83224840666708
0|4|3|1|9,6,-10.371435633166408
0|4|3|1|9,3,-8.465500029602001
4|4|3|1|8,2,-14.685087209159258
4|4|3|1|8,3,-15.918763672979532
4|4|3|1|8,6,-15.984443058427196
2|7|3|1|7,1,-13.92992511569749
1|10|3|1|6,2,-15.144926398665657
2|10|3|1|5,5,-8.697657158079599
7|12|3|1|1,5,-14.394695895
7|12|3|1|1,4,-14.394695895
2|1|1|1|3,3,-24.784918282427824
2|1|1|1|3,5,-23.741866163721077
2|1|1|1|3,1,-23.517463429087275
2|1|1|1|3,0,-24.604065100930743
2|1|1|1|3,6,-24.09503530152538
2|1|1|1|3,7,-24.816922942413147
2|1|1|1|3,4,-23.88069190185349
2|2|1|1|1,6,-14.5762871265
2|2|1|1|1,0,-14.5762871265
5|3|3|1|5,4,-22.04472285980185
5|3|3|1|5,6,-21.388880737347034
5|3|3|1|5,1,-22.381788206975617
5|3|3|1|5,3,-15.88555045713284
1|4|4|1|3,4,-21.42983975655165
1|4|4|1|3,2,-8.71444179652185
2|4|4|1|1,7,-14.8546664843895
2|5|3|1|9,4,-9.544156470390039
1|7|3|1|7,0,-11.730859326362282
1|7|3|1|7,4,-10.660527114614272
0|8|3|1|6,4,-15.793605612265374
0|8|3|1|6,5,-0.7127852482896767
4|9|3|2|5,5,-13.964349627522836
4|9|3|2|5,1,-14.524051504662228
4|9|3|2|5,7,-14.6482314638784
5|9|3|2|4,3,-18.42091986095382
5|9|3|2|4,0,-17.262980644988424
5|9|3|2|4,4,-17.87409981345245
3|9|3|2|3,0,-16.94374915928021
3|9|3|2|3,6,-18.939706245747097
0|9|3|2|2,1,-15.553819146935401
0|9|3|2|2,3,-17.689435232111983
0|9|3|2|2,2,-17.291817646549458
0|9|3|2|2,6,-18.268097724
0|9|3|2|2,4,-18.324518823000002
0|9|3|2|2,5,-15.46154797007923
1|9|3|2|1,5,-14.703400988550001
1|9|3|2|1,2,-14.5762871265
1|9|3|2|1,4,-14.5762871265
1|9|3|2|1,7,-9.855
4|6|3|2|1,6,-14.998591877949353
4|6|3|2|1,7,-14.999014314564548
4|6|3|2|1,0,-11.3985
4|6|3|2|1,1,-11.3985
0|2|3|2|6,1,-16.016860633193858
1|2|3|2|5,3,-12.611721205668937
1|2|3|2|5,2,-12.768131333264153
1|2|3|2|5,6,-15.848100760051471
1|2|3|2|5,5,-14.578218518285544
1|2|3|2|5,7,-6.0723717650132265
3|2|3|2|4,4,-19.78959560650848
3|2|3|2|4,0,-16.052381075001314
3|2|3|2|4,7,-20.08952741707322
4|2|3|2|3,5,-21.472088769031217
4|2|3|2|3,1,-20.793906323264064
6|3|2|1|10,3,-13.992271246340735
6|3|2|1|10,5,-18.102438528471197
6|3|2|1|10,4,-16.529929278638512
6|3|2|1|10,2,-14.872581272890674
6|3|2|1|10,1,-14.794828434611425
6|3|2|1|10,7,-15.498998062873017
6|3|2|1|10,0,-14.983950945835929
5|6|3|2|6,6,-15.958914815284878
5|6|3|2|6,7,-13.21048729174252
5|6|3|2|6,3,-12.8229683248802
5|6|3|2|6,0,-13.042347078981352
5|6|3|2|6,2,-14.401900526356663
6|6|3|2|5,0,-16.661129180393736
6|6|3|2|5,7,-18.38037844667927
6|6|3|2|5,2,-17.838011806870878
6|6|3|2|5,4,-11.023725299304301
0|9|3|1|4,6,-17.563280202428306
6|10|3|1|3,1,-16.77152885878065
6|10|3|1|3,5,-16.609720069791315
6|10|3|1|3,7,-12.601891672228144
6|10|3|1|3,2,-14.80458852375381
1|3|2|2|8,5,-19.779448800738734
1|3|2|2|8,6,-19.3104927503257
1|3|2|2|8,7,-18.182320777392825
1|3|2|2|8,2,-19.73061399656647
1|3|2|2|8,3,-18.47003517504297
1|3|2|2|8,4,-14.772300111276744
1|3|2|2|8,0,-19.485366969551503
6|7|2|2|5,2,-10.801497130296545
6|7|2|2|5,7,-12.27256537046065
6|7|2|2|5,3,-11.875849563824808
2|9|2|2|4,1,-16.187175309798732
2|9|2|2|4,7,-16.18581433478095
2|9|2|2|4,3,-16.091081862677175
2|9|2|2|4,5,-16.399397650175384
2|9|2|2|4,6,-15.147594598848118
1|9|2|2|3,4,-17.802987599411917
1|9|2|2|3,6,-19.777090370627775
1|9|2|2|3,7,-18.596553422366945
1|9|2|2|3,3,-16.751552059321117
4|11|2|1|2,6,-18.43014572962224
4|11|2|1|2,1,-16.77739051595998
4|11|2|1|2,2,-16.5980159627304
4|11|2|1|2,7,-18.387605184414237
4|11|2|1|2,5,-17.78129166990795
4|11|2|1|2,3,-17.214767738791117
4|11|2|1|2,0,-17.00396359572529
0|3|3|1|6,7,-21.71962624956381
0|3|3|1|6,2,-21.973212385976563
5|3|3|1|10,6,-14.41929080823039
5|3|3|1|10,7,-15.174134449432447
6|3|3|1|9,2,-18.16736900534228
6|3|3|1|9,5,-16.07212519150451
6|3|3|1|9,7,-16.403034342425403
6|3|3|1|9,3,-16.994797521954403
6|3|3|1|9,0,-18.14172540657311
6|3|3|1|9,4,-18.5552355553433
6|3|3|1|9,1,-16.201593363563227
0|4|3|1|7,5,-10.74369816792158
4|5|3|1|4,6,-19.957000493247
4|5|3|1|4,7,-20.114016844339034
4|5|3|1|4,5,-21.768455586707415
4|5|3|1|4,3,-21.417996666337203
6|6|3|1|3,0,-14.673037345426529
6|6|3|1|3,4,-19.613411961224468
6|6|3|1|3,2,-19.230329867865834
0|6|3|1|2,3,-19.53814792463927
0|6|3|1|2,2,-18.209766376901047
0|6|3|1|2,7,-19.0586883275769
0|6|3|1|2,5,-19.08023577711365
0|6|3|1|2,6,-6.2648857833000005
3|9|2|1|1,7,-14.5762871265
3|9|2|1|1,1,-14.5762871265
3|9|2|1|1,6,-14.394695895
3|9|2|1|1,2,-14.5762871265
3|9|2|1|1,0,-14.5762871265
3|9|2|1|1,4,-14.5762871265
3|9|2|1|1,5,-14.394695895
6|2|2|1|6,3,-28.73829028783992
6|2|2|1|6,4,-21.106224162103622
6|2|2|1|6,0,-27.282601760080553
6|2|2|1|6,7,-27.260984238815038
6|2|2|1|6,2,-28.213370545332108
6|2|2|1|6,5,-27.46262662647818
6|2|2|1|6,1,-27.527218370702347
6|4|2|2|2,4,-14.54215610455207
3|2|3|2|6,2,-21.748949320720683
3|2|3|2|6,7,-23.126490606938916
3|2|3|2|6,0,-9.08653087189513
0|8|2|2|2,4,-19.6334756797485
0|8|2|2|2,2,-19.777597990809472
0|8|2|2|2,7,-19.23629039545908
0|8|2|2|2,6,-19.693602795071037
0|8|2|2|2,5,-20.020511144043205
5|4|2|1|5,2,-19.56506661473738
5|4|2|1|5,1,-20.542823172151177
5|4|2|1|5,0,-18.633195878901795
5|4|2|1|5,7,-16.26364391025816
5|4|2|1|5,3,-19.466796710850236
5|4|2|1|5,4,-18.191016581979188
5|4|2|1|5,6,-19.691861329556993
5|5|2|1|3,4,-17.807460459874058
5|5|2|1|3,7,-18.18993056150392
5|5|2|1|3,3,-17.51489393114226
5|5|2|1|3,2,-18.312229734320383
5|5|2|1|3,6,-18.46931147000376
5|5|2|1|3,0,-18.78874628755073
4|7|3|2|2,7,-18.393342157650004
4|7|3|2|2,3,-14.60551669526308
4|7|3|2|2,0,-19.15291971867725
4|7|3|2|2,6,-18.451724634721607
4|7|3|2|2,2,-18.217764385329744
4|7|3|2|2,1,-18.4598653086327
4|7|3|2|2,5,-16.83635223101291
7|7|3|2|1,3,-14.394695895
7|7|3|2|1,6,-14.13527985
7|7|3|2|1,1,-14.394695895
7|7|3|2|1,5,-14.13527985
7|7|3|2|1,4,-14.13527985
7|7|3|2|1,0,-14.13527985
7|7|3|2|1,2,-7.65
4|2|1|1|4,0,-19.62632428550649
4|2|1|1|4,2,-14.264099498398824
4|2|1|1|4,1,-21.407543033232937
4|2|1|1|4,7,-20.646967612740838
4|2|1|1|4,5,-19.500871056025115
4|2|1|1|4,3,-19.330335962039943
0|2|1|1|3,6,-20.708548148190566
0|2|1|1|3,3,-20.431935875451405
0|2|1|1|3,5,-20.827418124139626
0|2|1|1|3,1,-21.032985200344093
0|2|1|1|3,4,-20.32645487949756
0|2|1|1|3,2,-20.054184970527007
0|2|1|1|3,7,-19.952130408062015
7|2|3|2|10,2,-12.98110059167152
7|2|3|2|10,4,-11.758840874378253
7|2|3|2|10,1,-7.750092031539905
2|5|2|1|9,5,-13.091472492694788
2|5|2|1|9,6,-12.946913594423258
4|7|3|2|5,7,-13.000745883076943
4|7|3|2|5,5,-16.365799015267022
4|7|3|2|5,1,-17.775220603855484
4|7|3|2|5,2,-15.97552157095626
7|8|3|2|4,1,-17.27986012668616
7|8|3|2|4,3,-17.587925981021847
7|8|3|2|4,2,-16.962250476421517
7|8|3|2|4,5,-16.293348932763323
6|10|3|1|1,3,-14.792380691985
6|10|3|1|1,1,-14.8546664843895
6|10|3|1|1,2,-14.8546664843895
6|10|3|1|1,4,-14.8546664843895
6|10|3|1|1,7,-12.478950000000001
2|3|2|2|8,5,-18.28745522070939
2|3|2|2|8,1,-19.247102369430838
2|3|2|2|8,0,-19.179454624055182
2|3|2|2|8,3,-19.6788657184604
2|3|2|2|8,6,-15.510513131445098
2|3|2|2|8,7,-17.951108011222836
5|3|2|2|7,0,-17.951405576509394
5|3|2|2|7,6,-18.622001920546005
5|3|2|2|7,4,-17.219642846922227
5|3|2|2|7,7,-16.756520421656553
5|3|2|2|7,3,-17.572910881891378
5|3|2|2|7,2,-18.93773444158032
5|3|2|2|7,1,-17.889853234042352
3|4|2|2|5,2,-20.54150548419121
3|4|2|2|5,4,-21.206859211353947
3|4|2|2|5,5,-21.39484107169795
3|4|2|2|5,6,-22.139495335076777
3|4|2|2|5,1,-20.93247902532375
3|4|2|2|5,0,-4.601723036316769
2|4|2|2|2,1,-18.616305150000002
2|4|2|2|2,6,-17.895832002291044
2|4|2|2|2,3,-18.722277335705932
2|4|2|2|2,4,-14.74489920172725
2|4|2|2|2,7,-18.826342725609322
2|4|2|2|2,5,-19.278883546782108
0|3|4|1|8,4,-10.703728259022723
4|7|2|2|7,1,-13.934236235924462
4|7|2|2|7,5,-5.762165118840769
1|9|2|1|6,4,-11.468632936868353
1|9|2|1|6,5,-12.628630720048518
5|11|2|2|4,6,-8.740481422814108
6|11|2|2|3,4,-16.00292668714797
4|11|2|2|2,6,-15.307127488795132
4|11|2|2|2,7,-19.923980089346337
6|11|2|2|1,4,-14.394695895
6|11|2|2|1,1,-14.394695895
6|11|2|2|1,3,-14.394695895
6|11|2|2|1,0,-14.394695895
1|3|2|1|10,3,-18.962668657309603
1|3|2|1|10,6,-19.843074905509226
1|3|2|1|10,5,-18.847268087512617
1|3|2|1|10,0,-10.555185236508478
7|6|2|1|8,5,-9.703777834691268
7|6|2|1|8,0,-9.833809606694711
7|6|2|1|8,4,-10.478011154328625
5|7|2|1|7,6,-17.174468323274034
3|9|1|1|5,0,-15.828495011268785
0|10|2|1|4,7,-18.582512606536
7|12|1|1|3,1,-14.204617265893845
7|12|1|1|3,6,-14.607716940006572
7|12|1|1|3,4,-11.865159050560093
2|2|4|1|7,6,-18.181201367310564
2|2|4|1|7,1,-17.928132334669414
6|2|4|1|6,4,-14.692678386861084
6|2|4|1|6,7,-12.836951886145261
6|2|4|1|6,1,-11.138227257454648
6|2|4|1|6,0,-15.2437037217822
4|6|4|1|5,7,-12.55852494314404
4|6|4|1|5,5,-15.083570835300659
7|6|4|1|4,2,-9.156543840932843
7|6|4|1|4,6,-5.511772600034156
2|10|3|1|3,0,-24.691654910302333
2|10|3|1|3,4,-8.313443971344334
1|14|1|1|1,4,-14.928786577350856
1|14|1|1|1,7,-14.928786577350856
1|14|1|1|1,0,-14.13527985
1|14|1|1|1,6,-14.13527985
1|14|1|1|1,3,-14.13527985
1|14|1|1|1,2,-14.13527985
1|14|1|1|1,5,-14.13527985
6|2|4|2|6,0,-17.183200408029084
6|2|4|2|6,3,-12.580613756537272
0|6|3|1|5,1,-12.50593984258008
0|6|3|1|5,4,-15.750542995026002
0|6|3|1|5,6,-12.46161565022092
0|6|3|1|5,7,-14.202511494095708
0|6|3|1|5,5,-15.967307861213106
3|9|2|1|2,4,-17.57285930563308
3|9|2|1|2,1,-17.713621980855496
3|9|2|1|2,7,-17.632466180716058
3|9|2|1|2,6,-17.096205712446753
3|9|2|1|2,5,-12.860452192703253
3|9|2|1|2,2,-17.980828791954327
6|1|2|1|6,3,-27.73905320070038
6|1|2|1|6,0,-25.895374615628725
6|1|2|1|6,7,-25.58018571231736
6|1|2|1|6,2,-26.177141429900967
6|1|2|1|6,5,-26.722913370240768
6|1|2|1|6,4,-26.926174624465673
6|1|2|1|6,1,-26.31700569967613
3|1|2|1|5,2,-25.80162241712913
3|1|2|1|5,0,-25.546259108641646
3|1|2|1|5,7,-25.564366306510983
3|1|2|1|5,1,-23.772246566294807
7|1|2|1|2,5,-23.142997567581087
5|1|2|1|1,3,-14.997988397070504
7|2|2|1|4,4,-25.406792841156843
7|2|2|1|4,0,-25.603532975327756
7|2|2|1|4,5,-22.995145873443864
7|2|2|1|4,3,-23.411747583514142
7|2|2|1|4,1,-22.727319831714013
7|2|2|1|4,6,-21.911527017572375
7|2|2|1|4,2,-18.479492728967454
4|4|1|1|3,3,-8.986964546940186
4|4|1|1|3,5,-13.480390951943741
4|4|1|1|3,7,-12.209687397185245
4|4|1|1|3,1,-11.54465927510844
3|5|1|1|2,0,-13.75953965714612
3|5|1|1|2,5,-15.318953325449067
6|3|3|2|8,0,-18.006193577482506
6|3|3|2|8,5,-18.640613366755577
6|3|3|2|8,1,-2.804551067216352
4|4|3|3|6,3,-7.922738813702715
4|4|3|3|6,7,-4.375950628343838
3|7|3|3|5,4,-6.382095612950553
3|7|3|3|5,7,-6.640419053525683
3|7|3|3|5,0,-5.199478302329927
4|7|3|3|4,3,-9.43513593859382
3|7|3|3|3,6,-13.31172664358214
3|7|3|3|3,0,-12.605434417554337
6|7|3|3|2,0,-13.331326948894063
0|10|4|1|1,7,-13.7646855
0|10|4|1|1,6,-14.13527985
6|4|3|1|4,0,-19.824596490936084
6|4|3|1|4,4,-20.70939533060726
6|4|3|1|4,7,-20.16658171916605
6|4|3|1|4,5,-21.23350651551768
0|7|2|2|3,2,-18.849498154596382
0|7|2|2|3,6,-17.69901713245761
0|7|2|2|3,1,-17.04971619898998
0|7|2|2|3,4,-17.66811317561736
0|7|2|2|3,3,-17.03220400793581
0|7|2|2|3,7,-17.99865684576289
2|9|2|1|2,4,-17.3727457145985
2|9|2|1|2,6,-18.71013361195516
2|9|2|1|2,7,-17.24616237544292
2|9|2|1|2,5,-17.84645152953434
2|9|2|1|2,3,-17.46429605183595
4|11|1|1|1,5,-14.792380691985
4|11|1|1|1,2,-14.703400988550001
3|2|3|1|7,0,-21.972407370752386
3|2|3|1|7,7,-20.2636326064339
3|2|3|1|7,4,-22.439186502831838
3|2|3|1|7,2,-21.342736160905268
3|2|3|1|7,5,-18.38014711594102
3|2|3|1|7,1,-22.42400465473578
3|2|3|1|7,6,-10.544753539695252
7|7|2|2|4,3,-11.043654328194204
7|7|2|2|4,5,-15.554753569729275
7|7|2|2|4,0,-14.477481621938654
3|7|2|2|3,4,-13.365152002907275
3|7|2|2|3,6,-13.365140896458538
3|7|2|2|3,1,-15.392699220191588
3|7|2|2|3,5,-15.817949763120076
3|7|2|2|3,0,-13.198272182167067
3|7|2|2|3,2,-14.232599395663476
3|7|2|2|3,7,-13.326216614787352
4|9|2|1|2,6,-16.36095775166058
4|9|2|1|2,3,-16.993676402365786
4|9|2|1|2,7,-13.583077175524343
4|9|2|1|2,2,-10.430211759550897
6|10|2|1|1,1,-14.928786577350856
6|10|2|1|1,4,-14.898266539072651
6|10|2|1|1,5,-14.928786577350856
6|10|2|1|1,3,-14.928786577350856
6|10|2|1|1,7,-14.898266539072651
6|10|2|1|1,0,-14.898266539072651
3|2|4|2|9,7,-8.972500277003629
3|2|4|2|9,6,-11.065324098180918
3|7|3|3|7,7,-5.274184566609177
3|7|3|3|7,4,-3.015
7|7|3|3|6,1,-10.160731379803089
7|8|3|3|4,5,-8.057012350177006
5|8|3|3|3,2,-14.850073741139234
2|11|3|1|2,1,-14.60287284957735
2|11|3|1|2,5,-20.747331025928045
1|11|3|1|1,6,-14.950150604145598
1|11|3|1|1,3,-14.96510542290192
1|11|3|1|1,2,-13.7646855
6|3|2|1|2,3,-19.455930700387007
6|3|2|1|2,0,-20.415943164900916
6|3|2|1|2,2,-20.63627259531351
6|3|2|1|2,4,-19.609751189116455
6|3|2|1|2,5,-20.39936147117369
6|3|2|1|2,7,-14.024110506012793
6|3|2|1|2,1,-20.132280203111982
3|3|2|1|1,4,-14.898266539072651
3|3|2|1|1,7,-14.8546664843895
3|3|2|1|1,5,-14.8546664843895
3|3|2|1|1,1,-14.898266539072651
3|3|2|1|1,2,-14.898266539072651
3|3|2|1|1,0,-14.898266539072651
7|3|2|1|9,4,-18.656228715290947
7|3|2|1|9,5,-18.855592271620978
7|3|2|1|9,3,-18.647898175453424
7|3|2|1|9,2,-21.45069420916414
7|3|2|1|9,6,-19.150987141191326
7|3|2|1|9,1,-21.336257218421053
7|3|2|1|9,0,-19.35408070172293
4|3|2|1|4,3,-20.320409722321273
4|3|2|1|4,6,-23.215867874390906
4|3|2|1|4,7,-24.467334313024416
4|3|2|1|4,0,-23.28181115661363
4|3|2|1|4,5,-24.409668408279042
4|3|2|1|4,1,-23.73807865518898
4|3|2|1|4,2,-23.25944360733452
3|5|3|2|3,6,-18.3247174183952
3|5|3|2|3,7,-19.68924842642564
3|5|3|2|3,0,-19.717088938687155
3|5|3|2|3,5,-18.830480744317605
6|5|3|2|2,1,-15.84257211499954
6|5|3|2|2,0,-15.952239585000001
6|5|3|2|2,4,-16.22183692279742
6|5|3|2|2,5,-15.481708184673764
6|5|3|2|2,3,-17.160411090607866
6|5|3|2|2,7,-13.59938249106805
6|5|3|2|2,2,-15.830426094638987
3|5|3|2|5,6,-14.853903612985711
3|5|3|2|5,2,-16.66435152836937
3|5|3|2|5,1,-15.958962995348271
3|5|3|2|5,5,-6.904320526412102
3|5|3|2|5,0,-14.97990867828045
1|6|4|2|3,6,-14.297345222109916
1|6|4|2|3,7,-9.37238175
1|6|4|2|3,3,-8.825315669559537
6|6|4|2|2,4,-17.84123291304646
4|10|3|2|1,0,-11.3985
4|10|3|2|1,7,-11.3985
4|10|3|2|1,3,-12.478950000000001
4|10|3|2|1,5,-12.478950000000001
4|10|3|2|1,2,-12.478950000000001
4|10|3|2|1,6,-12.478950000000001
4|10|3|2|1,1,-12.478950000000001
1|4|3|1|9,0,-11.707344935312342
6|6|3|1|7,7,-13.01502058591755
6|6|3|1|7,5,-13.168847082964982
7|9|2|2|6,2,-12.42860036404597
2|9|2|2|5,7,-16.582673352788543
2|9|2|2|5,5,-16.344500859157456
2|9|2|2|5,4,-17.256528815877328
6|11|2|1|2,5,-17.05020562158549
6|11|2|1|2,3,-16.868246142094215
6|11|2|1|2,2,-17.605677654594132
6|11|2|1|2,7,-17.238504568229587
6|11|2|1|2,0,-18.254931793396747
5|13|1|1|1,0,-14.999995320397765
1|4|2|2|3,7,-20.521210137895878
1|4|2|2|3,0,-20.640687681329
1|4|2|2|3,3,-19.565216282456266
1|4|2|2|3,5,-19.799013006712634
0|7|2|2|1,5,-14.898266539072651
0|7|2|2|1,6,-14.898266539072651
0|7|2|2|1,2,-14.928786577350856
0|7|2|2|1,4,-14.898266539072651
0|7|2|2|1,1,-14.792380691985
0|7|2|2|1,3,-14.792380691985
7|1|1|1|1,3,-14.997988397070504
7|1|1|1|1,6,-14.99712628152929
7|1|6|1|10,0,-4.659876647785653
0|1|6|1|9,3,-9.347318051020398
3|7|2|2|8,7,-8.647863278113315
7|8|2|2|7,3,-11.302068925498375
7|8|2|2|7,0,-7.348343802869425
7|8|2|2|7,6,-3.260556258976745
3|8|2|2|6,4,-12.761415931209333
3|8|2|2|6,7,-16.07327710982808
4|10|2|1|5,3,-13.580187923569135
4|10|2|1|5,0,-16.151982979476628
3|11|2|1|4,4,-17.550786427851595
3|11|2|1|4,7,-15.194694353004945
3|11|2|1|4,2,-11.640052174701879
3|11|2|1|4,0,-11.056477688870473
3|11|2|1|2,5,-21.70473402931743
3|11|2|1|2,0,-21.608459417214586
3|11|2|1|2,7,-18.717697080679095
3|11|2|1|2,1,-21.353524687217107
3|11|2|1|2,6,-17.294626367802287
7|3|3|1|5,5,-19.98313870371697
7|3|3|1|5,6,-19.806896023877037
7|3|3|1|5,2,-20.168793109592613
7|3|3|1|5,1,-21.52330425554387
7|3|3|1|5,3,-21.80447649581228
7|3|3|1|5,4,-20.79729236155761
5|4|3|2|4,1,-20.92616249530856
1|7|2|2|3,2,-18.725366125591904
1|7|2|2|3,6,-16.71980688287303
1|7|2|2|3,0,-18.92328339706588
1|7|2|2|3,7,-17.053222762888787
1|7|2|2|3,4,-17.50873418354878
1|7|2|2|3,3,-16.472500937023092
5|11|3|1|1,7,-14.703400988550001
5|11|3|1|1,3,-14.703400988550001
5|11|3|1|1,0,-14.703400988550001
7|3|3|2|7,6,-12.801636554730113
7|3|3|2|7,1,-11.53478179803589
7|3|3|2|7,3,-12.791388723028888
7|3|3|2|7,2,-11.879280250139582
7|3|3|2|7,4,-11.547984861496309
7|3|3|2|7,0,-14.52079834377346
7|3|3|2|7,5,-12.723368959312737
2|6|3|2|4,4,-18.729226380060016
2|6|3|2|4,1,-18.54919753497761
2|6|3|2|4,5,-14.597571830421193
2|6|3|2|4,0,-19.34692070769775
4|9|2|1|3,5,-16.072632784784016
4|9|2|1|3,3,-19.350661689662545
5|11|1|1|2,7,-12.079074923444109
5|11|1|1|2,0,-14.369776402455
7|3|3|1|7,1,-17.530267886996064
7|3|3|1|7,3,-16.13937310388056
7|3|3|1|7,0,-20.609823605661926
7|3|3|1|7,6,-17.4416466304888
7|3|3|1|7,5,-22.657726231852614
7|3|3|1|7,4,-18.73134698396363
7|3|3|1|7,2,-19.19272023961289
1|3|3|1|6,0,-19.655675348187422
1|3|3|1|6,5,-19.81010940208641
1|3|3|1|6,2,-18.656015411817428
1|3|3|1|6,6,-17.695781596119446
1|3|3|1|6,7,-17.829354901140675
1|3|3|1|6,4,-17.630722600265713
1|3|3|1|6,3,-17.19746706301132
1|3|3|1|1,6,-14.898266539072651
1|3|3|1|1,4,-14.928786577350856
7|4|2|1|7,6,-16.76722326167964
7|4|2|1|7,4,-15.964882089446467
7|4|2|1|7,5,-15.44299196430974
7|4|2|1|7,1,-17.34154164421256
7|4|2|1|7,0,-19.22665449468711
7|4|2|1|7,3,-17.27584095186809
7|4|2|1|7,2,-11.192662488713834
4|3|2|2|6,1,-19.65034082504943
4|3|2|2|6,5,-17.562299542952278
4|3|2|2|6,0,-20.407882585529723
4|3|2|2|6,6,-19.036457125463798
4|3|2|2|6,7,-18.100632451302292
4|3|2|2|6,3,-19.992748528744578
6|6|3|1|4,7,-17.655752769206124
6|6|3|1|4,4,-9.604558574504974
6|6|3|1|4,5,-16.63486619924037
6|6|3|1|4,2,-15.570564994919254
6|6|3|1|4,3,-10.96693577471685
0|7|3|2|2,3,-18.427983830086752
0|7|3|2|2,2,-16.395225428561794
0|7|3|2|2,7,-19.303162805893503
0|7|3|2|2,6,-18.65833077815396
0|7|3|2|2,4,-16.951064911716635
0|7|3|2|2,1,-15.389945896648847
3|8|3|2|1,2,-14.792380691985
3|8|3|2|1,1,-14.8546664843895
3|8|3|2|1,4,-14.8546664843895
3|8|3|2|1,6,-14.703400988550001
3|8|3|2|1,0,-14.703400988550001
3|8|3|2|1,5,-14.792380691985
1|4|1|1|7,2,-14.000927966789803
1|4|1|1|7,0,-11.693457233701798
1|4|1|1|7,6,-12.393487482005408
1|4|1|1|7,7,-11.58792926169958
1|4|1|1|7,4,-11.870959433563588
1|4|1|1|7,3,-9.927237320546762
1|4|1|1|7,5,-6.240418864317342
2|5|3|1|6,0,-13.841398630019084
2|5|3|1|6,7,-16.108277852461132
2|5|3|1|6,1,-16.72503011331102
0|6|3|2|5,7,-15.75039021866994
0|6|3|2|5,6,-14.120547894732121
0|6|3|2|5,1,-8.141662077264256
0|6|3|2|5,5,-15.039958538252051
0|6|3|2|5,4,-16.56947756461263
0|6|3|2|5,2,-15.701115342109262
7|6|3|2|4,4,-16.03587279986254
7|6|3|2|4,2,-19.660282215186523
7|6|3|2|4,0,-20.226256768593576
7|6|3|2|4,6,-18.957809591622272
7|6|3|2|4,3,-20.006800366076014
7|3|2|2|6,0,-21.923078501981205
7|3|2|2|6,5,-17.63807397380227
7|3|2|2|6,2,-21.014724567555405
3|4|3|2|3,5,-18.51006447318403
3|4|3|2|3,0,-18.529372501589307
3|4|3|2|3,6,-17.653987870543443
5|7|3|3|2,4,-13.852959845746874
5|7|3|3|2,3,-0.8549999999999999
4|8|3|3|1,3,-13.235265
0|1|1|1|4,6,-28.31896484895733
0|1|1|1|4,3,-28.26717066069214
0|1|1|1|4,2,-28.231923734338885
0|1|1|1|4,4,-28.035889046795823
3|2|3|1|4,5,-23.362293974653504
3|2|3|1|4,2,-20.162743743893625
5|3|3|3|3,3,-3.9430126725
3|3|3|3|2,5,-16.858250734155
5|3|3|3|1,3,-14.13527985
6|1|3|1|9,4,-22.929187327626106
6|1|3|1|9,5,-21.93656002854241
6|1|3|1|9,1,-18.147254273553514
6|1|3|1|9,2,-21.756188550969675
6|1|3|1|9,7,-22.327681493853053
6|1|3|1|9,0,-22.430445065563486
6|1|3|1|9,3,-23.364036247695523
3|4|3|1|7,7,-17.404743481465804
3|4|3|1|7,4,-17.031947343632226
3|4|3|1|7,1,-16.86436692057355
3|4|3|1|7,0,-16.65557197707779
7|4|3|1|6,1,-14.657193572093687
7|4|3|1|6,6,-18.405098149424603
1|7|1|1|5,2,-11.210140726843413
1|7|1|1|5,5,-9.08524685687512
2|8|1|1|4,0,-10.382449440327996
2|8|1|1|4,5,-3.0039595502408094
0|9|1|1|3,4,-10.070580690202219
0|9|1|1|3,7,-9.990789837490087
4|10|1|1|2,1,-14.262495783804678
4|10|1|1|2,0,-16.266665145285167
7|3|2|2|5,5,-19.38073516923722
7|3|2|2|5,2,-19.948055119300797
7|3|2|2|5,6,-18.97389022577485
7|3|2|2|5,3,-18.15603974195317
7|3|2|2|5,4,-15.985317964953703
7|3|2|2|5,0,-18.633617279182275
7|3|2|2|5,1,-8.360387764604024
5|3|2|2|4,0,-18.789164160196353
5|3|2|2|4,1,-19.623369240971176
5|3|2|2|4,7,-19.109223802747728
5|3|2|2|4,4,-19.384136208405934
5|3|2|2|4,3,-18.359887627939848
5|3|2|2|4,2,-17.008345321690197
5|3|2|2|4,6,-20.594724396115243
0|3|2|2|3,1,-21.346898235772876
0|3|2|2|3,2,-22.691419100016486
0|3|2|2|3,5,-21.646203336661753
5|3|2|2|1,3,-14.703400988550001
5|3|2|2|1,4,-14.703400988550001
5|3|2|2|1,6,-4.5
4|4|4|2|6,5,-10.27477514900984
4|4|4|2|6,1,-11.714866635860288
4|4|4|2|6,7,-11.873178480235964
4|4|4|2|6,0,-9.551394459404513
5|5|4|3|5,7,-8.092663032351659
7|5|4|3|4,2,-5.262766083750001
7|5|4|3|4,0,-6.535905113015822
2|8|4|2|3,1,-9.947888203133147
2|8|4|2|3,7,-3.3409193692542
5|3|5|1|9,1,0.1955369890051265
1|3|5|1|8,7,-5.2385301504507344
7|4|5|1|7,0,-7.590645469905093
7|4|5|1|7,1,-6.133624977654285
0|5|5|2|6,3,0.9225
3|10|2|1|5,2,-16.890190836872744
3|10|2|1|5,4,-6.614528703335887
3|10|2|1|5,7,-7.420791754243383
3|12|2|1|2,4,-18.334877138310002
3|12|2|1|2,6,-18.21107913615
3|12|2|1|2,0,-16.220374901481446
3|12|2|1|2,1,-19.1140044177016
3|12|2|1|2,5,-19.439879238924405
3|12|2|1|2,7,-19.286622774629116
3|12|2|1|2,2,-18.760507110345564
0|4|1|1|9,1,-10.7621590604473
0|4|1|1|9,3,-11.787364370140022
0|4|1|1|9,4,-11.35773152144104
0|4|1|1|9,7,-11.682337273963766
5|6|2|2|7,0,-10.8978949260124
5|6|2|2|7,6,-13.440650852585172
5|6|2|2|7,1,-13.27108844587332
5|6|2|2|7,7,-11.70886877004185
0|11|2|2|4,1,-13.410817242583942
0|11|2|2|4,4,-11.350645419814681
1|12|2|2|3,3,-5.9611852800000005
1|12|2|2|3,4,-7.029727242720078
2|14|2|0|1,7,-7.7235
2|14|2|0|1,1,-8.826
2|14|2|0|1,3,-9.855
2|14|2|0|1,4,-8.862015
2|14|2|0|1,5,-7.65
2|14|2|0|1,6,-7.7235
2|14|2|0|1,0,-9.855
4|1|3|0|10,5,-30.0338722145615
4|1|3|0|10,0,-30.92931542469512
4|1|3|0|10,1,-29.356833240508877
7|5|4|1|7,3,-3.244377324902894
7|5|4|1|7,4,-5.318288070136388
3|5|4|1|6,1,-9.47803853859891
3|5|4|1|6,6,-12.942475528696058
1|5|4|1|5,0,-10.120204437585388
1|5|4|1|5,4,-11.188420267934227
1|5|4|1|5,5,-8.630480926419194
0|5|4|1|4,6,-17.956678835772404
6|6|4|1|3,0,-14.207591391882952
6|6|4|1|3,1,-16.028425094684312
6|6|4|1|3,7,-5.88931771252758
0|7|4|2|2,7,-8.203095
0|7|4|2|2,1,-12.48918845115
7|7|4|2|1,3,-12.478950000000001
7|7|4|2|1,0,-12.478950000000001
1|2|3|0|9,5,-26.425468697904527
0|5|2|1|7,7,-18.560239503231998
0|5|2|1|7,2,-11.29653261964707
0|5|2|1|7,6,-17.351940256772455
0|5|2|1|7,4,-17.007144952778898
2|6|2|1|4,6,-14.955760609127008
2|6|2|1|4,4,-16.08474577272767
2|6|2|1|4,5,-14.978578618183152
2|6|2|1|4,0,-15.203327377997818
2|6|2|1|4,3,-14.880600807448308
2|6|2|1|4,1,-17.44761944673248
0|6|2|1|1,5,-14.792380691985
0|6|2|1|1,6,-14.792380691985
0|6|2|1|1,1,-14.8546664843895
0|6|2|1|1,4,-14.703400988550001
0|6|2|1|1,2,-14.792380691985
0|6|2|1|1,3,-14.792380691985
0|6|2|1|1,7,-14.792380691985
1|7|3|2|7,3,-16.28864365147273
3|7|3|2|6,4,-18.031162301874488
4|8|3|2|5,5,-14.609537463689623
7|12|2|2|1,4,-14.5762871265
4|2|1|1|5,6,-21.958650203493807
4|2|1|1|5,7,-23.21000988208285
4|2|1|1|5,3,-22.57225333872649
4|2|1|1|5,1,-21.18751156184494
4|2|1|1|5,5,-22.232169047665195
4|2|1|1|5,0,-22.187071417373456
4|2|1|1|5,2,-21.99946331702521
6|2|1|1|4,2,-14.505578808055363
6|2|1|1|4,7,-20.366526022776018
6|2|1|1|4,4,-20.95267683406647
6|2|1|1|4,5,-20.66323230345328
6|2|1|1|4,0,-21.788229852533206
6|2|1|1|4,3,-20.51693859295346
6|2|1|1|4,1,-20.74030282397705
2|3|1|1|3,0,-17.730300354070874
2|3|1|1|3,5,-16.921731292749104
2|3|1|1|3,4,-16.422737070850587
2|3|1|1|3,1,-17.226466863088636
2|3|1|1|3,7,-17.003601452861222
2|3|1|1|3,3,-15.050678704817564
0|3|1|1|2,1,-18.24900157525697
0|3|1|1|2,3,-17.191844153032207
0|3|1|1|2,7,-14.836798686067947
1|3|1|1|1,4,-13.7646855
1|3|1|1|1,2,-13.7646855
1|3|1|1|1,3,-13.7646855
1|3|1|1|1,6,-13.7646855
1|3|1|1|1,7,-13.7646855
1|3|1|1|1,0,-13.7646855
1|3|1|1|1,5,-13.7646855
1|1|2|2|10,3,-20.8215487384381
1|1|2|2|10,6,-19.879710635749298
1|1|2|2|10,7,-19.49513202101526
1|1|2|2|10,4,-16.918286713780315
1|1|2|2|10,5,-20.660984814830016
6|5|2|2|5,3,-15.027044534832594
6|5|2|2|5,7,-16.733315846986425
6|5|2|2|5,2,-16.320973110160267
6|5|2|2|5,4,-14.903431188174807
6|5|2|2|5,0,-15.478155074082856
6|5|2|2|5,1,-15.314050499973385
6|5|2|2|5,5,-14.080671461565434
2|4|3|2|5,3,-21.502019544841968
2|4|3|2|5,0,-20.335993936616504
2|4|3|2|5,5,-19.520085892068458
2|4|3|2|5,6,-7.735782470329862
3|4|3|2|4,7,-17.4704785205181
3|4|3|2|4,2,-19.669097597532744
3|4|3|2|4,5,-18.761272874989743
3|4|3|2|4,6,-20.38229342597203
3|4|3|2|4,0,-19.44948041667154
3|4|3|2|4,4,-18.774199061137136
6|4|3|1|8,7,-12.6647774140105
1|4|3|1|6,7,-19.90886484515794
1|4|3|1|6,4,-14.348444208438222
1|4|3|1|4,5,-18.997490316141306
1|4|3|1|4,7,-18.285443514243543
1|4|3|1|4,3,-18.167430010866223
1|4|3|1|4,2,-18.49981151861985
1|4|3|1|4,0,-16.981828008989652
1|7|2|1|2,3,-17.585682097207414
1|7|2|1|2,7,-16.478881698261084
1|7|2|1|2,6,-13.385355805638886
4|5|3|2|10,2,-4.159495659475509
2|8|2|2|9,1,-3.015
2|8|2|2|9,6,-1.004576400821565
1|8|2|2|8,3,-11.561189678005832
3|10|2|1|7,7,-4.103614923939093
7|12|1|1|6,0,-3.015
7|12|1|1|6,1,-6.059737760707479
7|12|1|1|6,5,-3.4417404003173555
7|12|1|1|6,2,-4.182266312714509
7|12|1|1|6,4,-6.698668893678421
7|12|1|1|6,6,-7.845605765358611
0|12|1|1|5,4,-8.844232298945776
0|12|1|1|5,7,-8.95681675119407
0|12|1|1|5,2,-6.546867365406492
0|12|1|1|5,1,-4.5243416136225
4|13|1|1|4,2,-14.35216617190804
4|13|1|1|4,1,-16.831055363951855
4|14|1|1|2,3,-13.605259344150001
4|14|1|1|2,2,-12.76747187265
4|14|1|1|2,0,-14.099599795755001
4|14|1|1|2,7,-13.784942611200002
4|14|1|1|2,5,-13.784868635557466
4|14|1|1|2,6,-14.441106002535166
4|14|1|1|2,1,-14.030613779585181
2|3|2|2|4,3,-17.320178562025497
2|3|2|2|4,1,-20.008618080144018
2|3|2|2|4,7,-20.458441450602024
2|3|2|2|4,0,-21.249861494734755
2|3|2|2|4,4,-20.087094794226047
3|3|2|2|3,0,-16.1290206330905
3|3|2|2|3,2,-19.110475882309963
3|3|2|2|3,5,-18.255597137919292
3|3|2|2|3,1,-20.575408722022164
7|3|2|2|1,5,-14.982901657221941
7|3|2|2|1,6,-14.13527985
7|3|2|2|1,4,-14.394695895
7|3|2|2|1,0,-14.13527985
7|3|2|2|1,1,-7.65
3|1|2|1|6,7,-24.71840585516436
3|1|2|1|6,5,-24.487735891088786
3|1|2|1|6,0,-26.962491210887624
3|1|2|1|6,4,-22.612964579320565
3|1|2|1|6,6,-24.715666034656238
3|1|2|1|6,1,-26.275164297027
3|1|2|1|6,2,-24.486383358792953
7|3|5|1|5,6,-11.966790920869581
6|3|5|1|4,1,-9.712531496959787
2|8|2|2|2,4,-20.236945503257985
2|8|2|2|2,0,-20.743855145961327
2|8|2|2|2,7,-21.01495910576304
2|8|2|2|2,6,-13.92681280590299
0|1|2|2|10,1,-11.644556457377204
1|1|2|2|9,7,-19.052398564871613
1|1|2|2|9,2,-18.259470354132766
1|1|2|2|9,5,-20.07059843294912
1|1|2|2|9,0,-19.048125791698954
1|1|2|2|9,3,-4.2872030167199595
7|3|3|2|8,4,-16.78386351954485
7|3|3|2|8,1,-16.12816858461119
7|3|3|2|8,6,-16.604407467130322
4|6|2|1|7,7,-8.986243976051389
3|8|2|2|4,2,-17.401419097586622
3|8|2|2|4,4,-17.55268891988052
3|8|2|2|4,6,-18.50608210445241
3|8|2|2|4,7,-16.163948440058054
3|8|2|2|4,1,-12.526145198780195
3|8|2|2|4,5,-11.371362891679523
2|10|2|1|3,6,-19.329204390315873
0|10|2|1|1,3,-14.950150604145598
0|10|2|1|1,6,-14.928786577350856
0|10|2|1|1,1,-14.950150604145598
0|10|2|1|1,7,-11.3985
0|10|2|1|1,2,-11.3985
3|5|2|2|8,6,-11.811560298571495
3|5|2|2|8,0,-12.436246725181913
3|5|2|2|8,2,-12.856535680643397
3|5|2|2|8,7,-10.132809642639266
3|6|2|2|4,0,-19.309847034131607
3|6|2|2|4,1,-18.731422220751845
3|6|2|2|4,4,-14.18046607650052
3|6|2|2|4,2,-18.052373696700826
3|6|2|2|4,6,-18.18495518689168
0|6|2|2|3,6,-18.52417266802346
0|6|2|2|3,3,-18.858032740691158
0|6|2|2|3,5,-14.05179095575369
0|6|2|2|3,4,-18.871477861202404
0|6|2|2|3,2,-18.61600683141557
0|6|2|2|3,7,-18.712006755308433
0|6|2|2|3,1,-19.220432802993223
4|5|3|1|6,0,-16.643545130096747
4|5|3|1|6,3,-16.33194150479341
4|5|3|1|6,1,-19.21268927352691
4|5|3|1|6,2,-19.3162468158387
4|8|3|2|3,0,-18.731359291631726
4|8|3|2|3,7,-17.48667188664136
4|8|3|2|3,3,-14.47874922730036
0|2|3|1|9,3,-17.89563553299023
0|2|3|1|9,2,-19.557427485851658
0|2|3|1|9,1,-18.23388863358865
0|2|3|1|9,5,-15.246755481914992
0|2|3|1|9,7,-17.52203262810311
0|2|3|1|9,6,-20.45947254893991
0|2|3|1|9,4,-18.336674618548958
3|10|2|1|4,4,-15.268140341840269
3|10|2|1|4,5,-13.670025887369949
3|10|2|1|4,6,-13.952665366330532
3|10|2|1|4,1,-13.579778581969732
3|10|2|1|4,7,-13.527367090783041
3|10|2|1|4,0,-12.7091121548374
3|10|2|1|4,2,-13.071126758676428
7|11|2|2|2,5,-17.603470250727003
7|11|2|2|2,1,-16.583263559042397
5|13|2|1|1,0,-14.792380691985
5|13|2|1|1,6,-14.792380691985
5|13|2|1|1,3,-14.8546664843895
5|13|2|1|1,2,-14.8546664843895
5|13|2|1|1,1,-14.792380691985
7|2|4|2|5,1,-3.015
7|2|4|2|5,0,-3.5997018047289395
1|2|4|2|4,4,-4.9270499999999995
4|2|4|2|3,6,-2.5005
6|6|3|3|2,1,-10.874070215671821
1|6|3|3|1,7,-14.5762871265
4|3|1|1|5,6,-15.409858020095843
4|3|1|1|5,3,-13.857965912767458
4|3|1|1|5,2,-17.285166237648852
4|3|1|1|5,7,-16.52304038392016
4|3|1|1|5,5,-16.578953798846527
4|3|1|1|5,1,-16.204747382510917
0|6|2|1|3,5,-18.009087390611306
0|6|2|1|3,4,-17.35048414374636
0|6|2|1|3,6,-17.965953021792984
0|6|2|1|3,2,-18.911572554339553
0|6|2|1|3,7,-16.80650468012605
0|6|2|1|3,3,-18.030747086150953
0|6|2|1|3,1,-17.50059798397247
2|10|1|1|1,7,-14.13527985
2|10|1|1|1,4,-14.13527985
2|10|1|1|1,5,-13.7646855
5|4|3|1|5,1,-19.479550834654788
5|4|3|1|5,3,-19.22278181508361
5|4|3|1|5,6,-21.04794619173457
5|4|3|1|5,4,-18.953018317252976
5|4|3|1|5,2,-16.72257995014078
3|6|3|1|3,0,-17.82348535315884
3|6|3|1|3,1,-17.805138051769063
3|6|3|1|3,6,-13.627974585327125
3|6|3|1|3,7,-18.033421847125986
3|6|3|1|3,4,-12.394138483130083
3|9|2|2|1,4,-14.703400988550001
3|9|2|2|1,5,-14.703400988550001
3|9|2|2|1,7,-14.703400988550001
3|9|2|2|1,0,-14.703400988550001
3|9|2|2|1,6,-14.703400988550001
3|9|2|2|1,2,-14.5762871265
3|9|2|2|1,1,-14.703400988550001
4|4|3|1|2,2,-18.864488137083274
4|4|3|1|2,6,-19.150881142008494
4|4|3|1|2,7,-19.352985225421538
4|4|3|1|2,0,-19.00198198877578
4|4|3|1|2,5,-16.36790934635297
4|4|3|1|2,3,-18.942724721190363
1|3|4|3|9,0,-2.5961144438740957
1|3|4|3|9,5,-1.6535504679128454
0|6|5|1|8,3,0.9225
3|11|2|1|7,4,-11.816423228066114
4|11|2|1|6,2,-11.161875029070739
6|14|1|1|4,0,-12.739520971720882
6|14|1|1|4,5,-10.052445061325296
6|14|1|1|4,1,-11.164278818155307
6|14|1|1|4,3,-9.989179754839201
6|14|1|1|4,7,-11.65939787013015
0|15|1|0|3,6,-8.022826733914501
0|15|1|0|3,3,-11.9210320185
0|15|1|0|3,1,-6.0341028171255005
0|15|1|0|3,4,-6.809144912112709
0|15|1|0|3,2,3.0
7|15|1|0|1,5,-14.273635074
7|15|1|0|1,4,-14.44731498084765
7|15|1|0|1,2,-14.40074893605
7|15|1|0|1,1,-14.394695895
7|15|1|0|1,0,-14.277872202735
2|3|1|1|2,0,-16.773665155020147
2|3|1|1|2,1,-16.459379035389723
2|3|1|1|2,7,-16.164457208578543
2|3|1|1|2,5,-15.835155357399449
0|4|1|1|1,1,-14.8546664843895
0|4|1|1|1,6,-14.8546664843895
4|2|1|1|9,0,-25.641881249856894
4|2|1|1|9,6,-24.33620467305812
4|2|1|1|9,1,-25.678741603671618
4|2|1|1|9,5,-26.0506798509333
4|2|1|1|9,2,-25.815853312435326
4|2|1|1|9,7,-25.886535238253973
4|2|1|1|9,3,-25.35464133136594
0|5|2|1|2,4,-18.908957076351378
0|5|2|1|2,6,-17.90480440683
0|5|2|1|2,1,-18.255570458752516
0|5|2|1|2,5,-19.040573434893464
0|5|2|1|2,2,-17.973995917662354
0|5|2|1|2,7,-18.18669402195275
0|5|2|1|2,3,-16.42202363239195
3|2|3|2|9,4,-19.224118637094943
3|2|3|2|9,6,-18.62118039070344
0|4|3|2|6,1,-20.671050155155385
0|4|3|2|6,2,-19.284135332854746
7|8|2|1|3,3,-13.218094527897282
7|8|2|1|3,0,-13.725850782741396
7|8|2|1|3,2,-13.435415835245006
7|8|2|1|3,1,-8.607942046865428
7|8|2|1|3,5,-6.654548035560221
7|8|2|1|3,4,-10.309945735160081
4|5|3|1|5,7,-21.571105384186406
4|5|3|1|5,5,-22.682084398788973
4|5|3|1|5,3,-8.917606122150048
7|6|3|1|4,5,-19.50932634088211
7|6|3|1|4,0,-15.938453812618244
7|6|3|1|4,3,-17.86666270251499
7|6|3|1|4,4,-15.945262726647982
7|6|3|1|4,2,-16.1598587993063
5|9|2|2|3,0,-16.833312882915575
5|9|2|2|3,7,-17.201265126242014
5|9|2|2|3,2,-14.340306169662552
5|9|2|2|3,3,-16.81845553548778
5|9|2|2|3,4,-19.06010444765176
5|9|2|2|3,6,-16.689552671050336
5|9|2|2|3,1,-17.943732923769474
2|1|3|0|10,1,-26.833853537049986
2|1|3|0|10,7,-24.597311885299334
2|1|3|0|10,6,-25.303527936883714
2|1|3|0|10,3,-26.332342133480616
2|1|3|0|10,4,-19.233479375385965
2|1|3|0|10,5,-26.265538831526086
2|1|3|0|10,0,-25.306221179235955
1|1|3|0|9,4,-25.55412053791502
1|1|3|0|9,7,-27.2270514350423
1|1|3|0|9,2,-27.766166757595677
4|1|3|0|8,0,-27.285204825756487
4|1|3|0|8,3,-25.380996105406176
4|1|3|0|8,2,-26.326503856910634
4|1|3|0|8,1,-25.211420807638923
4|1|3|0|8,6,-25.34233435159198
4|1|3|0|8,5,-26.46968666752192
4|1|3|0|8,7,-26.977337844209462
0|4|3|2|7,3,-17.016437035443097
0|4|3|2|7,6,-15.629840984680358
0|4|3|2|7,2,-16.943051423456684
0|4|3|2|7,7,-15.565429964381416
0|4|3|2|7,1,-14.47939256683259
0|4|3|2|7,4,-10.067212297604907
0|7|3|1|4,4,-13.417399626612088
0|7|3|1|4,7,-10.513141421639137
0|7|3|1|4,5,-10.815743396183876
0|7|3|1|4,2,-10.998085270343543
0|7|3|1|4,3,-13.291157687407225
1|4|3|2|8,2,-15.150666490771659
1|4|3|2|8,4,-11.541070066639893
1|4|3|2|8,6,-15.352503344778071
1|4|3|2|8,5,-12.823438328446407
2|7|2|2|7,4,-12.155237875279834
2|7|2|2|7,7,-14.038217888907026
4|8|2|2|6,7,-14.523843263978108
4|8|2|2|6,5,-16.3404912469194
7|8|2|2|5,4,-13.313271712627458
7|8|2|2|5,2,-16.217858370075962
7|8|2|2|5,6,-15.643286331312012
7|8|2|2|5,0,-14.848144363622383
7|8|2|2|5,3,-15.214127972238723
7|8|2|2|5,5,-15.642664931071394
7|8|2|2|3,0,-19.311738311566526
7|8|2|2|3,5,-19.720244895819523
7|8|2|2|3,2,-19.41261542639044
7|8|2|2|3,4,-5.6263360964270746
0|10|2|1|2,7,-18.01910572852177
0|10|2|1|2,6,-19.600449025975276
0|10|2|1|2,2,-16.878241783808278
0|10|2|1|2,4,-16.84571256916029
0|10|2|1|2,5,-16.708777028537348
7|10|2|1|1,2,-14.898266539072651
7|10|2|1|1,1,-14.898266539072651
7|10|2|1|1,4,-14.898266539072651
7|10|2|1|1,5,-14.928786577350856
7|10|2|1|1,6,-14.928786577350856
7|10|2|1|1,3,-14.898266539072651
7|10|2|1|1,0,-14.928786577350856
6|1|4|1|10,5,-11.113099280607473
6|1|4|1|10,3,-14.400266178229229
6|1|4|1|10,1,-14.297476322596209
6|1|4|1|10,0,-16.258592459600475
6|1|4|1|10,2,-13.036108242776452
6|1|4|1|10,4,-15.146282572240485
6|1|4|1|10,7,-15.83455701562581
5|1|4|1|9,4,-14.630101236710376
5|1|4|1|9,3,-13.13979672320577
5|1|4|1|9,2,-13.026025081331719
5|1|4|1|9,6,-14.982300614446892
4|5|3|2|8,6,-10.51378213016164
4|5|3|2|8,7,-7.100027308074975
4|5|3|2|8,5,-8.682002078738757
4|5|3|2|8,2,-6.821792900748761
6|7|3|2|7,2,-8.587645330667655
6|7|3|2|7,5,-2.451224735245416
2|10|3|2|6,4,-3.5178397119734184
2|10|3|2|6,0,-3.015
4|10|3|2|5,1,0.5475
4|10|3|2|5,2,-2.566385536161
1|13|2|1|4,0,-11.378451617582577
1|13|2|1|4,4,-6.273067283025601
1|13|2|1|4,2,-9.06806891537509
1|13|2|1|4,5,-6.748605726598817
1|13|2|1|4,6,-5.878099942469871
7|1|2|1|3,5,-20.857321653391214
7|1|2|1|3,2,-20.04049125207239
7|1|2|1|3,0,-13.270417927596085
7|1|2|1|3,3,-19.455434077361467
7|1|2|1|3,1,-20.64620179345441
7|1|2|1|3,6,-20.983492253131256
7|1|2|1|3,4,-20.7695747869554
5|3|3|2|2,7,-17.421336727183473
5|3|3|2|2,1,-20.439302959423628
7|3|3|2|1,4,-14.13527985
7|3|3|2|1,2,-14.13527985
7|3|3|2|1,0,-7.65
7|2|2|1|2,0,-21.40799880109278
7|2|2|1|2,2,-20.13742052143195
7|2|2|1|2,5,-21.580928142446123
7|2|2|1|2,6,-22.035860471963804
7|2|2|1|2,4,-17.59289530406769
7|2|2|1|2,3,-20.965097178319105
7|2|2|1|2,1,-21.291974071300512
2|5|3|2|10,7,-5.518819168661075
5|7|3|2|8,0,-11.774063442858836
0|10|2|1|7,6,-3.653193408247577
0|10|2|1|7,1,-3.648144380982761
6|11|2|1|6,3,-15.139367796854614
6|11|2|1|6,1,-14.081411990434706
3|13|1|1|5,5,-12.588338680621666
1|14|1|1|3,5,-12.456693452701801
1|14|1|1|3,4,-12.994362870232441
1|14|1|1|3,7,-13.949057006103464
1|14|1|1|3,6,-12.328394022393217
1|14|1|1|3,2,-13.650540257650718
0|1|4|0|10,2,-16.801294372250062
0|1|4|0|10,4,-20.16167083558283
1|1|4|0|8,3,-22.181747529256143
1|1|4|0|8,4,-24.669317366842844
3|5|3|2|7,6,-13.677250829192904
3|5|3|2|7,4,-12.40813206539513
3|5|3|2|7,5,-13.694489563538754
7|6|3|2|5,4,-12.03021609681205
7|6|3|2|5,0,-13.37547954441164
7|6|3|2|5,3,-14.172874152454916
7|6|3|2|5,1,-13.851111611208232
7|6|3|2|5,6,-16.839479030781703
7|6|3|2|5,5,-11.662867975321438
7|6|3|2|5,2,-12.365171621537478
3|9|3|1|3,5,-17.964781242294194
3|9|3|1|3,1,-19.62858670082978
3|9|3|1|3,7,-19.207883210607466
3|3|7|1|10,1,-3.015
1|3|7|1|9,5,1.2975
5|10|3|1|8,2,-3.015
2|10|3|1|7,4,-4.135901790792115
4|13|1|1|6,3,-10.371303016818512
1|2|1|1|9,2,-25.735167795137905
1|2|1|1|9,4,-26.094949009421406
1|2|1|1|9,0,-25.037924269879152
1|2|1|1|9,6,-24.993423057066547
1|2|1|1|9,5,-24.840446924889044
1|2|1|1|9,7,-20.41003846256294
1|2|1|1|9,3,-25.025735769659708
1|3|2|1|3,6,-21.124732838510464
1|3|2|1|3,5,-20.191496442929633
1|3|2|1|3,2,-20.191673465069787
1|3|2|1|3,4,-20.785591816321137
1|3|2|1|3,7,-21.498023595786343
1|3|2|1|3,0,-20.75400677792147
1|3|2|1|3,3,-19.657824163614873
1|5|3|2|6,2,-16.20257160978274
2|6|3|3|5,3,-12.062997410793042
3|6|3|3|4,1,-16.46663474718644
1|7|3|3|3,5,-11.65453748552353
5|10|3|2|2,7,-16.13447550552675
5|10|3|2|2,4,-13.585991826817038
5|10|3|2|2,0,-15.129142572465001
1|4|2|2|5,6,-18.574214418305594
1|4|2|2|5,4,-20.52945062466597
1|4|2|2|5,2,-13.841409737125186
1|4|2|2|5,7,-19.11257970675729
7|9|2|2|1,1,-14.898266539072651
7|9|2|2|1,2,-14.898266539072651
7|9|2|2|1,4,-14.898266539072651
7|9|2|2|1,0,-14.8546664843895
7|9|2|2|1,6,-14.8546664843895
7|9|2|2|1,3,-14.898266539072651
7|9|2|2|1,5,-14.898266539072651
0|3|1|1|9,2,-17.327682813838447
0|3|1|1|9,4,-13.214084937126547
0|3|1|1|9,5,-18.022686560116355
0|3|1|1|9,6,-18.06584657967711
0|3|1|1|9,1,-18.209643113977954
0|3|1|1|9,3,-16.58772177733701
0|3|1|1|9,7,-18.10702290032332
7|4|1|1|7,3,-14.500002783284565
7|4|1|1|7,5,-13.35555002642011
7|4|1|1|7,6,-6.8910135462720525
5|7|3|2|5,7,-17.41139303333153
5|7|3|2|5,2,-18.804973786435887
6|11|2|2|2,0,-18.70330349141084
6|11|2|2|2,7,-18.054766976345867
6|11|2|2|2,1,-13.945546320151783
7|4|2|1|2,6,-17.661769643576132
7|4|2|1|2,4,-17.841264327516104
7|4|2|1|2,1,-17.93661470833683
7|4|2|1|2,3,-17.213531134695216
7|4|2|1|2,0,-17.096778988342848
7|4|2|1|2,5,-17.009282480149523
7|4|2|1|2,2,-15.546107071884423
6|3|2|1|6,0,-25.017012145776583
6|3|2|1|6,1,-24.733074715029993
6|3|2|1|6,7,-23.83963198221259
6|3|2|1|6,4,-23.106082333921123
6|3|2|1|6,5,-24.30139015064844
6|3|2|1|6,3,-24.356829768651036
6|3|2|1|6,2,-23.79259491113402
0|5|2|2|5,3,-16.116425675221443
0|5|2|2|5,7,-16.34205708681206
0|5|2|2|5,4,-15.3734324657651
0|5|2|2|5,2,-15.92915102544653
0|5|2|2|5,1,-15.952059275693884
3|7|2|2|4,0,-16.943718673504954
3|7|2|2|4,4,-16.453104515518127
3|7|2|2|4,5,-14.077313691975082
3|7|2|2|4,2,-15.354129838350225
3|7|2|2|4,7,-14.636991058737582
3|7|2|2|4,6,-11.06715004262166
6|9|3|3|2,0,-7.191000000000001
0|9|3|3|1,4,-11.3985
0|9|3|3|1,6,-11.3985
2|3|2|2|10,5,-16.401460115670112
2|3|2|2|10,3,-13.652716772942556
2|3|2|2|10,1,-13.370350908122631
5|4|3|2|9,3,-12.122077490062981
5|4|3|2|9,2,-11.805521578706305
5|4|3|2|9,1,-5.395246440500133
3|7|4|1|8,4,0.7865823452249999
4|11|1|1|7,0,0.219075
4|12|1|1|5,1,-10.020593282582567
4|12|1|1|5,6,-8.692306668838409
1|13|1|1|4,5,-13.67573165147311
1|13|1|1|4,3,-9.649595524498704
1|13|1|1|4,6,-10.716761928518721
5|14|1|1|3,3,-13.37722827414087
5|14|1|1|3,1,-15.750287849037361
5|14|1|1|3,2,-13.296766483874725
5|14|1|1|3,7,-15.05915524297508
3|15|1|0|2,1,-12.734774478392342
3|15|1|0|2,4,-17.389177450849616
1|15|1|0|1,6,-13.841274999
1|15|1|0|1,5,-13.902250730440393
1|15|1|0|1,0,-13.96233582
1|15|1|0|1,2,-13.962867005235001
1|15|1|0|1,7,-6.8838669786645
1|15|1|0|1,4,-7.65
6|4|3|1|9,5,-4.2542513988194965
2|5|3|1|7,7,-15.860319487688304
2|5|3|1|7,6,-13.926967116208932
2|5|3|1|7,4,-7.287734504886586
7|5|3|1|6,4,-19.56686763149051
7|5|3|1|6,1,-19.669652036369815
7|5|3|1|6,5,-16.062832522625353
7|5|3|1|6,3,-19.562892366335532
4|8|1|1|5,3,-5.578047064840035
1|3|2|2|5,2,-20.192426377367845
1|3|2|2|5,7,-20.513720155037653
1|3|2|2|5,3,-20.9855763848462
1|3|2|2|5,6,-19.117089602671644
1|3|2|2|5,4,-14.986601460047762
1|3|2|2|5,5,-20.738569238164324
1|3|2|2|5,0,-19.47727908710857
2|5|2|2|4,0,-17.619860690583227
2|5|2|2|4,6,-15.157359612455865
2|5|2|2|4,5,-17.250974425873423
2|5|2|2|4,7,-16.553556439091352
2|5|2|2|4,3,-17.251374592118374
2|5|2|2|4,1,-17.986487145557955
2|5|2|2|4,4,-16.27528708128213
0|5|2|2|3,4,-16.767888536844865
0|5|2|2|3,6,-16.83625875389333
0|5|2|2|3,3,-16.23650001468254
0|5|2|2|3,2,-17.379851733800063
0|5|2|2|3,7,-16.29208846227757
0|5|2|2|3,1,-16.267301032852252
0|5|2|2|3,5,-11.201077872430227
4|7|2|1|2,6,-18.09847826285855
4|7|2|1|2,7,-14.350073353772503
4|7|2|1|2,2,-6.313915415805001
5|3|3|2|5,6,-16.711349582505573
5|3|3|2|5,3,-17.591739566752295
5|3|3|2|5,1,-16.48984545998305
6|3|3|2|4,4,-18.964650890432928
6|3|3|2|4,2,-15.992764030176165
6|3|3|2|4,3,-18.60005537331222
6|3|3|2|4,5,-17.65074129883207
3|6|2|2|2,0,-19.13786558879325
3|6|2|2|2,7,-19.295734489550416
3|6|2|2|2,4,-19.698332931773162
3|6|2|2|2,1,-19.34414593217516
3|6|2|2|2,2,-18.259958446107287
3|6|2|2|2,6,-19.01499231551503
3|6|2|2|2,5,-18.705136495833518
0|8|2|2|1,1,-14.991621812038751
0|8|2|2|1,6,-14.988031160055359
0|8|2|2|1,5,-14.5762871265
0|8|2|2|1,2,-14.5762871265
0|8|2|2|1,7,-14.5762871265
0|8|2|2|1,4,-14.394695895
7|3|1|1|6,3,-19.02928063848639
7|3|1|1|6,4,-19.291914654834272
7|3|1|1|6,6,-15.355256215504303
7|3|1|1|6,2,-20.19666178512007
7|3|1|1|6,1,-18.787174315645682
3|4|1|1|5,0,-16.840041822603318
3|4|1|1|5,5,-16.464203955712094
3|4|1|1|5,4,-14.676632628290601
3|4|1|1|5,2,-15.114033761554921
5|2|3|1|3,7,-19.81009740274944
5|2|3|1|3,3,-20.928081420320897
5|2|3|1|3,6,-19.883152059377252
5|2|3|1|3,2,-19.338541410849896
5|2|3|1|3,4,-19.934701040648154
5|2|3|1|3,1,-19.580621349541936
7|5|3|2|2,2,-17.640502624585064
7|5|3|2|2,0,-17.353890227304273
7|5|3|2|2,6,-17.304732469533437
7|5|3|2|2,4,-9.769893570172734
3|3|3|2|8,2,-11.784008976551526
3|3|3|2|8,5,-10.234193553864111
3|3|3|2|8,4,-9.41143649168792
3|3|3|2|8,1,-12.060428147472953
3|3|3|2|8,6,-10.187891555902686
3|3|3|2|8,0,-10.389234987327782
2|3|3|2|7,6,-16.025340405622767
2|3|3|2|7,3,-15.161080801225104
2|3|3|2|7,5,-15.518025185210835
6|3|3|2|6,7,-15.07943728820333
6|3|3|2|6,0,-17.015876749191023
6|3|3|2|6,1,-15.724410972193574
6|3|3|2|6,3,-12.5565626992378
6|3|3|2|6,2,-17.525432365594614
3|3|3|3|1,4,-4.5
3|8|2|2|8,6,-4.973205249111146
3|8|2|2|8,4,-8.457313427326126
6|8|2|2|7,3,-9.290725360722162
6|8|2|2|7,4,-10.426322350228302
5|11|2|2|3,6,-20.04992757498857
4|14|2|0|1,1,-10.6782
4|14|2|0|1,7,-9.560265000000001
2|2|2|2|10,1,-17.442067613086103
2|2|2|2|10,0,-12.473900424398908
1|4|2|2|9,3,-14.621352577866647
1|4|2|2|9,4,-9.999136641967885
1|4|2|2|9,7,-12.737561742286736
3|4|2|2|8,2,-15.250593852269395
3|4|2|2|8,5,-17.087832746594508
3|4|2|2|8,6,-17.393167131629205
3|4|2|2|8,0,-17.17123995467577
3|4|2|2|8,7,-10.409053185635774
3|4|2|2|8,1,-13.350556043867815
3|4|2|2|8,4,-10.275193355861525
1|6|2|2|3,5,-18.29585130066739
1|6|2|2|3,0,-20.134242132692464
1|6|2|2|3,6,-18.609665997639276
1|6|2|2|3,2,-18.696044514245912
1|6|2|2|3,7,-19.51984026166634
1|6|2|2|3,3,-17.872518754589176
1|6|2|2|3,4,-16.684038129102643
0|6|2|2|1,5,-14.792380691985
0|6|2|2|1,1,-14.8546664843895
0|6|2|2|1,7,-14.8546664843895
0|6|2|2|1,2,-14.792380691985
0|6|2|2|1,6,-14.8546664843895
2|2|1|1|4,5,-24.405434637395874
2|2|1|1|4,0,-23.47446753720635
2|2|1|1|4,3,-22.10638478762896
2|2|1|1|4,1,-21.25842637750837
5|3|3|1|3,7,-16.839143803868637
5|3|3|1|3,3,-19.281510966586506
5|3|3|1|3,2,-19.093827771206566
5|3|3|1|3,6,-18.787083321681067
5|3|3|1|3,1,-18.926513298767645
2|2|1|1|10,4,-23.947982865645074
2|2|1|1|10,3,-25.195563548151092
2|2|1|1|10,7,-23.256567237799583
2|2|1|1|10,0,-24.56658429031065
2|2|1|1|10,6,-21.735139563627815
2|2|1|1|10,5,-24.3830293994144
2|2|1|1|10,1,-23.635200273791877
4|3|1|1|9,1,-9.683275641690113
4|3|1|1|9,3,-17.7686600169567
4|3|1|1|9,7,-6.569366996600975
3|4|1|1|6,6,-14.30105894710411
3|4|1|1|6,5,-10.960128415693015
7|6|3|2|3,1,-20.47199746688952
7|6|3|2|3,0,-17.301725995477746
1|9|2|2|2,0,-20.64460865497211
1|9|2|2|2,3,-20.7950358413008
1|9|2|2|2,7,-12.977628447469083
7|1|4|1|10,1,-16.144979286725597
7|1|4|1|10,6,-15.702860765619564
7|1|4|1|10,3,-11.14777456738324
7|1|4|1|10,0,-14.94981133453585
7|1|4|1|10,2,-11.327321157108395
7|1|4|1|10,5,-6.608243533799231
1|1|4|1|9,2,-14.359221403183534
1|1|4|1|9,4,-15.011155689317192
1|1|4|1|9,6,-15.87194025040718
2|1|4|1|8,6,-11.462930492939751
2|1|4|1|8,7,-12.702648623833653
2|1|4|1|8,1,-10.651224609182046
2|1|4|1|8,3,-13.370585769908862
2|1|4|1|8,0,-12.327785134543053
6|1|4|1|7,3,-9.225968796039497
6|1|4|1|7,2,-10.061643712161493
6|1|4|1|7,1,-11.48652757651451
6|1|4|1|7,5,-10.358509839921398
6|1|4|1|7,4,-11.412814458518687
2|8|2|2|1,1,-14.5762871265
2|8|2|2|1,3,-14.5762871265
2|8|2|2|1,6,-14.703400988550001
2|8|2|2|1,4,-14.5762871265
2|8|2|2|1,7,-14.5762871265
2|8|2|2|1,5,-14.5762871265
2|8|2|2|1,0,-14.703400988550001
1|4|2|1|4,3,-20.747116784994734
1|4|2|1|4,4,-19.510555178468955
1|4|2|1|4,7,-20.408991630508336
1|4|2|1|4,2,-19.98024661768383
1|4|2|1|4,0,-20.45044928409464
1|4|2|1|4,5,-21.128388135372354
1|4|2|1|4,6,-16.688135657109473
2|7|2|2|2,0,-19.07380584862981
2|7|2|2|2,5,-14.078938712045844
2|7|2|2|2,3,-17.34179082162922
2|7|2|2|2,6,-17.560597447011933
2|7|2|2|2,4,-18.983853558622975
2|7|2|2|2,7,-17.710388245986362
2|7|2|2|2,1,-17.508031453644616
6|5|4|1|1,3,-14.792380691985
6|5|4|1|1,4,-14.703400988550001
7|3|2|2|9,1,-17.371834386367684
7|3|2|2|9,0,-12.241013617112309
1|5|2|2|8,5,-9.956849294937426
1|5|2|2|8,3,-11.900624169777164
1|5|2|2|8,6,-9.769597275363337
5|7|2|2|7,2,-8.943864166089043
5|7|2|2|7,4,-11.133219476322134
5|7|2|2|7,0,-10.643393514555138
5|7|2|2|7,7,-9.266118205964876
2|9|3|1|6,6,-4.451621594632647
2|9|3|1|6,3,-8.006932336927903
6|12|2|1|5,7,-13.704027913042205
6|12|2|1|5,3,-17.20511267149183
4|12|2|1|3,0,-17.465805339122944
4|12|2|1|3,2,-17.842626812710876
4|12|2|1|3,6,-17.7391697085272
4|12|2|1|3,7,-15.513961991291177
4|12|2|1|3,1,-18.87555223851909
4|12|2|1|3,3,-17.562633817716385
0|14|1|1|2,1,-17.808671608503218
0|14|1|1|2,4,-17.817686931
0|14|1|1|2,6,-18.88869692745318
4|3|3|1|10,7,-11.980482014716253
4|3|3|1|10,5,-15.753750360980774
7|4|3|1|9,3,-13.531988886240688
3|5|3|3|8,2,-5.523408676232473
2|8|4|1|7,6,-5.242642308606752
6|12|1|1|6,0,-8.421850608907521
0|13|1|1|5,1,-8.766397368135
0|13|1|1|5,4,-8.712967808740364
0|13|1|1|5,2,-6.973313414579835
0|13|1|1|5,7,-10.766020948363908
3|14|1|1|3,2,-16.14801295752394
3|14|1|1|3,0,-18.001811193570717
3|14|1|1|3,1,-15.014054835378099
2|14|1|1|2,5,-17.79515005490484
2|14|1|1|2,3,-17.608041229285952
2|14|1|1|2,1,-18.106164780025058
2|14|1|1|2,7,-15.844449843474465
2|14|1|1|2,6,-18.063438885
2|14|1|1|2,4,-17.624744169208498
1|2|4|1|7,7,-8.784702854378088
7|6|4|3|6,6,-3.390407858068387
6|10|3|3|5,1,0.5475
1|13|3|0|4,6,0.8895
6|13|3|0|3,2,-0.915
7|2|3|2|6,4,-15.842723917493242
7|2|3|2|6,2,-16.466177332891363
7|2|3|2|6,5,-14.122220875351669
7|2|3|2|6,3,-15.80450732891165
0|7|2|2|4,5,-15.20514581572105
0|7|2|2|4,7,-17.643602288532172
0|7|2|2|4,4,-19.020043411356887
0|7|2|2|4,6,-18.132712608278965
0|7|2|2|4,1,-17.10967886024413
0|7|2|2|4,2,-3.8240813719471576
7|9|2|2|2,3,-15.890541356792426
7|9|2|2|2,5,-19.233440067742688
7|9|2|2|2,2,-18.70577678077191
7|9|2|2|2,0,-13.256756511641514
7|9|2|2|2,1,-12.39346318727431
7|9|2|2|2,6,-13.821867925733464
6|3|3|2|7,2,-15.276544702266346
6|3|3|2|7,7,-16.550393406813708
6|3|3|2|7,0,-17.6924561498625
2|6|2|2|6,4,-11.066320428256438
2|6|2|2|6,6,-9.897030908189127
2|6|2|2|6,5,-13.994552649603683
2|6|2|2|6,7,-7.61951351183892
2|6|2|2|6,1,-7.910925618944872
4|8|2|1|5,7,-13.596346284515903
7|10|2|1|4,6,-12.858044132268784
5|5|2|2|10,1,-3.296788922852988
5|5|2|2|10,0,-3.3910054963374354
1|7|3|2|9,0,-4.360622493173542
0|8|3|2|8,4,-3.9377844536909072
4|11|2|2|7,6,-2.763
6|13|2|1|6,3,-5.18565
3|13|2|1|5,7,-7.1772126664149
3|13|2|1|5,6,-8.484697181397623
3|13|2|1|5,1,-8.309870906262379
3|13|2|1|5,2,-9.86782618108304
7|15|1|0|4,3,-14.914004839163338
7|15|1|0|4,1,-16.242998552461863
5|8|1|1|2,1,-14.72504925429585
5|8|1|1|2,0,-9.7080005595
5|8|1|1|2,3,-7.27041789165
1|9|3|1|1,7,-14.999997706994906
1|10|2|1|3,0,-13.59292445363346
1|10|2|1|3,6,-18.343943261415266
1|10|2|1|3,5,-18.07990830197934
1|10|2|1|3,3,-9.875490176855175
1|10|2|1|3,4,-12.844471138812963
0|12|1|1|2,3,-16.0792696603131
0|12|1|1|2,7,-17.4238128849135
3|13|1|1|1,5,-14.975573796031343
3|13|1|1|1,4,-14.982901657221941
3|13|1|1|1,1,-14.96510542290192
3|13|1|1|1,6,-14.5762871265
3|13|1|1|1,0,-13.7646855
1|3|3|2|9,4,-16.05269256961352
1|3|3|2|9,5,-7.978733647111345
1|3|3|2|9,6,-13.270722384750144
4|5|3|1|8,6,-12.367234393683079
4|5|3|1|8,2,-14.927584530870128
4|5|3|1|8,7,-15.304344084649347
6|8|2|1|7,1,-11.316713321569654
6|8|2|1|7,3,-5.359923660511609
2|12|1|1|5,0,-5.788101453961129
2|12|1|1|5,4,-5.430695306640151
2|12|1|1|5,5,-2.682505679438396
4|3|3|1|9,5,-16.76928430282932
4|3|3|1|9,1,-14.801150382871468
4|3|3|1|9,3,-17.156480689335208
4|3|3|1|9,7,-15.489057385272051
4|3|3|1|9,0,-8.723289733369718
5|6|3|1|8,0,-9.757793421241608
5|6|3|1|8,1,-7.3815053005083
0|7|3|2|7,2,-15.617090150477432
2|10|2|1|6,6,-12.3925717071754
6|10|2|1|5,0,-14.056869798475812
6|10|2|1|5,1,-17.695119801378233
5|10|2|1|2,3,-19.36791320255604
5|10|2|1|2,0,-19.04013183889533
5|10|2|1|2,4,-20.24223861250943
3|2|3|0|7,1,-21.34081510150898
3|2|3|0|7,6,-20.129151089882853
3|2|3|0|7,7,-20.500933023695943
1|8|2|2|4,3,-18.15741899748953
1|8|2|2|4,4,-9.71491819801293
1|8|2|2|4,2,-17.164126288107784
1|8|2|2|4,6,-16.721151561213077
1|8|2|2|4,5,-18.614501691677855
1|8|2|2|4,7,-16.955384014532115
1|8|2|2|4,0,-20.22023964853333
3|10|2|2|3,4,-18.0138902079882
3|10|2|2|3,0,-18.459495533416778
3|10|2|2|3,6,-14.493023497047826
3|10|2|2|3,7,-16.122792904932858
3|10|2|2|3,5,-15.804172373197925
0|7|2|2|2,1,-17.91862172493654
0|7|2|2|2,3,-20.711453020879105
0|7|2|2|2,6,-21.055990147062595
3|1|3|1|9,5,-21.273687936889107
3|1|3|1|9,7,-21.316347938354756
3|1|3|1|9,6,-22.602058559230947
3|1|3|1|9,4,-21.127797169284907
3|1|3|1|9,2,-20.375711075843284
3|1|3|1|9,1,-18.59064309593829
3|1|3|1|9,0,-21.177324709332645
3|4|3|1|3,0,-17.950043097443682
3|4|3|1|3,5,-20.257908910139548
3|7|3|2|1,7,-14.792380691985
3|7|3|2|1,4,-14.703400988550001
3|7|3|2|1,6,-14.792380691985
3|7|3|2|1,5,-14.792380691985
3|7|3|2|1,0,-14.792380691985
3|7|3|2|1,1,-14.792380691985
3|7|3|2|1,2,-14.394695895
1|1|2|0|4,4,-28.48113537326212
1|1|2|0|4,7,-29.21333420776577
1|1|2|0|4,0,-19.318665840302543
1|1|2|0|4,5,-28.21283979469952
6|4|2|1|2,0,-20.542289366596606
6|4|2|1|2,2,-21.20233403987481
6|4|2|1|2,7,-21.411459969430744
6|4|2|1|2,4,-20.801060129922497
7|1|2|2|10,2,-16.589703594667156
7|1|2|2|10,1,-14.143952554957483
7|1|2|2|10,0,-17.675748744171518
7|1|2|2|10,3,-16.846553477295835
3|8|2|1|5,0,-13.337956253166716
3|8|2|1|5,5,-4.9887809524075575
0|8|2|1|4,5,-19.00095869442481
0|8|2|1|4,6,-19.565419468763544
0|8|2|1|4,2,-14.009139677272836
0|8|2|1|4,3,-14.869390079024178
0|8|2|1|4,7,-11.225064081867268
0|8|2|1|4,4,-11.846121034048103
5|10|1|1|3,0,-18.012514825001247
0|10|1|1|2,6,-14.044167571777015
0|10|1|1|2,2,-9.131184953105402
6|10|1|1|1,1,-11.3985
6|10|1|1|1,4,-12.478950000000001
0|2|5|1|10,3,-5.353680354680489
3|7|4|1|9,0,-0.5208000000000002
0|8|4|1|8,1,-5.139301819622933
1|8|4|1|7,6,-6.815733447601573
7|13|1|1|4,2,-15.313649651461926
4|2|2|1|9,7,-30.061300271107093
4|2|2|1|9,3,-29.817115950797884
4|2|2|1|9,2,-28.892254891628955
4|2|2|1|9,5,-29.15357780482013
4|2|2|1|9,1,-29.95136145574566
4|2|2|1|9,6,-28.697001193826495
4|2|2|1|9,0,-28.63583594191214
7|3|2|1|8,0,-24.44972232742678
7|3|2|1|8,4,-24.851279857583258
7|3|2|1|8,5,-12.620906550793391
7|3|2|1|8,2,-25.95317215745787
7|3|2|1|8,6,-24.98774378692077
6|4|2|1|3,1,-19.335628302426244
6|4|2|1|3,3,-20.644221165850983
6|4|2|1|3,4,-19.728671345577794
6|4|2|1|3,7,-18.156536925886904
6|4|2|1|3,2,-18.39515537154349
6|4|2|1|3,5,-18.079460754772477
6|4|2|1|3,0,-18.659597878886302
1|6|4|1|2,7,-11.50262860066741
7|7|4|1|1,3,-14.703400988550001
1|1|4|2|10,7,-6.580151504252824
1|1|4|2|10,3,-8.49056026647481
7|5|3|1|9,6,-6.176872982942464
6|6|3|1|8,2,-19.47596678189527
2|9|1|1|7,3,-4.58533368902832
3|10|1|1|6,4,-6.021980920730638
5|12|2|1|4,2,-13.29587532573789
5|12|2|1|4,1,-14.22159986801279
5|4|4|2|3,0,-14.732824740363894
5|4|4|2|3,7,-12.354996336652217
0|4|4|2|2,3,-12.653375712720681
3|4|4|2|1,7,-11.3985
3|4|4|2|1,1,-11.3985
3|4|4|2|1,6,-9.855
5|3|1|1|10,0,-13.379606869427821
5|3|1|1|10,3,-13.059907628613631
3|4|1|1|8,2,-11.693117453794573
3|4|1|1|8,6,-9.754255260042886
3|4|1|1|8,5,-8.19848383543695
3|4|1|1|8,0,-6.932347661223987
3|4|1|1|8,1,-8.281219488756754
3|4|1|1|8,7,-5.9045942570541765
7|6|3|1|6,5,-16.037249401190774
7|6|3|1|6,6,-15.920673539272558
7|6|3|1|6,4,-13.14949862774419
7|6|3|1|6,1,-15.338450435819666
7|6|3|1|6,2,-14.758954748483866
5|7|3|1|5,2,-10.577656250995476
5|7|3|1|5,4,-10.220878476985808
5|7|3|1|5,7,-12.473297537941914
5|7|3|1|5,1,-9.53940924888518
2|7|3|1|4,0,-14.813718825827845
2|7|3|1|4,4,-13.368786495640482
2|7|3|1|4,7,-12.080192810688134
2|7|3|1|4,5,-11.60161282879348
7|3|2|1|4,0,-24.213780694334545
7|3|2|1|4,4,-24.816742108616868
7|3|2|1|4,2,-23.94002998961127
7|3|2|1|4,1,-24.289319327459488
7|3|2|1|4,3,-23.120004085023258
7|3|2|1|4,6,-24.20444537043049
7|3|2|1|4,5,-24.02645912210383
3|4|3|1|1,5,-14.5762871265
3|4|3|1|1,2,-14.5762871265
3|4|3|1|1,4,-14.394695895
3|4|3|1|1,1,-14.5762871265
2|5|2|2|6,0,-16.16805127722155
2|5|2|2|6,7,-17.05530495285031
2|5|2|2|6,4,-15.493383956770698
2|5|2|2|6,6,-15.968273241607944
0|7|4|1|5,4,-8.006099848714541
4|8|4|1|4,7,-7.308409232945996
4|8|4|1|4,0,-9.725000965755852
4|8|4|1|4,1,-10.270560839477895
4|12|2|1|2,5,-16.40115184516929
4|12|2|1|2,1,-16.928446201501934
4|12|2|1|2,7,-16.18948149606
4|12|2|1|2,2,-15.151766501441067
4|12|2|1|2,3,-18.19182487687533
4|12|2|1|2,0,-17.399253580285016
4|12|2|1|2,6,-17.171116839000003
3|3|1|1|9,7,-16.04714275959079
3|3|1|1|9,2,-15.474598391162921
3|3|1|1|9,4,-14.199596755699927
3|3|1|1|9,6,-15.571242525164976
3|3|1|1|9,0,-16.82622874116049
3|3|1|1|9,1,-16.31445426687281
6|7|3|2|3,3,-19.850071965343695
6|7|3|2|3,4,-14.617454139492475
0|2|1|1|4,2,-19.160943018508284
0|2|1|1|4,1,-21.480528213229938
0|2|1|1|4,3,-20.854415511972036
0|2|1|1|4,4,-17.399785067776417
0|2|1|1|4,6,-20.81936915213411
0|2|1|1|4,7,-19.07541660577243
0|2|1|1|4,5,-19.188041108046804
2|1|2|1|2,5,-18.763195898047687
2|1|2|1|2,4,-19.34880699561356
0|2|4|1|10,2,-14.475329902912787
0|2|4|1|10,5,-9.021856196817946
0|2|4|1|10,7,-11.87473394642295
0|2|4|1|10,4,-12.991459345290822
0|2|4|1|10,3,-10.247487662505257
2|3|4|1|9,6,-9.960472880937083
2|3|4|1|9,4,-13.677403258966875
6|7|3|1|8,0,0.1658581829944506
6|7|3|1|8,4,-3.7015268519253866
0|10|2|2|7,4,-10.056489979358371
0|10|2|2|7,3,-6.649777237973301
4|12|2|1|6,7,-11.603709388467779
7|12|2|1|5,1,-14.186683886505879
7|12|2|1|5,6,-9.526759234098424
7|12|2|1|5,5,-14.170373496754891
1|12|2|1|4,5,-16.51640655623133
1|12|2|1|4,6,-18.139072032987023
1|12|2|1|4,2,-18.147283008623354
1|12|2|1|4,4,-18.62818800320751
5|13|2|1|3,3,-17.20455875828735
5|13|2|1|3,0,-18.528262150221902
5|13|2|1|3,2,-17.02013475817666
5|13|2|1|3,7,-18.998859909779203
5|13|2|1|3,6,-16.536375131130498
4|15|1|0|1,6,-14.496426502350856
4|15|1|0|1,1,-9.453507965500108
4|15|1|0|1,2,-14.5762871265
4|3|3|1|5,0,-19.881851213493935
4|3|3|1|5,1,-20.517945189971375
4|3|3|1|5,6,-20.606881106220765
4|3|3|1|5,3,-21.111372031594144
4|3|3|1|5,5,-20.646226859581684
4|3|3|1|5,7,-21.917708509056435
4|3|3|1|5,2,-20.387196127823458
6|7|2|1|2,7,-16.313159679024512
6|7|2|1|2,3,-15.352297258558501
6|7|2|1|2,5,-14.760049313630027
6|7|2|1|2,4,-15.185797220819833
6|7|2|1|2,0,-18.272494622196326
6|7|2|1|2,2,-16.293405021416707
6|7|2|1|2,1,-16.28410121779764
6|1|2|1|2,2,-15.229504658218914
4|1|2|1|3,2,-20.661230390252076
4|1|2|1|3,6,-20.89812529016928
4|1|2|1|3,5,-22.248624389597015
4|1|2|1|3,7,-21.708318402001424
4|1|2|1|3,3,-20.556271291019918
4|1|2|1|3,0,-20.799771442116054
4|1|2|1|3,1,-21.67332614204967
3|4|3|2|1,4,-14.13527985
3|4|3|2|1,7,-14.13527985
3|4|3|2|1,0,-14.13527985
3|4|3|2|1,2,-14.13527985
3|4|3|2|1,1,-11.3985
3|4|3|2|1,5,-9.855
6|2|4|2|10,3,-6.210315063815413
6|2|4|2|10,2,-5.56316094947174
7|2|4|2|8,2,-13.563603540927122
2|6|2|2|7,4,-13.728942627620064
2|6|2|2|7,1,-14.848488644323643
2|6|2|2|7,0,-12.46058386750678
4|8|3|2|6,1,-16.12329973155112
4|8|3|2|6,0,-17.333218661822798
1|11|3|1|5,5,-12.142556386256434
1|11|3|1|5,3,-7.535738258916915
5|14|1|1|4,4,-10.83318385896405
5|14|1|1|4,1,-12.528286181387351
4|15|1|0|3,2,-11.954277231912513
4|15|1|0|3,1,-12.602632473774495
4|15|1|0|3,6,-2.7308673456606547
4|15|1|0|3,0,-12.10288762106445
2|15|1|0|2,7,-18.44450049579819
2|15|1|0|2,4,-18.668325350335948
2|15|1|0|2,3,-13.352211366063306
2|15|1|0|2,6,-17.814599100174632
7|2|3|0|7,3,-8.452556722296167
3|2|3|0|6,1,-20.843501900671225
0|1|3|1|10,7,-22.271327498240165
0|1|3|1|10,1,-25.089184009576975
0|1|3|1|10,2,-23.862626326317375
0|1|3|1|10,4,-23.973669482603515
0|1|3|1|10,3,-24.44807008738389
0|1|3|1|10,5,-23.988648390374607
0|1|3|1|10,6,-24.185649446200983
0|1|3|1|7,1,-21.459388282470876
0|1|3|1|7,6,-20.828730241749376
0|1|3|1|7,2,-21.465356022317383
5|2|3|2|4,2,-12.545708529320187
3|3|2|1|3,4,-22.935762102105972
3|3|2|1|3,2,-22.724762262342555
3|3|2|1|3,1,-23.129977809162938
3|3|2|1|3,5,-17.781133824246677
4|5|3|3|2,0,-14.819454241869312
1|3|1|1|6,0,-18.179519225304976
1|3|1|1|6,4,-17.53499251072786
1|3|1|1|6,7,-17.71163096813276
1|3|1|1|6,2,-17.44195766321149
1|3|1|1|6,3,-17.801280222680706
1|3|1|1|6,5,-17.82641566446412
1|3|1|1|6,6,-17.843432298602153
6|4|1|1|2,2,-15.167563090708754
6|4|1|1|2,3,-16.54046397291083
6|4|1|1|2,7,-15.613118119440166
2|5|1|1|1,1,-13.235265
2|5|1|1|1,4,-13.235265
2|5|1|1|1,6,-13.235265
2|5|1|1|1,7,-7.65
0|4|1|1|6,4,-13.516478184407951
0|4|1|1|6,2,-12.673699397049933
0|4|1|1|6,7,-12.067241442692724
0|4|1|1|6,3,-14.575554940136383
7|6|2|2|3,4,-17.609795682262682
7|6|2|2|3,3,-18.171375477466412
7|6|2|2|3,0,-18.341504990610918
7|6|2|2|3,2,-17.359484782855812
7|6|2|2|3,1,-14.509475080650308
4|6|2|2|6,3,-13.661919508392543
4|6|2|2|6,2,-13.487721056948281
4|6|2|2|6,7,-11.904865056155046
4|6|2|2|6,0,-12.313500722585228
4|6|2|2|6,6,-15.052205903438493
4|6|2|2|6,1,-11.073118756321328
6|3|3|1|8,3,-17.631753355962903
6|3|3|1|8,5,-14.646911937110222
6|3|3|1|8,7,-17.454907656930878
6|3|3|1|8,2,-9.327956462053406
2|10|2|2|4,3,-14.155314084275432
2|10|2|2|4,4,-15.969215490053687
2|10|2|2|4,5,-12.536882570319346
4|3|2|2|2,5,-16.997009120114633
4|3|2|2|2,6,-17.05811548099095
4|3|2|2|2,3,-17.495640237661316
5|4|2|2|1,6,-14.792380691985
5|4|2|2|1,3,-14.8546664843895
5|4|2|2|1,2,-14.8546664843895
7|3|2|1|10,2,-10.66903819386265
7|3|2|1|10,3,-14.344118798694378
7|3|2|1|10,5,-8.434695526715167
7|3|2|1|10,6,-13.882623285485543
7|3|2|1|10,0,-11.703931347091531
7|3|2|1|10,1,-1.22053875347331
2|5|2|2|9,4,-8.018682713510715
2|5|2|2|9,0,-8.974479922329554
4|7|2|1|8,5,-9.17862364883024
4|7|2|1|8,7,-8.391198602913521
5|9|2|1|7,0,-7.740332324375029
5|9|2|1|7,2,-7.512775653582182
5|9|2|1|7,7,-5.694543077123713
0|10|2|1|6,3,-10.429351641211834
0|10|2|1|6,2,-8.743493930588551
1|13|1|1|3,0,-19.945183387656378
1|13|1|1|3,6,-19.85478484051322
7|2|3|1|10,6,-19.520874606990898
7|2|3|1|10,5,-19.59301061584815
7|2|3|1|10,2,-18.14548902849277
7|2|3|1|10,3,-19.32689157273019
6|5|3|1|9,4,-7.684417843721999
6|5|3|1|9,0,-4.7047327809715345
6|10|2|1|6,4,-17.104620518574183
2|3|4|2|3,1,-6.186342102405002
4|5|4|2|1,1,-14.13527985
2|3|2|2|6,1,-21.798398906429696
2|3|2|2|6,3,-17.087331058782837
1|5|3|2|5,0,-16.09127468874863
1|5|3|2|5,6,-18.56240448624807
1|5|3|2|5,5,-17.696842684421767
1|5|3|2|5,4,-15.755889946390582
1|8|3|1|3,2,-17.420686927467926
1|8|3|1|3,7,-18.114510332605118
1|8|3|1|3,4,-17.368291213161463
1|8|3|1|3,5,-15.807686498855082
3|1|2|0|2,1,-22.839433223427168
4|2|2|1|2,2,-11.254354599255919
4|2|2|1|2,0,-19.612497083374365
4|2|2|1|2,5,-19.205092350584458
4|2|2|1|2,3,-18.953599269454052
4|2|2|1|2,1,-19.338905805060165
4|2|2|1|2,7,-18.011400568410075
4|2|2|1|2,6,-18.379152483013424
2|4|1|1|1,0,-14.995894687898987
5|5|3|1|7,1,-17.042664968513836
5|5|3|1|7,4,-11.60789005824342
5|5|3|1|7,3,-3.6881962526767884
1|5|3|1|6,5,-15.452416440668967
1|5|3|1|6,6,-18.733283087756245
1|5|3|1|6,2,-18.01033700303168
7|8|2|1|2,0,-19.51946109908756
7|8|2|1|2,4,-18.493701210895196
7|8|2|1|2,5,-19.628017495069713
7|8|2|1|2,2,-16.377577735901696
7|8|2|1|2,6,-14.889456471204335
7|8|2|1|2,1,-15.398186306983963
1|6|3|2|2,4,-18.59152232485431
1|6|3|2|2,0,-12.050099377892503
1|6|3|2|2,3,-18.496598775518496
1|6|3|2|2,7,-18.53370138519608
1|6|3|2|2,5,-18.222198782321055
1|6|3|2|2,6,-19.032331258938434
4|3|3|2|9,6,-12.083228214326201
4|3|3|2|9,7,-12.760232300258286
5|3|3|2|7,3,-19.608205833143945
5|3|3|2|7,4,-12.815916352428104
3|6|3|2|6,1,-16.72340764306684
1|6|3|2|5,7,-17.83330890878362
1|6|3|2|5,0,-20.59734907608571
1|6|3|2|5,6,-19.636866653710904
0|12|2|1|3,4,-18.069215444576592
0|12|2|1|3,2,-20.186124699633524
0|12|2|1|3,3,-18.059675041063862
0|12|2|1|3,1,-19.506416040281746
6|3|2|1|3,7,-22.662212776256645
6|3|2|1|3,5,-22.760192941467434
6|3|2|1|3,2,-18.424284653079603
6|3|2|1|3,3,-22.727974063179104
6|3|2|1|3,0,-22.429979445111623
6|3|2|1|3,1,-22.38692635096971
6|3|2|1|3,4,-7.690555265992506
6|1|7|2|10,0,1.2975
0|8|3|3|9,5,0.5475
5|11|3|1|8,0,0.6682499999999999
0|12|3|1|7,2,0.1725
2|13|3|0|6,6,-3.015
6|13|3|0|5,3,3.0
2|6|2|2|1,0,-14.5762871265
2|6|2|2|1,4,-14.5762871265
2|6|2|2|1,7,-14.394695895
2|6|2|2|1,3,-14.394695895
2|6|2|2|1,1,-14.394695895
2|6|2|2|1,6,-13.235265
4|2|2|2|10,2,-18.663295586553556
4|2|2|2|10,5,-8.985730619275284
2|2|2|2|9,3,-17.739573500425212
2|2|2|2|9,6,-18.8090822602219
2|2|2|2|9,1,-17.895418187064088
2|2|2|2|9,5,-18.192308817484047
2|2|2|2|9,0,-17.78467038055178
2|2|2|2|9,4,-21.886802052003866
2|2|2|2|9,7,-19.407863294887772
1|8|2|1|1,3,-14.950150604145598
1|8|2|1|1,7,-14.928786577350856
1|8|2|1|1,0,-14.928786577350856
1|8|2|1|1,2,-14.928786577350856
7|3|4|1|9,6,-16.688343438421867
6|7|2|2|8,1,-16.11084256038887
1|8|2|2|7,3,-9.286152331014101
1|8|2|2|7,4,-9.73580273780089
1|8|2|2|7,2,-11.102104773036151
1|8|2|2|7,6,-11.038215772972062
3|10|2|1|6,4,-10.941598653701481
3|10|2|1|6,6,-8.185952805855278
6|3|1|1|3,4,-18.821538654971704
6|3|1|1|3,3,-18.08105932193098
6|3|1|1|3,1,-16.788489897849388
6|3|1|1|3,0,-19.367833197903657
6|3|1|1|3,7,-17.988233947616624
4|3|1|1|2,0,-18.812824479722003
4|3|1|1|2,2,-18.365989294745948
4|3|1|1|2,5,-18.985608716381915
0|3|1|1|1,1,-13.7646855
0|3|1|1|1,6,-13.7646855
0|3|1|1|1,4,-13.7646855
0|3|1|1|1,3,-13.7646855
0|3|1|1|1,5,-13.7646855
0|3|1|1|1,7,-13.235265
0|3|1|1|1,2,-9.855
4|2|2|1|1,6,-14.8546664843895
4|2|2|1|1,3,-14.8546664843895
4|2|2|1|1,5,-14.8546664843895
4|2|2|1|1,2,-14.8546664843895
4|2|2|1|1,0,-14.8546664843895
4|2|2|1|1,7,-14.8546664843895
4|2|2|1|1,1,-9.855
3|5|5|1|8,2,0.9225
2|10|1|1|7,0,-4.084132396344331
0|11|1|1|6,3,-15.88494175882197
3|12|2|1|5,6,-17.030473940622617
3|12|2|1|5,7,-15.652372131113673
3|12|2|1|5,0,-16.51141792990834
1|15|1|0|2,4,-13.401030807543231
1|15|1|0|2,3,-14.92383779415
1|15|1|0|2,0,-14.897883317997467
1|15|1|0|2,2,-10.654489766130002
1|15|1|0|2,7,-14.4029704311585
1|15|1|0|2,6,-14.74621235700237
1|15|1|0|2,5,-7.928932662950474
5|3|3|0|6,6,0.5475
6|6|2|1|5,0,-17.324069298548707
6|6|2|1|5,3,-17.751273694461773
6|6|2|1|5,5,-17.544543384571213
6|6|2|1|5,1,-15.846007517027365
6|6|2|1|5,7,-13.138324201285585
5|7|2|2|1,0,-14.5762871265
5|7|2|2|1,4,-14.394695895
5|7|2|2|1,6,-14.5762871265
5|7|2|2|1,2,-14.394695895
5|7|2|2|1,3,-14.5762871265
5|7|2|2|1,1,-14.394695895
5|7|2|2|1,7,-14.394695895
7|3|1|1|7,0,-15.36419673907161
7|3|1|1|7,4,-15.65388387012127
7|3|1|1|7,1,-13.373029057458645
7|3|1|1|7,6,-17.547869651019468
7|3|1|1|7,2,-17.179819473853364
7|3|1|1|7,3,-15.665211939994215
0|4|2|1|6,7,-17.1589710211423
0|4|2|1|6,1,-21.364678738932973
0|4|2|1|6,6,-18.98526670640017
0|4|2|1|6,3,-20.36173440531336
0|4|2|1|6,4,-20.20448307666796
0|4|2|1|6,2,-19.86231966290102
0|4|2|1|6,5,-19.58800887836422
1|5|4|1|8,3,-3.235617165971956
3|9|3|2|7,0,-4.806272042967977
3|9|3|2|7,6,-4.150033742759449
3|9|3|2|7,7,-2.832676454528613
3|9|3|2|7,2,-4.744799869103155
0|12|2|1|6,1,-13.821798451658392
0|12|2|1|6,2,-12.231030506943146
0|12|2|1|6,4,-10.940762783920825
1|14|1|1|5,3,-17.670831430323624
1|14|1|1|5,4,-6.670434869451787
3|15|1|0|4,5,-14.72924094921771
3|15|1|0|4,7,-11.252314265294782
3|15|1|0|4,4,-12.878058940806344
7|4|3|1|4,3,-19.291321696883237
7|4|3|1|4,5,-21.796445361747995
7|4|3|1|4,4,-19.03068736155827
5|9|2|1|1,7,-14.394695895
5|9|2|1|1,1,-14.394695895
5|9|2|1|1,3,-14.394695895
5|9|2|1|1,2,-14.13527985
5|9|2|1|1,6,-14.394695895
0|3|3|1|8,2,-19.3613761997976
0|3|3|1|8,6,-20.62435945613979
0|3|3|1|8,7,-18.739078117886148
0|3|3|1|8,3,-20.632787907428256
2|6|3|1|7,1,-19.4140736533605
2|6|3|1|7,7,-17.982940496501865
2|6|3|1|7,0,-18.82847326373156
1|7|3|1|6,6,-17.237050926285168
4|11|2|2|3,3,-19.580683232064363
4|11|2|2|3,2,-19.072672991444062
2|11|2|2|1,1,-14.13527985
2|11|2|2|1,6,-14.13527985
2|11|2|2|1,4,-13.7646855
2|11|2|2|1,3,-13.7646855
2|11|2|2|1,0,-14.13527985
7|1|3|0|9,1,-24.214519391337053
7|1|3|0|9,6,-23.691483163858702
7|1|3|0|9,3,-25.357223511789826
7|1|3|0|9,4,-24.464296913288987
7|1|3|0|9,5,-29.80850238371509
7|1|3|0|9,2,-25.086815476208898
7|1|3|0|9,0,-24.50374758818387
1|1|3|0|8,2,-24.007113517780237
1|1|3|0|8,3,-26.543381232788594
1|1|3|0|8,0,-24.44508192663962
1|1|3|0|8,4,-24.591473338709832
1|1|3|0|8,6,-27.637369141620283
1|1|3|0|8,7,-25.09617177530373
1|1|3|0|8,5,-26.050503083099084
2|1|3|0|7,6,-23.390599188061685
2|1|3|0|7,0,-22.42170146343335
2|1|3|0|7,7,-24.4001404677454
2|1|3|0|7,1,-24.580517677786247
2|1|3|0|7,4,-25.066995006063472
2|1|3|0|7,5,-11.024758478746882
6|4|3|3|6,4,-9.097034987210833
4|4|3|3|5,1,-2.555094960935282
4|4|3|3|5,0,-4.330127072969455
4|4|3|3|5,2,-5.758898942438457
4|4|3|3|5,7,0.211644441723
1|7|4|3|4,2,-7.011292716043219
1|7|4|3|4,5,-3.82905
3|3|3|2|6,4,-14.709206920981716
3|3|3|2|6,1,-12.115756397458751
3|3|3|2|6,2,-12.754249163725419
3|3|3|2|6,6,-12.776590312054786
4|6|2|1|3,6,-17.905375842466363
4|6|2|1|3,5,-18.02992260274541
4|6|2|1|3,3,-17.82496930574518
4|6|2|1|3,2,-19.810422424016625
4|2|1|1|3,3,-18.10248338554156
4|2|1|1|3,7,-21.03144161458664
4|2|1|1|3,5,-19.05169836635949
4|2|1|1|3,6,-19.11036054699315
4|2|1|1|3,2,-12.822583910155211
4|2|1|1|3,1,-17.743664128058317
4|2|1|1|3,0,-17.048993213458402
3|2|3|1|3,0,-20.198041063206716
3|2|3|1|3,1,-23.16587657839278
4|4|2|1|2,5,-18.47900823561931
4|4|2|1|2,6,-17.483687248197484
4|4|2|1|2,1,-18.312884910549514
4|4|2|1|2,0,-18.55098800991032
4|4|2|1|2,3,-18.91657506888146
4|4|2|1|2,2,-18.025996379293595
4|4|2|1|2,7,-19.0762325810869
1|6|3|2|3,6,-20.948668978602548
1|6|3|2|3,2,-19.23472866897165
1|6|3|2|3,0,-18.33165257180382
1|6|3|2|3,4,-19.63778430238282
1|6|3|2|3,7,-18.462679204546955
0|6|3|2|1,3,-14.898266539072651
0|6|3|2|1,1,-14.928786577350856
0|6|3|2|1,4,-14.898266539072651
0|6|3|2|1,5,-7.65
3|1|1|1|2,1,-20.418294572628305
3|1|1|1|2,6,-20.60058163465851
3|1|1|1|2,0,-21.08901331521129
3|1|1|1|2,2,-21.007318231317
3|1|1|1|2,5,-20.834582811473297
3|1|1|1|2,4,-21.064068643285648
3|1|1|1|2,7,-21.328829812588445
2|5|3|2|9,1,-8.160190585639493
1|7|3|1|8,6,-2.6317500000000003
1|7|3|1|8,4,-3.097472764664131
1|7|3|1|8,0,-8.155813881789747
6|10|2|1|7,7,-10.750702634225917
6|10|2|1|7,3,-10.78608079328135
1|12|1|1|5,6,-9.200675182561199
3|4|2|1|1,6,-14.792380691985
3|4|2|1|1,1,-14.703400988550001
3|4|2|1|1,0,-14.703400988550001
3|4|2|1|1,7,-14.5762871265
3|4|2|1|1,5,-14.703400988550001
3|4|2|1|1,2,-14.5762871265
3|4|2|1|1,4,-14.703400988550001
6|3|2|1|9,0,-20.45634165347668
6|3|2|1|9,1,-22.60627410358442
6|3|2|1|9,4,-20.895921253356253
6|3|2|1|9,7,-20.528840470941
6|3|2|1|9,5,-21.504234782660035
6|3|2|1|9,3,-20.510422250797014
6|3|2|1|9,2,-22.625890521204944
3|5|2|1|5,6,-17.796211996209216
3|5|2|1|5,2,-15.615082165428504
3|5|2|1|5,7,-16.01136835952873
3|5|2|1|5,1,-15.692727309004232
3|5|2|1|5,5,-16.488583379528706
3|5|2|1|5,4,-17.952768856321054
1|7|2|2|7,7,-13.506805571996733
1|7|2|2|7,0,-13.627470459656404
1|7|2|2|7,6,-13.215431016488148
1|7|2|2|7,4,-11.896179913869629
7|8|2|2|6,0,-9.110019026951417
7|8|2|2|6,6,-12.476395013458873
0|8|2|2|5,6,-12.816997194131073
0|8|2|2|5,1,-16.606720790858084
0|8|2|2|5,2,-14.732944895869652
5|3|2|2|10,2,-19.972678761333515
5|3|2|2|10,4,-18.256079520755616
2|5|4|1|9,3,-2.28947475
3|9|2|2|8,1,0.36
1|11|2|1|7,5,-10.534281864896753
5|13|1|1|6,0,-7.319219686965706
0|14|1|1|5,1,-17.630265183310208
1|15|1|0|4,6,-7.639690509562515
1|15|1|0|4,0,-3.4818435000000005
1|15|1|0|4,4,-6.138741693417211
2|6|1|1|2,0,-14.058842582061274
2|6|1|1|2,6,-15.810261142858424
0|7|1|1|1,7,-11.3985
0|7|1|1|1,2,-11.3985
0|7|1|1|1,5,-9.855
0|4|2|1|8,2,-15.697973930669693
0|4|2|1|8,5,-17.500885717738623
0|4|2|1|8,4,-16.80565626412161
0|4|2|1|8,3,-16.43048301392693
0|4|2|1|8,6,-16.576678595294936
0|4|2|1|8,7,-14.986052397288262
0|4|2|1|8,1,-14.748464015237857
1|8|2|1|6,5,-8.955403424767335
1|8|2|1|6,4,-11.495697848934864
1|8|2|1|6,2,-10.404886016582577
1|8|2|1|6,0,-12.670349232172427
5|10|2|1|5,6,-18.70040062362792
6|2|4|2|7,5,-7.012852617875382
3|6|2|2|5,1,-14.89102648383354
3|6|2|2|5,5,-13.948118016180128
3|6|2|2|5,6,-15.828977471685917
3|6|2|2|5,7,-14.221373067298945
3|6|2|2|5,0,-14.797099625106265
3|6|2|2|5,2,-10.917760370756367
4|2|1|1|7,1,-24.153020076868046
4|2|1|1|7,0,-23.961544485814063
4|2|1|1|7,7,-23.255255388419144
4|2|1|1|7,3,-23.668891162361966
4|2|1|1|7,2,-23.753628528868024
4|2|1|1|7,5,-23.841510190966826
4|2|1|1|7,6,-21.632216538741375
0|8|3|1|1,5,-14.988031160055359
0|8|3|1|1,3,-14.988031160055359
4|5|3|2|3,6,-17.25676287955814
4|5|3|2|3,0,-17.73293438168783
4|5|3|2|3,1,-9.33097629150869
4|5|3|2|3,7,-17.206451131776486
4|3|4|2|5,2,-14.128688768267928
4|3|4|2|5,5,-11.546315363477486
2|3|4|2|4,3,-13.841438745495328
2|3|4|2|4,7,-12.915886153606788
2|3|4|2|4,4,-15.189017103539587
3|3|4|2|3,1,-9.969945190302209
1|7|3|2|2,4,-16.55362661324445
1|7|3|2|2,7,-15.7605871528554
1|7|3|2|2,6,-14.201535735
1|7|3|2|2,0,-14.080948330263329
1|7|3|2|2,3,-14.420985550785167
1|7|3|2|2,2,-9.457741836150001
3|4|5|2|10,1,-2.36925
1|9|2|2|9,6,-6.129271936793971
1|9|2|2|7,2,-13.228333566393928
2|11|2|2|6,6,-7.415171538437422
6|11|2|2|5,4,-11.643252302685283
5|15|1|0|2,0,-16.738017056587395
5|15|1|0|2,3,-16.751137851526995
5|15|1|0|2,7,-18.36939898054907
2|4|2|1|7,6,-16.79401828251199
2|4|2|1|7,0,-16.748329940328247
2|4|2|1|7,1,-17.750797930606996
2|4|2|1|7,4,-17.394849762101966
2|4|2|1|7,7,-18.43568993319174
2|4|2|1|7,3,-18.09568693365529
2|4|2|1|7,5,-17.577372289208505
6|6|4|1|6,3,-11.39744893495613
3|7|4|2|5,5,-6.983352981029091
5|9|4|1|4,1,-8.241694288681517
1|9|4|1|3,2,-16.684934804720005
1|9|4|1|3,3,-8.783354692228501
2|9|4|1|2,6,-11.622281588266711
6|10|4|1|1,7,-13.235265
4|3|3|2|7,6,-15.441277050335351
4|3|3|2|7,2,-12.947716740825662
4|3|3|2|7,5,-14.022509653235048
6|6|2|2|6,2,-15.924727871174467
6|6|2|2|6,0,-15.396781698250024
2|8|3|2|5,5,-15.142414798720488
2|8|3|2|5,7,-14.494153911633369
2|8|3|2|5,1,-14.715682863555525
2|8|3|2|5,3,-11.946613483997435
2|8|3|2|5,0,-9.88399810947266
5|10|3|2|4,7,-19.525018283860156
7|11|3|2|3,1,-9.667812785896501
7|11|3|2|3,3,-7.257136246065
1|11|3|2|2,3,-7.0251
1|11|3|2|2,4,-7.5781665
1|11|3|2|2,6,-11.5968833519085
3|11|3|2|1,7,-9.855
3|11|3|2|1,0,-9.855
1|3|1|1|9,0,-15.227321069344612
6|5|2|2|6,3,-12.532595288165181
6|5|2|2|6,0,-11.828131333595579
6|5|2|2|6,7,-11.463605415956572
6|5|2|2|6,2,-13.322215227966765
6|5|2|2|6,1,-10.729886876268091
6|5|2|2|6,5,-10.372807555028759
6|5|2|2|6,4,-14.529972951486275
0|8|3|2|3,4,-18.59934671439657
0|8|3|2|3,6,-19.245098683400055
0|8|3|2|3,3,-18.427255269106997
0|8|3|2|3,2,-17.949471765196392
0|8|3|2|3,1,-8.87134470906414
0|8|3|2|3,5,-6.429939941622765
4|10|3|1|2,2,-15.816468275360414
4|10|3|1|2,7,-15.535390111440307
4|10|3|1|2,1,-13.812641540422144
0|2|3|1|7,2,-21.85923750040894
0|2|3|1|7,1,-21.000886244617213
0|2|3|1|7,3,-19.97965826780588
0|2|3|1|7,5,-21.250829079018303
0|2|3|1|7,6,-22.186189620256595
0|2|3|1|7,4,-20.908187425418333
2|3|3|2|6,4,-18.996359493442505
2|3|3|2|6,5,-14.88052027584752
2|3|3|2|6,6,-13.833931056719187
2|3|3|2|6,1,-13.727538682620857
2|3|3|2|6,3,-12.165682490990955
2|3|3|2|6,7,-13.769968964188376
4|3|3|2|5,1,-14.180521328263804
4|3|3|2|5,6,-16.651307932933573
4|3|3|2|5,5,-11.556631110269015
4|3|3|2|5,2,-9.504653808759823
1|3|3|2|4,5,-19.447647158204482
1|3|3|2|4,6,-17.305124707452304
1|3|3|2|4,3,-17.578471354683725
1|3|3|2|4,4,-18.037239187891497
5|3|3|2|3,0,-19.470729072399802
5|3|3|2|3,7,-18.95798019733481
5|3|3|2|3,1,-18.50545643801121
5|3|3|2|3,6,-19.151699242099248
2|3|3|2|1,7,-14.13527985
2|3|3|2|1,4,-13.7646855
2|3|3|2|1,0,-4.5
6|6|2|2|1,1,-14.792380691985
6|6|2|2|1,0,-14.792380691985
6|6|2|2|1,5,-14.703400988550001
6|6|2|2|1,3,-14.703400988550001
1|5|4|2|7,2,-5.848881374420397
1|5|4|2|7,3,-9.248818769292278
2|5|4|2|6,7,-11.054916853984858
7|5|4|2|5,6,-8.475481262596892
7|5|4|2|5,1,-10.695879217751534
6|5|4|2|4,2,-10.580814903847198
2|5|4|2|3,5,-9.598359550587071
2|5|4|2|3,6,-11.616887758499999
5|9|4|2|2,4,-10.000607074155
4|13|2|1|1,5,-14.5762871265
4|13|2|1|1,0,-14.5762871265
4|13|2|1|1,1,-14.394695895
4|13|2|1|1,6,-14.703400988550001
4|13|2|1|1,3,-14.5762871265
4|13|2|1|1,7,-11.3985
4|13|2|1|1,2,-9.855
5|4|2|2|3,6,-21.08702444656175
5|4|2|2|3,1,-21.155297914854494
5|4|2|2|3,0,-18.077299808225
5|4|2|2|3,2,-22.04003307055175
2|8|4|2|2,0,-17.627740734000003
2|8|4|2|2,4,-16.469677451860953
0|8|4|2|1,6,-14.13527985
0|8|4|2|1,4,-13.7646855
6|4|2|2|8,3,-16.40393390282944
6|4|2|2|8,1,-16.517153161162938
6|4|2|2|8,2,-13.683399702328533
5|7|3|2|4,3,-17.58807189697364
5|7|3|2|4,2,-17.74144155763647
5|7|3|2|4,7,-17.078011743572493
5|7|3|2|4,0,-14.990694555864689
5|7|3|2|4,6,-8.103170518617162
3|7|3|2|3,0,-19.295170903767033
3|7|3|2|3,7,-20.21491582029899
3|7|3|2|3,5,-20.09494318214857
3|7|3|2|3,4,-14.886206103498905
3|7|3|2|3,6,-6.861631280189242
3|7|3|2|3,2,-1.157210219565
0|10|2|2|2,1,-17.801667976509016
0|10|2|2|2,3,-18.71228866274936
0|10|2|2|2,7,-17.67740390211197
0|10|2|2|2,5,-17.559680434773824
2|1|4|1|10,6,-17.48631081319861
2|1|4|1|10,4,-17.723777130205335
2|1|4|1|10,7,-14.512914542660736
6|5|4|1|9,5,0.43605118305486423
5|9|2|2|8,0,-2.5386705897267103
0|11|2|1|7,3,-9.96877008610623
3|13|1|1|6,1,-7.391940786325872
3|13|1|1|6,0,-4.785958044498793
3|14|1|1|4,2,-13.626289543370001
3|14|1|1|4,4,-11.693398794071287
1|5|4|1|7,0,-4.101200797443149
1|10|2|1|5,2,-4.890867614506913
1|10|2|1|5,7,-9.536412135723761
1|10|2|1|5,4,-6.585611796061286
1|10|2|1|5,3,-9.436150207456794
2|12|1|1|4,3,-6.190102175492221
2|12|1|1|4,4,-7.86037990939044
2|12|1|1|4,1,-7.409351053881509
1|13|1|1|1,4,-14.5762871265
1|13|1|1|1,0,-14.5762871265
1|13|1|1|1,5,-14.5762871265
1|13|1|1|1,7,-14.394695895
1|13|1|1|1,3,-14.394695895
1|13|1|1|1,2,-14.394695895
1|13|1|1|1,6,-14.394695895
2|4|4|1|8,0,-14.438501699991017
5|5|4|3|6,4,-7.348058471622551
4|5|4|3|5,0,-6.933231654504484
0|5|4|3|4,6,-6.018968621561354
0|5|4|3|4,2,-3.4647529785248277
6|9|3|2|3,7,-20.856679994679634
6|9|3|2|3,1,-16.243397696645925
7|11|3|1|2,1,-18.584771279872108
7|11|3|1|2,6,-18.62504662681959
3|6|3|3|6,1,-4.427559332460657
5|10|3|1|3,6,-15.13584573297505
5|10|3|1|3,2,-18.423666056505706
6|13|1|1|2,3,-17.528568726042742
6|13|1|1|2,1,-20.00238224546019
6|13|1|1|2,0,-16.048463215671315
6|13|1|1|2,7,-16.6549082663685
5|1|2|2|10,6,-17.185231831469086
6|1|2|2|9,1,-21.06167368926272
6|1|2|2|9,4,-19.472444236981538
7|5|3|2|7,0,-13.57698329128646
7|5|3|2|7,2,-11.672678198338007
7|5|3|2|7,4,-13.066117980684824
7|5|3|2|7,6,-12.234475906359927
7|5|3|2|7,1,-14.388822384638196
7|13|2|1|3,1,-21.47692552033473
7|13|2|1|3,5,-18.366734009886095
3|15|1|0|1,1,-14.1439270515
3|15|1|0|1,6,-14.3228724207457
3|15|1|0|1,4,-14.13527985
3|15|1|0|1,5,-11.97474
3|15|1|0|1,2,-11.9639355
3|15|1|0|1,0,-12.478950000000001
3|15|1|0|1,7,-6.31277985
2|3|1|1|8,6,-17.08280749758956
2|3|1|1|8,5,-17.12304216949937
2|3|1|1|8,0,-17.8624913219586
2|3|1|1|8,3,-14.083475817990278
2|3|1|1|8,4,-17.49019942500227
6|3|1|1|7,1,-19.096960072961533
6|3|1|1|7,4,-17.737255227595586
6|3|1|1|7,7,-18.35283126333872
6|3|1|1|7,5,-18.406348732325156
6|3|1|1|7,2,-17.156391584458532
6|3|1|1|7,0,-17.956698871569973
6|3|1|1|7,3,-14.280771994162894
3|9|2|2|3,7,-15.342163723775892
3|9|2|2|3,4,-15.871954520386932
3|9|2|2|3,2,-13.162391712185244
3|9|2|2|3,1,-4.025808013151752
2|11|2|1|1,4,-14.792380691985
2|11|2|1|1,1,-14.792380691985
2|11|2|1|1,3,-14.792380691985
2|11|2|1|1,7,-14.703400988550001
2|11|2|1|1,5,-14.703400988550001
2|11|2|1|1,6,-12.478950000000001
7|2|3|1|2,4,-21.800170895943225
7|2|3|1|2,0,-18.965348462504664
2|4|2|1|5,3,-19.93326620457798
2|4|2|1|5,4,-19.542622254403295
2|4|2|1|5,7,-19.826301377364963
2|4|2|1|5,5,-15.581488133560551
2|4|2|1|5,6,-18.155452499975166
2|4|2|1|5,1,-18.268577966812202
3|6|1|1|4,1,-13.902213091869202
3|6|1|1|4,4,-13.441566076865122
7|8|1|1|1,0,-13.7646855
7|8|1|1|1,2,-13.7646855
7|8|1|1|1,6,-13.7646855
4|5|3|2|2,2,-18.988016723049554
4|5|3|2|2,7,-18.631259665482197
4|5|3|2|2,5,-16.502954863233413
4|5|3|2|2,0,-7.470978447449924
4|5|4|2|9,6,0.85575
6|6|4|3|8,1,-2.89425
1|7|4|3|7,0,0.735
0|11|3|1|6,3,0.5475
3|14|1|1|5,4,-17.536815366665117
4|4|1|1|7,5,-16.768164528588432
4|4|1|1|7,0,-2.874373194395695
3|5|1|1|5,1,-12.537778132974767
3|5|1|1|5,6,-13.288164550711773
1|6|1|1|4,2,-12.771823066164938
1|6|1|1|4,3,-10.98425198032739
1|6|1|1|4,0,-12.34186554741698
2|7|1|1|3,1,-10.506082276294247
2|7|1|1|3,0,-12.166642236063002
1|7|1|1|2,7,-8.78767496856345
7|7|3|1|2,4,-20.581629637979265
7|7|3|1|2,0,-16.150344716890967
1|4|2|1|9,4,-9.532558118171508
1|4|2|1|9,3,-13.642373322887064
1|4|2|1|9,6,-11.506252423719676
1|4|2|1|9,0,-9.89859733962675
1|4|2|1|9,7,-12.935662975916237
1|4|2|1|9,2,-11.538088976599406
1|4|2|1|9,5,-9.592154127347742
4|6|2|2|8,5,-9.858705090341163
5|8|2|1|7,6,-7.070933628885526
5|8|2|1|7,1,-3.3778627278330116
5|8|2|1|7,7,-3.015
5|8|2|1|7,2,-5.24913055568802
5|8|2|1|7,4,-7.161662372865355
5|8|2|1|7,0,-6.241157785590753
6|9|2|1|6,5,-16.008664343841794
5|9|2|1|5,0,-15.772244016681817
5|9|2|1|5,4,-17.581781073686724
0|9|2|1|4,7,-11.666648897943364
0|9|2|1|4,3,-14.854555342634693
0|9|2|1|4,4,-13.842065338325652
0|9|2|1|4,6,-13.743521792380033
7|11|2|1|3,0,-20.186216092565775
7|11|2|1|3,4,-19.142578751962088
7|11|2|1|3,3,-19.298817439644964
7|11|2|1|3,1,-19.121332563926195
7|11|2|1|3,2,-16.317009790383377
4|2|3|2|5,3,-14.984179429134327
4|2|3|2|5,0,-11.988278637730417
4|2|3|2|5,1,-11.938429336392247
2|6|2|1|3,1,-18.29818919185884
2|6|2|1|3,3,-14.705133063704102
2|6|2|1|3,4,-18.876267490845887
2|6|2|1|3,6,-18.57946328239259
4|8|2|1|1,5,-14.5762871265
4|8|2|1|1,2,-14.5762871265
4|8|2|1|1,0,-14.394695895
4|8|2|1|1,6,-14.394695895
4|8|2|1|1,3,-14.394695895
4|8|2|1|1,7,-14.394695895
4|1|3|1|8,1,-20.08657413604319
4|1|3|1|8,7,-24.626006435051945
4|1|3|1|8,6,-23.346668612443803
2|8|3|1|4,5,-17.93752798920705
2|8|3|1|4,3,-18.367848382187532
5|8|3|1|3,4,-16.798127080778265
5|8|3|1|3,7,-14.780265548201655
5|8|3|1|3,0,-14.82924773461895
5|8|3|1|3,3,-17.049870594739083
5|8|3|1|3,6,-12.888502358434858
3|3|3|1|10,2,-11.399488175051102
3|3|3|1|10,7,-11.67493104135185
3|3|3|1|10,6,-9.446906831146363
2|6|3|1|9,3,-3.015
2|6|3|1|9,4,-5.8764593784478505
3|6|3|1|8,1,-12.995027383893628
1|7|4|1|7,5,-6.596708571033636
5|11|2|2|6,0,-11.24096683361662
0|13|2|1|5,6,-11.646475991661152
0|13|2|1|5,5,-16.96986698477854
6|15|1|0|4,3,-5.85141772174544
6|15|1|0|4,5,-16.197145252142374
5|3|2|2|8,1,-17.417860032457533
5|3|2|2|8,3,-16.276122114611898
5|3|2|2|8,7,-15.88529502600323
5|3|2|2|8,2,-17.040333322615297
5|3|2|2|8,4,-9.387439456836562
5|3|2|2|8,0,-13.339537313958795
5|3|2|2|8,6,-8.088678281457309
0|5|3|2|6,7,-13.636717940118485
0|5|3|2|6,5,-14.381032493857031
0|5|3|2|6,3,-13.829969026128984
0|5|3|2|6,6,-15.063644250346211
0|5|3|2|6,1,-14.670046179549074
0|5|3|2|6,4,-3.5388992812624767
1|8|3|2|4,2,-15.052734708968416
1|8|3|2|4,0,-14.540170866001834
1|8|3|2|4,3,-13.972704245972524
6|4|3|1|1,3,-14.994135268427126
6|4|3|1|1,4,-14.703400988550001
6|4|3|1|1,5,-14.13527985
6|4|3|1|1,0,-7.65
5|2|4|4|10,1,-3.015
1|2|4|4|9,0,-3.015
0|2|4|4|8,5,-3.015
5|2|4|4|7,2,0.735
2|6|5|2|6,6,1.03227525
4|12|2|2|4,2,-8.67364581736467
4|12|2|2|4,3,-5.508686654999999
2|12|2|2|3,0,-22.173525227644035
0|14|2|0|2,6,-11.693126027545516
6|14|2|0|1,7,-8.826
6|14|2|0|1,3,-8.80395
6|14|2|0|1,4,-7.7235
6|14|2|0|1,0,-9.855
6|14|2|0|1,5,-9.855
6|14|2|0|1,2,-9.855
6|14|2|0|1,1,-2.4064499999999995
2|1|2|0|5,3,-29.668122946516206
2|1|2|0|5,6,-29.839129055348753
2|1|2|0|5,0,-30.24131886306565
2|1|2|0|5,7,-28.604912207364674
2|1|2|0|5,5,-29.86807953886265
2|1|2|0|5,4,-29.910041673964823
2|1|2|0|5,1,-29.189512141172774
3|3|4|1|4,7,-22.863701829919922
7|7|3|1|3,1,-14.658529151453262
7|7|3|1|3,4,-14.737239401683247
7|7|3|1|3,2,-14.931490067709738
7|7|3|1|3,0,-16.126670032935383
7|7|3|1|3,5,-15.759166744945482
7|7|3|1|3,6,-14.585455259283616
1|10|3|1|2,7,-20.78067017368568
1|10|3|1|2,3,-20.120687740989563
1|10|3|1|2,5,-15.585385882231877
4|4|1|1|8,5,-11.881511007347957
4|4|1|1|8,1,-11.335330154090283
4|4|1|1|8,7,-10.645994848553455
4|4|1|1|8,2,-10.752677224291201
7|4|1|1|6,5,-14.826206619917002
7|4|1|1|6,6,-14.748210478390298
7|4|1|1|6,3,-14.232994670021625
5|4|1|1|5,0,-13.564071178336969
5|4|1|1|5,3,-13.703133143336999
5|4|1|1|5,2,-12.392142254143613
5|4|1|1|5,1,-8.40602424938702
1|6|3|1|2,3,-20.33115666430452
0|3|2|2|6,1,-20.469321154694672
0|3|2|2|6,7,-18.879310444877564
0|3|2|2|6,5,-19.366582297676896
0|3|2|2|6,6,-18.61911764702302
0|3|2|2|6,2,-19.81978570583975
0|3|2|2|6,4,-18.75719564188611
0|3|2|2|6,3,-20.194254796736303
2|5|2|1|2,7,-17.602090679810228
2|5|2|1|2,0,-17.47868045023589
2|5|2|1|2,4,-16.861029712151435
2|5|2|1|2,6,-17.07840313486812
2|5|2|1|2,1,-17.14414228218972
2|5|2|1|2,3,-18.93179779259414
2|5|2|1|2,5,-13.736405413483835
6|1|2|1|3,5,-23.05472121129762
6|1|2|1|3,4,-24.269158901140827
6|1|2|1|3,1,-16.579464269303653
7|3|3|1|1,1,-14.96510542290192
7|3|3|1|1,2,-14.950150604145598
7|3|3|1|1,3,-14.950150604145598
7|4|2|2|5,0,-19.970506246249943
7|4|2|2|5,2,-18.25852414510153
7|4|2|2|5,3,-18.6349559935571
7|4|2|2|5,6,-19.520230599258376
7|4|2|2|5,1,-20.39190555318835
7|4|2|2|5,5,-20.24216084070168
7|4|2|2|5,4,-18.925419835071907
0|6|2|2|4,3,-18.83248586652992
0|6|2|2|4,6,-17.039119593441285
0|6|2|2|4,4,-17.914840336868107
0|6|2|2|4,2,-16.867813683480087
0|6|2|2|4,5,-16.126213237982256
0|6|2|2|4,7,-18.31606340068338
0|6|2|2|4,1,-18.891866158018356
2|6|2|2|2,1,-16.460950719002387
2|6|2|2|2,0,-18.702292712658757
2|6|2|2|2,4,-19.160779634251995
2|6|2|2|2,5,-12.683783549876471
2|2|3|1|8,4,-19.477226674822465
2|2|3|1|8,5,-19.33730645892728
2|2|3|1|8,1,-19.774056833547156
2|2|3|1|8,0,-23.300420401979263
2|2|3|1|8,3,-19.53759437364243
2|2|3|1|8,7,-20.571513009493128
2|2|3|1|8,6,-19.607835140587774
6|7|3|2|4,2,-19.68013752130297
6|7|3|2|4,4,-18.236540514146174
1|10|2|1|1,6,-14.703400988550001
1|10|2|1|1,7,-14.703400988550001
1|10|2|1|1,5,-14.703400988550001
1|10|2|1|1,3,-14.792380691985
1|10|2|1|1,4,-14.792380691985
1|10|2|1|1,0,-14.703400988550001
0|11|3|1|3,1,-24.430719881841977
6|4|1|1|3,1,-17.615174444024973
6|4|1|1|3,3,-15.1512386909979
6|4|1|1|3,0,-15.838608997995298
7|4|3|2|9,5,-10.503272245052061
7|4|3|2|9,0,-16.037658790042567
5|4|3|2|8,3,-7.836754173643461
5|4|3|2|8,0,-1.4559946393330476
4|7|3|3|6,7,-2.5375820775
1|9|3|3|4,2,-9.628302098758207
1|13|3|0|2,4,-14.358553536150001
4|13|3|0|1,2,-10.901287126500002
1|2|3|1|7,3,-20.462793800259234
1|2|3|1|7,5,-19.770098155867895
1|2|3|1|7,0,-18.25121564231979
1|2|3|1|7,2,-19.55515984281949
1|2|3|1|7,6,-14.361989421491861
1|2|3|1|7,7,-18.259104564963952
1|2|3|1|7,4,-19.840615376275107
6|8|2|1|4,5,-15.099357405539099
6|8|2|1|4,1,-14.756981908578759
6|8|2|1|4,3,-15.353861566133002
6|8|2|1|4,2,-12.74671353730177
6|8|2|1|4,0,-14.297960272758518
6|8|2|1|4,4,-14.981269862634518
6|8|2|1|4,7,-12.984369328816076
5|8|2|1|3,4,-20.11861854907238
5|8|2|1|3,2,-18.09807196140418
4|10|2|1|2,6,-19.039367608845147
4|10|2|1|2,3,-17.494930300079684
4|5|1|1|9,6,-6.249030154437772
6|6|1|1|8,5,-3.7793789580500183
6|7|2|1|6,5,-18.825355437738665
3|9|1|1|4,1,-10.1927855759738
3|9|1|1|4,6,-5.278249048356521
3|9|1|1|4,4,-7.082218974092444
3|9|1|1|4,7,-7.5375789099209385
1|10|3|1|3,2,-17.474923552209603
1|10|3|1|3,7,-19.416260767712224
1|2|3|1|6,5,-22.79385846876189
1|2|3|1|6,6,-22.51546053958393
1|2|3|1|6,4,-21.249637104743034
1|2|3|1|6,2,-21.384692023621625
1|2|3|1|6,0,-22.08967414778027
1|2|3|1|6,7,-22.310737846044397
1|2|3|1|6,3,-22.693167428805527
6|2|4|2|8,1,-15.660657637630969
1|4|4|1|7,2,-12.751400823478981
1|4|4|1|7,3,-9.135770990908025
2|8|2|2|6,4,-12.69221925726602
2|8|2|2|6,5,-8.909660730917441
2|8|2|2|6,6,-10.363545042157982
2|8|2|2|6,1,-10.496147854387424
4|8|2|2|5,1,-17.444859297337228
4|8|2|2|5,3,-15.959864564789896
4|8|2|2|5,6,-17.31923811807091
4|8|2|2|5,5,-0.8720172408102215
0|11|2|2|1,3,-14.999990449791358
0|11|2|2|1,5,-9.855
0|11|2|2|1,7,-7.65
4|6|2|2|5,0,-17.8740341607449
4|6|2|2|5,6,-18.543277139338883
4|6|2|2|5,5,-17.579852189334073
4|6|2|2|5,3,-12.656865950971248
6|6|2|2|7,0,-13.088900565322165
6|6|2|2|7,4,-11.009082557831448
6|6|2|2|7,3,-11.416121050817333
6|6|2|2|7,5,-12.382222136450688
6|6|2|2|7,7,-10.732639264595973
6|10|2|1|3,4,-12.3174569314776
6|10|2|1|3,3,-13.865979881185684
6|10|2|1|3,2,-13.594629921581262
6|10|2|1|3,5,-11.8377943071637
6|10|2|1|3,0,-12.837097751746512
6|10|2|1|3,1,-12.131844737737003
6|2|4|0|7,5,-14.86707320839069
6|2|4|0|7,7,-15.066634384596203
5|6|3|1|6,1,-14.168625028372228
5|6|3|1|6,2,-13.34999581034177
5|6|3|1|6,3,-11.249031525649242
1|9|2|1|5,0,-12.347565903319264
1|9|2|1|5,5,-10.932734297813376
1|9|2|1|5,2,-10.730591849052036
1|9|2|1|5,7,-13.038449428393402
1|9|2|1|5,3,-10.516540613425969
5|1|3|0|9,6,-25.41481359794326
5|1|3|0|9,1,-27.05256474740074
5|1|3|0|9,3,-26.23322928088266
5|1|3|0|9,7,-25.250477775427328
5|1|3|0|9,4,-27.110363461821002
5|1|3|0|9,2,-25.643307434762804
5|1|3|0|9,0,-25.891296421688708
7|7|2|1|7,0,-4.845286945143085
0|7|2|1|6,5,-9.686002597080131
0|7|2|1|6,6,-9.772935304819717
0|7|2|1|6,2,-9.761280197429834
0|7|2|1|6,3,-10.898066201466966
0|7|2|1|6,7,-12.26565498178687
1|8|2|1|4,4,-10.226698149293881
1|8|2|1|4,6,-11.527551672514043
4|10|1|1|3,6,-12.901154498618569
6|10|1|1|2,0,-15.930233192525128
4|4|2|2|4,2,-16.012562408738997
4|4|2|2|4,6,-19.384811979324763
4|4|2|2|4,1,-18.3320491781004
4|4|2|2|4,0,-17.847881091680538
4|4|2|2|4,5,-18.192526212127653
4|4|2|2|4,3,-18.511025781843827
4|4|2|2|4,7,-19.33246157586082
4|8|2|1|2,0,-19.080928041356938
4|8|2|1|2,3,-19.222963404312008
4|8|2|1|2,5,-15.653108608807694
4|8|2|1|2,1,-18.731364712317
4|8|2|1|2,2,-18.278567811543624
4|1|2|0|1,7,-14.997988397070504
3|6|2|1|6,5,-12.911741996421748
3|6|2|1|6,0,-14.485142237872834
3|6|2|1|6,4,-13.267393237908902
3|6|2|1|6,2,-14.205182817270543
3|6|2|1|6,6,-13.953527838478996
3|6|2|1|6,7,-13.03624575295938
5|8|1|1|5,0,-2.731890980196702
5|8|1|1|5,1,-4.310938952562696
3|10|2|1|3,6,-19.410357331551698
3|10|2|1|3,5,-19.328853824380676
3|10|2|1|3,1,-19.291136754762984
3|10|2|1|3,4,-16.035876358494825
0|3|1|1|7,2,-18.606006778925455
0|3|1|1|7,3,-20.41691912618979
0|3|1|1|7,4,-20.338318263624963
0|3|1|1|7,7,-20.09766843975718
0|3|1|1|7,5,-20.947320591820212
0|3|1|1|7,6,-19.009891291086788
0|3|1|1|7,1,-19.538006045195225
2|4|3|1|6,4,-17.670190299964375
2|4|3|1|6,1,-16.778211163992147
2|4|3|1|6,7,-17.599138756289417
2|4|3|1|6,6,-16.94452455955316
2|4|3|1|6,5,-4.248038686153444
4|7|2|2|5,0,-17.027981898268198
4|7|2|2|5,7,-17.48638383997769
4|7|2|2|5,1,-16.124377666902692
0|9|2|2|4,2,-13.23048406715722
0|9|2|2|4,1,-11.352624817919057
2|11|2|1|3,6,-15.457378343151198
2|11|2|1|3,1,-16.413846585886652
2|11|2|1|3,7,-18.111921795951147
2|11|2|1|3,4,-14.818335678903363
2|11|2|1|3,5,-10.891904001337817
0|1|3|3|10,6,-5.1823128351719
6|1|3|3|9,1,-1.3523989491311201
1|4|4|1|8,7,-11.190464229848688
7|8|3|1|7,1,-10.647505796650925
4|9|3|1|5,5,-14.96946651306834
4|9|3|1|5,2,-16.69866587614779
4|9|3|1|5,7,-14.994364034527074
5|12|1|1|4,2,-12.567628862076653
5|12|1|1|4,7,-5.584027818844519
2|12|1|1|3,0,-18.38227739867788
2|12|1|1|3,7,-19.048883416655602
4|1|4|0|8,7,-30.495662850058462
0|8|3|2|5,2,-15.360453364629773
0|8|3|2|5,3,-18.531125269121787
7|2|2|2|4,2,-18.433374225270814
1|4|2|2|2,4,-17.40078429635072
1|4|2|2|2,7,-17.35910421161221
1|4|2|2|2,2,-18.282571324155
1|4|2|2|2,3,-15.808744113435075
1|4|2|2|2,6,-17.646100485726667
1|4|2|2|2,5,-19.226144970090168
1|4|2|2|2,0,-18.700939191305732
7|2|4|1|5,1,-15.410407559623494
0|7|1|1|2,4,-15.02256146228925
0|7|1|1|2,6,-15.713864156013562
0|7|1|1|2,7,-9.439120009928462
5|7|2|1|1,0,-14.99712628152929
5|7|2|1|1,3,-14.99712628152929
2|3|3|0|10,7,0.5475
7|6|3|1|9,3,-7.28911872438274
3|9|2|1|8,6,-3.6895944067693187
7|11|2|2|6,0,-9.077258303444395
5|14|2|0|4,7,-9.1225917929961
5|14|2|0|4,3,-5.24423664482355
7|14|2|0|3,2,-10.429232537022063
7|14|2|0|3,1,-9.316909426995
4|1|2|2|10,1,-15.44574497466976
4|1|2|2|10,3,-15.963759184261356
4|1|2|2|10,6,-17.96500879541641
4|1|2|2|10,2,-17.435184216751193
4|1|2|2|10,7,-16.541055193842638
2|7|2|1|6,3,-7.553398822479461
2|7|2|1|6,0,-7.774564324367595
2|7|2|1|6,4,-8.423295822214754
2|7|2|1|6,7,-12.193041669297287
5|9|1|1|2,0,-10.706644228263118
0|9|1|1|1,6,-14.13527985
0|9|1|1|1,3,-14.13527985
0|6|4|2|5,2,-14.65902799862203
2|11|2|2|2,3,-13.90622616550484
3|13|2|1|1,2,-14.703400988550001
3|13|2|1|1,5,-14.703400988550001
3|13|2|1|1,4,-14.703400988550001
3|13|2|1|1,7,-14.792380691985
3|13|2|1|1,1,-14.703400988550001
3|13|2|1|1,6,-14.394695895
5|2|2|2|5,3,-17.75842560974545
5|2|2|2|5,1,-19.201949462405917
5|2|2|2|5,2,-17.14565496825488
5|2|2|2|5,6,-16.02410432594867
2|4|3|2|3,1,-20.39973071088512
3|5|3|2|1,4,-14.950150604145598
3|5|3|2|1,5,-14.928786577350856
7|3|2|2|7,6,-19.151639543563217
7|3|2|2|7,1,-20.27887354473711
7|3|2|2|7,0,-17.947696941693504
7|3|2|2|7,4,-17.919059296575227
2|5|3|2|4,4,-19.763950161802203
2|5|3|2|4,5,-19.3812985563249
2|5|3|2|4,3,-16.275211908763755
2|5|3|2|4,7,-21.173559771183587
2|5|3|2|4,1,-20.92296535550471
4|8|4|1|3,2,-15.626697767979685
4|8|4|1|3,6,-13.992365871800002
2|8|4|1|2,3,-15.21562752108973
2|8|4|1|2,1,-16.2430390327185
7|5|2|1|7,3,-14.485033554811682
7|5|2|1|7,6,-16.49825562566229
7|5|2|1|7,4,-11.15289190669322
7|5|2|1|7,5,-14.73302779367134
5|6|4|1|3,6,-14.796428147110554
6|10|4|1|2,2,-8.078303085000002
6|10|4|1|2,3,-10.3574115
3|6|2|1|8,2,-8.30436627424512
3|6|2|1|8,6,-8.396999663423458
7|7|2|2|6,5,-12.609864229592755
7|7|2|2|6,4,-15.260363061854862
7|7|2|2|6,3,-14.642035545932831
7|7|2|2|6,0,-3.5351589856234518
0|10|2|2|4,5,-19.589901168647028
0|10|2|2|4,7,-21.72451022178876
5|10|2|2|3,1,-15.699294075201466
5|10|2|2|3,4,-17.53046918917524
5|10|2|2|3,7,-15.804216967029722
5|10|2|2|3,2,-16.320259567942973
5|10|2|2|3,3,-15.80813690961417
7|1|2|0|2,5,-22.21476724516831
7|1|2|0|2,0,-22.026020212987994
7|1|2|0|2,2,-19.86175615120002
0|3|2|2|1,5,-14.703400988550001
0|3|2|2|1,4,-14.792380691985
0|3|2|2|1,2,-14.792380691985
0|3|2|2|1,3,-14.394695895
3|5|2|1|1,0,-14.998591877949353
3|5|2|1|1,6,-14.997988397070504
3|5|2|1|1,2,-14.703400988550001
3|5|2|1|1,1,-14.703400988550001
1|10|2|2|6,4,-6.4071196524181655
1|10|2|2|6,2,-7.7062722909108565
1|10|2|2|6,5,-3.982597041885136
4|11|2|2|5,2,-9.121323659864355
2|11|2|2|4,6,-11.060416340310095
2|11|2|2|4,0,-16.407840456916045
7|15|1|0|2,3,-16.27682785692184
7|15|1|0|2,1,-16.197265664701273
7|15|1|0|2,5,-8.226186830399175
0|3|2|1|2,6,-22.04895903151736
0|3|2|1|2,7,-19.419936468594518
2|6|2|1|9,4,-11.567579392458756
7|8|2|1|6,0,-11.590478797893006
7|8|2|1|6,2,-11.746984950766809
7|8|2|1|6,5,-12.787871750262259
4|10|2|1|4,5,-17.879697545518212
2|4|1|1|6,0,-15.20609357861339
2|4|1|1|6,7,-15.73527678905876
2|4|1|1|6,4,-15.626887589507433
2|4|1|1|6,6,-14.744466527884896
0|5|1|1|5,3,-14.252441261744853
0|5|1|1|5,1,-12.725897903938236
0|5|1|1|5,6,-9.755041753871934
3|5|1|1|4,6,-13.51224696686339
3|5|1|1|4,0,-15.168998539479462
3|5|1|1|4,2,-14.754575578307001
4|6|3|1|2,3,-18.067647747315963
4|6|3|1|2,1,-18.366046614716737
4|6|3|1|2,7,-17.536902128444247
4|6|3|1|2,2,-12.982814494154889
7|5|3|1|4,6,-13.737454395475483
7|5|3|1|4,3,-18.842983835420792
7|5|3|1|4,0,-18.50579942647533
7|5|3|1|4,5,-19.119348114210908
7|5|3|1|4,1,-19.00133463723043
7|5|3|1|4,2,-18.22525456589996
6|5|3|1|3,5,-19.917154344747996
6|5|3|1|3,7,-13.142589645919386
6|5|3|1|3,1,-20.22742052430478
6|5|3|1|3,0,-20.21378743956605
6|5|3|1|1,0,-14.394695895
6|5|3|1|1,7,-14.5762871265
6|5|3|1|1,3,-14.5762871265
6|5|3|1|1,2,-14.394695895
6|5|3|1|1,1,-14.394695895
2|8|1|1|7,0,-4.4522755891083445
2|8|1|1|7,3,-1.2296007357476773
3|9|2|1|5,1,-13.312164117192575
1|11|2|1|4,7,-16.6181945340736
6|8|2|2|3,0,-20.731965941851723
6|8|2|2|3,1,-18.65552809969186
5|10|3|3|1,2,-9.855
3|2|4|3|10,2,-2.6317500000000003
2|5|4|3|9,0,-0.5587784999999998
0|6|4|3|8,7,-3.2764349999999993
7|6|4|3|7,6,0.52611179385
6|10|3|1|6,3,-4.351680121868429
6|13|2|1|4,2,-16.652243274266922
6|13|2|1|4,4,-17.869470607027953
6|13|2|1|4,3,-13.655387096967788
2|15|1|0|3,7,-17.106728820998043
2|15|1|0|3,6,-18.063121416263733
3|1|3|0|7,4,-27.508561069368795
3|1|3|0|7,7,-25.54764356078871
4|1|3|0|6,6,-26.61745754706865
2|6|2|1|1,6,-14.950150604145598
2|6|2|1|1,7,-14.96510542290192
2|6|2|1|1,4,-14.950150604145598
2|6|2|1|1,3,-14.950150604145598
2|6|2|1|1,0,-14.394695895
3|3|3|2|1,0,-12.478950000000001
3|3|3|2|1,4,-12.478950000000001
2|3|2|2|7,4,-14.81086770184924
4|4|2|2|1,7,-14.999999449449476
4|4|2|2|1,3,-13.7646855
2|2|3|1|10,0,-20.59996595035118
2|2|3|1|10,3,-21.617957622407488
2|2|3|1|10,6,-21.15563694167124
2|2|3|1|10,4,-20.898467311513848
5|3|3|3|7,2,-6.830300443744119
5|3|3|3|7,6,-7.067503313368402
2|3|3|3|6,0,-7.269383348944061
6|9|2|1|4,5,-19.06051209914036
6|9|2|1|4,1,-17.142065348824886
6|9|2|1|4,0,-16.58867410813981
6|9|2|1|4,4,-17.45723760875688
6|9|2|1|4,3,-15.739397295237417
6|9|2|1|4,2,-15.830052851129071
6|9|2|1|4,7,-16.75604168478234
5|10|3|2|3,7,-12.759256098185713
7|13|2|1|2,1,-22.278215852507827
7|13|2|1|2,2,-22.49474007762651
4|1|4|0|9,5,-22.614104203727894
4|1|4|0|9,1,-23.50463829293398
4|1|4|0|9,6,-22.272426167776025
5|6|3|1|5,1,-18.100489862590845
5|6|3|1|5,4,-18.301079194901536
5|6|3|1|5,3,-17.034783053427883
5|11|1|1|3,4,-11.723151524175552
5|11|1|1|3,3,-13.862216098735177
5|2|3|1|9,4,-22.178782982684204
5|2|3|1|9,0,-20.116022770219878
5|2|3|1|9,7,-20.755994697456472
5|2|3|1|9,6,-20.985197155399874
5|2|3|1|9,1,-21.281580256881124
5|2|3|1|9,2,-19.585010907737082
5|2|3|1|9,3,-19.5969365135233
6|5|3|1|7,0,-11.76295271318327
6|5|3|1|7,2,-14.881340386633376
6|5|3|1|7,4,-12.799631310500477
0|6|3|2|6,4,-16.320201143969772
0|6|3|2|6,6,-15.831448007070952
0|6|3|2|6,2,-17.451636290625558
0|6|3|2|6,5,-14.656881523377614
3|4|2|2|6,6,-16.786256219185425
3|4|2|2|6,7,-18.52250522305372
3|4|2|2|6,5,-16.601243198072865
3|4|2|2|6,1,-16.43742140030015
3|4|2|2|6,2,-17.837546426049347
5|4|2|2|4,0,-19.251688623953545
5|4|2|2|4,1,-19.3691279936035
5|4|2|2|4,6,-20.12480174198313
5|4|2|2|4,4,-20.176751721889808
5|4|2|2|4,3,-20.259180309349244
0|6|3|3|3,2,-14.758765082913412
0|6|3|3|3,7,-0.16827581849999992
2|9|3|3|2,4,-4.8612
4|9|3|3|1,1,-9.855
6|1|2|0|2,5,-20.643934626831584
6|1|2|0|2,7,-20.124552728653832
6|1|2|0|2,1,-21.453761805885705
6|1|2|0|2,0,-17.266446825111878
6|1|2|0|2,4,-20.253309038318882
6|1|2|0|2,2,-20.072877685154847
6|1|2|0|2,3,-20.27087024208929
0|1|2|0|4,7,-29.626722170754753
0|1|2|0|4,3,-29.464376741309295
0|1|2|0|4,4,-29.977594938847844
5|1|2|0|2,1,-22.330007937584945
5|1|2|0|2,0,-22.4253516898449
5|1|2|0|2,2,-19.85942987481307
5|1|2|0|2,4,-20.769790535197206
5|1|2|0|2,3,-6.950597524155001
6|3|3|1|4,1,-19.440172022823084
6|3|3|1|4,4,-16.425977951441865
6|3|3|1|4,2,-17.94113394627467
6|3|3|1|4,3,-18.814634869065273
6|3|3|1|4,5,-17.89407384000243
6|3|3|1|4,7,-19.322753413055818
6|3|3|1|4,0,-18.8671113554097
1|3|3|1|3,5,-19.557881757483777
1|3|3|1|3,3,-19.52726384402643
1|3|3|1|3,2,-17.16113682376095
1|3|3|1|3,4,-20.247746760729758
1|3|3|1|3,6,-19.616612829462472
5|6|2|1|2,1,-15.720416223058502
5|6|2|1|2,6,-15.684544129891275
5|6|2|1|2,4,-15.486475951935166
5|6|2|1|2,0,-17.471208116955
5|6|2|1|2,7,-15.78827898963948
5|6|2|1|2,3,-13.215891053125683
5|6|2|1|2,2,-15.829072455952481
4|4|2|2|2,1,-13.416698262479768
4|4|2|2|2,3,-18.461599257433885
4|4|2|2|2,6,-17.7981120877869
4|4|2|2|2,2,-18.64091296930503
4|4|2|2|2,5,-18.253093529840626
0|4|3|2|8,2,-16.518430719555408
0|4|3|2|8,7,-16.654801825420574
2|4|3|2|7,6,-16.379260680701343
2|4|3|2|7,5,-15.453283259884426
2|4|3|2|7,3,-15.294440086818012
2|4|3|2|7,7,-16.761288975436944
2|4|3|2|7,1,-14.570141541250281
6|7|2|2|6,1,-15.294569914395652
6|7|2|2|6,3,-17.50238001601727
6|7|2|2|6,0,-17.262218382171316
7|10|2|2|3,5,-18.516888692502924
7|6|2|1|1,5,-14.792380691985
7|6|2|1|1,2,-14.8546664843895
7|6|2|1|1,4,-14.792380691985
7|6|2|1|1,0,-14.792380691985
7|6|2|1|1,3,-14.8546664843895
7|6|2|1|1,6,-14.792380691985
7|6|2|1|1,1,-14.8546664843895
6|3|1|1|10,2,-13.315318739928957
6|3|1|1|10,0,-12.518996961869519
6|3|1|1|10,1,-11.08892319717016
6|3|1|1|10,3,-10.608077070088191
6|3|1|1|10,4,-4.947326641069171
2|3|1|1|9,0,-13.9532054160936
2|3|1|1|9,6,-19.453027309104012
2|3|1|1|9,1,-18.417773960356676
2|3|1|1|9,7,-9.697569843968726
3|3|2|2|7,1,-19.517481595388894
3|3|2|2|7,0,-18.96706972442829
3|3|2|2|7,4,-19.67301289116258
3|3|2|2|7,6,-18.67298329187808
3|3|2|2|7,2,-18.693714213282455
3|3|2|2|7,5,-6.191818934413129
1|5|2|2|6,4,-16.41450203377618
1|5|2|2|6,3,-16.408615789329815
1|5|2|2|6,0,-16.950663824530515
1|5|2|2|6,7,-15.863988661228685
4|7|4|1|5,2,-13.214599765282047
4|7|4|1|5,7,-9.09979052151352
2|8|4|1|4,5,-14.428648894720087
2|8|4|1|4,4,-12.50572561820991
1|13|2|1|2,0,-19.04043989348595
1|13|2|1|2,2,-17.787897010560002
1|13|2|1|2,3,-18.408708242589345
1|13|2|1|2,4,-13.447890538614466
1|13|2|1|2,6,-17.563926740406245
1|13|2|1|2,5,-17.84874925578195
1|13|2|1|2,7,-17.70505047524223
5|5|1|1|2,6,-17.121836716981186
6|5|1|1|1,1,-14.994135268427126
7|4|4|1|1,6,-13.235265
7|4|4|1|1,3,-13.235265
3|4|2|1|10,1,-4.275576594653424
3|4|2|1|10,4,-7.711127274090554
1|5|3|2|9,4,-8.683781818767795
0|8|2|2|7,1,-11.787520111605481
3|3|3|3|9,0,-8.96031471403664
0|3|3|3|8,2,-13.381915438516778
2|3|3|3|7,4,-9.204379342687474
4|6|3|2|6,2,-13.237497114925711
4|6|3|2|6,7,-15.641454164271428
2|6|3|2|5,6,-16.236230672575818
2|6|3|2|5,7,-17.634341945074524
2|6|3|2|5,3,-16.03069822316548
2|6|3|2|5,1,-15.945687305014257
2|6|3|2|5,0,-17.27420108189539
2|6|3|2|5,5,-16.607820313072573
2|6|3|2|5,4,-14.640098859588663
6|9|2|2|4,0,-13.260034362355901
6|9|2|2|4,7,-14.58014830536136
6|9|2|2|4,1,-13.32582686259868
6|9|2|2|4,2,-13.568843034191016
6|9|2|2|4,4,-14.932263872263078
6|9|2|2|4,3,-14.199555946907726
0|11|2|1|3,7,-21.219513715517728
0|11|2|1|3,2,-19.246720155945404
0|11|2|1|3,3,-18.71087041448133
0|11|2|1|3,5,-11.583172554875638
2|1|2|1|1,1,-14.928786577350856
2|1|2|1|1,6,-14.928786577350856
3|2|3|1|10,6,-19.71194235091859
3|2|3|1|10,2,-18.497553424131585
3|2|3|1|10,4,-21.002942063508666
3|2|3|1|10,7,-19.40378411918179
3|2|3|1|10,0,-19.692835870039303
3|2|3|1|10,5,-20.522506485439727
3|2|3|1|10,1,-18.264666907531904
5|3|3|2|8,6,-15.617158123870881
5|3|3|2|8,3,-10.324605562576917
5|3|3|2|8,7,-14.394024129593433
5|3|3|2|8,4,-8.25330689816148
1|6|3|1|5,0,-17.95347880425484
1|6|3|1|5,7,-16.41565790177783
1|6|3|1|5,6,-15.323086439165712
1|6|3|1|5,4,-17.67530756202114
3|10|2|2|1,4,-14.999998876427503
0|3|1|1|10,1,-13.97523668892547
0|3|1|1|10,6,-11.074536604486036
0|3|1|1|10,7,-13.483804077326962
4|4|2|1|7,7,-18.36368782632304
4|4|2|1|7,3,-19.957672849540092
4|4|2|1|7,5,-18.38673380682111
4|4|2|1|7,1,-18.766126088003684
4|4|2|1|7,0,-13.64098019665264
1|8|3|1|2,5,-17.945602269291697
1|8|3|1|2,7,-16.183372154914412
1|8|3|1|2,0,-16.505552487593118
1|8|3|1|2,3,-14.651482296435164
1|8|3|1|2,6,-16.65602542000785
1|8|3|1|2,2,-10.903238487468656
1|8|3|1|2,4,-13.567267572465001
6|1|3|0|10,0,-26.624915181102264
6|1|3|0|10,4,-27.097798352344693
6|1|3|0|10,7,-25.332373192557327
6|1|3|0|10,3,-26.880653244486464
6|1|3|0|10,1,-26.87076492290068
6|1|3|0|10,5,-25.542784417887727
6|1|3|0|10,2,-26.298865061462614
0|1|3|0|9,1,-23.388996474906563
3|5|2|2|7,7,-13.729708463011898
3|5|2|2|7,4,-14.427451759132436
3|5|2|2|7,1,-15.30591486369401
3|5|2|2|7,0,-16.149772451420528
0|7|3|2|4,2,-16.848951438198515
0|7|3|2|4,4,-13.405922010345321
0|7|3|2|4,6,-16.96335186244788
2|9|3|1|3,6,-12.666392682151711
2|9|3|1|3,3,-12.782636690033446
2|9|3|1|3,0,-13.083562481997529
2|9|3|1|3,7,-12.689101470857759
2|9|3|1|3,1,-15.629172531017087
3|1|2|2|9,1,-20.542178492117998
3|1|2|2|9,2,-14.87176046740397
0|6|4|1|3,3,-22.40334149876773
3|6|4|1|2,6,-18.02799741930851
6|6|4|1|1,4,-14.928786577350856
6|6|4|1|1,0,-12.478950000000001
6|6|4|1|1,3,-12.478950000000001
1|10|2|2|2,5,-19.823706706615027
1|10|2|2|2,2,-15.21971037636967
5|10|2|2|1,2,-14.13527985
5|10|2|2|1,0,-14.13527985
5|10|2|2|1,4,-14.13527985
5|10|2|2|1,1,-14.13527985
5|10|2|2|1,7,-13.7646855
5|10|2|2|1,6,-13.7646855
5|10|2|2|1,3,-13.7646855
4|2|3|1|10,1,-16.305015376759208
4|2|3|1|10,5,-19.53116554970627
4|2|3|1|10,3,-20.951647068708148
1|5|4|1|9,2,0.20156013698076963
5|10|3|1|7,6,-3.9291026707751016
5|10|3|1|7,1,-3.4670130075000003
2|13|1|1|4,3,-11.9089105157157
3|5|2|2|5,2,-16.861707226077634
3|5|2|2|5,5,-17.412817240497073
3|5|2|2|5,6,-21.076673186849945
3|5|2|2|5,1,-17.457489566209254
3|5|2|2|5,7,-11.973850058488807
3|5|2|2|5,4,-16.752108485942752
3|5|2|2|5,0,-17.48628476310282
7|4|4|1|3,3,-17.116905937839807
3|8|2|2|2,6,-18.167261042535763
3|8|2|2|2,7,-18.28087600484246
3|8|2|2|2,0,-17.827530699991417
3|8|2|2|2,2,-15.80650772055694
6|8|2|2|1,1,-14.8546664843895
6|8|2|2|1,3,-14.792380691985
6|8|2|2|1,0,-14.8546664843895
6|8|2|2|1,4,-14.8546664843895
6|8|2|2|1,2,-14.8546664843895
6|8|2|2|1,5,-14.8546664843895
6|8|2|2|1,7,-14.792380691985
3|1|4|1|8,7,-14.20745657671091
3|1|4|1|8,5,-18.05774463154376
3|1|4|1|8,4,-13.664983004656364
3|1|4|1|8,0,-12.70026204591053
7|1|4|1|7,2,-15.116170825278058
7|1|4|1|7,5,-15.16471252374876
7|1|4|1|7,0,-13.925773288058474
4|9|3|1|4,7,-15.688353357864244
4|12|1|1|2,1,-15.156826778025886
4|12|1|1|2,2,-12.854144550000003
4|12|1|1|2,0,-12.315633559500002
5|5|2|2|2,2,-17.732867491317585
5|5|2|2|2,0,-16.93580805892899
5|5|2|2|2,3,-18.069045045971176
5|5|2|2|2,1,-18.103968385102323
2|7|3|2|1,7,-14.975573796031343
2|7|3|2|1,3,-14.975573796031343
2|7|3|2|1,5,-14.898266539072651
2|7|3|2|1,4,-14.792380691985
2|7|3|2|1,1,-12.478950000000001
5|3|1|1|5,6,-17.32286507962306
5|3|1|1|5,7,-17.914615230653673
5|3|1|1|5,1,-17.175050080086386
5|3|1|1|5,3,-16.0188165248091
6|4|1|1|4,0,-13.219644240194311
6|4|1|1|4,7,-14.944962791120824
6|4|1|1|4,5,-14.116357428400985
6|2|3|3|9,3,-2.89425
6|2|3|3|9,4,-3.015
6|2|3|3|9,0,-0.3386111623826519
3|3|3|3|8,0,-6.988161360110699
0|6|3|2|7,1,-19.668629127450608
1|9|3|2|6,6,-6.883272995032036
1|9|3|2|6,7,-10.993832462510477
5|12|3|1|2,7,-13.323089985112665
5|12|3|1|2,1,-13.66479381519045
2|1|4|0|7,5,-15.142945961210224
5|5|4|2|6,0,-9.616031901728324
5|5|4|2|6,6,-10.139350622303978
4|10|3|2|4,3,-10.32670194316083
3|10|3|2|3,7,-10.832315833327328
3|10|3|2|3,5,-11.180748987065297
3|10|3|2|3,6,-14.808955121982923
0|1|4|1|8,1,-17.03578579864729
0|1|4|1|8,5,-16.447371954592576
1|5|3|2|7,0,-14.60976392819229
1|5|3|2|7,3,-17.42783054383988
1|8|3|2|5,4,-14.041039318068368
1|8|3|2|5,5,-17.593676440249055
3|4|1|1|2,5,-14.83097749725
3|4|1|1|2,1,-16.555930559670312
3|4|1|1|2,6,-13.628589522681825
5|5|3|1|1,6,-14.394695895
5|5|3|1|1,0,-14.394695895
5|5|3|1|1,4,-14.394695895
5|5|3|1|1,1,-14.394695895
5|5|3|1|1,2,-14.394695895
5|5|3|1|1,7,-13.7646855
4|3|5|1|8,7,-9.07158236263649
0|10|3|2|6,3,-5.5058449414684425
1|14|2|0|2,2,-13.395932032950002
1|14|2|0|2,5,-15.803287564067357
3|3|3|1|6,7,-20.141011569295852
3|3|3|1|6,0,-17.888425684802325
3|3|3|1|6,4,-17.76927492361751
3|3|3|1|6,2,-17.059338561626962
3|3|3|1|6,5,-17.812645790734383
3|3|3|1|6,1,-18.513670876656306
3|3|3|1|6,6,-15.460415233813064
7|4|4|1|5,4,-18.555719075585504
7|4|4|1|5,2,-18.19099120967028
4|5|4|1|4,2,-13.15760184609525
4|5|4|1|4,0,-14.994710999216164
4|5|4|1|4,1,-11.745726940005836
6|2|4|2|4,3,-14.385550415861228
5|7|2|2|3,7,-11.691997876159025
5|7|2|2|3,2,-19.216302911363684
5|7|2|2|3,0,-19.934252330721378
4|2|5|1|10,2,-9.384104525325878
2|7|4|2|9,0,0.36
0|9|4|1|8,3,-1.9380000000000002
3|9|4|1|7,1,0.1725
1|10|4|1|6,0,0.1725
0|11|4|1|5,3,0.1725
3|12|4|0|4,7,3.0
1|4|1|1|8,0,-13.364199374254591
1|4|1|1|8,4,-14.60027917650832
1|4|1|1|8,6,-12.372252379958036
1|4|1|1|8,7,-13.595722104456868
0|11|2|1|4,4,-12.921189089714119
0|11|2|1|4,6,-15.33662462808802
0|11|2|1|4,3,-16.613743708259843
0|11|2|1|4,2,-15.195019629180965
0|11|2|1|4,7,-15.544785288961501
0|11|2|1|4,1,-16.371746702474343
0|11|2|1|4,5,-15.608317490242756
7|3|3|2|5,5,-19.82997319999339
7|3|3|2|5,3,-18.886682400010862
7|3|3|2|5,4,-19.910765477294337
0|2|4|2|8,5,-10.863701640306182
0|2|4|2|8,2,-13.595677086980249
5|2|4|2|7,3,-11.05660420970836
5|8|2|2|4,2,-17.635390692977076
3|11|2|1|1,5,-14.988031160055359
3|11|2|1|1,0,-14.988031160055359
3|11|2|1|1,2,-14.988031160055359
3|11|2|1|1,6,-14.394695895
3|11|2|1|1,7,-14.13527985
3|11|2|1|1,4,-14.13527985
3|11|2|1|1,1,-14.394695895
4|4|2|2|7,7,-15.465907708165314
4|4|2|2|7,3,-14.634010348722342
4|4|2|2|7,5,-12.986542238077389
7|4|2|2|6,2,-17.787158317603854
7|4|2|2|6,0,-18.496331344312654
7|4|2|2|6,1,-20.237455210252655
7|4|2|2|6,6,-14.475665844818932
7|4|2|2|6,4,-17.85106760702858
1|7|4|3|2,0,-5.155169999999999
0|4|2|1|9,6,-15.239777556335518
0|4|2|1|9,5,-14.308766056557344
0|4|2|1|9,4,-15.480273809509264
0|4|2|1|9,2,-16.90770086471932
0|4|2|1|9,1,-15.010903600302205
0|4|2|1|9,3,-13.037129690958663
6|5|3|1|8,4,-9.335338893492748
6|5|3|1|8,7,-11.006246207588486
6|5|3|1|8,3,-10.23662947505226
6|5|3|1|8,1,-7.715989084720402
4|8|2|1|7,2,-9.659417558969531
2|8|2|1|6,6,-12.586070178007677
2|8|2|1|6,5,-13.847195070388622
6|10|2|2|5,1,-14.27510946689437
6|10|2|2|5,3,-11.846751456730445
6|10|2|2|5,4,-11.960820435127166
1|10|2|2|4,0,-15.803542451391323
1|10|2|2|4,5,-15.898050734642121
1|10|2|2|4,2,-16.81163633092947
1|10|2|2|4,3,-15.95707695749664
1|10|2|2|4,4,-18.369507132203257
1|10|2|2|4,6,-15.851530038273491
6|2|1|1|5,2,-20.933475322769247
6|2|1|1|5,5,-20.967544218727213
6|2|1|1|5,1,-22.72905770104821
6|2|1|1|5,3,-21.24937024384685
6|2|1|1|5,0,-22.520835501717645
6|2|1|1|5,4,-20.813167524019526
6|2|1|1|5,7,-21.090953078618526
5|3|3|2|9,3,-13.01361647146545
5|3|3|2|9,2,-12.387609620157676
3|9|2|2|4,4,-15.030927523155839
3|9|2|2|4,1,-15.292508281968262
3|9|2|2|4,0,-16.2058732019406
3|9|2|2|4,7,-14.911526086078231
3|9|2|2|4,5,-16.682973229945773
7|12|2|1|1,6,-14.96510542290192
7|12|2|1|1,1,-14.96510542290192
7|12|2|1|1,4,-14.96510542290192
7|12|2|1|1,2,-14.950150604145598
7|12|2|1|1,5,-14.96510542290192
7|12|2|1|1,3,-14.96510542290192
7|12|2|1|1,0,-14.950150604145598
5|1|5|0|10,2,-12.134021254469694
6|6|4|1|8,3,0.37094999999999995
2|8|4|1|6,0,-7.360575329688727
4|12|1|1|3,3,-13.18163824470317
4|3|1|1|4,2,-16.8900000436622
4|3|1|1|4,6,-18.400103801671683
4|3|1|1|4,5,-15.87728577847239
4|3|1|1|4,7,-17.82658213902225
4|3|1|1|4,0,-17.038715882071525
4|3|1|1|4,1,-19.116708100478593
4|3|1|1|4,3,-18.481635244174154
2|4|1|1|3,4,-14.232781502607123
7|7|3|1|5,3,-9.217517070204117
7|7|3|1|5,2,-15.033349363401431
7|7|3|1|5,4,-14.847404037132593
1|1|3|1|9,5,-23.949964428698944
1|1|3|1|9,3,-22.511626281066288
1|1|3|1|9,6,-23.68468627112345
1|1|3|1|9,7,-22.806128626026332
1|1|3|1|9,2,-22.90923304140998
1|1|3|1|9,4,-22.560193814015012
1|1|3|1|9,0,-23.80208826982685
5|4|1|1|8,0,-12.372850039981943
5|4|1|1|8,2,-9.71305934465407
5|4|1|1|8,7,-11.161201203455121
0|5|1|1|7,4,-10.371847295961938
0|5|1|1|7,5,-9.327709889171022
0|5|1|1|7,2,-9.564827131456692
4|6|1|1|6,0,-4.040491089250261
3|7|1|1|4,0,-9.903814321106761
3|7|1|1|4,2,-8.33528720567727
3|7|1|1|4,4,-3.5642732230063343
1|9|2|1|2,2,-15.03820039107385
1|9|2|1|2,6,-16.298794176299296
2|11|1|1|1,0,-14.394695895
2|11|1|1|1,6,-14.394695895
2|11|1|1|1,7,-7.65
2|11|1|1|1,3,-7.65
0|4|2|1|5,7,-20.14741850259838
0|4|2|1|5,1,-19.666353572367843
0|4|2|1|5,4,-17.92418031641161
0|4|2|1|5,3,-17.37457825487978
0|4|2|1|5,6,-18.29178687945513
0|4|2|1|5,5,-19.04488394862218
0|4|2|1|5,2,-19.019741124885584
3|1|3|0|9,0,-26.9091559681143
3|1|3|0|9,4,-28.3999489168494
3|1|3|0|9,2,-27.449536333893125
5|1|3|0|7,4,-28.87810676536666
5|1|3|0|7,0,-24.871323776481333
3|6|2|1|3,1,-14.504495085675664
3|6|2|1|3,7,-16.078523597406285
3|6|2|1|3,5,-16.27292147841937
3|6|2|1|3,4,-16.02087532188382
3|6|2|1|3,0,-15.26543240531693
3|6|2|1|3,6,-17.031919349643754
3|6|2|1|3,2,-12.635685704141196
2|1|2|2|9,0,-17.763565852040344
2|1|2|2|9,3,-21.07762869571714
0|3|5|4|8,6,-3.015
6|3|5|4|7,4,0.9225
4|8|4|1|6,3,-4.023276703010961
4|8|4|1|6,5,-0.6564904500000002
4|8|4|1|6,1,-4.875920506226616
3|12|1|1|5,4,-11.185835740095538
3|12|1|1|3,1,-13.411276789814462
3|12|1|1|3,0,-11.614656638069999
3|12|1|1|3,2,-12.426281674158071
3|12|1|1|3,6,-9.062962158839714
3|2|3|1|9,6,-21.539992421975537
3|2|3|1|9,4,-23.34103577276543
3|2|3|1|9,1,-21.47989517238487
3|2|3|1|9,2,-22.277881030494193
3|2|3|1|9,7,-22.638198473515203
7|5|3|1|7,3,-13.737476046386643
3|8|3|1|6,0,-8.724972059205504
0|11|2|1|5,4,-14.145553909592525
0|11|2|1|5,3,-4.695140454128323
5|4|3|1|4,7,-15.998522310396027
5|4|3|1|4,6,-18.710885056067525
5|4|3|1|4,1,-19.261782747079316
5|4|3|1|4,3,-19.144699021828977
5|4|3|1|4,4,-18.538454669645002
3|9|3|1|1,5,-14.898266539072651
3|9|3|1|1,0,-14.928786577350856
3|9|3|1|1,1,-14.5762871265
2|3|3|1|6,4,-21.180394903327336
2|3|3|1|6,6,-19.58334449601499
2|3|3|1|6,0,-20.2652244092731
2|3|3|1|6,5,-19.6672241566854
0|5|3|1|1,5,-14.991621812038751
0|5|3|1|1,4,-14.991621812038751
0|5|3|1|1,1,-14.898266539072651
1|2|1|1|3,2,-21.29688658601642
1|2|1|1|3,6,-16.7814143702861
0|3|2|1|1,6,-14.950150604145598
0|3|2|1|1,1,-14.928786577350856
0|3|2|1|1,7,-14.950150604145598
0|3|2|1|1,5,-14.928786577350856
0|3|2|1|1,3,-14.928786577350856
0|3|2|1|1,2,-14.950150604145598
0|3|2|1|1,4,-14.928786577350856
0|6|2|1|5,6,-15.707360472695784
0|6|2|1|5,1,-15.151434070370588
0|6|2|1|5,2,-16.288295081021097
0|6|2|1|5,3,-2.387596437234926
6|8|4|1|4,1,-15.709236709094643
2|3|1|1|5,5,-18.353930492729376
2|3|1|1|5,7,-18.29922098368406
2|3|1|1|5,4,-19.183138420987945
2|3|1|1|5,6,-18.026057501824155
2|3|1|1|5,3,-19.341253383577666
2|3|1|1|5,0,-20.830647669332354
2|3|1|1|5,1,-18.87268902141598
0|1|1|1|2,3,-21.486180671580517
0|1|1|1|2,7,-21.641488850700792
0|1|1|1|2,5,-20.01762860869936
0|1|1|1|2,1,-21.549906767161996
4|2|3|2|7,2,-15.986757615091232
4|2|3|2|7,7,-15.104839987722645
4|2|3|2|7,1,-16.30502778062221
4|2|3|2|7,3,-13.591415675842487
4|2|3|2|7,6,-7.770579225099874
4|2|3|2|7,0,-8.638750919897422
4|2|3|2|7,5,-12.673152860170077
7|6|4|3|5,1,-6.242081093448787
1|10|3|1|4,4,-15.265265152958605
2|4|4|1|4,6,-14.27421036638178
2|4|4|1|4,7,-18.056503431824613
2|4|4|1|4,4,-16.658504051444133
7|3|1|1|5,5,-17.308992930335016
7|3|1|1|5,2,-19.207156778920975
7|3|1|1|5,4,-19.0559430767266
5|3|1|1|4,1,-16.585533470058582
5|3|1|1|4,6,-18.47537879295545
5|3|1|1|4,2,-17.57505626902554
5|3|1|1|4,0,-19.306645689157406
5|3|1|1|4,7,-19.054594592777715
7|6|3|2|1,4,-14.997988397070504
7|6|3|2|1,0,-14.8546664843895
4|4|3|1|3,1,-18.354645294366698
4|4|3|1|3,6,-18.92114174094958
4|4|3|1|3,7,-20.252833299715164
4|4|3|1|3,3,-19.24511609631797
4|4|3|1|3,0,-19.284405632730316
4|4|3|1|3,5,-19.14932711918601
7|8|4|2|1,4,-12.478950000000001
5|7|3|1|4,6,-8.95248545460224
5|7|3|1|4,7,-15.226960524489002
1|10|1|1|2,0,-14.46525345365355
1|10|1|1|2,4,-12.778045422561451
0|11|1|1|1,1,-14.5762871265
0|11|1|1|1,2,-14.703400988550001
0|11|1|1|1,6,-14.13527985
0|11|1|1|1,3,-14.13527985
7|5|4|2|8,3,-1.8328486446511234
3|5|4|2|7,5,-5.518039237760478
3|5|4|2|7,7,-7.248947053721706
3|5|4|2|7,2,-7.5347484180982
5|9|2|1|6,2,-11.852790237336489
2|11|1|1|5,6,-11.153543583919868
2|11|1|1|5,7,-11.752617488219157
5|3|4|2|8,4,-15.757168617645451
4|3|4|2|7,2,-9.43245199264075
4|3|4|2|7,3,-12.95721704869563
4|3|4|2|7,7,-8.158630427086232
4|3|4|2|7,5,-8.44933787160623
2|7|3|2|6,3,-10.866651034679112
2|7|3|2|6,0,-8.765896557182497
3|10|2|2|5,6,-19.205817608102173
3|10|2|2|5,1,-16.848301007223814
6|10|2|2|4,0,-19.283307570327786
6|10|2|2|4,1,-17.508937407520587
2|4|3|2|4,7,-17.492047347568718
2|4|3|2|4,6,-21.227431550464466
2|4|3|2|4,1,-18.798112951124295
2|4|3|2|4,5,-19.73335806263198
2|4|3|2|2,5,-15.869741213079081
2|4|3|2|2,0,-16.780511359930898
2|4|3|2|2,1,-14.839130317793781
2|4|3|2|2,4,-16.310975280313194
2|4|3|2|2,3,-14.5022872833
2|4|3|2|2,6,-13.556489759184348
2|4|3|2|2,7,-15.06670860374445
4|3|2|1|10,5,-11.156889812002234
4|3|2|1|10,3,-15.550190942461429
4|3|2|1|10,0,-16.023012631881972
4|3|2|1|10,7,-15.07108636534253
4|3|2|1|10,1,-15.01633166553608
4|3|2|1|10,2,-17.570228542569737
4|3|2|1|10,6,-14.185875364772961
5|5|2|2|9,3,-9.830662739870215
5|5|2|2|9,6,-6.953247612953206
6|7|2|1|7,7,-7.578693849658985
6|7|2|1|7,4,-5.178123119727664
6|7|2|1|7,0,-0.46499979932585817
7|9|2|1|6,4,-12.825677266346977
7|9|2|1|6,0,-13.45568886629852
3|3|3|2|10,2,-12.720042269670852
2|3|3|2|9,1,-12.166279054910756
1|6|2|1|8,2,-4.463646095886187
1|6|2|1|8,0,-12.34353426314417
2|6|2|1|7,0,-13.055013550674161
2|6|2|1|7,6,-12.91169074619727
2|6|2|1|7,3,-14.775152143702787
0|8|1|1|6,2,-5.44233768095271
2|9|1|1|5,0,-13.23869710929286
0|10|1|1|4,3,-16.270231812996343
0|10|1|1|4,7,-13.690831571669726
0|10|1|1|4,5,-15.722007038927115
1|11|1|1|2,0,-13.568608650000002
1|11|1|1|2,5,-11.816834549014
1|11|1|1|2,7,-13.637106980218501
2|6|4|3|3,0,-2.559929413725829
5|3|2|2|5,2,-20.460620536088165
5|3|2|2|5,0,-21.409735900009686
5|3|2|2|5,7,-21.418923033448497
5|2|1|1|10,0,-23.93319562481826
5|2|1|1|10,6,-21.71476046757423
5|2|1|1|10,3,-24.107832715602427
5|2|1|1|10,7,-23.593288608596392
5|2|1|1|10,4,-24.87483657640161
5|2|1|1|10,1,-27.40284675004475
5|2|1|1|10,2,-24.569239088895944
0|3|4|1|9,2,-11.937723542917348
2|7|2|1|8,0,-6.900834604701946
2|7|2|1|8,7,-6.0832976137833175
0|8|2|1|7,1,-14.85435621685371
5|8|2|1|5,6,-11.04268628061118
5|8|2|1|5,3,-11.698985428620283
5|8|2|1|5,2,-14.986563739895853
0|9|2|2|3,1,-17.611223679185333
0|9|2|2|3,5,-15.964133077749283
0|9|2|2|3,4,-15.728627758449214
0|9|2|2|3,3,-13.982888201142652
0|9|2|2|3,7,-15.978795208243572
0|9|2|2|3,2,-16.24263903959127
0|9|2|2|3,6,-15.683046715001185
1|11|2|2|2,4,-21.067309504239564
1|11|2|2|2,7,-16.243733382043526
1|11|2|2|2,2,-6.731465085
1|1|3|0|10,2,-18.493164058336028
1|1|3|0|10,6,-28.65356626243745
1|1|3|0|10,0,-28.859276514540262
1|1|3|0|10,5,-28.52149249116692
0|5|2|2|8,2,-12.852171569296754
0|5|2|2|8,5,-11.01115404985745
0|5|2|2|8,1,-11.769964804487605
7|2|3|1|8,5,-20.968604450644893
4|10|1|1|1,0,-14.8546664843895
4|10|1|1|1,5,-11.3985
2|4|4|1|7,0,-10.744694886482387
4|8|3|1|5,1,-12.907215052466244
4|8|3|1|5,7,-16.43174547292199
4|8|3|1|5,0,-16.19108407123513
1|9|3|1|4,6,-12.931712167862285
1|9|3|1|4,7,-11.385930974078933
1|9|3|1|4,3,-10.954779913677108
1|9|3|1|4,0,-9.106978588931755
1|9|3|1|4,4,-14.619791075882349
6|1|1|1|1,7,-14.13527985
6|1|1|1|1,0,-14.13527985
6|1|1|1|1,2,-14.13527985
6|1|1|1|1,4,-14.13527985
6|1|1|1|1,1,-14.13527985
6|1|1|1|1,5,-14.13527985
0|1|3|0|10,2,-26.433716120848768
0|1|3|0|10,4,-24.42660930212601
0|1|3|0|10,5,-24.80338895584302
0|1|3|0|10,7,-23.864214978559378
0|1|3|0|10,3,-23.95016153478869
0|1|3|0|10,1,-26.58755315846159
4|7|3|2|3,5,-18.83804470333611
4|7|3|2|3,3,-17.396095504618977
4|7|3|2|3,6,-17.399930565856195
4|7|3|2|3,0,-17.837005775477355
4|7|3|2|3,2,-18.504753560588554
4|7|3|2|3,7,-16.855220677161014
4|7|3|2|3,1,-9.486979594800689
1|6|4|3|5,6,0.9158999999999999
6|10|3|2|4,7,-11.700024221235283
5|13|2|1|2,3,-20.46905387337426
5|13|2|1|2,2,-19.270231130711444
5|13|2|1|2,6,-12.649238290066593
5|6|3|1|3,4,-22.39784290629907
5|6|3|1|3,0,-14.5182205735035
5|6|3|1|3,7,-22.470114286448123
4|1|3|0|9,1,-25.168525190453682
4|1|3|0|9,5,-25.855104036900677
4|1|3|0|9,2,-25.495204926377323
4|1|3|0|9,3,-26.531444137928734
4|1|3|0|9,0,-24.739463580906488
4|1|3|0|9,6,-25.711688056662677
4|1|3|0|9,7,-24.427038012897043
0|1|3|0|7,6,-25.612835522619438
0|1|3|0|7,7,-25.360403920073175
0|1|3|0|7,1,-27.039219835241312
0|1|3|0|7,5,-26.614935756356342
0|1|3|0|7,3,-28.614378318207407
6|1|3|0|6,3,-23.05892303601791
6|1|3|0|6,7,-21.359698768494763
6|1|3|0|6,5,-21.113573393410462
6|1|3|0|6,0,-20.822729912577522
6|7|2|2|3,4,-17.83897128592224
6|7|2|2|3,5,-16.82456121355755
6|7|2|2|3,3,-16.143828358847447
6|7|2|2|3,2,-17.488724588491376
6|7|2|2|3,1,-16.229756480629636
6|7|2|2|3,0,-16.65503316353952
6|7|2|2|3,7,-10.690845448494064
6|4|1|1|6,4,-17.163316352379262
4|5|1|1|5,0,-12.614017810129619
4|5|1|1|5,6,-8.25859636329491
0|6|1|1|4,1,-12.27760408750264
0|6|1|1|4,5,-13.163533152648268
1|7|2|1|3,7,-18.310897419412797
1|7|2|1|3,4,-15.417034139755307
7|9|3|1|2,0,-14.403820401091998
7|9|3|1|2,5,-19.44107508132918
7|9|3|1|2,2,-13.525838131965
7|9|3|1|2,1,-12.010496390021135
0|10|3|1|1,4,-14.950150604145598
0|10|3|1|1,3,-14.950150604145598
0|10|3|1|1,1,-13.7646855
0|10|3|1|1,2,-13.7646855
0|10|3|1|1,6,-13.235265
0|10|3|1|1,7,-4.5
2|1|2|0|4,0,-24.439008920754393
2|1|2|0|4,3,-27.226631551524687
2|1|2|0|4,6,-27.275728638170513
2|1|2|0|4,7,-27.044350528044426
2|1|2|0|4,5,-27.72758903742522
2|1|2|0|4,4,-8.958847521590878
1|4|2|1|1,5,-14.8546664843895
1|4|2|1|1,0,-14.898266539072651
1|4|2|1|1,2,-14.898266539072651
1|4|2|1|1,4,-14.8546664843895
1|4|2|1|1,7,-14.8546664843895
1|4|2|1|1,6,-14.394695895
1|4|2|1|1,3,-14.5762871265
5|4|2|2|9,6,-12.078623019806864
5|4|2|2|9,7,-1.3178423706152165
6|5|3|2|8,5,-11.709456551420434
5|5|3|2|7,0,-12.967901045811766
5|5|3|2|7,7,-15.843830106943143
5|5|3|2|7,6,-14.655178591246626
5|5|3|2|7,3,-12.929259086488226
5|8|2|2|5,6,-17.40189694258503
5|8|2|2|5,7,-17.229750360717333
5|8|2|2|5,4,-16.585307658688482
7|12|2|2|2,6,-16.212411945
6|12|2|2|1,0,-13.7646855
6|12|2|2|1,1,-13.7646855
5|1|3|0|10,6,-26.268750869439884
5|1|3|0|10,2,-27.525507966333333
5|1|3|0|10,3,-27.117217509608206
5|1|3|0|10,4,-27.557336636508523
5|1|3|0|10,7,-26.26021325721064
6|1|3|0|9,1,-25.065176469089707
6|1|3|0|9,3,-25.708564149868973
6|1|3|0|9,4,-25.51270212896313
6|1|3|0|9,5,-23.88578797097934
4|1|3|0|7,2,-26.58058622513219
4|1|3|0|7,6,-8.540140590986741
4|9|1|1|4,0,-4.241842339192658
0|10|1|1|3,2,-14.451398497357154
0|10|1|1|3,3,-9.899737813321622
0|10|1|1|3,1,-0.8707909790422141
2|2|3|0|8,3,-17.911587172194242
2|6|2|1|5,3,-15.782061422013195
2|6|2|1|5,6,-20.051156729346907
3|6|2|1|4,0,-15.482612829629225
3|6|2|1|4,4,-15.668492936528326
3|6|2|1|4,7,-10.79627886962254
3|6|2|1|4,2,-15.666242493398226
3|6|2|1|4,5,-12.34357907878396
2|8|2|1|2,1,-18.21191145538367
2|8|2|1|2,7,-19.220493108319626
2|8|2|1|2,0,-15.36773793933385
4|7|3|1|3,2,-16.538845563148367
4|7|3|1|3,0,-14.683821200562596
4|7|3|1|3,6,-16.07039678880977
4|7|3|1|3,1,-15.796812537827376
4|7|3|1|3,3,-14.507871376441814
4|7|3|1|3,7,-13.469917256683676
4|7|3|1|3,5,-14.490914124948356
2|7|3|1|2,6,-17.34922174058569
2|7|3|1|2,5,-17.34325445317914
2|7|3|1|2,3,-18.400630156348445
2|7|3|1|2,1,-18.618078277586946
2|7|3|1|2,0,-16.792640046656377
2|7|3|1|2,7,-18.41289669748788
5|9|3|1|3,7,-18.07369911756982
0|9|3|1|1,5,-14.928786577350856
0|9|3|1|1,2,-14.928786577350856
0|9|3|1|1,6,-14.898266539072651
0|9|3|1|1,1,-12.478950000000001
7|4|3|1|8,2,-17.59293338395158
7|4|3|1|8,0,-18.19710894813905
2|7|2|1|7,7,-10.379007275188723
2|7|2|1|7,6,-13.06023596976965
3|4|4|1|1,1,-11.3985
5|2|2|2|4,2,-18.21569802837343
5|2|2|2|4,1,-21.091140324835994
2|2|2|2|3,7,-18.04703080402051
2|2|2|2|3,3,-19.254873758020096
2|2|2|2|3,4,-12.829066670892951
2|2|2|2|3,6,-3.8953931095896017
7|2|3|0|6,6,-20.795873745911
7|2|3|0|6,4,-17.238970332198786
5|5|2|1|2,4,-19.87337280032613
4|7|1|1|1,0,-14.898266539072651
2|7|1|1|2,7,-16.14461957679251
2|7|1|1|2,4,-16.405176133498664
3|7|2|2|1,0,-14.99999999817036
2|2|3|1|6,0,-21.649426305699894
2|2|3|1|6,1,-19.967477750863225
2|2|3|1|6,3,-20.492776986254764
2|2|3|1|6,7,-21.503877005764274
2|2|3|1|6,6,-19.442438518191583
2|2|3|1|6,4,-21.96380258566938
0|5|3|2|5,2,-17.81425921609944
0|5|3|2|5,7,-14.93766670205513
0|5|3|2|5,4,-16.258332167172608
0|5|3|2|5,1,-17.528826376529597
0|5|3|2|5,5,-17.02080076064638
7|9|3|2|3,4,-19.8784328239754
7|9|3|2|3,3,-20.696802400164987
7|9|3|2|3,1,-18.97568183420488
3|3|4|1|5,1,-10.638704247303354
7|6|2|2|1,6,-14.950150604145598
7|6|2|2|1,1,-14.703400988550001
7|6|2|2|1,4,-14.5762871265
7|6|2|2|1,5,-14.5762871265
7|6|2|2|1,3,-14.703400988550001
7|6|2|2|1,0,-14.5762871265
7|6|2|2|1,2,-14.5762871265
1|8|2|1|3,3,-12.572272827524664
1|8|2|1|3,6,-14.763144153610302
1|8|2|1|3,2,-13.310611500969301
1|8|2|1|3,4,-12.922875588262816
1|8|2|1|3,7,-15.451722939128558
1|8|2|1|3,0,-12.79924082361385
3|10|2|1|2,1,-17.6694293993284
3|10|2|1|2,0,-18.17727510359883
3|10|2|1|2,4,-17.278432688542328
3|10|2|1|2,7,-16.075298022071117
3|10|2|1|2,5,-15.856612217264182
3|10|2|1|2,2,-16.77491796148756
3|10|2|1|2,6,-13.512399178824005
1|11|2|2|1,2,-14.5762871265
1|11|2|2|1,7,-14.394695895
1|11|2|2|1,4,-13.235265
1|11|2|2|1,0,-7.65
1|11|2|2|1,6,-7.65
1|4|5|2|8,3,-0.6555801942905606
6|12|2|1|6,4,-12.598466816309951
4|14|1|1|5,1,-10.947023985875601
6|4|2|2|10,5,-5.882771714675368
6|4|2|2|10,2,-7.242645691462638
6|4|2|2|10,0,-4.583977602650814
5|5|3|2|9,3,-5.430024212816333
5|5|3|2|9,1,-8.085710879983438
3|7|3|2|8,6,-8.28546447070652
3|7|3|2|8,7,-10.83179948088702
6|10|2|2|7,2,-11.480910880027533
2|12|2|2|6,6,-3.015
6|12|2|2|5,0,0.36
0|14|2|0|4,5,-6.755891772
3|1|4|1|6,7,-12.375797596925665
7|5|4|3|5,3,-1.284432471236983
3|9|3|2|4,0,-13.913328388119456
3|9|3|2|4,7,-15.650731307679736
3|9|3|2|4,6,-16.796630153440738
2|12|2|1|2,7,-18.30816805113218
1|1|3|2|10,6,-15.92635744714383
1|1|3|2|10,3,-15.163752280810131
7|1|3|2|8,2,-16.83553355680373
2|4|4|2|7,4,-14.17814943377023
3|2|1|1|5,0,-22.31665505426789
3|2|1|1|5,1,-22.934706592244613
3|2|1|1|5,2,-21.88337894804856
3|2|1|1|5,7,-20.979919451974606
3|2|1|1|5,5,-22.707023260435864
3|2|1|1|5,6,-20.820412502618815
3|1|4|1|10,5,-15.224007603395869
3|1|4|1|10,7,-16.186580265697643
3|1|4|1|10,1,-17.896439480478357
3|1|4|1|10,0,-17.81644820266927
3|1|4|1|10,6,-2.3514492633971855
3|1|4|1|10,4,-7.14011161084672
3|1|4|1|10,2,-7.552973759306976
6|7|2|1|8,0,-10.569758694136299
0|10|3|1|5,1,-19.589777092077586
5|13|1|1|2,4,-12.805953782125501
5|13|1|1|2,7,-15.089597955167852
5|13|1|1|2,6,-13.85897367495
6|2|5|2|6,2,-3.015
2|2|5|2|5,0,1.1205745245
6|11|1|1|1,3,-14.975573796031343
3|1|3|0|10,5,-27.841981489935215
3|1|3|0|10,7,-26.7119730291504
3|1|3|0|10,0,-28.81293361918913
3|1|3|0|10,1,-26.690856419306638
5|4|4|1|9,6,-8.456641065631121
6|4|4|1|8,4,-11.53127166387495
6|4|4|1|8,2,-10.306861801230392
6|4|4|1|8,3,-7.693529663340527
6|4|4|1|8,0,-10.49554042903795
4|8|3|2|7,0,-6.569676266740199
0|10|3|1|6,3,-8.12846239510927
0|10|3|1|6,2,-4.257157652968309
4|2|2|2|8,3,-15.38985782881691
4|2|2|2|8,0,-16.723672477013036
1|8|2|2|2,4,-18.86214916079641
1|8|2|2|2,2,-13.954469533586062
1|8|2|2|2,7,-19.17001037258867
1|8|2|2|2,6,-19.173183764451963
1|8|2|2|2,3,-13.735096004529616
1|8|2|2|2,5,-7.064999696635426
4|9|2|2|1,2,-14.988031160055359
4|9|2|2|1,3,-14.982901657221941
2|2|4|1|6,6,-19.772840822460235
6|6|4|1|5,3,-11.633676276269671
6|6|4|1|5,4,-9.745841451308408
3|7|4|1|4,2,-11.757106083866768
3|7|4|1|4,4,-11.14839806664866
2|8|4|1|3,4,-14.152971793422225
2|8|4|1|3,6,-9.17608733587439
7|2|3|1|7,6,-21.086893058796406
7|2|3|1|7,3,-21.4207498739046
7|2|3|1|7,0,-20.616722315997556
7|2|3|1|7,1,-20.767261876709135
7|2|3|1|7,4,-20.15222681286797
7|2|3|1|7,2,-17.06900363831314
3|2|3|0|3,4,-8.38137415725
4|2|3|0|2,7,-18.14445916753404
7|5|3|2|1,1,-14.999960224037313
7|5|3|2|1,3,-11.3985
7|5|3|2|1,5,-4.5
3|4|4|1|2,0,-20.454257182873278
0|8|4|1|1,6,-7.65
0|8|4|1|1,4,-9.855
0|8|4|1|1,2,-9.855
5|4|5|1|7,1,-14.134443057246838
1|4|5|1|6,0,-12.083314984288428
2|5|5|1|4,0,-11.233138824334604
0|5|5|1|3,3,-12.640790184145654
0|5|5|1|3,1,-9.338366121341984
4|4|3|1|9,3,-11.051354036247293
4|4|3|1|9,5,-9.04892376532596
3|7|2|1|8,5,-16.06459309476398
3|7|2|1|8,7,-12.324272383632973
2|9|3|2|6,3,-11.16360836684655
2|9|3|2|6,5,-12.114420456701296
6|12|2|1|4,4,-13.566894542835712
6|12|2|1|4,3,-13.162907780885396
6|12|2|1|4,5,-13.065486323969743
6|12|2|1|4,1,-14.282600099665352
6|12|2|1|4,7,-15.32606160920548
6|12|2|1|4,2,-14.602824517266185
6|12|2|1|4,0,-11.992751789700069
4|13|2|1|3,0,-22.33479849414653
4|13|2|1|3,3,-23.47121712811367
2|1|4|0|10,4,-19.91348655449593
2|1|4|0|10,3,-18.076180690311574
5|7|1|1|7,0,-9.878651380751801
5|7|1|1|7,6,-6.94569978387682
0|3|2|2|9,1,-19.512135835323903
0|3|2|2|9,7,-18.00286254467398
0|3|2|2|9,5,-17.202835091584838
1|6|2|2|4,4,-14.04490792701105
1|6|2|2|4,7,-19.018747603440104
1|6|2|2|4,0,-20.649993072429695
0|3|3|2|9,1,-11.149108439658784
0|3|3|2|9,4,-14.343173927344026
0|3|3|2|9,6,-14.142053447381649
1|6|3|2|8,3,-6.81111151149524
1|6|3|2|8,4,-9.89982767483394
1|6|3|2|8,6,-9.715146631443588
1|6|3|2|8,2,-9.304634529070198
3|9|2|2|7,0,-8.374016024687537
0|11|2|2|6,5,-4.989634484028027
0|11|2|2|6,3,-8.11890788594904
5|13|2|1|5,6,-12.694096402425423
6|7|3|2|2,3,-16.060660004637764
6|7|3|2|2,5,-14.328532206902018
6|7|3|2|2,1,-16.643243108484743
6|7|3|2|2,2,-16.38639038388525
6|7|3|2|2,4,-16.09230957257109
6|7|3|2|2,0,-16.214194742545963
6|7|3|2|2,7,-16.984479841080876
3|10|2|1|1,5,-14.703400988550001
3|10|2|1|1,4,-14.5762871265
3|10|2|1|1,1,-14.703400988550001
3|10|2|1|1,0,-14.703400988550001
3|10|2|1|1,7,-14.703400988550001
3|10|2|1|1,6,-14.703400988550001
6|11|2|1|1,7,-14.999997706994906
6|11|2|1|1,0,-14.991621812038751
6|11|2|1|1,5,-14.988031160055359
1|6|4|1|4,0,-18.95161591442955
7|6|3|2|2,4,-20.32738904930448
7|6|3|2|2,2,-18.476056066500785
7|6|3|2|2,6,-19.480848594832977
7|6|3|2|2,1,-19.00631944722271
7|6|3|2|2,3,-18.400650486196387
7|6|3|2|2,0,-12.936564194401655
7|4|3|2|10,0,-10.179980101546892
7|4|3|2|10,6,-7.451715401608207
0|4|3|2|9,2,-11.565632508228724
0|4|3|2|9,7,-12.554208881439825
6|8|2|1|5,2,-18.6990974948911
2|8|2|1|4,4,-16.930876251487472
2|8|2|1|4,0,-15.454627266470219
4|9|2|2|3,5,-11.890169026756864
4|9|2|2|3,0,-18.97699419283229
4|9|2|2|3,2,-18.138048394674307
4|9|2|2|3,6,-18.369680751738965
5|11|2|1|2,4,-17.78620221392325
5|11|2|1|2,6,-17.249477833336606
5|11|2|1|2,2,-17.0053542
5|11|2|1|2,7,-19.77454436735445
5|11|2|1|2,3,-18.032847266799433
5|11|2|1|2,0,-16.519271602344816
5|11|2|1|2,1,-14.33617191516621
0|2|3|1|4,5,-21.829797784517453
0|2|3|1|4,1,-14.719228680364907
0|2|3|1|4,2,-22.691458809820492
0|2|3|1|4,4,-22.03406893370988
0|2|3|1|4,3,-23.363583518161516
0|4|3|3|5,2,-12.356521852051966
2|7|3|2|4,7,-13.053051373634762
2|7|3|2|4,5,-16.885241932698833
2|7|3|2|4,6,-16.361511665085263
2|7|3|2|4,4,-17.694515890328375
4|10|3|2|2,3,-13.025553698563066
4|10|3|2|2,2,-12.137520517813911
3|2|2|2|2,1,-16.868563014706954
5|3|5|1|7,3,-14.727368982034545
3|8|2|1|6,1,-9.04909632663577
3|8|2|1|6,0,-12.051624334962543
1|7|2|2|5,3,-15.058241695501497
1|7|2|2|5,4,-16.04939285709195
1|7|2|2|5,6,-15.527254782845773
1|7|2|2|5,5,-14.656957739412857
1|7|2|2|5,7,-15.13658921774868
1|7|2|2|5,2,-14.514034059886317
1|7|2|2|5,0,-15.046796417198138
2|7|2|2|5,6,-11.842658166678603
2|7|2|2|5,3,-13.033070740547382
2|7|2|2|5,1,-13.700200426830857
2|7|2|2|5,0,-15.135611445468498
6|3|3|1|6,3,-24.67019826822047
6|3|3|1|6,5,-23.210386521340194
6|3|3|1|6,4,-24.508202971505888
3|6|5|2|5,4,-2.36925
4|11|2|1|4,6,-10.418892268913792
4|11|2|1|4,5,-15.694380460162979
4|11|2|1|4,1,-14.013242740997478
4|11|2|1|4,3,-13.020749299398734
1|2|1|1|4,0,-22.080017872311466
1|2|1|1|4,4,-21.219904166007225
1|2|1|1|4,6,-21.595141420087938
1|2|1|1|4,5,-23.344432507823054
1|2|1|1|4,3,-22.4292147059715
6|3|1|1|6,2,-19.3833145514408
6|3|1|1|6,1,-19.720434443586253
6|3|1|1|6,0,-19.296784023214716
6|3|1|1|6,4,-18.441021220098015
6|3|1|1|6,7,-17.255158035583293
6|3|1|1|6,5,-18.84768793076696
6|3|1|1|6,3,-18.826556250010704
1|6|2|1|4,0,-17.326028407389295
1|6|2|1|4,3,-15.771649458537805
1|6|2|1|4,6,-16.236208346886734
1|6|2|1|4,7,-16.934786689393388
1|6|2|1|4,4,-14.969241391814176
4|7|3|1|2,0,-15.934547162585194
4|7|3|1|2,6,-17.41094541554617
4|7|3|1|2,2,-17.496355784769314
4|7|3|1|2,3,-14.53056439759262
0|7|3|1|1,6,-14.394695895
0|7|3|1|1,3,-14.394695895
0|7|3|1|1,1,-14.394695895
0|7|3|1|1,4,-14.394695895
0|7|3|1|1,7,-14.394695895
0|7|3|1|1,2,-14.394695895
4|5|2|2|4,3,-17.3107645512491
4|5|2|2|4,1,-16.67459719824395
4|5|2|2|4,2,-15.8664447112909
4|5|2|2|4,6,-18.03845693847794
4|5|2|2|4,5,-17.271132510681813
4|5|2|2|4,7,-17.955167698025797
4|5|2|2|4,0,-16.87449003578579
7|1|5|0|10,0,-13.026253489759796
0|6|2|1|9,2,-10.175624446490154
0|6|2|1|9,7,-2.978051897598024
0|6|2|1|7,2,-10.493396307118953
0|6|2|1|7,5,-8.335491177047171
0|6|2|1|7,4,-10.583168132279464
0|6|2|1|7,3,-10.314124329358586
2|6|2|1|6,4,-16.06583080217417
2|6|2|1|6,6,-16.476642376678832
7|3|4|2|6,4,-14.655905899641773
7|3|4|2|3,0,-12.750435523047603
1|7|4|2|1,6,-14.394695895
5|1|4|2|10,6,-8.60822803537163
5|1|4|2|10,0,-7.833735553773311
3|1|4|2|8,4,-6.0707109780971455
2|1|4|2|4,7,-2.4324600000000003
2|1|4|2|4,5,-3.015
6|5|1|1|5,2,-13.62296356650072
6|5|1|1|5,3,-14.48949165727623
6|5|1|1|5,5,-14.520103111112
2|6|1|1|4,5,-12.877443561904137
2|6|1|1|4,6,-12.247687313632298
5|7|1|1|3,1,-11.431923119362011
1|8|4|1|2,3,-15.982388738338434
7|4|2|2|1,0,-14.703400988550001
7|4|2|2|1,6,-14.394695895
7|4|2|2|1,2,-14.5762871265
7|4|2|2|1,4,-14.394695895
7|4|2|2|1,1,-14.5762871265
7|4|2|2|1,5,-14.394695895
5|5|4|1|4,7,-16.27922157554888
5|5|4|1|4,1,-15.54784001952809
2|13|2|1|1,4,-14.8546664843895
2|13|2|1|1,5,-14.8546664843895
2|13|2|1|1,1,-14.792380691985
2|13|2|1|1,3,-14.792380691985
2|13|2|1|1,7,-14.792380691985
2|13|2|1|1,6,-14.8546664843895
2|13|2|1|1,0,-14.8546664843895
7|5|3|1|1,1,-13.235265
7|5|3|1|1,4,-13.7646855
7|5|3|1|1,6,-13.235265
7|5|3|1|1,3,-13.235265
0|3|3|1|4,7,-19.59581017684956
0|3|3|1|4,2,-17.307530210452253
0|3|3|1|4,5,-19.161662364030875
0|3|3|1|4,3,-18.41380649776612
0|3|3|1|4,4,-18.47353575717629
0|3|3|1|4,6,-20.525259522320738
0|3|3|1|4,1,-21.36467064829714
7|6|3|3|3,1,-12.558992475990033
1|6|3|3|2,3,-11.807836681151073
1|6|3|3|2,5,-11.62867478599095
6|5|3|1|6,7,-13.8212376448264
6|5|3|1|6,1,-13.719654565621848
6|5|3|1|6,5,-14.824195023173976
6|5|3|1|6,3,-8.49413686144875
5|7|3|2|3,4,-19.51104931085906
5|7|3|2|3,0,-14.030218813855456
3|5|4|2|5,0,-7.654296019631721
3|5|4|2|5,1,-5.265210074222377
0|9|3|2|4,7,-15.215225867461205
0|9|3|2|4,3,-11.431555425071016
2|4|1|1|10,0,-8.175945059592811
0|5|2|1|9,1,-12.013154752262192
0|5|2|1|9,2,-13.155472232159465
0|5|2|1|9,4,-13.574756203308116
1|7|1|1|8,5,-5.827683168
0|7|1|1|6,2,-11.899972899900808
2|8|1|1|5,6,-8.419351619257673
2|8|1|1|5,3,-6.199690630386322
1|9|2|2|4,5,-16.470247455164117
1|9|2|2|4,4,-15.564865190538502
1|9|2|2|4,0,-15.31089096948513
5|4|3|1|3,2,-20.982005495116326
5|4|3|1|3,7,-22.291913489034176
5|4|3|1|3,6,-18.347100716237783
5|4|3|1|3,4,-18.500906853573138
5|4|3|1|3,1,-18.92494511044214
5|4|3|1|3,0,-11.291215853232778
5|4|3|1|3,3,-19.260067262237477
2|5|4|1|2,0,-16.005935930067803
0|5|4|1|1,4,-13.235265
0|5|4|1|1,2,-12.478950000000001
0|5|4|1|1,6,-13.235265
0|5|4|1|1,5,-13.235265
0|5|4|1|1,7,-12.478950000000001
6|3|1|1|9,1,-18.923474146968044
6|3|1|1|9,4,-18.689577916501314
6|3|1|1|9,5,-12.36221284564112
6|3|1|1|9,3,-15.556741926122331
7|5|4|2|7,6,-2.148393329227895
6|9|3|1|6,5,-10.64837151448605
5|12|2|1|5,1,-11.518686079619476
1|14|1|1|4,5,-14.241719379953818
1|14|1|1|4,0,-14.1954387243275
2|4|3|1|10,6,-11.109383781966285
1|2|4|1|8,6,-17.59764096989547
1|2|4|1|8,4,-14.930923647145155
2|10|3|1|4,4,-15.968292654133235
2|10|3|1|4,7,-10.582666214173555
2|10|3|1|4,6,-13.93171519677831
4|4|6|2|10,3,-3.015
3|4|6|2|9,6,1.11
6|10|2|1|8,7,-10.49817558221035
7|12|1|1|7,1,-3.793092980925
1|13|1|1|6,0,-12.235776317815118
1|13|1|1|6,5,-10.725185430478986
7|4|2|1|9,1,-17.879435797416484
7|4|2|1|9,5,-16.864499497858937
7|4|2|1|9,4,-7.418575884908664
1|5|3|2|8,0,-13.257825332812875
1|5|3|2|8,5,-12.411158763905057
1|5|3|2|8,2,-11.983244186343475
1|5|3|2|8,4,-13.021168813046993
1|5|3|2|8,3,-4.256754976454199
0|8|3|1|7,1,-9.05663596605865
1|9|3|1|6,6,-11.75929257285412
6|9|3|1|5,5,-11.035645891050494
6|9|3|1|5,3,-14.300355749598022
2|7|2|2|1,0,-14.999995320397765
2|7|2|2|1,5,-14.394695895
7|1|4|1|9,2,-16.45995658642693
7|1|4|1|9,1,-15.581684471966778
7|1|4|1|9,3,-15.522539032601612
7|1|4|1|9,0,-16.244450361003533
7|1|4|1|9,6,-5.754062306507816
5|2|4|1|6,3,-18.879638160986996
5|2|4|1|6,1,-22.45923395375489
3|2|4|1|5,1,-15.323606613248682
3|2|4|1|5,7,-16.904577475503295
4|8|2|1|3,0,-16.300386984036628
4|8|2|1|3,7,-17.686311848315288
4|8|2|1|3,1,-16.634847097270956
4|8|2|1|3,5,-16.245163786116475
4|8|2|1|3,6,-15.664914858902026
4|8|2|1|3,2,-16.173079431542565
4|8|2|1|3,3,-16.103709471571268
7|3|1|1|4,0,-17.10689737951067
7|3|1|1|4,6,-18.83739840997382
7|3|1|1|4,2,-14.643442505494548
7|3|1|1|4,3,-18.225437809835363
7|3|1|1|4,1,-17.355213664601255
7|3|1|1|4,4,-16.898400353296527
7|3|1|1|4,5,-21.354761127818826
1|5|1|1|1,7,-14.394695895
1|5|1|1|1,4,-14.13527985
5|3|3|1|7,7,-20.472793683628066
5|3|3|1|7,4,-19.695396773134473
5|3|3|1|7,2,-18.74487153851138
5|3|3|1|7,1,-20.17307509104851
7|6|2|2|4,0,-15.378142638167967
7|6|2|2|4,4,-15.105579975704664
7|6|2|2|4,5,-18.057685377116155
7|6|2|2|4,2,-16.420492035714208
4|3|3|1|7,1,-18.246174532309528
4|3|3|1|7,5,-21.237522555204542
4|3|3|1|7,0,-18.813556804437567
4|3|3|1|7,3,-18.075505583320925
4|3|3|1|7,2,-21.41508896762856
4|3|3|1|7,6,-20.660833200705394
4|3|3|1|7,7,-17.78193838175101
1|4|3|2|6,7,-16.01551381708985
1|4|3|2|6,5,-16.759767318763785
1|4|3|2|6,2,-17.845078566635934
1|4|3|2|6,6,-18.17455510238285
1|4|3|2|6,0,-12.381248874317548
4|7|2|1|4,0,-19.723903410708502
4|7|2|1|4,2,-21.084070474759674
0|9|2|1|3,3,-19.20704734958369
0|9|2|1|3,2,-19.748928368834722
0|9|2|1|3,5,-15.396665022789282
0|9|2|1|3,4,-10.19354753267661
2|6|2|2|8,6,-7.753496589169247
2|6|2|2|8,3,-6.282247288540316
4|10|2|1|6,0,-7.178962727697358
0|12|2|1|1,1,-14.982901657221941
0|12|2|1|1,5,-14.982901657221941
0|12|2|1|1,3,-14.975573796031343
0|12|2|1|1,4,-14.394695895
0|12|2|1|1,7,-14.5762871265
2|4|2|1|3,0,-20.97616511708125
2|4|2|1|3,4,-20.481952278666697
2|4|2|1|3,6,-20.89658115130326
2|4|2|1|3,5,-19.435432677741527
2|4|2|1|3,1,-18.875435855703397
2|4|2|1|3,7,-19.01537295373269
2|4|2|1|3,3,-19.360023310313633
4|6|3|2|8,3,-12.357315570279592
4|6|3|2|8,7,-9.503836007187473
4|6|3|2|8,6,-11.792587349898927
3|9|2|1|7,1,-7.726447577601529
1|11|1|1|6,6,-8.4792226858497
6|11|1|1|5,1,-11.637648801315402
1|11|1|1|4,4,-11.868668289842951
1|11|1|1|4,2,-13.826264258429557
4|11|1|1|3,0,-20.607223450087442
4|7|3|3|2,1,-10.154494775884732
2|3|3|1|3,1,-18.706359074567203
2|3|3|1|3,7,-18.021985125537032
2|3|3|1|3,4,-17.24436952245347
2|3|3|1|3,3,-17.23140085757178
2|3|3|1|3,0,-18.319060713419677
2|3|3|1|3,6,-18.621614122975622
3|8|1|1|1,6,-9.855
3|4|4|1|8,4,-13.004116188617049
3|4|4|1|8,0,-13.184860621980262
6|4|4|1|6,4,-18.2218628849707
6|4|4|1|6,1,-11.984739083341793
6|4|4|1|6,2,-8.900938312672869
4|4|4|1|5,5,-20.795200023664524
4|4|4|1|5,0,-8.891155086312402
4|2|5|1|6,3,-6.047195289483218
4|2|5|1|6,6,-6.633263442613844
7|10|3|2|4,5,-7.440118848918479
7|10|3|2|4,4,-7.355770859010396
7|10|3|2|4,0,-7.446110850941886
3|2|3|1|2,5,-21.80089797071687
3|2|3|1|2,7,-18.38184525347627
5|5|2|1|1,1,-14.792380691985
5|5|2|1|1,7,-14.8546664843895
5|5|2|1|1,4,-14.792380691985
5|5|2|1|1,2,-14.792380691985
5|5|2|1|1,3,-14.792380691985
5|5|2|1|1,6,-14.792380691985
5|5|2|1|1,0,-14.792380691985
7|3|4|2|4,1,-8.222677361201733
1|7|1|1|1,0,-12.478950000000001
1|7|1|1|1,5,-9.855
5|2|4|1|9,0,-11.585248377960056
5|2|4|1|9,7,-11.572720038057458
5|2|4|1|9,4,-10.162882958378779
5|2|4|1|9,3,-13.245039154397611
5|7|3|2|7,1,-11.473422988537337
4|12|2|1|5,2,-10.23404003016779
4|12|2|1|5,0,-12.247638211052564
4|12|2|1|5,6,-12.131907765936507
4|12|2|1|5,1,-7.337491402631129
2|14|1|1|4,5,-14.781074609730098
2|14|1|1|4,1,-12.756711382559395
5|15|1|0|3,2,-20.194402096473944
4|5|4|3|4,3,-0.5668252245980699
0|11|3|2|2,2,-17.684566487250002
5|1|3|0|8,1,-31.17609600352623
1|1|3|0|7,2,-26.699323479133916
1|1|3|0|7,3,-30.198645166402137
2|1|3|0|6,1,-21.79717221076313
2|1|3|0|6,7,-22.493348746163825
2|1|3|0|6,6,-22.549349720954037
2|1|3|0|6,4,-23.232849701211617
2|1|3|0|6,0,-21.63212863774653
2|1|3|0|6,5,-20.78441023777213
2|1|3|0|6,3,-22.637888922543404
1|1|3|0|5,3,-20.67892955422839
1|1|3|0|5,2,-18.113285527373375
1|1|3|0|5,0,-18.466061723905643
1|1|3|0|5,7,-19.154424875331877
3|4|1|1|4,1,-13.574831209402225
3|4|1|1|4,6,-14.582330771447225
3|4|1|1|4,0,-12.86631168415704
4|4|3|2|6,1,-17.882089714396653
4|4|3|2|6,5,-11.996571686725229
4|4|3|2|6,0,-15.990585946586094
4|11|2|2|1,3,-14.999763336926948
1|5|1|1|5,2,-20.293058368011156
2|6|4|1|4,3,-14.204367021342927
2|6|4|1|4,0,-16.17080215092914
2|6|4|1|4,6,-14.267149215437168
3|7|4|1|3,1,-14.596379212477798
1|7|4|1|2,7,-11.456687119305002
1|7|4|1|2,4,-18.204076389170794
0|3|2|1|10,4,-18.809322931787253
0|3|2|1|10,6,-13.30991835438798
2|2|1|1|3,0,-18.552332558989626
2|2|1|1|3,5,-19.42295654716057
2|2|1|1|3,7,-19.641914381373883
2|2|1|1|3,1,-14.450917080877083
4|5|3|1|7,5,-15.283592773422829
4|5|3|1|7,0,-12.898546826753936
4|5|3|1|7,1,-13.039488837658482
4|5|3|1|7,2,-13.9465295448041
4|5|3|1|7,7,-15.391453401949766
6|9|3|2|5,7,-11.068516821932286
6|9|3|2|5,4,-8.92974856341284
4|11|3|2|3,5,-11.203407942241792
5|11|3|2|2,6,-11.687955419328
6|11|3|2|1,3,-14.8546664843895
3|3|1|1|7,1,-18.430087196206635
3|3|1|1|7,2,-17.924421849295143
3|3|1|1|7,5,-17.38874281202668
3|3|1|1|7,0,-17.963666941008647
3|3|1|1|7,6,-16.04710642162778
3|3|1|1|7,7,-18.03772915703215
3|3|1|1|7,4,-19.00077146498265
5|5|3|2|4,1,-16.080984456747572
5|5|3|2|4,0,-17.36660380190881
5|5|3|2|4,2,-17.118981622622528
5|5|3|2|4,7,-16.933883350976185
5|5|3|2|4,4,-17.132359856883948
4|2|2|2|3,0,-17.313666422568282
4|2|2|2|3,1,-22.34612390354308
4|2|2|2|3,6,-21.805785115856338
4|2|2|2|3,3,-21.234519602460423
6|4|2|2|1,7,-14.8546664843895
6|4|2|2|1,5,-14.8546664843895
6|4|2|2|1,1,-14.8546664843895
6|4|2|2|1,0,-14.8546664843895
2|8|2|2|4,0,-13.096323314187147
2|8|2|2|4,3,-17.36642920514731
2|8|2|2|4,4,-14.364868689288304
2|8|2|2|4,1,-16.332224858871896
3|1|5|0|10,7,-9.249323423805
3|1|5|0|10,0,-7.958910395702309
3|1|5|0|10,1,-10.555310912345732
3|1|5|0|10,2,-6.982443697548196
7|6|2|2|9,2,-1.0551866818544084
2|8|2|1|8,6,-1.5961867227029227
4|3|1|1|8,2,-19.528216976650874
4|3|1|1|8,7,-17.72564734251206
4|3|1|1|8,3,-17.622910470242726
4|3|1|1|8,6,-11.865857795977844
4|3|1|1|8,0,-16.776931522541325
2|4|3|3|7,3,-12.297001182509234
3|7|4|2|6,7,0.78465
7|11|2|2|5,2,-3.56400113193946
2|13|2|1|4,5,-12.508852473419429
2|13|2|1|4,7,-15.642811782793553
0|10|3|2|3,3,-18.33279877906767
0|10|3|2|3,1,-8.550143705388876
6|4|3|1|3,3,-19.814090441303186
6|4|3|1|3,2,-19.244084165285802
6|4|3|1|3,5,-20.913748092048863
6|4|3|1|3,1,-15.78757728921765
2|4|3|1|1,4,-14.8546664843895
2|4|3|1|1,1,-14.898266539072651
2|4|3|1|1,3,-14.8546664843895
2|4|3|1|1,5,-14.394695895
2|4|3|1|1,0,-14.394695895
2|4|3|1|1,6,-14.13527985
2|4|3|1|1,7,-14.394695895
3|1|2|0|5,1,-30.795689624510715
3|1|2|0|5,7,-29.776103335046276
3|1|2|0|5,6,-30.054379014531854
3|1|2|0|5,5,-30.685580615528323
3|1|2|0|5,0,-30.293099227909156
2|3|2|2|5,4,-18.391415264322482
2|3|2|2|5,0,-19.585713623546017
2|3|2|2|5,5,-19.25981460446757
2|3|2|2|5,6,-18.924714885419537
2|3|2|2|5,7,-18.093879641326975
2|3|2|2|5,3,-18.73785057874465
7|8|1|1|2,4,-13.067683869447002
3|3|3|2|7,6,-10.917085481838331
3|3|3|2|7,1,-15.15717775068506
3|3|3|2|7,5,-9.181604209984906
3|3|3|2|7,2,-10.329917052926856
0|2|3|0|8,3,-23.372278159564104
3|5|3|1|7,7,-13.746600080145464
3|5|3|1|7,0,-13.821781262285656
3|5|3|1|7,5,-13.030603495842875
3|5|3|1|7,4,-14.37785351975306
6|9|2|1|3,0,-13.309851088048841
6|9|2|1|3,4,-13.738655154040963
6|9|2|1|3,7,-5.391048601705204
6|9|2|1|3,2,-3.5852762704443744
6|9|2|1|3,5,-4.1150461552283115
6|9|2|1|3,3,-6.92724491718554
1|11|1|1|1,0,-14.988031160055359
1|11|1|1|1,5,-9.855
1|4|2|1|6,6,-18.269316958265748
1|4|2|1|6,7,-19.51189064760467
1|4|2|1|6,4,-18.730535064143
1|4|2|1|6,0,-19.32600478257817
1|4|2|1|6,5,-17.70686145360728
1|4|2|1|6,3,-18.690707537197138
1|4|2|1|6,2,-14.431496246434149
0|8|3|3|2,6,-18.748553439075
6|1|4|2|10,0,-15.93525912610312
0|1|4|2|9,4,-7.650922419882292
4|5|2|2|8,5,-12.30210244475481
2|7|2|2|6,3,-13.53037201514827
2|7|2|2|6,7,-12.437556778243792
2|7|2|2|6,0,-12.152225203165568
2|7|2|2|6,5,-13.483243651325228
2|7|2|2|6,4,-9.20415764388717
3|9|2|2|5,7,-13.868287766036945
3|9|2|2|5,4,-11.770039089647229
7|1|3|0|8,0,-25.793033368485304
7|1|3|0|8,2,-24.3419917662466
7|1|3|0|8,5,-26.61487747262238
7|1|3|0|8,6,-24.05093128313615
7|1|3|0|8,4,-26.68437613405209
0|4|2|2|7,1,-15.216863920079753
0|4|2|2|7,7,-15.886157513768923
0|4|2|2|7,5,-12.529247784878786
1|6|2|1|6,4,-12.263625020278027
1|6|2|1|6,2,-12.121282559516374
1|6|2|1|6,6,-14.584246626248383
1|6|2|1|6,5,-11.23506604023213
1|8|3|1|4,7,-13.46478517750642
7|11|1|1|3,1,-14.292264163644674
5|2|3|1|10,6,-18.43687270469755
5|2|3|1|10,0,-16.88210678923651
5|2|3|1|10,1,-16.738537585318564
5|2|3|1|10,2,-16.664136016306056
5|2|3|1|10,7,-5.806936701531116
5|7|2|2|5,0,-15.768301259238028
4|7|3|1|1,2,-14.928786577350856
4|7|3|1|1,3,-14.928786577350856
6|6|2|1|4,3,-16.507796524866087
6|6|2|1|4,1,-12.87045990080635
6|6|2|1|4,0,-16.75674577377166
6|6|2|1|4,2,-16.46697214917143
6|6|2|1|4,4,-17.322491820363062
3|8|1|1|3,1,-6.315020652109159
3|8|1|1|3,4,-8.035544059111755
3|8|1|1|3,0,-6.3606970309620925
3|8|1|1|3,7,-6.590673875264851
3|1|2|0|1,6,-14.5762871265
3|1|2|0|1,5,-14.5762871265
3|1|2|0|1,4,-14.5762871265
3|1|2|0|1,2,-14.5762871265
3|1|2|0|1,1,-14.703400988550001
3|1|2|0|1,0,-14.5762871265
3|1|2|0|1,7,-14.5762871265
5|5|1|1|9,1,-8.879443175816515
2|8|2|1|5,4,-11.729098084545551
2|8|2|1|5,6,-14.12398555521094
2|8|2|1|5,1,-10.393000135285416
2|6|2|2|5,1,-8.60654442098637
3|8|2|2|3,6,-18.138496198442375
3|8|2|2|3,2,-19.416529679191026
6|10|2|2|2,7,-15.001918168319946
6|10|2|2|2,5,-17.0034642247485
6|10|2|2|2,2,-18.108028876425
6|10|2|2|2,1,-17.4839369318835
6|10|2|2|2,3,-16.809516528000753
6|10|2|2|2,4,-17.496702595658796
5|2|4|2|10,7,-9.885903529615339
7|6|3|3|9,0,-4.810650000000001
0|9|3|2|8,1,0.5475
1|12|2|1|7,7,-1.3720528283841795
7|12|2|1|6,5,-11.016359639911325
7|12|2|1|6,3,-8.325452524179187
5|14|1|1|5,0,-11.945675485842601
5|14|1|1|5,6,-12.515880995505654
5|14|1|1|5,2,-10.450485969997693
6|4|3|1|6,2,-16.093653173374243
6|4|3|1|6,1,-17.8290954397687
2|5|3|1|5,6,-19.26480280914287
2|5|3|1|5,4,-21.257862729624524
6|5|3|1|4,2,-18.839495176617728
6|5|3|1|4,0,-17.214317153697777
6|5|3|1|4,3,-19.172638370035674
6|5|3|1|4,7,-17.255136658715458
6|5|3|1|4,5,-14.97408114868393
5|6|4|1|2,1,-14.6239392435585
5|6|4|1|2,2,-14.213968861649999
1|10|1|1|1,0,-14.928786577350856
6|2|3|1|6,3,-22.194224117175665
6|2|3|1|6,1,-22.26727727786628
6|2|3|1|6,2,-21.189593248734354
6|2|3|1|6,4,-23.333237326408778
3|2|3|1|5,6,-20.592480582661192
3|2|3|1|5,2,-15.638290175714866
3|2|3|1|5,5,-23.043835088579854
3|2|3|1|5,7,-21.123142207413135
3|2|3|1|5,1,-22.673039142757638
3|2|3|1|5,4,-21.700739502515354
3|2|3|1|5,0,-23.129268788743023
6|2|3|1|4,1,-19.4407765177411
6|2|3|1|4,4,-19.87390411018972
6|2|3|1|4,2,-21.017720391378028
6|2|3|1|4,7,-20.206294422209876
6|2|3|1|4,5,-20.982736553465088
6|2|3|1|4,3,-21.122850013744507
6|2|3|1|4,0,-19.544175984398333
3|8|2|1|4,0,-11.58823792294611
3|8|2|1|4,2,-16.002834427488008
3|8|2|1|4,4,-15.196390269561295
0|10|3|1|3,6,-20.13744000460087
0|10|3|1|3,1,-13.307163089371716
0|10|3|1|3,3,-7.33550511060349
6|9|3|2|2,5,-19.506361017146187
6|9|3|2|2,7,-17.970075754547057
5|12|2|2|1,0,-14.5762871265
5|12|2|2|1,4,-14.394695895
5|12|2|2|1,7,-7.65
7|2|3|1|4,4,-19.269218219192865
4|3|3|2|8,2,-15.840425932787385
4|3|3|2|8,0,-18.640866179820403
0|12|2|2|3,4,-20.041065163591618
0|12|2|2|3,7,-5.5899368145
4|9|2|2|2,2,-19.377958821049656
4|9|2|2|2,3,-12.823333737111982
7|3|5|1|8,0,-6.3304558937084305
7|3|5|1|8,5,-6.585904769059465
7|3|5|1|8,2,-4.86358905303199
0|3|5|1|7,1,-3.2643083725954756
0|3|5|1|7,5,-4.810700555778554
6|10|3|1|2,0,-18.267018384139774
6|10|3|1|2,3,-18.49075829060853
6|10|3|1|2,2,-18.360641264185237
4|3|1|1|7,2,-19.22324523744422
4|3|1|1|7,0,-21.42029637980172
4|3|1|1|7,6,-19.451570148501524
4|3|1|1|7,1,-19.5198883934892
4|3|1|1|7,5,-20.953971763363075
4|2|3|1|6,2,-24.47463896345421
4|2|3|1|6,3,-25.37284869134636
4|2|3|1|6,6,-25.571464727889172
0|1|5|0|10,1,-9.741911228804106
1|6|3|1|9,2,-10.71303024357147
2|6|3|1|8,1,-9.186877925874434
2|6|3|1|8,6,0.5462707034999998
1|8|2|2|5,2,-14.49384874816712
1|8|2|2|5,3,-13.992996426907
1|8|2|2|5,6,-13.56996584024716
1|8|2|2|5,0,-11.78694694602633
6|9|2|2|2,7,-19.115504174339094
6|9|2|2|2,4,-14.6674545096808
0|6|1|1|2,4,-13.210650414000002
0|6|1|1|2,7,-14.845407141862438
0|6|1|1|2,1,-14.397756848518501
4|6|1|1|1,7,-14.13527985
1|5|4|1|6,4,-14.282073661301823
1|5|4|1|6,2,-18.654165542827222
4|9|1|1|5,6,-8.899923076959524
6|10|1|1|4,0,-6.780260893528911
3|2|2|1|1,0,-14.975573796031343
3|2|2|1|1,1,-14.898266539072651
3|2|2|1|1,4,-14.8546664843895
3|2|2|1|1,6,-14.8546664843895
3|2|2|1|1,2,-14.8546664843895
3|2|2|1|1,5,-14.8546664843895
3|2|2|1|1,7,-13.7646855
1|4|2|2|1,2,-14.5762871265
1|4|2|2|1,4,-14.703400988550001
1|4|2|2|1,7,-14.5762871265
1|4|2|2|1,5,-14.703400988550001
1|4|2|2|1,6,-7.65
3|3|1|1|8,1,-18.13414742947443
3|3|1|1|8,0,-18.912999916235037
3|3|1|1|8,7,-17.046412511005006
3|3|1|1|8,5,-18.06413999435208
3|3|1|1|8,2,-19.13388812317799
3|3|1|1|8,6,-16.90376052717252
3|3|1|1|8,4,-13.968001618467946
3|1|4|0|10,5,-18.695777117640283
3|1|4|0|10,7,-17.214568575387716
3|11|2|2|3,1,-18.82507552113689
4|2|4|1|2,3,-11.178549668655
4|2|4|1|2,0,-9.51885
4|2|4|1|2,7,-6.916424999999999
4|3|3|1|4,1,-20.542621381234056
4|3|3|1|4,0,-20.80590070407424
4|3|3|1|4,5,-14.012547469440154
7|7|2|2|2,0,-19.328802062260767
7|7|2|2|2,6,-15.442034586444379
7|7|2|2|2,1,-13.676397661794862
7|7|2|2|2,5,-14.841969010649999
6|1|3|0|7,0,-30.339505452756313
6|1|3|0|7,5,-24.122859780688067
6|7|4|1|1,0,-14.991621812038751
6|4|2|2|6,5,-17.107531190071292
6|4|2|2|6,1,-17.005061224752563
6|4|2|2|6,3,-15.536442515527453
6|4|2|2|6,0,-17.156630095406378
6|4|2|2|6,4,-15.975233889687724
7|10|3|1|2,4,-17.871939926438337
7|10|3|1|2,6,-13.318749628009414
7|10|3|1|2,2,-16.529844314340565
7|10|3|1|2,3,-9.173916522475324
6|2|3|2|8,4,-19.213961773750434
6|2|3|2|8,5,-19.004154860457167
2|2|3|2|5,3,-20.462430794565986
2|2|3|2|5,1,-18.51016518380516
1|7|3|2|1,4,-14.999995320397765
1|7|3|2|1,0,-14.982901657221941
6|2|3|3|7,3,0.5475
6|2|3|3|7,0,-3.015
3|5|3|1|6,0,-14.996264065387168
3|5|3|1|6,5,-14.373032890385302
3|5|3|1|6,6,-12.429217530935167
3|5|3|1|6,4,-15.449499434870923
3|5|2|2|1,6,-14.999999614614634
3|5|2|2|1,2,-14.703400988550001
3|5|2|2|1,0,-14.703400988550001
3|5|2|2|1,4,-14.5762871265
3|5|2|2|1,7,-14.5762871265
2|1|6|1|10,0,-3.8995256885587164
2|1|6|1|10,6,-4.602438077755497
0|7|2|2|9,2,-3.929448382505589
2|9|2|1|8,6,-6.311802574589478
6|11|1|1|7,0,-1.879521294745504
6|11|1|1|7,1,-1.2891541922403982
5|4|4|1|6,7,-19.922025766079425
7|11|2|2|1,0,-14.99712628152929
7|11|2|2|1,4,-14.99712628152929
7|11|2|2|1,2,-13.7646855
4|5|2|1|8,7,-13.297782462060418
4|5|2|1|8,1,-12.249109667909618
4|5|2|1|8,3,-12.430429633172066
4|5|2|1|8,6,-12.182661840371285
4|5|2|1|8,2,-12.195903946360655
4|5|2|1|8,5,-2.4856224021731106
7|7|4|1|7,3,-7.677520630675179
3|11|3|1|6,2,-8.839088337262758
2|14|1|1|5,0,-14.011516709199308
0|14|1|1|4,4,-11.367219489203425
0|14|1|1|4,6,-7.613651509459158
0|14|1|1|4,2,-3.6248874566069658
7|5|2|2|7,3,-17.162539879927227
6|1|3|0|8,5,-23.105611605310187
6|1|3|0|8,4,-24.339921917232438
6|1|3|0|8,7,-24.00776283222746
6|1|3|0|8,2,-22.297474511278022
6|1|3|0|8,0,-22.9685837889148
6|1|3|0|8,1,-21.031995201820212
6|1|3|0|8,3,-22.89933175094298
5|4|3|3|7,2,0.5475
5|4|3|3|7,7,-0.5184204489938914
2|7|4|2|6,7,-6.703215812684158
2|7|4|2|6,5,-8.347384762934231
7|7|4|2|5,6,-17.69634176063477
2|5|3|1|1,4,-14.898266539072651
2|5|3|1|1,0,-14.898266539072651
2|5|3|1|1,1,-14.8546664843895
2|5|3|1|1,6,-13.7646855
2|5|3|1|1,5,-14.13527985
2|5|3|1|1,3,-13.7646855
7|3|3|2|3,0,-14.920720309200432
7|3|3|2|3,1,-13.795788901050155
7|3|3|2|3,6,-14.362591531853562
7|3|3|2|3,3,-14.136169970498983
7|3|3|2|3,5,-16.51761128668911
7|3|3|2|3,4,-13.440332610835473
7|3|3|2|3,2,-4.5003446925352515
3|2|3|2|10,7,-18.24476043834437
0|8|1|1|5,3,-11.253137004165033
1|10|1|1|3,2,-13.917621364020961
1|10|1|1|3,6,-11.270074958514364
2|11|3|2|2,6,-9.73445928683595
2|11|3|2|2,0,-8.041500000000001
1|3|3|2|2,0,-17.504084275154465
1|3|3|2|2,5,-15.375544488390165
6|3|3|1|10,4,-8.793401637226303
6|3|3|1|10,2,-12.315360682517909
6|3|3|1|10,3,-11.84761842960856
4|6|4|1|9,6,0.735
6|10|2|2|8,0,-6.471991104087737
0|11|2|2|7,3,-10.312693958307456
0|11|2|2|7,1,-6.849266294704656
3|13|2|1|6,1,-18.765331621182618
1|13|2|1|5,7,-13.89699841338337
7|3|5|1|6,6,-3.1794463407316
0|8|3|2|4,7,-18.171744124736293
0|8|3|2|4,6,-18.81032523751392
0|8|3|2|4,1,-17.04469582286817
3|2|3|1|6,2,-23.40411131506276
3|2|3|1|6,1,-22.355977328023574
3|2|3|1|6,4,-22.83647491758604
3|2|3|1|6,0,-24.21933638704917
3|2|3|1|6,6,-18.21250212288394
3|2|3|1|6,7,-23.52753717035406
3|2|3|1|6,5,-19.851463510199846
1|2|3|1|3,5,-21.586737733751395
1|2|3|1|3,3,-23.31902157389232
1|2|3|1|3,0,-17.317826516672078
1|2|3|1|3,2,-16.83952940335318
5|2|1|1|2,7,-21.883601090294395
5|2|1|1|2,2,-18.930767409226146
5|2|1|1|2,4,-7.794728082632805
7|3|1|1|1,0,-14.394695895
7|3|1|1|1,2,-14.13527985
7|3|1|1|1,1,-14.394695895
7|3|1|1|1,4,-14.394695895
7|3|1|1|1,3,-13.235265
4|5|4|1|1,0,-14.703400988550001
3|3|3|1|5,7,-20.79020510000388
3|3|3|1|5,6,-21.40232532604843
3|3|3|1|5,1,-17.701316450091433
3|3|3|1|5,0,-20.425639251223274
3|3|3|1|5,2,-20.691083313738012
3|3|3|1|5,5,-20.25661103279551
6|3|4|1|6,3,-11.838568321229868
6|3|4|1|6,1,-11.187428560400063
6|3|4|1|6,7,-13.456835264382914
6|3|4|1|6,2,-9.734510646751541
1|4|4|1|4,4,-13.001924066397345
4|8|4|2|3,7,-9.51532925061273
0|8|2|2|4,7,-16.868275398966283
0|8|2|2|4,2,-18.733500713060728
0|8|2|2|4,4,-16.835174206674267
0|8|2|2|4,5,-14.238524978583852
0|8|2|2|4,3,-11.220494781464572
6|6|3|2|1,7,-14.898266539072651
6|6|3|2|1,2,-14.5762871265
6|6|3|2|1,3,-14.5762871265
6|6|3|2|1,1,-14.13527985
2|3|3|2|8,0,-8.638408813982696
2|3|3|2|8,7,-12.747813351906236
0|6|3|1|7,3,-9.521594923386772
0|6|3|1|7,5,-10.116192635336454
3|9|3|1|6,2,-12.121414181295295
2|9|3|1|5,4,-9.184222440855207
2|9|3|1|5,1,-11.558888708499584
7|3|2|2|4,4,-21.078238631904505
7|3|2|2|4,3,-20.096158276160924
7|3|2|2|4,6,-19.756586450433858
7|3|2|2|4,5,-20.097552535232303
7|3|2|2|4,2,-18.651177596735085
7|3|2|2|4,0,-13.244711493126864
3|5|3|2|4,2,-15.595728834129636
3|5|3|2|4,5,-16.713535617870846
3|5|3|2|4,4,-17.24517096797401
3|5|3|2|4,6,-16.667495876241244
7|2|3|1|5,4,-23.723221029003554
7|2|3|1|5,5,-25.051519287819048
7|2|3|1|5,0,-23.420776854543785
7|2|3|1|5,6,-24.351717883250167
3|8|2|1|1,4,-14.792380691985
3|8|2|1|1,6,-14.792380691985
3|8|2|1|1,2,-14.8546664843895
3|8|2|1|1,7,-14.792380691985
0|2|3|2|10,3,-13.726883068151064
0|2|3|2|10,4,-12.236400570432092
0|2|3|2|10,2,-10.947906472856403
0|2|3|2|10,6,-4.907928158725225
3|5|4|1|9,2,-3.2945685
2|9|3|2|8,7,-7.547878866116909
7|11|3|2|7,4,0.5475
4|14|2|0|6,5,-3.015
5|14|2|0|5,6,0.5549999999999997
0|1|2|1|4,4,-23.278892649660733
0|1|2|1|4,7,-23.999527781553315
0|1|2|1|4,5,-22.30913969207347
0|1|2|1|4,3,-22.20642332287809
0|1|2|1|4,2,-22.44276326673344
0|1|2|1|4,6,-24.30483569241758
0|1|2|1|4,1,-21.641645975377166
6|5|2|1|1,7,-14.792380691985
6|5|2|1|1,3,-14.792380691985
6|5|2|1|1,1,-14.8546664843895
6|5|2|1|1,2,-14.8546664843895
6|5|2|1|1,4,-14.8546664843895
1|3|3|3|8,2,-9.011528445517193
7|4|3|3|5,2,-12.128329756170757
2|6|3|3|4,3,-10.438810964093225
2|6|3|3|4,0,-7.258493847241898
2|6|3|3|4,6,-8.593402924120511
6|7|3|1|3,3,-11.78409747941691
6|7|3|1|3,0,-14.8741582400738
6|7|3|1|3,4,-12.312062252778611
6|7|3|1|3,1,-14.983640319860871
6|7|3|1|3,7,-11.654847081908994
5|3|4|1|2,2,-17.367633994687424
6|4|4|2|8,2,-5.8461825631776945
4|6|4|1|6,7,-10.537326006266621
4|6|4|1|6,0,-9.976356345359466
4|6|4|1|6,1,-5.768317644257039
6|11|2|2|4,1,-7.368767087830965
6|11|2|2|4,0,-9.8782220637822
7|3|6|1|6,1,-2.2379999999999995
1|9|3|2|5,2,-19.587080506244828
2|12|2|1|4,0,-18.60857048459774
2|12|2|1|4,3,-18.065209935957885
1|4|4|3|6,7,-0.4560261010748129
1|4|4|3|6,3,0.394230616280175
7|8|4|1|5,0,-4.11033566375868
0|9|4|1|4,3,-7.270456862120577
0|9|4|1|4,2,-9.066002423946397
4|3|6|1|3,7,0.8791500000000001
6|2|1|1|2,5,-20.08113112632315
6|2|1|1|2,7,-21.10524041157915
0|9|3|2|3,4,-13.976256896416972
0|9|3|2|3,7,-14.110506282015
0|9|3|2|3,1,-14.172470659150527
0|9|3|2|3,2,-13.382250279728407
0|9|3|2|3,6,-16.249354276645438
0|9|3|2|3,3,-17.147305836554146
7|2|3|2|3,5,-24.886316070838173
7|2|3|2|3,1,-21.262535404185662
5|5|4|1|2,4,-12.605742976650001
5|5|4|1|2,0,-12.923827170000001
5|5|4|1|2,3,-12.193037524154999
4|1|4|2|8,1,-4.967833227914998
4|1|4|2|8,5,-5.4497097822405145
0|3|4|1|6,5,-16.84077015152737
1|4|2|2|6,2,-17.608686015499423
1|4|2|2|6,4,-16.07541676426182
1|4|2|2|6,6,-18.3776850522401
1|4|2|2|6,5,-18.76815968994536
1|4|2|2|6,7,-17.233382043110158
1|2|1|1|5,5,-22.820509758399247
1|2|1|1|5,0,-22.89253981445257
1|2|1|1|5,6,-23.889322467656704
1|2|1|1|5,2,-19.712568181626263
1|2|1|1|5,7,-22.69718335427102
0|2|3|1|5,5,-24.74957597050552
0|2|3|1|5,1,-25.48243162784842
0|2|3|1|5,3,-24.04015446959667
0|2|3|1|5,4,-20.58820741564392
4|1|3|1|4,5,-20.194451050461012
5|1|3|1|3,0,-13.733550394780739
5|1|3|1|3,2,-16.94870671678917
5|1|3|1|3,4,-15.473866686094187
0|4|3|2|2,5,-18.464433111108118
0|4|3|2|2,4,-15.6340784445
0|4|3|2|2,7,-16.296178283764565
0|4|3|2|2,6,-16.753180549204615
0|4|3|2|2,1,-13.788649121788858
0|4|3|2|2,2,-13.70656925524702
0|4|3|2|2,3,-14.482803696936312
6|1|3|2|10,3,-15.561373500991621
6|1|3|2|10,0,-9.496342179969268
3|1|3|2|9,2,-12.077463285864125
3|1|3|2|9,5,-11.67445952642665
3|1|3|2|9,6,-12.286242726014622
3|1|3|2|9,7,-12.676151943089309
3|1|3|2|9,4,-12.17962087091877
3|1|3|2|9,1,-11.500996006229402
1|7|1|1|7,3,-5.995915967234117
3|8|1|1|6,2,-3.4024183403801915
3|8|1|1|6,0,-7.0731542274468175
7|11|2|2|3,3,-22.762959163562837
2|2|2|2|5,0,-18.3884990617383
0|4|5|2|4,3,0.9573705
2|10|2|1|1,0,-14.994135268427126
2|10|2|1|1,6,-14.995894687898987
2|10|2|1|1,4,-14.994135268427126
2|10|2|1|1,3,-14.8546664843895
1|4|1|1|1,2,-14.99997215682612
0|5|4|2|6,5,-13.946146295133323
7|2|3|2|4,1,-11.191537452390467
5|2|3|3|9,2,-8.346797994422676
4|10|1|1|4,0,-10.023352109081099
4|10|1|1|4,7,-5.884844153028294
0|11|1|1|3,2,-12.18774695760634
0|11|1|1|3,5,-13.629766457001775
0|11|1|1|3,6,-11.312271637924898
0|11|1|1|3,1,-6.531748070885264
2|12|1|1|2,3,-18.635776645619003
6|3|3|2|2,1,-16.786744744781327
6|3|3|2|2,7,-11.397909783300001
1|6|3|2|1,7,-14.988031160055359
1|6|3|2|1,0,-14.96510542290192
1|6|3|2|1,3,-7.65
2|10|2|2|2,7,-16.13195068841291
2|10|2|2|2,1,-16.637700008239175
2|10|2|2|2,0,-15.1053997927595
6|2|4|2|9,0,-16.11231085872074
5|9|4|1|5,3,-5.426401333624019
0|1|5|1|9,2,-6.719873473836179
0|1|5|1|9,5,-8.8943348508037
2|1|5|1|8,4,-2.7678388935
2|1|5|1|8,3,-2.793713359425
3|12|3|0|3,5,-4.758975
5|12|3|0|2,2,-3.27975
0|2|2|2|8,2,-23.18762742064496
0|2|2|2|8,7,-22.033342628892953
0|2|2|2|8,3,-21.323613681801408
0|2|2|2|6,4,-20.981636038038193
0|2|2|2|6,3,-21.524314147507475
0|2|2|2|6,5,-12.232941856969777
1|4|3|3|3,5,-8.519058612703644
5|7|3|1|2,0,-14.860770004169215
5|7|3|1|2,2,-8.881980859311275
0|3|3|2|5,2,-14.390525673775594
0|3|3|2|5,4,-16.164123557640927
0|3|3|2|5,5,-16.4466011707787
0|3|3|2|5,3,-14.524697804861741
0|3|3|2|5,1,-16.209320152441148
0|3|3|2|5,6,-17.784847563784737
0|3|3|2|5,7,-15.10333691305415
4|4|3|2|1,2,-14.703400988550001
4|4|3|2|1,3,-14.703400988550001
4|4|3|2|1,7,-14.703400988550001
4|4|3|2|1,6,-14.703400988550001
3|4|2|2|2,6,-18.405402327404964
3|4|2|2|2,2,-18.975361598843516
3|4|2|2|2,7,-18.705125430932853
3|4|2|2|2,0,-19.31180701914054
2|10|3|2|1,6,-14.999834335848863
1|1|4|1|7,5,-14.928497498757416
1|1|4|1|7,3,-15.543928572126418
1|1|4|1|7,0,-14.516928414687982
0|6|3|1|4,2,-20.15245834592468
0|6|3|1|4,5,-19.293476297897662
0|6|3|1|4,4,-18.81432818900455
0|6|3|1|4,6,-15.500682505901079
2|7|2|1|4,0,-13.885379017582885
2|7|2|1|4,3,-13.765776676478312
2|7|2|1|4,7,-14.469788858064584
2|7|2|1|4,1,-16.810791019869335
2|7|2|1|4,4,-13.393398547992664
2|7|2|1|4,6,-14.11781334629404
2|7|2|1|4,5,-15.274269571393795
2|7|2|1|2,7,-19.340222417367
2|7|2|1|2,3,-14.485782576207516
2|7|2|1|2,1,-17.87255644931445
2|7|2|1|2,4,-18.44150648183595
2|7|2|1|2,6,-18.743258253178467
7|9|1|1|1,1,-14.792380691985
7|9|1|1|1,0,-4.5
4|3|2|2|10,3,-15.484269230875219
4|3|2|2|10,0,-13.066981360115603
4|3|2|2|10,1,-15.470413392215587
3|5|2|2|9,5,-13.90171656072473
5|7|2|1|8,1,-7.95111013892976
1|9|2|1|7,4,-4.354683586555418
4|9|2|1|6,2,-12.06306169734957
4|9|2|1|6,0,-9.797436291284399
2|10|2|2|5,3,-11.157796200217218
2|10|2|2|5,0,-9.132097450636062
3|12|2|1|4,7,-19.07776763944363
3|12|2|1|4,4,-20.184085688773724
3|12|2|1|4,6,-6.381584846872022
6|9|3|1|4,0,-15.351627900942505
6|9|3|1|4,4,-17.69353199430168
6|9|3|1|4,1,-11.688665234421913
0|12|1|1|3,1,-12.198062180004209
0|12|1|1|3,4,-11.747688684754129
0|2|1|1|1,2,-14.898266539072651
0|2|1|1|1,3,-14.928786577350856
0|2|1|1|1,7,-14.898266539072651
0|2|1|1|1,1,-13.235265
6|3|2|2|8,0,-16.935439957021824
6|3|2|2|8,5,-18.605642177442107
6|3|2|2|8,3,-15.239618832649473
6|3|2|2|8,2,-17.186958908462742
5|6|3|3|6,2,-9.376121270877
5|6|3|3|6,3,-10.627938042612671
2|9|3|2|5,1,-17.02577787030918
2|9|3|2|5,6,-14.008650455419248
2|9|3|2|5,7,-14.116701006157239
1|10|3|2|4,7,-13.641780128399386
5|2|1|1|3,4,-22.271989664423135
5|2|1|1|3,7,-22.22986423350482
5|2|1|1|3,2,-20.96242272840523
3|7|3|2|7,4,-9.938957188807233
3|7|3|2|7,2,-9.092668389651951
3|7|3|2|7,6,-5.618785042228138
3|3|4|2|7,2,-9.894115776375866
3|8|2|2|5,5,-20.516366782180555
3|8|2|2|5,1,-18.907598317308484
3|8|2|2|5,6,-3.7272620788030166
5|10|2|1|4,7,-13.893188193669557
5|10|2|1|4,2,-11.950711253504585
5|10|2|1|4,0,-11.816654675859699
5|10|2|1|4,3,-12.482262834530296
5|10|2|1|4,1,-10.91816558445652
3|1|3|1|7,6,-17.83505802137849
3|1|3|1|7,0,-19.39847221361552
3|1|3|1|7,2,-19.611018967964235
3|1|3|1|7,4,-20.10929492558034
3|1|3|1|7,1,-19.441809919650243
4|6|4|2|4,5,-11.258633657228154
5|8|4|1|3,6,-13.594994885845756
5|7|3|2|2,2,-19.78038001454258
5|7|3|2|2,1,-16.740384866519925
2|5|3|2|2,6,-17.706036414805606
2|5|3|2|2,4,-18.936884577209938
2|5|3|2|2,7,-15.809609761694356
1|5|2|2|10,2,-3.006222828600033
2|7|2|1|9,7,-9.068200331660544
7|7|2|1|8,3,-6.31356586662508
3|9|1|1|7,5,-5.2141935
5|10|1|1|6,6,-4.135072904429559
0|12|2|1|4,5,-15.489970196085658
0|12|2|1|4,2,-16.898975533839334
0|12|2|1|4,6,-15.595364028557043
0|12|2|1|4,7,-14.613514584224031
0|12|2|1|4,3,-14.351344043384728
0|12|2|1|4,4,-15.04456250370211
7|6|2|2|7,5,-14.407203946221792
7|6|2|2|7,6,-13.3584580620192
7|6|2|2|7,3,-13.641483527184374
5|7|2|2|6,2,-13.115202425372766
5|7|2|2|6,6,-10.63670923872398
5|7|2|2|6,0,-14.294012202462742
1|9|3|2|4,4,-21.684406093046988
1|9|3|2|4,7,-18.78749225721044
3|5|6|1|2,2,0.1725
2|6|6|1|1,4,-4.5
7|5|1|1|4,0,-9.368741553039289
7|5|1|1|4,3,-8.06552468323148
2|2|4|0|8,3,-15.60340970677477
2|9|2|2|2,7,-19.953124634341464
2|9|2|2|2,3,-19.292369783800172
2|9|2|2|2,6,-17.75748425770334
2|9|2|2|2,0,-18.2314768915229
2|9|2|2|2,4,-18.426670002936547
1|6|2|2|8,0,-14.231259146230416
1|7|2|2|6,0,-20.406128924637553
1|7|2|2|6,7,-20.467375592169486
1|9|4|2|3,4,-5.346555198741428
4|13|2|1|2,0,-18.130752956090454
4|13|2|1|2,6,-17.264157764603276
4|13|2|1|2,1,-12.371137236375628
4|13|2|1|2,7,-17.642257939969667
4|13|2|1|2,3,-15.175973304000001
1|3|3|1|9,2,-14.91481824195128
3|8|1|1|7,0,0.24531899999999998
7|10|3|1|5,6,-11.739646435811629
7|10|3|1|5,0,-11.53561650649332
2|5|1|1|5,3,-14.751106396266467
2|5|1|1|5,4,-13.071406194736628
2|5|1|1|5,1,-12.95602972005957
2|5|1|1|5,5,-14.047168867562545
3|6|4|2|4,2,-18.643648653064723
6|1|4|0|7,4,-16.4047805647114
6|1|4|0|7,1,-19.18057526645788
7|5|3|2|9,1,-8.920151497520045
1|8|3|1|8,0,-3.3377341241669636
3|11|2|1|6,6,-12.580454960763246
3|11|2|1|6,7,-9.341510054674801
3|11|2|1|6,1,-10.345304540747517
6|13|1|1|5,2,-10.153639850254049
7|1|3|0|5,1,-20.847424061997394
7|1|3|0|5,2,-21.236573630988136
7|1|3|0|5,0,-21.790712451997937
7|1|3|0|5,5,-20.47870757386499
7|1|3|0|5,3,-21.02840938250195
7|1|3|0|5,6,-22.25265038734713
7|1|3|0|5,4,-20.83262245809605
6|7|4|2|2,0,-20.701183138438587
7|5|2|2|8,1,-12.99983683443348
7|9|3|1|1,5,-14.995894687898987
7|9|3|1|1,4,-14.995894687898987
2|9|3|1|1,1,-14.703400988550001
2|9|3|1|1,6,-14.5762871265
2|9|3|1|1,7,-14.703400988550001
2|9|3|1|1,3,-14.5762871265
2|9|3|1|1,5,-14.5762871265
2|10|2|1|4,3,-13.869179117898183
3|5|3|1|2,0,-12.418891564855004
3|5|3|1|2,7,-11.959955773186966
5|2|3|1|2,3,-20.93574719852573
5|2|3|1|2,4,-21.642182385937073
5|2|3|1|2,2,-14.0194461
5|2|3|1|2,6,-13.88032473945357
4|2|3|1|3,6,-22.364034608942166
4|2|3|1|3,3,-15.225409320073908
4|2|3|1|3,7,-23.5352483222845
4|2|3|1|3,5,-23.978184543546064
4|2|3|1|3,2,-22.01003334516005
4|2|3|1|3,0,-21.735428439384997
4|2|3|1|3,1,-22.5285638809636
6|2|5|1|7,5,-11.293056663965324
5|7|2|1|6,2,-13.957055864760624
3|10|1|1|3,1,-11.120179641383247
3|10|1|1|3,4,-1.9386887505652954
0|5|3|1|2,5,-19.282219142731396
0|5|3|1|2,3,-13.97424435234894
5|8|1|1|1,1,-13.235265
5|8|1|1|1,6,-12.478950000000001
2|6|4|1|6,3,-6.760352080652975
3|10|3|1|5,2,-18.145882231862117
7|10|3|1|3,1,-19.856644033681178
7|10|3|1|3,6,-17.43933942667467
7|10|3|1|3,5,-19.92604302319731
7|10|3|1|3,0,-18.65017077792497
5|2|4|1|10,4,-14.943411269843752
5|2|4|1|10,1,-15.235720175961633
4|6|2|2|9,0,-6.697494823631288
0|6|2|2|8,3,-10.802850740825676
0|6|2|2|8,4,-13.95689903685384
3|8|2|2|7,2,-10.337978062344368
0|10|3|2|5,2,-7.670231677185674
2|10|3|2|4,5,-11.519581470040379
2|10|3|2|4,7,-10.948943224154856
2|10|3|2|4,6,-15.128620007076066
2|10|3|2|4,4,-13.447462178479174
0|13|2|1|2,7,-19.333699761391816
0|13|2|1|2,5,-18.492972828993
0|13|2|1|2,2,-18.0448520239989
0|13|2|1|2,3,-18.839979685787117
0|13|2|1|2,1,-18.3110496055635
0|13|2|1|2,4,-18.1962573393735
7|1|3|0|7,2,-25.34066794660792
7|1|3|0|7,6,-24.82898474212705
7|1|3|0|7,1,-26.047321155181045
7|1|3|0|7,5,-25.036045823913003
7|1|3|0|7,3,-28.54891928224645
7|1|3|0|7,0,-25.340497723322976
2|3|1|1|10,0,-17.76541657710417
2|3|1|1|10,6,-14.038754223449397
1|5|3|1|8,4,-8.46727966736234
1|5|3|1|8,6,-13.375277872539982
7|11|1|1|2,0,-6.978596550000001
7|11|1|1|2,4,-11.751940335145951
5|4|1|1|10,3,-5.344851775570554
3|5|3|1|9,6,-9.365204518320022
2|9|2|1|7,5,-5.304667663536096
5|11|2|1|6,1,-14.964839533982527
5|11|2|1|6,7,-13.12952214861093
1|12|2|1|5,7,-15.725853390358361
7|14|1|1|4,2,-19.58554947250227
7|2|3|2|7,0,-12.55500980002691
7|2|3|2|7,6,-13.449145932896396
7|2|3|2|7,5,-14.244614339402187
7|2|3|2|7,1,-14.41378736757499
7|2|3|2|7,3,-13.41637284289068
4|7|2|1|5,2,-15.956832937102249
4|7|2|1|5,1,-16.17071944937277
4|7|2|1|5,0,-11.171820727251806
4|7|2|1|5,3,-14.81889636245532
3|2|3|1|1,0,-14.928786577350856
0|3|3|3|5,3,-9.499949839319079
3|4|3|3|4,7,-12.561311346066425
3|4|3|3|4,2,-4.661738048209032
7|4|3|3|3,6,-13.594098685809072
7|4|3|3|3,3,-13.467945786165002
1|6|3|1|1,0,-14.999517014136629
6|4|2|1|9,0,-17.086034001109
6|4|2|1|9,1,-11.669709316431067
4|8|2|2|7,1,-11.612185902709703
4|8|2|2|7,5,-5.6857187788161925
1|9|2|2|6,3,-11.339166669816903
1|9|2|2|6,6,-11.955903064011839
1|9|2|2|6,7,-10.440063399658001
1|9|2|2|6,2,-12.479265129756369
0|7|3|1|2,7,-12.146651555438993
0|7|3|1|2,3,-8.727702737621115
0|7|3|1|2,5,-7.0649780826328055
0|7|3|1|2,1,-12.001266894899848
6|6|1|1|3,3,-11.21552023741997
3|6|1|1|2,0,-14.531124905073472
2|3|3|3|8,1,-8.168232832980486
1|6|5|1|7,4,0.9225
4|11|1|1|6,3,-9.623579458615449
0|6|3|3|2,1,-4.514978657842963
7|2|1|1|3,1,-18.625598280420252
7|2|1|1|3,6,-20.50736133597662
7|2|1|1|3,2,-18.09638859935159
7|2|1|1|3,0,-18.207535351692655
7|2|1|1|3,4,-18.757206222541296
7|2|1|1|3,5,-19.036661278964306
7|2|2|2|2,5,-18.874269362067675
1|7|3|2|4,3,-17.39324229875266
1|7|3|2|4,6,-19.127670937336397
1|7|3|2|4,4,-18.448874476759848
1|7|3|2|4,5,-19.45565693424321
3|9|4|1|3,6,-12.217657989352608
3|9|4|1|3,7,-7.553198791503911
0|4|3|2|1,7,-14.994135268427126
0|4|3|2|1,6,-14.995894687898987
1|2|4|1|10,3,-17.42489378283636
1|2|4|1|10,0,-14.45992375081874
3|6|2|1|9,1,-13.123732886611482
1|7|2|1|8,5,-6.378524820226723
1|7|2|1|8,6,-3.7610099999999997
1|7|2|1|8,7,-1.617461614243824
4|4|4|1|3,1,-14.120695734135795
4|4|4|1|3,6,-11.789050363275148
4|4|4|1|3,0,-12.732525094079804
4|4|4|1|3,3,-13.474224542983691
5|4|4|1|1,6,-14.96510542290192
0|3|2|1|9,5,-21.880240820594835
0|3|2|1|9,4,-22.065768718428515
0|3|2|1|9,7,-19.550131808204906
0|3|2|1|9,2,-22.79276003279627
0|3|2|1|9,6,-21.25087531209398
0|3|2|1|9,3,-22.01698779686553
0|3|2|1|9,1,-22.41666471624766
5|5|3|2|8,1,-7.126927429494326
5|5|3|2|8,0,-5.754720240189725
5|5|3|2|8,7,-9.42362403728938
7|10|3|2|2,4,-10.425939765829082
7|10|3|2|2,5,-12.936405995394452
7|10|3|2|2,0,-9.582077010285165
5|3|1|1|6,2,-21.983286451636808
5|3|1|1|6,3,-23.340113074914832
5|3|1|1|6,1,-24.22729312215084
4|5|5|1|3,6,0.462015
0|3|3|0|1,1,-7.65
1|1|2|0|3,6,-24.06911427194683
1|1|2|0|3,4,-24.187346012600123
1|1|2|0|3,2,-24.592624986966207
1|1|2|0|3,7,-21.67648225534627
1|1|2|0|3,5,-21.068834907689983
1|1|2|0|3,0,-19.27567972699681
3|2|2|2|5,1,-20.946036006068148
3|2|2|2|5,2,-20.91797632525953
3|2|2|2|5,6,-21.702420357634093
3|2|2|2|5,5,-20.968555625088513
3|2|2|2|5,7,-21.080463358226652
1|2|2|2|4,6,-18.435988129522023
1|2|2|2|4,2,-18.668971847104643
1|2|2|2|4,4,-18.757645951698514
1|2|2|2|4,5,-18.120200104424157
6|4|4|1|3,7,-18.654960936516744
6|8|4|2|1,4,-14.898266539072651
6|8|4|2|1,3,-14.13527985
0|5|2|2|7,4,-15.586833096920753
0|5|2|2|7,2,-15.038440628541544
0|5|2|2|7,1,-10.115636813475286
6|7|4|1|2,0,-12.646881034154468
3|3|4|1|1,2,-14.96510542290192
7|5|2|2|1,1,-14.99712628152929
7|5|2|2|1,6,-14.995894687898987
7|5|4|3|2,1,-7.518075
1|8|4|2|1,4,-14.394695895
1|8|4|2|1,3,-9.855
7|8|3|2|2,4,-16.944797735136067
7|8|3|2|2,0,-17.745227326738615
7|8|3|2|2,6,-16.2571920330135
7|8|3|2|2,5,-16.643447283596704
7|8|3|2|2,1,-16.333094817068325
7|3|3|2|9,5,-12.675667937833593
0|6|3|1|6,4,-17.525621122440278
0|6|3|1|6,1,-15.814062865748868
3|10|3|1|2,0,-17.190981357033635
3|10|3|1|2,7,-16.235149866507886
3|10|3|1|2,5,-13.626563889069573
3|10|3|1|2,2,-16.323613715120455
3|10|3|1|2,6,-15.280153840580402
5|7|3|2|1,0,-14.988031160055359
5|7|3|2|1,3,-14.988031160055359
5|7|3|2|1,7,-14.13527985
2|3|3|1|8,4,-21.940757481366045
2|3|3|1|8,7,-14.871357289245799
2|3|3|1|8,1,-15.514494278672805
2|3|3|1|8,5,-14.042813856542825
4|3|3|3|6,0,-12.013247266801457
0|6|3|2|3,6,-21.582172683612054
0|6|3|2|3,3,-20.78347894721363
0|6|3|2|3,7,-20.45293636198307
0|6|3|2|3,2,-21.42075532881875
2|7|3|1|8,3,-3.8668370506747993
4|6|4|1|7,6,-12.06478807937021
6|10|1|1|6,2,-6.571648175160605
1|12|2|1|3,3,-15.932319960093075
1|12|2|1|3,4,-14.454353231862651
1|12|2|1|3,0,-12.325156830892707
2|1|3|0|4,3,-21.922286196729747
2|1|3|0|4,6,-19.497271406307803
2|1|3|0|4,7,-21.132456293463477
2|1|3|0|4,4,-22.003405157776193
2|1|3|0|4,0,-21.43780342369203
2|1|3|0|4,1,-14.544283938544613
2|1|3|0|4,5,-21.462857270441788
3|3|2|2|2,2,-17.82305690183595
3|3|2|2|2,0,-17.294751364659234
3|3|2|2|2,5,-17.33997583161
5|3|4|2|6,2,-7.286237015968174
5|3|4|2|6,7,0.596115
2|7|4|1|5,3,-3.066882714076513
6|4|4|3|5,3,-2.92205998739396
3|8|4|3|4,5,-5.030898189346843
5|12|3|1|3,2,-8.22950083136104
6|1|3|1|6,1,-18.97045442804683
6|1|3|1|6,0,-18.46139538004749
6|1|3|1|6,3,-17.55648141891818
6|1|3|1|6,2,-17.55178434931058
6|1|3|1|6,7,-17.423878267889997
6|1|3|1|6,5,-19.379423109715653
6|1|3|1|6,4,-17.03707630190609
1|7|3|1|3,6,-19.360806783959248
1|7|3|1|3,0,-13.560891278169649
2|1|4|2|10,5,-15.984277446456721
5|5|4|1|9,7,-3.5694184655745
7|9|2|1|8,1,-5.22608386720364
1|11|1|1|7,0,-4.764588734181454
7|12|1|1|5,3,-8.811233276935926
1|3|3|2|7,7,-21.500751541523123
5|9|2|2|2,0,-17.15266986951783
5|9|2|2|2,6,-13.493898388411637
5|9|2|2|2,1,-16.155416159428547
5|9|2|2|2,7,-15.382911668720347
6|2|3|1|3,0,-6.101653466079002
2|6|4|1|3,4,-12.56746604653828
7|9|3|1|4,2,-17.948568605042485
7|9|3|1|4,1,-19.17961840938542
7|9|3|1|4,5,-20.072175097045143
7|9|3|1|4,4,-19.84515438241797
0|10|3|1|2,6,-12.310096183860312
4|8|1|1|2,2,-11.094050332204617
4|3|2|1|1,0,-14.999960224037313
4|3|2|1|1,3,-14.999960224037313
0|6|4|1|6,4,-14.766850471803883
5|6|4|1|4,6,-15.12369519442672
2|3|2|2|3,1,-22.024204209014396
2|3|2|2|3,3,-17.423782519650704
2|3|2|2|3,5,-16.194941864790803
2|5|2|2|1,3,-14.999310020195184
2|5|2|2|1,5,-14.792380691985
2|5|2|2|1,4,-14.792380691985
2|5|2|2|1,0,-14.792380691985
0|1|4|1|9,1,-19.929898425748053
1|5|5|2|8,3,-5.7971704494105
3|10|3|1|7,0,-6.813957985470361
2|1|3|2|8,7,-8.988301719422687
2|1|3|2|8,1,-9.098494158817815
1|5|4|3|4,2,-2.6713600635
4|12|1|1|1,0,-14.792380691985
4|12|1|1|1,5,-14.703400988550001
5|2|3|1|4,4,-24.824367611140474
5|2|3|1|4,7,-24.480924421241756
5|2|3|1|4,3,-26.139114968775544
5|2|3|1|4,1,-24.5677289607553
6|7|3|2|1,3,-14.898266539072651
6|7|3|2|1,0,-14.898266539072651
6|7|3|2|1,1,-14.898266539072651
6|7|3|2|1,4,-14.898266539072651
7|2|1|1|2,0,-20.64631997830545
7|2|1|1|2,3,-16.078839683106
7|2|1|1|2,6,-20.1996871622373
7|4|3|2|6,2,-18.53595732598573
7|4|3|2|6,5,-19.72165086088572
7|4|3|2|6,0,-19.65694134047219
7|6|1|1|5,0,-10.041419663545256
7|6|1|1|5,6,-11.254970030339045
0|7|1|1|4,1,-10.199721835079675
0|7|1|1|4,3,-8.23389562025232
6|2|2|2|3,2,-17.202518353576263
6|2|2|2|3,0,-16.59360888092916
6|2|2|2|3,7,-17.873626473807946
6|2|2|2|3,3,-19.283707283440723
6|2|2|2|3,5,-16.71985768597002
2|4|3|1|2,7,-16.750567340130587
2|4|3|1|2,4,-16.200285315623226
2|4|3|1|2,1,-16.07613629263635
2|4|3|1|2,0,-15.291516050692982
4|1|3|1|5,3,-21.130718379710824
4|1|3|1|5,1,-22.251256380740017
1|4|1|1|2,0,-16.66239616671264
7|8|3|1|2,1,-18.549640011466423
7|8|3|1|2,6,-17.5613537811573
7|7|2|1|2,0,-15.89546751656469
7|7|2|1|2,3,-16.3258086910185
7|7|2|1|2,4,-15.90939723195
7|7|2|1|2,5,-15.955926669633122
7|7|2|1|2,1,-17.557499755035114
7|7|2|1|2,6,-15.944568214542722
7|7|2|1|2,2,-16.86177079463733
2|2|4|1|10,7,-12.456675964095902
2|2|4|1|10,1,-12.764814734429043
2|2|4|1|10,5,-6.1092669394865435
7|6|2|1|9,2,-6.7903173560757235
7|6|2|1|9,0,-3.8888160576485533
2|8|2|2|8,1,-7.985293126251678
1|10|2|1|7,7,-13.324339557734191
7|5|2|1|1,0,-14.975573796031343
7|5|2|1|1,2,-14.975573796031343
7|5|2|1|1,5,-14.975573796031343
7|5|2|1|1,3,-14.975573796031343
6|1|3|0|5,2,-21.843862896608204
6|1|3|0|5,4,-23.326180419214467
6|1|3|0|5,3,-23.770267991993094
6|1|3|0|5,0,-23.9878939021942
3|1|3|0|3,0,-24.39087510983285
2|5|2|1|1,5,-14.999999614614634
2|5|2|1|1,4,-14.792380691985
5|2|4|2|9,7,-7.448059973547152
7|6|2|2|8,2,-9.707151907310154
7|6|2|2|8,4,-11.403547675968198
7|6|2|2|8,5,-7.010448566271925
2|8|2|1|7,7,-7.241015223679369
7|1|4|0|7,6,-25.311759334502263
5|2|4|3|9,6,-2.5005
6|6|5|2|8,3,1.00575
3|11|3|1|7,4,0.5475
4|14|1|1|6,3,-17.320341355561954
4|14|1|1|6,0,-8.767783440393284
3|15|1|0|5,7,-13.309819269341691
3|15|1|0|5,4,-13.025109006196185
3|15|1|0|5,6,-14.143965230165923
2|4|1|1|7,0,-10.371777384631809
5|8|2|2|3,0,-20.466453478644212
5|8|2|2|3,2,-20.111563253651866
5|8|2|2|3,4,-15.803761623272006
7|11|3|1|1,2,-14.99994317719616
7|11|3|1|1,1,-12.478950000000001
7|11|3|1|1,0,-12.478950000000001
7|11|3|1|1,3,-11.3985
7|11|3|1|1,6,-9.855
5|2|5|1|10,4,-10.009140764169295
4|7|3|1|9,0,-2.0312826038045397
0|10|1|1|8,1,0.18807149999999992
5|3|3|2|6,2,-17.911252251770645
2|6|3|2|2,4,-17.267672473851256
2|6|3|2|2,7,-20.494286698171415
2|6|3|2|2,5,-8.96466323109202
0|8|4|2|4,2,-7.856750401048421
0|8|4|2|4,6,-8.982318765009868
2|4|1|1|9,5,-8.472976896936673
2|4|1|1|9,1,-11.384525403525156
5|5|1|1|8,0,-5.186625459932694
5|5|1|1|8,2,-9.168964164918174
5|6|2|1|6,4,-14.234123860550849
5|6|2|1|6,6,-15.419804562380167
3|3|3|1|8,4,-13.508787677157901
3|3|3|1|8,6,-19.066964197650204
3|3|3|1|8,7,-19.191882510955175
3|3|3|1|8,0,-8.433499779200123
4|4|3|2|7,0,-17.266873169718412
4|4|3|2|7,7,-19.541677774386464
4|4|3|2|7,2,-19.529769640142522
4|4|3|2|7,3,-2.44721564414926
4|5|2|1|6,7,-21.215636299136126
4|5|2|1|6,2,-15.877946742237397
5|8|3|2|2,1,-13.692480916763477
6|4|3|2|4,3,-22.98886919278693
6|4|3|2|4,0,-21.985823096292158
2|2|3|3|10,5,-3.2559117000000004
2|2|3|3|10,3,-3.015
6|9|3|2|7,4,-1.4140598902500003
6|4|1|1|10,1,-1.8853935138319913
6|4|1|1|10,0,-5.490369233126896
1|5|1|1|9,5,-5.227252277994512
1|5|1|1|9,6,-8.355907383026071
5|6|1|1|8,1,-3.033226906868429
1|6|1|1|7,7,-4.161847896273036
1|6|1|1|7,2,-3.4584826063100103
1|6|1|1|7,5,-6.148763079800679
3|1|3|0|5,4,-22.146667986867392
3|1|3|0|5,0,-21.254884904388575
3|1|3|0|5,6,-23.20764417769342
3|1|3|0|5,1,-22.708883053641788
3|1|3|0|5,2,-23.07188159863397
3|1|3|0|5,7,-22.541973217510613
4|10|2|2|1,6,-14.898266539072651
4|10|2|2|1,0,-14.898266539072651
4|10|2|2|1,1,-14.898266539072651
2|4|4|1|5,6,-17.53110384310175
2|4|4|1|5,7,-14.050108986189507
2|4|4|1|5,5,-17.364354314002668
6|8|1|1|4,5,-11.398418675899244
5|8|3|2|7,0,-7.193705464365302
2|14|2|0|4,6,-12.9336660586236
2|14|2|0|4,4,-15.46036558516206
1|4|3|2|2,5,-15.707168401898105
1|4|3|2|2,2,-20.24261108192445
1|4|3|2|2,0,-19.660495164461743
1|4|3|2|2,4,-19.241338622482004
4|6|1|1|7,0,-5.822652165156924
2|8|2|2|5,1,-12.462622796126292
2|8|2|2|5,4,-12.618758237294003
2|8|2|2|5,5,-12.600508801203855
2|8|2|2|5,6,-15.045877719912479
2|8|2|2|5,3,-12.451691138392306
2|8|2|2|5,7,-11.742419417599935
2|8|2|2|5,0,-12.385598984571615
4|6|4|2|7,0,-7.759639788846949
4|6|4|2|7,3,-5.664054929401079
5|3|3|0|3,2,-17.511402491380974
2|3|3|0|2,6,-12.49931175
2|3|3|0|2,7,-13.682794050000002
5|4|4|2|8,1,-12.258729615170015
7|9|2|2|5,5,-10.617333312434317
6|5|1|1|9,0,-0.6963959884307335
0|6|2|1|8,2,-9.896773616800335
0|6|2|1|8,6,-7.79995435753043
0|6|2|1|8,1,-4.90850388812227
0|6|2|1|8,5,-6.503425370127047
7|3|2|2|2,0,-13.535012749606125
7|5|4|1|5,3,-20.416968430069815
0|4|2|1|4,2,-18.913268683329825
0|4|2|1|4,1,-18.805964116622636
0|4|2|1|4,7,-18.289650815771946
0|4|2|1|4,3,-19.184148400098568
0|4|2|1|4,6,-15.94180454195135
3|4|3|2|6,4,-17.419247800734375
3|4|3|2|6,6,-13.751041291329482
3|4|3|2|6,1,-16.605613405792205
4|1|4|1|8,6,-11.50877485585793
4|1|4|1|8,3,-11.022694968255928
4|1|4|1|8,0,-9.662844074920942
4|1|4|1|8,5,-14.590131396709907
4|1|4|1|8,1,-10.636406139316883
4|1|4|1|8,7,-12.222967924761349
6|5|5|2|7,2,-2.378854799046
2|10|2|2|6,3,-12.204889703517987
2|10|2|2|6,6,-12.31459403541276
2|10|2|2|6,0,-12.542881171476806
2|10|2|2|6,5,-12.854238621236576
0|13|2|0|2,5,1.1700000000000002
1|2|1|1|1,5,-14.995894687898987
6|8|2|2|6,2,-13.873490945291522
6|8|2|2|6,3,-14.476538574028556
1|7|1|1|6,0,-9.50170191524553
3|3|2|2|5,2,-17.956793209143843
3|3|2|2|5,5,-18.924491657589314
3|3|2|2|5,4,-20.180896769770147
3|3|2|2|5,0,-18.466311522890013
3|3|2|2|5,6,-18.988477953506337
3|3|2|2|5,1,-18.429536543564232
3|3|2|2|5,7,-20.140938571414242
0|5|4|3|1,5,-12.478950000000001
6|4|3|1|5,3,-14.050303814816159
6|4|3|1|5,4,-20.447588739828362
6|4|3|1|5,2,-19.99963855022344
2|3|4|1|8,0,-12.8586080496859
2|3|4|1|8,3,-15.403559034935437
2|3|4|1|8,4,-6.6766443728852405
2|3|4|1|8,1,-7.560055568535503
2|4|3|1|3,4,-22.373094326496517
4|3|4|1|1,7,-14.928786577350856
7|2|3|0|2,0,-2.6317500000000003
0|5|3|3|1,3,-14.5762871265
0|2|3|3|6,3,-6.372629781882869
3|5|3|1|5,7,-19.12172104362987
3|5|3|1|5,2,-19.35556879289603
7|11|1|1|1,3,-14.8546664843895
7|11|1|1|1,0,-7.65
7|11|1|1|1,6,-9.855
3|3|4|3|6,2,0.735
3|3|4|3|6,5,0.5475
2|7|4|2|5,5,-20.86794018993537
3|10|4|1|1,2,-13.235265
3|10|4|1|1,5,-12.478950000000001
3|10|4|1|1,4,-4.5
6|8|3|2|4,0,-10.884711323062728
6|8|3|2|4,7,-18.847013657049878
5|3|4|3|9,7,-2.4874494412692094
7|6|4|2|8,6,-6.0004355144066075
0|13|2|1|4,5,-16.952121388258156
0|13|2|1|4,2,-13.832494694529244
5|4|2|1|1,0,-14.995894687898987
5|4|2|1|1,6,-14.5762871265
5|4|2|1|1,1,-14.703400988550001
3|9|3|2|1,6,-14.988031160055359
3|9|3|2|1,1,-14.991621812038751
3|9|3|2|1,0,-14.991621812038751
3|9|3|2|1,7,-14.703400988550001
7|2|3|3|9,0,-2.482055776096257
0|5|3|1|6,7,-18.2672656306241
0|5|3|1|6,1,-18.66273987248035
0|5|3|1|6,5,-13.428380924572942
2|4|3|2|10,7,-13.55178188275254
0|7|3|1|7,5,-12.700933234659283
5|8|3|1|6,1,-7.709084989418339
5|8|3|1|6,2,-12.94535258776197
1|11|2|1|5,6,-21.13724984254999
1|11|2|1|5,3,-16.102628168631334
4|4|1|1|5,2,-14.162332990891036
2|5|1|1|4,0,-15.350744801888395
2|5|1|1|4,5,-14.66255551404255
0|5|3|2|10,4,-3.8346779467254
4|8|3|2|9,6,-0.4174566674250002
6|11|3|1|8,7,-5.427664317662116
7|14|1|1|7,0,-4.1228779641105
0|15|1|0|6,3,-2.205
1|15|1|0|3,5,-7.158980770650554
1|15|1|0|3,3,-16.93470800987099
7|1|2|1|1,3,-14.13527985
7|1|2|1|1,4,-14.13527985
0|7|3|1|3,2,-19.052781195729192
0|7|3|1|3,6,-14.435016581228748
5|10|2|1|1,3,-14.995894687898987
5|10|2|1|1,2,-14.995894687898987
1|2|3|2|7,7,-11.483928057531054
1|2|3|2|7,0,-13.997926937256706
1|2|3|2|7,3,-11.701743253013317
1|2|3|2|7,4,-9.041442579421041
4|5|4|1|7,0,-10.820358401948187
4|5|4|1|7,7,-12.658920501642664
0|9|2|2|6,1,-6.514871102406909
0|9|2|2|6,7,-9.85430767996018
0|9|2|2|6,6,-5.015994100617087
0|9|2|2|6,2,-5.178362702512368
0|9|2|2|6,5,-7.341209579281965
0|9|2|2|6,4,-5.622536046310551
0|2|1|1|2,6,-14.516629126310978
3|7|4|3|4,2,-0.29884349999999993
4|2|3|3|8,0,-2.6317500000000003
0|5|6|2|7,2,0.48074999999999996
2|6|6|2|6,0,-3.015
0|6|6|2|5,5,0.29595
2|1|1|1|1,4,-14.703400988550001
2|1|1|1|1,3,-14.703400988550001
2|1|1|1|1,1,-14.703400988550001
2|1|1|1|1,5,-14.703400988550001
6|5|4|2|8,4,-6.840165667659781
4|9|2|2|7,1,-8.493983970123542
4|9|2|2|7,5,-0.05979814280426138
1|11|2|2|3,0,-20.429724567163582
7|4|4|1|7,3,-10.070938301646542
7|4|4|1|7,1,-8.77963734010354
7|4|4|1|7,5,-12.646590115637057
7|4|4|1|7,2,-12.563156555237299
3|4|4|1|6,2,-16.04206785193318
7|6|4|3|9,1,0.735
1|10|3|1|8,5,0.5475
5|13|1|1|7,4,-5.550637602164376
5|13|1|1|7,0,-10.69670621776715
4|15|1|0|4,0,-6.991150525709316
4|15|1|0|4,1,-14.451405834189602
1|5|6|1|7,7,-3.015
7|5|6|1|6,0,1.1444080588499999
4|12|2|1|4,3,-13.861199410534184
3|8|2|1|3,0,-16.872704342849175
3|8|2|1|3,7,-11.942337046387921
2|3|3|3|10,5,-1.3289963504784077
5|3|3|3|9,0,-3.125597976352557
0|6|4|2|8,1,-4.540656
1|10|2|2|7,4,-3.7064774276566457
6|14|2|0|3,5,-11.817158462467198
2|7|3|3|7,3,-3.6790640339682077
0|12|3|1|2,4,-14.741991935359037
0|12|3|1|2,6,-17.981454339000003
6|2|3|1|2,5,-20.098747342475175
6|2|3|1|2,1,-20.86011646672218
5|2|3|1|1,4,-14.999014314564548
5|2|3|1|1,3,-14.999014314564548
5|2|3|1|1,1,-7.65
0|4|2|2|9,5,-13.342755071094011
0|4|2|2|9,2,-13.390076766619503
0|4|2|2|9,3,-12.708223035295111
3|1|3|0|8,2,-24.253009492629932
3|1|3|0|8,1,-26.00031367512927
3|1|3|0|8,5,-24.03618955997555
3|1|3|0|8,4,-23.612931593617343
3|1|3|0|8,7,-23.932064902837393
3|1|3|0|8,6,-27.610891039727044
6|3|3|2|9,4,-13.481034400610664
6|3|3|2|9,3,-12.772281567727951
6|3|3|2|9,7,-12.736416992517062
3|7|3|1|1,2,-14.998591877949353
3|7|3|1|1,5,-14.928786577350856
3|7|3|1|1,7,-9.855
2|5|4|3|1,6,-4.5
2|5|3|2|7,5,-13.562895822797623
2|5|3|2|7,6,-13.115291299060562
2|5|3|2|7,1,-11.55614840245358
4|4|2|1|10,6,-16.465411279646403
4|4|2|1|10,3,-1.9175780023352287
6|6|3|2|9,7,-0.24752907897217125
6|6|3|2|9,1,-2.9411307150000003
7|8|3|1|8,0,-1.3470656774387813
0|11|1|1|7,1,-6.447643188369884
0|11|1|1|7,4,-5.863277329046317
0|11|1|1|7,7,-9.877732190531669
1|12|1|1|6,3,-11.834322763465776
1|12|1|1|6,2,-9.418738131821938
1|12|1|1|6,7,-11.490936343332683
7|4|1|1|2,0,-19.306829855107505
7|4|1|1|2,4,-16.25324894460024
1|8|3|1|5,7,-14.407226740389087
1|8|3|1|5,4,-13.235805690099088
7|11|1|1|4,0,-14.236307761869057
7|7|4|1|4,0,-10.738396018358323
7|7|4|1|4,5,-12.377006500529308
7|7|4|1|4,4,-13.106318007275101
0|7|4|1|3,1,-18.144766318509795
0|7|4|1|3,7,-17.8384452885062
7|2|1|1|1,0,-14.96510542290192
7|2|1|1|1,3,-14.96510542290192
7|2|1|1|1,2,-14.96510542290192
6|1|3|0|3,3,-20.56123757922156
6|1|3|0|3,1,-24.221442817890168
3|4|3|3|2,0,-15.313347364774652
6|8|3|3|2,2,-9.899153776650001
6|4|3|3|9,4,-4.089988101163878
4|4|3|3|8,3,0.21431484415591776
3|7|3|2|5,7,-14.832894356169174
3|7|3|2|5,5,-14.748478227467492
3|7|3|2|5,4,-15.180429134584248
3|7|3|2|5,6,-16.42856061936786
3|7|3|2|5,1,-11.185019907486758
3|7|3|2|5,2,-10.313932239996126
3|7|3|2|5,0,-13.418271246493646
2|6|2|2|9,1,-20.126242838857898
1|8|3|2|8,3,-0.8220719413181363
3|5|3|2|9,0,-6.426309690000001
3|5|3|2|9,4,-1.3289995743136243
3|5|3|2|9,7,-5.306673226759172
2|7|3|2|7,4,-8.687095965455404
2|7|3|2|7,5,-3.929607463288595
4|10|4|1|6,5,-3.1688544991124656
7|8|4|1|2,3,-15.382750077343665
4|1|1|1|2,5,-19.0424013780524
4|1|1|1|2,1,-20.684500414668328
4|1|1|1|2,6,-19.992987586011136
4|1|1|1|2,3,-19.138737920334616
4|1|1|1|2,7,-19.191103052958393
2|2|2|2|4,3,-17.76257184036286
2|2|2|2|4,1,-19.19054188516077
2|2|2|2|4,5,-19.478408158469982
2|2|2|2|4,6,-17.511549370859555
1|5|3|3|1,0,-9.855
7|10|3|1|4,3,-18.8447152131525
3|10|3|1|3,5,-18.045649000774425
3|10|3|1|3,1,-20.63028625132285
3|10|3|1|3,2,-20.239308003453903
3|10|3|1|3,7,-15.798677788453848
0|8|3|2|7,2,-6.758917507260823
7|2|3|0|9,2,-19.486988227046464
2|2|3|0|5,1,-21.59992122427856
1|2|3|0|4,5,-21.363723656660234
1|2|3|0|4,2,-5.5900294475751
5|5|1|1|3,6,-12.960653562141331
5|5|1|1|3,3,-14.306917866043495
5|5|1|1|3,0,-8.583064765781367
6|5|1|1|2,0,-14.272799640683925
6|5|1|1|2,3,-15.16799554363383
0|5|1|1|1,1,-14.99712628152929
0|5|1|1|1,6,-4.5
7|5|3|2|6,6,-18.914771904598325
7|5|3|2|6,4,-17.025863641571824
7|5|3|2|6,3,-14.367781962189824
7|3|4|2|7,4,-11.134885236859514
7|3|4|2|7,1,-11.654208081868164
7|4|1|1|4,0,-18.367558161445487
5|6|3|1|1,4,-14.988031160055359
5|6|3|1|1,7,-14.950150604145598
0|6|1|1|1,6,-13.7646855
0|6|1|1|1,2,-14.13527985
1|5|3|1|5,4,-18.29249674619222
1|5|3|1|5,7,-16.899627702157414
1|5|3|1|5,0,-16.120680406538852
1|5|3|1|5,5,-18.450704246683518
5|10|3|1|2,7,-21.596294566695605
5|10|3|1|2,4,-20.90633033809843
4|3|1|1|10,1,-14.471318780278196
4|3|1|1|10,0,-10.353305974506824
4|4|5|1|9,7,-7.175965750657717
0|10|3|2|7,1,-0.01408500000000007
2|14|2|0|3,4,-9.145507961815227
5|6|1|1|2,1,-12.170892934155
5|4|2|2|8,1,-16.330544652379924
5|4|2|2|8,7,-11.695947594029171
5|4|2|2|8,6,-10.27935668019578
5|4|2|2|8,3,-8.252569332392222
5|4|2|2|8,4,-6.945428891524478
5|4|2|2|8,2,-7.148992975443489
5|4|2|2|8,0,-10.362992968911936
1|6|2|1|7,3,-15.119974002909974
1|6|2|1|7,2,-15.914854828505751
1|6|2|1|7,4,-12.94574830904215
1|6|2|1|7,0,-13.718687139823835
7|9|2|1|4,5,-14.320169360365018
7|9|2|1|4,6,-11.453929633259916
0|1|3|0|4,4,-27.763300585743988
0|1|3|0|4,3,-21.37570279046864
0|1|3|0|4,2,-26.269676468133337
0|1|3|0|4,7,-22.50768929131252
0|1|3|0|4,5,-10.012905882717787
4|1|3|0|3,6,-20.434432577408803
6|1|3|0|2,7,-22.0949989077781
6|1|3|0|2,4,-21.989321030025344
6|1|3|0|2,2,-10.530945
6|1|3|0|2,0,-6.444272375884731
7|1|3|0|1,5,-14.792380691985
7|1|3|0|1,0,-14.8546664843895
5|3|1|1|3,0,-18.927255351475832
5|3|1|1|3,6,-15.412013664267988
0|4|1|1|2,1,-16.73243213599512
7|5|2|2|9,3,-15.723924953352808
3|7|4|3|8,6,0.735
6|11|3|1|7,0,0.5475
0|14|1|1|6,1,-11.681229552539671
1|15|1|0|5,4,-9.218383337625106
1|15|1|0|5,5,-9.259378817754476
6|3|4|2|9,5,-10.666909012672319
5|7|2|2|8,1,-6.2891432593571945
5|4|3|1|10,0,-9.047488511744831
0|7|2|1|9,2,-2.947855539373782
6|9|2|1|7,5,-3.527307112961995
6|9|2|1|7,1,-4.828639138366171
6|9|2|1|7,0,-3.294745838626396
5|11|1|1|6,0,-1.0083053035038834
7|5|3|1|2,0,-20.47631085115213
7|5|3|1|2,2,-14.435387719313887
0|8|1|1|1,4,-13.235265
0|8|1|1|1,7,-9.855
7|6|4|1|6,6,-12.30678557461488
6|10|1|1|5,5,-9.083484761057939
2|10|1|1|2,0,-14.220287540310002
2|10|1|1|2,3,-13.934998340575248
0|10|2|1|3,4,-12.23039018428689
0|10|2|1|3,1,-12.050483923155001
0|10|2|1|3,7,-10.875626007528346
0|10|2|1|3,3,-11.750613400785195
0|10|2|1|3,2,-12.982875164861028
0|10|2|1|3,5,-10.541332992319862
0|5|3|2|4,7,-16.658542856338983
0|5|3|2|4,3,-18.142122827133875
0|5|3|2|4,6,-10.046485917311458
0|5|3|2|4,1,-18.146361028547208
7|8|3|2|3,1,-18.60753366919967
7|8|3|2|3,2,-18.24266231905286
7|5|3|1|5,3,-20.80219503269177
7|5|3|1|5,4,-20.00530992309915
7|5|3|1|5,5,-20.61759303574363
7|5|3|1|5,0,-19.754527746182415
1|3|3|1|5,3,-20.196437554475978
1|3|3|1|5,0,-17.779381154811528
1|3|3|1|5,5,-20.7979172578697
3|2|2|2|3,4,-11.842968545445617
3|2|2|2|3,5,-11.71088920760066
1|3|4|2|3,2,-5.769124315255566
1|3|4|2|3,4,-7.267015381888873
7|7|1|1|3,1,-9.334504619610897
1|8|1|1|2,2,-16.00995583535698
7|1|5|1|10,1,-11.84076808310326
7|1|5|1|10,5,-11.440035996636801
1|1|5|1|9,0,-11.05719805755775
1|1|5|1|9,5,0.1725
6|9|3|2|6,7,-10.042774792468094
7|4|2|2|7,3,-17.98101326581629
7|4|2|2|7,2,-14.19694288994933
7|4|2|2|7,0,-18.536165699284222
3|6|4|2|6,4,-6.589653276440473
5|12|2|2|2,1,-14.62206672
5|8|3|1|2,4,-18.0978938762833
5|8|3|1|2,6,-12.974631012581373
6|1|4|0|6,5,-17.56196747580269
0|2|4|1|1,4,-9.855
3|14|2|0|1,2,-13.235265
3|14|2|0|1,4,-11.3985
2|6|1|1|6,1,-7.924487491091126
7|3|2|2|10,2,-11.152570780874768
7|3|2|2|10,0,-11.562504566898799
7|3|2|2|10,3,-11.400418834254854
7|3|2|2|10,4,-6.296904194596253
7|3|2|2|10,6,-1.3738806261856151
4|9|3|2|3,3,-17.96010696485239
4|9|3|2|3,5,-22.50118281213731
0|7|2|1|1,7,-14.994135268427126
0|7|2|1|1,2,-14.994135268427126
7|6|3|1|3,2,-16.93121645634644
7|6|3|1|3,0,-19.762872451767738
3|3|4|2|6,4,-16.004568020389783
3|3|4|2|6,7,-15.5843659687938
3|8|4|2|3,2,-14.357175260416941
3|8|4|2|3,6,-13.964034148519605
2|5|4|1|8,6,-2.125222211383548
2|5|4|1|8,4,-5.8529290845917465
1|6|4|1|6,7,-8.423185746327412
1|6|4|1|6,4,-5.522492010943762
7|3|3|0|6,0,-6.972496275313264
7|3|3|0|6,3,-3.820779186498252
4|6|3|1|4,3,-18.220814748300526
4|6|3|1|4,2,-13.219777936492594
4|6|3|1|4,6,-18.189374854460656
0|9|3|2|1,4,-14.999834335848863
6|4|3|1|10,2,-10.016395403943783
2|7|2|2|9,4,-9.146201082061001
4|9|2|1|8,7,-4.811517396068915
4|9|2|1|8,2,-3.9790228355815707
4|9|2|1|8,5,-4.588348466576758
7|11|2|1|7,6,-10.232756153206841
7|11|2|1|7,0,-8.108070443455421
7|11|2|1|7,3,-10.26477242820609
3|14|2|0|5,0,-1.3818435000000004
7|5|1|1|5,0,-10.98775954123258
7|5|1|1|5,3,-10.26878389943846
2|2|5|1|8,5,-6.329076243541664
2|2|5|1|8,0,-2.3864638966587375
6|8|2|2|2,7,-19.300875757642547
6|8|2|2|2,0,-14.145597289838861
6|8|2|2|2,4,-3.872883447449924
1|1|2|2|8,2,-16.115343490642534
4|4|3|2|5,3,-19.0445373865462
4|4|3|2|5,7,-17.594186053132994
4|4|3|2|5,0,-17.760655587748666
4|4|3|2|5,6,-12.090400893095454
1|7|2|2|2,6,-19.474380787586643
1|7|2|2|2,0,-20.038432427931802
1|7|2|2|2,4,-18.790066030155785
6|9|2|2|1,5,-14.991621812038751
6|9|2|2|1,2,-14.994135268427126
6|9|2|2|1,4,-14.703400988550001
6|9|2|2|1,3,-14.703400988550001
1|4|4|2|8,3,-5.169683208577177
6|3|4|1|8,7,-16.678306209292895
6|3|4|1|8,3,-17.635957410590713
6|3|4|1|8,4,-14.292340618270188
6|3|4|1|8,0,-6.443461345093226
7|7|3|3|7,4,-0.006654581660463843
4|10|3|1|6,6,-5.873687288267058
4|10|3|1|6,0,-1.1507092722487928
4|2|4|2|9,3,-8.916672222265582
4|2|4|2|9,5,-1.497288411488385
6|8|1|1|6,0,-10.957007688226572
0|9|2|1|5,6,-15.647696535576463
0|9|2|1|5,2,-15.526159479765008
2|3|3|1|10,4,-8.915667652710985
2|3|3|1|10,6,-9.548617597991901
2|3|3|1|10,7,-6.5543187915194085
2|3|3|1|10,3,-7.730246344238816
2|3|3|1|10,1,-8.694441001044531
3|4|2|1|9,4,-17.76771112397625
3|4|2|1|9,0,-13.203758562087277
3|10|2|2|2,4,-17.32796304869769
3|10|2|2|2,1,-16.7927851438635
3|10|2|2|2,6,-15.469183214635951
4|2|4|2|8,6,-7.098181813320077
2|8|1|1|3,0,-17.144569967441065
0|5|4|1|2,6,-14.809631165009241
4|10|3|2|3,0,-14.95147731513878
0|3|4|1|7,7,-12.349381405640335
0|3|4|1|7,1,-13.497698807673842
7|3|4|1|6,5,-13.36026921095982
7|3|4|1|6,4,-15.169153401804708
7|3|4|1|6,2,-9.16741627757222
0|9|3|1|3,4,-13.804393228111275
0|9|3|1|3,7,-15.51241469342915
3|1|5|1|10,6,-12.05900488243245
1|9|2|1|8,7,-3.728520316705086
1|9|2|1|8,0,-3.015
1|9|2|1|8,4,-4.3483652427794945
7|11|1|1|7,0,-4.43568342716034
4|13|1|1|5,1,-7.30812414524115
4|13|1|1|5,0,-9.256234917086232
4|13|1|1|5,2,-6.3601737981983755
6|4|3|2|9,4,-15.520178625283474
6|4|3|2|9,3,-13.581054786475374
4|7|2|2|8,7,-9.144980302128172
7|8|3|2|7,1,-14.0054443392435
7|8|3|2|7,4,-10.652919522744499
1|11|2|2|6,0,-22.019755722980044
3|13|2|1|3,2,-20.215125024505372
3|13|2|1|3,7,-19.060393750364653
7|2|4|2|7,5,-11.500115336798089
7|7|3|2|5,1,-12.849760628094383
7|7|3|2|5,6,-14.00166109254599
7|7|3|2|5,4,-13.346832318142463
7|7|3|2|5,3,-11.283090419594966
7|7|3|2|5,0,-13.117548821985164
7|7|3|2|5,5,-6.288209551251079
2|2|3|2|6,4,-15.268618363819314
2|2|3|2|6,5,-17.451626470579953
2|2|3|2|6,6,-13.072130679237345
2|4|2|1|10,0,-10.008927191641265
0|6|3|1|9,2,-11.904568586863945
7|10|3|2|7,4,-2.9392208309435195
4|12|3|1|6,3,-2.0209849294144497
1|2|3|2|9,4,-17.360987841515026
1|2|3|2|9,3,-12.314897523974118
4|10|3|1|4,3,-21.292003329900023
4|10|3|1|4,5,-11.910401248191501
7|7|1|1|7,0,-8.300196765794446
1|10|2|1|4,5,-21.709098589973525
1|2|4|0|10,0,-3.31455
0|6|1|1|9,7,-2.2849073250000003
6|12|1|1|5,7,-20.098746004447996
0|4|6|2|5,3,0.928062255
6|10|2|2|3,4,-16.8883703442926
6|10|2|2|3,5,-4.807367141619529
4|12|2|2|2,5,-19.03063975866759
7|6|3|1|5,0,-18.352348701544514
7|6|3|1|5,6,-16.995767088166843
2|1|4|1|6,0,-12.871054631439378
2|1|4|1|6,3,-14.243482778500736
1|9|1|1|3,0,-17.48966198224
5|4|2|2|10,3,-13.348230827968093
1|7|2|2|8,4,-10.24745495478197
4|9|2|1|7,7,-6.069992681509511
7|11|1|1|6,0,-14.223857742000947
2|4|3|1|5,4,-24.95879199427112
2|4|3|1|5,5,-21.409341620648803
2|4|3|1|5,7,-17.485758580879214
4|7|3|2|4,1,-19.372374721413795
4|7|3|2|4,2,-20.662103895915116
4|7|3|2|4,7,-15.460060619904748
4|7|3|2|4,3,-18.831012789356887
4|7|3|2|4,0,-7.414886406292029
5|1|4|0|5,3,-23.855778958205665
5|1|4|0|5,6,-18.627889354135974
7|7|2|1|6,4,-11.235154130055804
7|7|2|1|6,6,-11.214878771739775
7|7|2|1|6,0,-8.875146096327736
7|7|2|1|6,5,-10.927509105967015
2|1|3|2|10,3,-15.91427141471892
3|7|2|2|5,6,-16.73809190086168
0|3|2|2|8,4,-21.052006243532272
4|5|2|2|7,5,-16.474412500365013
4|5|2|2|7,7,-18.068421266870725
4|5|2|2|7,0,-13.283472866765413
3|11|2|2|1,0,-14.950150604145598
3|11|2|2|1,5,-14.928786577350856
3|11|2|2|1,2,-14.928786577350856
6|7|3|3|3,5,-10.246800502099044
7|3|3|3|7,0,-9.603150526158714
4|7|3|1|5,6,-11.141761128613535
4|7|3|1|5,5,-9.822055712439825
4|7|3|1|5,2,-12.339790554093232
0|1|5|0|9,1,-13.666658638514484
0|1|5|0|9,5,-11.737339031313024
6|7|3|2|6,5,-18.925574044341808
6|7|3|2|6,0,-17.689521451863747
7|4|4|2|7,6,-11.768279532361296
4|5|4|2|7,1,-11.431669446308689
4|5|4|2|7,2,-10.48838995204812
4|5|4|2|7,5,-4.358415069256805
5|5|1|1|6,2,-17.02994070214545
5|5|1|1|6,3,-12.174093782217719
2|6|1|1|5,1,-14.051267912632856
6|9|4|2|3,4,-17.387499074236654
5|3|3|3|4,0,-0.8526254999999999
5|3|3|3|4,7,-3.82905
2|12|3|0|1,0,-11.3985
2|2|3|1|3,1,-23.555988721247147
1|5|3|3|2,2,-15.864290469964484
2|8|3|1|1,4,-14.999986356844799
7|8|1|1|6,0,-3.425221536312677
6|10|3|1|4,4,-10.724554706587277
6|10|3|1|4,1,-14.048671114238061
4|10|3|1|3,7,-17.163184963479516
4|10|3|1|3,1,-20.502280106195812
4|5|3|2|7,5,-8.263512627588058
4|5|3|2|7,7,-14.657088849589805
4|5|3|2|7,0,-13.830972745515828
4|5|3|2|7,6,-5.732428234009661
2|8|4|2|1,3,-11.3985
2|8|4|2|1,4,-11.3985
7|4|1|1|5,0,-15.077859710151754
7|4|1|1|5,6,-14.751170312775443
7|4|1|1|5,4,-11.786664616082394
4|5|3|1|3,7,-23.065067247280815
4|5|3|1|3,6,-18.778315518401417
5|4|5|4|6,1,-3.015
1|4|5|4|5,7,0.9225
7|9|4|1|4,4,-15.246925180366864
5|4|4|1|7,0,-14.822121638464179
2|5|3|3|1,0,-14.975573796031343
7|4|3|3|4,0,-5.83200094150763
7|4|3|3|4,2,-4.64580739270125
7|3|3|1|8,2,-20.513540650395395
7|3|3|1|8,3,-8.9601885460084
7|3|3|1|8,1,-8.053548754139051
0|8|3|1|2,5,-16.806308153331557
6|5|3|2|10,7,-7.648750422452875
7|8|2|1|9,0,-3.2256045299710148
2|3|4|2|10,5,-2.3905833324848014
5|7|2|2|9,0,-4.914906972121875
0|9|2|2|8,3,-3.837270918846007
3|11|2|2|7,1,-4.601635685791058
2|4|3|2|8,0,-15.01022237193894
2|4|3|2|8,4,-18.49018493050913
0|1|1|1|1,2,-14.988031160055359
0|1|1|1|1,6,-14.988031160055359
6|3|3|1|2,7,-21.42994208838634
6|3|3|1|2,4,-20.787328342642475
7|6|6|1|1,1,-4.5
4|1|3|0|4,5,-22.200673073207952
4|1|3|0|4,7,-22.857508611820847
4|1|3|0|4,2,-21.73200715422223
4|1|3|0|4,0,-21.58021450346026
4|1|3|0|4,1,-24.004761984849925
5|4|1|1|3,1,-17.292228860953358
5|4|1|1|3,0,-13.192747847054184
7|6|4|2|1,6,-14.928786577350856
7|6|4|2|1,0,-4.5
2|4|4|3|2,6,-5.991871474928463
5|4|2|2|7,2,-13.146876459988572
5|4|2|2|7,0,-14.6585235268123
4|1|7|1|10,7,1.41436113
0|8|2|1|8,6,-8.064480583876954
2|2|4|0|10,6,-6.65319278624375
2|2|4|0|10,5,-5.510241103125706
1|9|1|1|7,0,-4.822428234052611
0|1|3|0|2,7,-21.1474002989355
0|1|3|0|2,1,-21.177216155923073
1|2|3|1|1,0,-14.394695895
1|2|3|1|1,4,-14.394695895
1|2|3|1|1,6,-14.394695895
1|2|3|1|1,7,-14.13527985
1|2|3|1|1,3,-14.394695895
2|7|3|1|3,1,-23.736324921648283
2|7|3|1|3,4,-23.208356378966684
5|4|3|2|5,7,-15.825280665502882
5|4|3|2|5,0,-9.799649018837256
4|2|5|1|9,2,-9.212334868401658
2|7|3|2|8,4,-8.230019324230565
4|10|2|1|7,3,-4.0956653438910005
4|10|2|1|7,2,-7.883781965702839
3|12|1|1|6,0,-3.2004740769847455
3|5|1|1|1,0,-14.5762871265
3|9|1|1|1,0,-14.703400988550001
5|5|3|1|9,3,-5.672026621909962
5|5|3|1|9,1,-4.923850482063466
3|8|3|1|8,6,0.9721551749999999
0|3|4|1|4,7,-19.05770659005098
6|5|3|2|3,3,-20.651093525406466
6|5|3|2|3,1,-19.829297628565488
6|5|3|2|3,4,-2.7454769610683374
6|5|1|1|6,2,-9.037723005331266
6|5|1|1|6,4,-7.156405697559585
6|5|1|1|6,7,-9.02811121603913
5|2|3|0|10,0,-16.462446357774567
6|4|4|2|6,2,-12.608426007528474
6|4|4|2|6,3,-16.039995751409858
6|4|4|2|6,4,-17.17825083790727
7|6|2|1|7,5,-16.127742370878593
7|6|2|1|7,3,-13.324939452597544
5|8|1|1|6,1,-4.975181292733998
5|8|1|1|6,0,-9.987761645073064
7|9|1|1|4,0,-6.363094271133149
7|9|1|1|4,5,-10.104127472951511
5|5|3|1|3,7,-17.080237042280473
1|3|4|1|10,3,-12.087751307893761
1|3|4|1|10,7,-12.237245925308981
3|7|2|1|9,4,-1.567859790585765
2|10|2|1|7,7,-14.282760350676362
2|13|2|1|3,1,-21.02159765006408
2|13|2|1|3,7,-23.2012706396804
1|4|3|3|4,3,-16.49931189954073
3|7|3|1|3,4,-18.3411578443156
3|7|3|1|3,2,-19.269688353345792
3|7|3|1|3,7,-19.32755339593935
3|7|3|1|3,1,-20.220083956574925
2|11|3|2|1,4,-13.7646855
2|11|3|2|1,5,-13.235265
2|11|3|2|1,7,-13.235265
4|3|4|1|7,1,-15.785981186053
4|3|4|1|7,7,-18.475824223762487
4|3|4|1|7,2,-13.763842484445684
2|6|4|2|4,3,-12.910687818175521
4|5|5|2|6,2,-3.3924383473500006
2|7|5|2|5,7,-2.36925
7|12|2|2|4,3,0.36
3|14|2|0|3,4,-12.616987721456663
2|4|2|2|9,5,-10.909729961039176
3|3|3|2|9,1,-19.1123078634565
3|3|3|2|9,7,-18.10933983831229
1|6|3|3|8,2,-2.7400175774999997
2|6|3|3|7,3,-1.0361740555729635
3|9|3|2|6,7,-6.929758204765389
3|9|3|2|6,6,-1.534024231716358
7|1|3|0|6,3,-21.787121365288957
5|5|4|2|1,7,-13.7646855
5|5|4|2|1,1,-13.235265
1|6|3|2|6,3,-18.188908973990515
1|6|3|2|6,6,-17.08036949057942
1|6|3|2|6,2,-9.129039871816051
3|8|3|2|6,5,-14.625320707575046
3|8|3|2|6,7,-1.153311317862761
5|11|2|1|5,1,-10.793394661778734
5|11|2|1|5,0,-10.824180008454384
5|11|2|1|5,3,-10.176435931407514
4|11|3|1|3,2,-14.748793527874556
4|11|3|1|3,6,-14.06753582484951
4|11|3|1|3,0,-17.14000329996849
4|11|3|1|3,1,-7.9322421188951
0|9|1|1|2,2,-14.658707982042102
0|9|1|1|2,3,-17.08506271192046
3|9|3|2|2,4,-20.38519110893965
3|9|3|2|2,7,-13.679040190587848
3|3|3|1|4,7,-20.066265835785703
3|3|3|1|4,1,-18.842237889229796
3|3|3|1|4,6,-19.647321687925825
3|3|3|1|4,0,-19.526031239677707
3|3|3|1|1,1,-14.991621812038751
3|3|3|1|1,7,-14.991621812038751
0|4|3|1|1,2,-14.96510542290192
0|4|3|1|1,3,-14.950150604145598
0|4|3|1|1,7,-13.7646855
0|4|3|1|1,6,-14.13527985
6|6|2|1|9,1,-7.6967872051200015
6|6|2|1|9,7,-4.5014125410057195
6|6|2|1|9,2,-2.7919660722110766
4|4|3|3|9,6,-1.538308575
6|7|3|2|8,7,-8.568435002016583
7|10|2|2|7,0,-1.0660600190605432
6|1|2|1|1,2,-14.994135268427126
3|7|4|2|4,0,-5.746532079191708
3|7|4|2|4,5,-3.7294397461532296
5|3|2|2|2,0,-17.1589588145235
5|3|2|2|2,1,-17.113586261590303
5|3|2|2|2,3,-17.976337530310957
5|3|2|2|2,6,-17.30160420135
5|3|2|2|2,2,-17.24800575653081
5|3|2|2|2,4,-17.503933502641228
2|8|3|2|3,5,-16.297848183679157
2|8|3|2|3,3,-17.52609507152232
2|8|3|2|3,6,-16.862241779264703
2|8|3|2|3,4,-16.395758005292425
2|8|3|2|3,0,-15.973556671278176
2|8|3|2|3,7,-12.011762126718283
1|3|4|1|6,6,-18.03190888837178
1|3|4|1|6,0,-18.308009520979944
1|3|4|1|6,5,-13.746443504097856
1|3|4|1|6,2,-15.756929120983552
1|3|4|1|6,7,-14.040637475024184
6|3|4|1|5,2,-19.85569107537205
2|3|4|1|4,7,-21.584697375192217
2|3|4|1|4,3,-14.75164633527045
2|4|3|3|4,7,-15.481009605647902
2|4|3|3|4,0,-5.317835708981797
6|4|3|3|2,1,-10.675270794
3|5|1|1|6,2,-13.275883722224286
3|5|1|1|6,1,-14.940963887494426
3|5|1|1|6,0,-5.735524102863875
0|3|3|2|8,2,-10.747706939998686
0|3|3|2|8,3,-11.341306591978368
0|3|3|2|8,7,-11.23237678437274
3|9|4|1|2,7,-17.364244247425326
3|9|4|1|2,4,-14.32687393178595
7|9|4|1|1,5,-14.995894687898987
7|4|1|1|8,0,-11.431772370118916
7|4|1|1|8,6,-11.406980057360489
7|4|1|1|8,5,-10.457956401800061
1|7|3|3|5,5,-13.615331652848184
5|10|3|1|4,2,-20.186269200852237
5|10|3|1|4,0,-13.81353623291482
5|10|3|1|4,1,-14.434536328172356
5|10|3|1|4,7,-12.216980787721784
5|10|3|1|4,4,-15.593102180703902
5|6|1|1|3,7,-14.455854167239742
3|1|3|1|4,6,-21.9608908771151
3|1|3|1|4,7,-21.12371678337246
5|3|1|1|2,7,-16.232393658269867
1|3|1|1|10,0,-15.568432451183485
1|3|1|1|10,7,-8.601424034555912
1|3|1|1|10,4,-12.42205420630299
0|7|1|1|5,1,-12.263966703336068
0|7|1|1|5,6,-9.91707773013623
1|8|1|1|4,2,-9.711617486350432
7|2|3|3|3,4,-0.531705
4|5|5|1|2,6,-7.6223775
0|3|3|1|2,7,-12.536462918264256
0|3|3|1|2,6,-18.286198377193667
0|3|3|1|2,3,-17.810494093203808
0|3|3|1|2,2,-18.0409763295
1|4|4|3|7,5,-3.015
5|4|4|3|6,2,-7.155525745585351
5|4|4|3|6,4,-8.229038733874235
2|8|4|2|5,7,-6.552269330835129
4|5|3|2|9,6,-9.380471469814186
6|8|2|2|8,1,-11.645817807870522
7|11|2|1|6,3,-16.582505877050476
7|13|2|1|4,2,-15.283124520348824
7|13|2|1|4,1,-15.701154525398229
7|13|2|1|4,0,-14.201623373129372
7|13|2|1|4,3,-12.82512368192116
7|13|2|1|4,4,-12.320559580599907
7|13|2|1|4,6,-5.476393461835682
5|8|3|2|3,7,-16.50577851960937
5|8|3|2|3,2,-19.573855209613075
5|8|3|2|3,1,-3.176653135216788
5|3|4|1|5,4,-18.905386018625084
5|3|4|1|5,6,-17.732117157312285
0|10|2|2|5,1,-14.53827803556147
1|12|2|2|4,4,-8.723634861570607
4|2|3|0|5,1,-18.104270465694455
4|2|3|0|5,5,-15.12655947387437
3|12|2|2|1,0,-14.928786577350856
1|5|4|2|2,2,-8.385626965549616
4|5|4|2|4,5,-11.09616291784114
4|5|4|2|4,6,-14.303079636263714
1|2|5|2|10,4,0.9225
4|7|2|2|9,0,-0.9874572712206848
0|9|2|1|8,5,-8.09864245810201
7|1|3|0|3,3,-25.777569627352182
7|1|3|0|3,5,-20.830606111898252
7|1|3|0|3,0,-24.731922433933253
6|2|4|1|8,5,-14.88444089926983
3|6|2|1|7,2,-11.720823192471148
3|6|2|1|7,7,-8.636286517638608
3|6|2|1|7,6,-9.27815257465908
3|6|2|1|7,4,-4.954616786387132
1|1|2|1|3,6,-22.932134795860364
1|1|2|1|3,0,-21.368206330258815
6|3|4|1|2,4,-18.222346529819003
3|3|6|1|9,6,1.2072
0|11|2|2|5,4,-23.574885775219474
0|11|2|2|5,5,0.1725
1|2|4|1|6,4,-19.68170891119176
1|2|4|1|6,3,-14.624416689280709
0|2|4|1|3,6,-18.151938852879102
2|9|3|1|2,7,-17.577186860347503
2|9|3|1|2,3,-13.199206300014247
2|9|3|1|2,0,-10.971039942199617
4|5|5|3|8,5,0.8505315
2|4|4|3|9,6,0.735
6|8|3|1|8,4,-9.241285811606922
6|11|2|2|6,0,-8.177097093071145
5|13|2|1|4,7,-24.69802872344458
7|15|1|0|3,1,-12.267961456630067
7|15|1|0|3,4,-14.632322768612104
1|5|3|1|2,2,-17.422533543598007
1|5|3|1|2,5,-17.960030836858667
1|5|3|1|2,3,-17.347287444250462
1|5|3|1|2,6,-17.51506534628595
1|5|3|1|2,7,-15.000838919890127
0|3|2|2|4,1,-20.27340111344753
0|3|2|2|4,6,-18.043805100854645
0|3|2|2|4,2,-16.527905535937954
7|5|2|2|2,3,-16.338539152172856
7|5|2|2|2,2,-12.132556053744452
2|5|2|1|10,7,-3.994254075
7|7|2|1|9,5,-2.819050489592035
7|7|2|1|9,4,-6.417897970411281
5|9|1|1|8,6,0.1725
6|10|1|1|7,0,-5.493378833261902
6|7|4|3|2,7,-6.992445
1|4|4|1|6,5,-14.843435142063257
1|4|4|1|6,7,-12.147992473219396
1|4|4|1|6,2,-12.31055209640097
1|4|4|1|6,3,-10.697045893260235
5|8|3|1|5,2,-14.78138813036211
5|8|3|1|5,7,-12.24751781006553
5|8|3|1|5,6,-11.685588375885612
2|11|1|1|4,0,-13.346756981059592
2|11|1|1|4,3,-7.228489698034628
1|5|4|1|2,2,-15.401791463217428
1|5|4|1|2,6,-17.304193619693137
1|5|4|1|2,0,-17.4540881923269
0|7|3|1|5,4,-15.289987856601428
1|8|4|2|4,2,-7.3441821149459505
0|12|2|1|2,3,-21.472092715238457
0|12|2|1|2,5,-21.72746316210932
0|12|2|1|2,7,-20.07633641498568
0|12|2|1|2,6,-19.163564827311834
0|12|2|1|2,2,-14.354896890478079
5|5|4|1|6,7,-10.396174535383315
5|5|4|1|6,0,-14.051038706320558
7|9|2|1|5,0,-10.471506886074708
7|9|2|1|5,2,-10.90006952148746
7|9|2|1|5,6,-11.222908913911112
3|3|1|1|5,0,-18.051087797155542
3|3|1|1|5,4,-20.277697364398122
3|3|1|1|5,7,-18.83467157753634
1|8|3|2|2,3,-17.32296833916053
1|8|3|2|2,5,-15.148189944813197
1|8|3|2|2,4,-17.541250449105
1|8|3|2|2,7,-16.418561805000003
5|4|3|1|9,1,-3.2952770255135064
5|4|3|1|9,4,-13.269124330274789
3|4|5|2|6,0,-2.3366475
5|1|4|0|9,6,-11.77786194923485
0|8|4|1|3,5,-6.4513134259500005
0|8|4|1|3,1,-7.302095365057349
4|7|2|2|6,2,-13.44508299031135
4|7|2|2|6,1,-11.224205519176909
4|7|2|2|6,7,-14.077832224031184
4|7|2|2|6,5,-14.976479541227704
4|7|2|2|6,0,-12.138480751045702
4|4|4|2|7,6,-12.36769518630431
4|4|4|2|7,5,-12.744890714307772
6|8|4|2|6,4,-12.007152683111247
4|8|4|2|5,0,-13.211402623282401
6|4|4|3|4,0,-4.038013681386296
6|4|4|3|4,3,-3.4889901997952997
6|9|3|1|1,3,-13.235265
6|9|3|1|1,7,-13.235265
6|9|3|1|1,4,-13.235265
6|9|3|1|1,5,-11.3985
6|9|3|1|1,1,-11.3985
7|6|3|3|5,1,-10.988403214764116
3|3|3|2|3,5,-19.660831737780022
3|3|3|2|3,0,-14.93585758521247
6|2|5|3|8,1,-4.876425
1|2|5|3|7,2,-2.36925
2|7|4|3|6,7,-2.5166151888616275
7|11|3|1|5,3,-4.81744502979718
3|12|3|1|4,4,-9.369833333726096
7|7|3|1|1,6,-14.999998394896433
6|5|3|3|4,2,-12.004175909658413
5|2|2|2|9,1,-19.77390911710761
5|2|2|2|9,0,-19.79501390688226
0|8|3|3|5,4,-5.047357102114796
4|12|3|1|2,6,-21.460214961940594
4|12|3|1|2,3,-15.86675664134263
4|12|3|1|2,2,-10.754741999999998
5|1|3|0|3,3,-27.83781894033798
5|1|3|0|3,7,-22.232757833825783
3|4|3|2|2,7,-16.42799053448621
3|4|3|2|2,4,-14.775481146909096
3|4|3|2|2,1,-17.892674396163706
6|4|4|1|4,7,-17.975048253841436
4|2|3|1|1,2,-14.988031160055359
4|4|3|2|9,5,-13.770489714501212
4|4|3|2|9,3,-13.63323930683519
4|4|3|2|9,2,-7.703473369073262
1|7|2|1|7,3,-5.854657406992042
1|7|2|1|7,7,-7.8976975813060175
1|7|2|1|7,0,-5.322926114960785
3|9|2|1|6,7,0.38757228600778504
3|9|2|1|6,1,0.1725
7|11|1|1|5,1,-3.8844246759232854
7|4|3|1|10,3,-8.724832089001403
7|4|5|2|5,6,-5.666756862919039
1|3|3|2|5,6,-14.411228861000698
1|3|3|2|5,2,-11.065853750813645
1|3|3|2|5,3,-11.972047353038803
1|3|3|2|5,0,-14.215867329667496
1|3|3|2|5,7,-12.471243303873951
1|3|3|2|5,4,-11.179656182086529
1|3|3|2|5,5,-11.989562067856586
2|1|2|2|8,0,-16.219208929674515
2|1|2|2|8,1,-17.628249902801855
7|4|4|1|6,6,-11.046141150530874
7|3|3|1|4,2,-21.276873109263505
7|3|3|1|4,4,-21.7564455752062
7|3|3|1|4,6,-8.111683641312275
0|3|3|2|3,5,-16.833327537552158
4|4|4|2|4,6,-10.65314833794491
4|4|4|2|4,2,-11.081981625108687
4|4|4|2|4,7,-11.365146182289713
4|4|4|2|4,5,-12.007787616571072
1|2|3|1|2,5,-17.548563531694946
5|6|2|1|8,7,-12.564207844786052
5|6|2|1|8,1,-12.460884544194966
5|6|2|1|8,3,-1.9828827808943155
7|8|1|1|7,1,0.11834395461104995
4|9|4|2|1,6,-11.3985
4|9|4|2|1,7,-9.855
6|3|3|2|10,2,-8.23467109427875
6|3|3|2|10,3,-8.931105430540228
7|8|3|3|6,1,-3.0082244325
4|13|3|0|3,5,3.0
7|2|4|2|3,3,-4.575456750000001
5|2|2|2|2,0,-17.393046650258402
5|2|2|2|2,4,-16.902832021774437
5|2|2|2|2,6,-17.05340052000658
5|2|2|2|2,3,-10.06569
5|4|5|3|5,7,-0.21455990014500007
6|4|3|2|8,2,-12.262561011584069
6|4|3|2|8,4,-16.169213879065282
7|8|3|1|6,3,-13.43928244190626
7|8|3|1|6,4,-6.997246639799183
3|11|1|1|5,0,-16.781946896455906
1|7|3|3|1,2,-13.7646855
2|10|2|1|2,7,-17.318300090247533
2|10|2|1|2,1,-20.07631409348988
1|1|3|1|4,5,-20.04866645627673
1|6|4|1|8,2,-9.312926345575377
1|6|4|1|8,3,-6.88392684448953
3|4|3|2|9,1,-12.84531366285217
3|4|3|2|9,0,-5.933849263273319
3|4|3|2|9,7,-7.240104417179061
0|8|3|2|6,7,-12.328325902773878
0|8|3|2|6,5,-18.139265139238464
7|11|2|1|5,3,-15.664789690096704
7|11|2|1|5,6,-15.529211126430015
7|11|2|1|5,5,-13.324373891309232
0|1|5|2|10,3,0.9225
3|6|2|2|9,0,-6.512314204651047
0|8|2|2|8,4,-6.509529606246893
0|8|2|2|8,6,-1.8734164833434044
2|3|3|1|7,3,-23.85923064170097
2|3|3|1|7,5,-24.20812601648187
2|3|3|1|7,6,-24.39921769823183
2|3|3|1|7,4,-17.394977839609552
7|7|4|3|1,0,-7.65
6|7|1|1|5,0,-4.406699881101318
6|7|1|1|5,2,-4.351398268423187
0|8|1|1|4,1,-8.527145927630496
0|8|1|1|4,6,-7.154051746090078
3|10|1|1|1,0,-14.928786577350856
3|10|1|1|1,4,-12.478950000000001
3|10|1|1|1,2,-11.3985
6|8|3|2|2,5,-18.908851789121258
6|8|3|2|2,0,-18.47513841507005
6|8|3|2|2,2,-18.467326400050815
4|4|1|1|1,1,-14.988031160055359
4|4|1|1|1,3,-7.65
2|3|3|2|5,3,-15.389497076359799
2|3|3|2|5,1,-17.206125284106797
2|3|3|2|5,6,-17.674887639799046
2|3|3|2|5,0,-16.863796073920795
2|3|3|2|5,4,-9.203049869447007
2|6|4|2|3,6,-19.64692381246919
4|6|4|2|1,7,-14.13527985
4|6|4|2|1,3,-13.7646855
4|6|4|2|1,0,-14.13527985
1|4|1|1|9,3,-8.955465208676378
1|4|1|1|9,2,-5.941785869245018
3|5|2|1|8,7,-12.679488803746828
3|5|2|1|8,0,-12.528273321299263
3|5|2|1|8,2,-10.696273397499395
6|4|3|1|7,5,-14.828760652201373
6|4|3|1|7,4,-15.238075654390116
6|4|3|1|7,2,-17.414862131604217
6|4|3|1|7,7,-13.12308009280941
5|7|3|1|6,1,-15.71373792536413
1|7|1|1|4,6,-12.933144224887902
6|7|1|1|3,0,-14.554034019287702
0|8|4|1|2,3,-13.746768251713501
7|4|1|1|3,2,-15.545551641820866
7|4|1|1|3,4,-14.947856561277792
7|4|1|1|3,6,-14.8938177967641
0|7|4|2|1,2,-14.898266539072651
0|7|4|2|1,7,-14.898266539072651
1|7|3|1|5,4,-17.740280346342903
0|12|2|2|2,2,-16.382895702992133
0|12|2|2|2,3,-1.7055
6|3|3|3|5,3,-6.561984947974862
4|8|4|1|2,7,-12.199729480990241
3|7|1|1|1,1,-14.5762871265
5|6|1|1|4,1,-12.60264743484097
5|6|1|1|4,3,-15.289135567821884
5|12|2|2|3,4,-17.135635380270877
0|14|2|0|1,6,-13.187679777882
2|2|4|0|9,7,-5.0606469751273515
2|2|4|0|9,1,-3.6443212514816383
2|9|2|2|6,1,-11.67013074892128
2|9|2|2|6,0,-16.993193379874413
1|11|3|2|5,5,-0.26655000000000006
1|3|4|2|6,3,-18.671304790217654
6|5|4|2|6,3,-9.265172769580545
3|9|3|2|5,6,-14.162111158047978
6|12|2|2|4,4,-2.8583312210766834
6|6|3|1|1,3,-14.5762871265
6|6|3|1|1,1,-14.5762871265
6|6|3|1|1,0,-14.703400988550001
4|2|2|2|1,2,-14.792380691985
1|9|3|1|3,2,-17.134174302659872
1|9|3|1|3,7,-13.958791135611557
1|1|2|1|2,4,-20.897497717799315
1|1|2|1|2,6,-21.118391727674982
1|1|2|1|2,0,-21.25336272125043
4|3|3|2|1,6,-12.478950000000001
4|3|3|2|1,2,-12.478950000000001
4|3|3|2|1,1,-12.478950000000001
6|9|1|1|4,0,-10.499870933181501
6|9|1|1|4,2,-12.791790150744696
2|9|2|2|3,4,-20.71721826416841
2|9|2|2|3,7,-13.092858482831208
2|9|2|2|3,1,-20.263596005262343
1|4|3|2|9,5,-14.453426079898847
2|6|4|2|5,4,-14.864184390700583
4|10|2|2|4,6,-16.035068086460498
4|10|2|2|4,5,-17.38084903809622
1|8|4|1|3,3,-11.709285296903216
1|8|4|1|3,0,-8.542799320450438
1|8|4|1|3,4,-10.204782028192472
7|1|2|2|8,6,-15.389483928957421
7|1|2|2|8,4,-14.536760200561506
6|1|2|2|7,4,-12.151956089033318
4|8|3|2|1,3,-14.5762871265
4|8|3|2|1,5,-14.5762871265
4|8|3|2|1,2,-14.703400988550001
4|8|3|2|1,0,-14.5762871265
1|8|3|2|6,2,-13.061630354695373
1|8|3|2|6,7,-12.911589320200266
1|8|3|2|6,6,-8.21028287884664
1|1|4|0|6,5,-25.319517300576468
3|1|4|0|4,0,-20.75983448881416
3|1|4|0|4,5,-20.92494525022249
0|5|3|3|3,1,-15.149233455419353
0|5|3|3|3,3,-12.057978926225417
1|8|4|2|2,6,-15.527733130328308
6|5|4|2|9,5,0.735
5|9|2|1|8,4,0.2697
7|13|1|1|5,0,-12.580606552726064
5|8|1|1|3,0,-11.963582900738366
1|5|1|1|8,3,-13.191933493386568
6|8|4|1|7,1,0.54112264583775
0|5|3|2|9,7,-9.610417119087378
7|8|3|2|8,5,-2.840931
7|8|3|2|8,3,-3.451249932984456
7|8|3|2|8,2,0.1725
0|1|4|0|3,1,-19.416603066172016
5|4|5|4|7,3,0.9225
3|9|4|1|6,2,-5.568247525787296
7|1|4|0|9,0,-18.909317299017964
7|1|4|0|9,3,-18.793477182254428
2|7|5|2|7,5,-2.36925
5|12|3|1|6,7,0.5475
7|15|1|0|5,3,-1.6344477479234225
4|5|1|1|4,0,-14.839422493090897
4|5|1|1|4,6,-13.406697830324497
0|6|1|1|3,1,-14.814244844924303
0|6|1|1|3,7,-13.516420058255042
0|6|1|1|3,6,-14.892356566773286
1|7|3|1|2,2,-21.084183256528938
1|7|3|1|2,3,-20.639220152929653
1|7|3|1|2,5,-20.007582810782132
0|3|3|1|10,3,-10.393920744094206
0|3|3|1|10,1,-11.651143993138772
0|3|3|1|10,2,-9.207595084367119
0|3|3|1|10,4,-8.70822671859791
0|3|3|1|10,6,-5.3960116411129935
0|3|3|1|10,5,0.70790025
3|6|1|1|9,1,0.322161675
4|4|2|2|3,0,-19.580993179697757
4|4|2|2|3,1,-19.32579866537751
4|4|2|2|3,3,-19.239448615554036
4|4|2|2|3,6,-19.40621270662162
4|5|1|1|8,1,-5.462539207482351
4|5|1|1|8,6,-3.994352787759616
1|6|4|1|7,6,-12.218761512543939
2|10|1|1|5,0,-14.875650079489052
0|1|3|0|6,7,-21.472139324475414
0|1|3|0|6,4,-27.39990468632095
0|1|3|0|6,3,-25.44732046302915
0|1|3|0|6,6,-25.03480986964045
0|1|3|0|6,2,-25.455007177552417
5|9|3|2|3,1,-16.440317875688176
5|9|3|2|3,3,-17.764911460414123
1|12|2|2|2,2,-17.229563652673445
5|2|3|2|5,7,-17.121893828522623
5|2|3|2|5,2,-16.29196796137373
1|8|4|2|5,3,-12.218986798801499
3|12|2|2|4,4,-17.38977020579937
4|12|2|2|3,0,-12.185260271552716
4|2|2|2|6,0,-19.62998156491185
4|2|2|2|6,6,-21.23974034017414
4|2|2|2|6,2,-22.125677842478666
4|2|2|2|6,3,-20.695584222281312
4|2|2|2|6,7,-3.665988243038229
4|3|3|2|10,3,-12.522971564710723
5|10|2|1|6,1,-10.69899076905816
5|10|2|1|6,0,-8.911023053679067
0|5|3|1|7,4,-17.069371447211378
0|5|3|1|7,5,-14.200537609642321
7|12|3|1|2,0,-18.327130282452117
7|12|3|1|2,5,-16.389537852731596
2|4|4|1|6,4,-13.795085605165315
2|4|4|1|6,5,-15.99413928157637
0|2|4|1|5,6,-17.267416029417216
0|2|4|1|5,7,-19.05088796439398
6|2|4|1|4,5,-14.946579100548368
6|2|4|1|4,4,-15.365534483668954
6|7|4|1|6,7,-8.628245484854162
6|7|4|1|6,5,-4.288946350820349
1|9|3|2|2,7,-17.030665542
1|9|3|2|2,5,-15.724899734010002
1|9|3|2|2,2,-15.025820603747098
1|9|3|2|2,3,-15.707823758649294
1|9|3|2|2,6,-14.626904256868501
1|9|3|2|2,4,-16.69419531014759
5|7|4|3|3,2,-3.015
5|7|4|3|3,1,-3.195225
2|7|4|3|2,3,-0.47999999999999987
1|2|3|2|3,2,-8.855651513882242
1|2|3|2|3,5,-13.695917703360585
1|2|3|2|3,6,-4.574599587528552
2|5|3|1|2,3,-14.798750330399235
2|5|3|1|2,0,-18.811837205185896
2|5|3|1|2,4,-18.083035337683448
5|2|4|2|4,1,-9.572559511685304
2|1|2|2|7,3,-14.444330623578184
2|1|2|2|7,7,-15.503606199504674
0|12|3|1|1,2,-14.950150604145598
3|6|3|2|7,0,-19.088089144480016
3|6|3|2|7,6,-17.060699050692556
0|9|3|2|6,4,-17.295823093384477
0|3|3|3|6,2,-13.631135460888729
2|6|4|1|5,5,-13.482488702803629
7|7|4|3|3,6,-0.9430740000000003
6|11|3|2|2,2,-8.368575
6|11|3|2|2,0,-2.93904
4|3|4|1|5,3,-13.14427961868643
4|3|4|1|5,7,-12.59772834114778
4|3|4|1|5,6,-6.179469236624092
0|8|4|2|3,2,-9.66200574195823
6|6|2|1|10,0,-0.012215753289489206
0|8|2|1|9,1,0.8113821
1|10|1|1|8,0,0.37242749999999997
4|12|1|1|6,2,-2.5821218664925896
4|1|2|1|1,3,-14.928786577350856
4|1|2|1|1,0,-14.8546664843895
4|1|2|1|1,2,-14.8546664843895
4|1|2|1|1,5,-9.855
5|7|1|1|5,0,-3.5531889185176397
6|9|3|2|1,4,-14.13527985
6|9|3|2|1,0,-14.13527985
6|9|3|2|1,1,-14.13527985
6|9|3|2|1,7,-14.13527985
6|9|3|2|1,5,-14.13527985
4|3|2|2|9,1,-20.221260631852346
4|3|2|2|9,0,-21.198761601374127
4|3|2|2|9,7,-21.43052348852578
0|5|4|2|2,3,-14.398740807507258
0|5|4|2|2,6,-17.089687584765002
2|3|4|2|6,7,-17.15977842027752
7|2|4|2|9,1,-7.511732513139332
7|2|4|2|9,5,-9.16047245222665
7|2|4|2|9,4,-5.536989796642563
3|7|4|3|6,5,0.735
5|11|3|1|5,6,-5.62944236560131
6|6|2|2|5,3,-18.023304516360128
6|6|2|2|5,4,-18.95608621980617
6|6|2|2|5,2,-16.670546161024195
6|6|2|2|5,0,-17.309859312874607
6|6|2|2|5,1,-19.192262776133557
6|6|2|2|5,7,-17.070853549772398
0|5|3|3|2,7,-11.25293619683595
7|5|3|3|1,1,-13.235265
0|2|4|2|7,4,-0.04985751900000013
4|3|4|2|6,6,-16.891143697593485
5|4|4|2|4,4,-4.325483405510509
5|4|4|2|4,3,-8.410724701309205
6|9|3|3|1,5,-4.5
1|3|3|2|8,7,-15.156563211383268
1|3|3|2|8,4,-12.939730597202
1|3|3|2|8,0,-15.465709945300134
1|3|3|2|8,5,-17.55685835694811
1|3|3|2|8,2,-1.4861963646089054
4|2|2|2|2,1,-10.970677609155
4|2|2|2|2,3,-12.352012891650002
4|2|2|2|2,7,-9.155617891650001
4|2|2|2|2,2,-1.0424999999999998
0|6|1|1|7,6,-12.649761854675143
0|6|1|1|7,2,-9.584170874674514
6|7|1|1|6,1,-10.963387160254154
6|7|1|1|6,0,-8.888218254563075
2|11|1|1|2,3,-15.713207762052352
4|2|3|3|9,1,-1.7650160840660614
4|2|3|3|9,7,-3.015
7|10|2|2|4,0,-15.248193171144734
0|3|4|2|9,6,-8.598095247226597
0|3|4|2|9,5,-9.442960521943583
6|7|3|3|8,1,0.5475
1|10|3|2|7,3,-0.01408500000000007
2|5|2|1|8,5,-16.585622597532765
2|5|2|1|8,3,-16.152062248929866
6|4|5|0|2,1,-0.29249999999999987
0|1|3|2|10,4,-15.413796180361263
0|1|3|2|10,7,-8.42510953742069
0|9|3|3|4,4,-5.60485554553415
4|12|4|0|3,5,3.0
2|1|3|1|5,1,-19.809498023381472
2|1|3|1|5,5,-18.25132240418296
2|1|3|1|5,4,-17.82070700714014
2|1|3|1|5,3,-18.299581661442083
0|7|4|2|4,4,-10.794232168797127
0|7|4|2|4,3,-12.160364857476328
7|3|3|3|4,2,-2.788688397529545
2|6|3|3|3,3,-11.131613636211181
2|6|3|3|3,0,-5.010619214042215
3|6|3|3|2,0,-12.297593517897056
3|6|3|3|2,7,-11.900646776049156
4|4|1|1|10,3,-8.330528003680978
1|6|3|1|6,5,-13.885507287133398
1|6|3|1|6,2,-16.792350433484664
1|6|3|1|6,3,-15.843281672043425
5|9|1|1|5,1,-5.572315313484625
5|9|1|1|5,0,-7.298787179142249
6|6|3|2|3,3,-18.06115228618799
6|6|3|2|3,0,-18.534496199125837
6|6|3|2|3,1,-17.790930205522805
6|6|3|2|3,5,-17.240709678580544
0|8|3|1|5,4,-18.525250063966293
0|8|3|1|5,2,-9.460875883396561
4|7|4|2|5,0,-3.128728277490454
2|6|3|2|9,4,-12.575331175081384
2|6|3|2|9,3,-4.398333329095659
5|10|2|1|7,1,-11.804139634317394
5|5|3|1|6,0,-14.75263560760343
5|5|3|1|6,7,-17.128582522335357
5|5|3|1|6,2,-16.962666572944826
5|5|3|1|6,3,-15.757014596361778
5|5|3|1|6,1,-16.623942971501208
5|5|3|1|6,6,-16.093816763112216
5|5|3|1|6,4,-14.705798461694423
3|6|1|1|3,2,-13.277393115658985
3|6|1|1|3,1,-3.5835232717361944
7|4|5|1|5,2,-5.25769001073394
5|1|5|1|10,6,-7.647738238725821
6|6|4|2|9,1,0.6869999999999999
1|10|2|2|8,2,-0.5068474632734958
2|12|2|1|7,3,-9.925277477322101
2|12|2|1|7,0,-6.155757101987738
3|14|1|1|6,2,-9.399452255435136
3|14|1|1|6,5,-9.177723235865642
2|2|3|2|4,7,-20.789927715888652
2|2|3|2|4,5,-18.952056950598006
3|7|3|1|2,4,-14.382381473010001
3|7|3|1|2,1,-14.51533584848595
3|7|3|1|2,5,-11.690797942847853
3|7|3|1|2,0,-11.658146449798682
3|7|3|1|2,7,-14.237520510520138
3|7|3|1|2,6,-8.12334672
3|7|3|1|2,2,-1.893
0|3|3|1|1,5,-14.5762871265
0|3|3|1|1,6,-14.13527985
0|3|3|1|1,1,-14.394695895
0|3|3|1|1,3,-14.13527985
0|3|3|1|1,7,-14.394695895
0|3|3|1|1,2,-14.13527985
5|3|4|1|6,4,-11.968739485023821
5|3|4|1|6,1,-7.202409485973924
6|1|2|2|10,2,-20.517011376774512
6|1|2|2|10,1,-15.80260552968226
6|1|2|2|10,4,-20.340994663114387
6|1|2|2|10,5,-21.048690405548516
1|4|4|3|8,7,0.7931821246481658
7|8|4|2|7,3,-4.3997232928842935
3|12|2|1|6,6,-16.264643332994215
3|12|2|1|6,1,-17.59077731427555
6|14|1|1|5,4,-14.721967137800327
2|6|3|1|6,7,-11.716614920346373
2|6|3|1|6,6,-9.881610486818706
2|6|3|1|6,1,-12.385464050018207
5|4|4|2|7,1,-16.04887696189512
7|4|4|3|2,5,0.735
5|8|3|1|1,3,-14.991621812038751
5|8|3|1|1,4,-14.994135268427126
5|8|3|1|1,1,-9.855
1|7|3|2|6,3,-15.490118390509279
1|7|3|2|6,2,-10.693056158059855
6|12|3|1|4,7,-0.04785000000000006
6|4|3|3|3,0,-11.172809280786737
0|7|4|3|2,1,-3.351
3|7|1|1|6,1,-6.440167508900082
3|7|1|1|6,6,-6.836214704294772
4|5|3|1|2,3,-16.110370841513628
4|5|3|1|2,7,-15.637932215732727
4|5|3|1|2,1,-15.428252062196753
4|5|3|1|2,5,-15.40924445330835
4|5|3|1|2,0,-16.32402007729566
3|8|4|1|1,2,-14.394695895
3|8|4|1|1,7,-14.394695895
3|8|4|1|1,1,-14.394695895
3|8|4|1|1,6,-14.394695895
4|3|3|2|3,5,-18.101463957258485
4|3|3|2|3,0,-15.831483322915894
4|3|3|2|3,6,-15.867392237169737
4|3|3|2|3,1,-15.805241450644953
4|3|3|2|3,2,-8.843264250244756
7|2|3|0|10,5,-18.190047606809486
3|1|4|1|7,5,-11.763532468246218
5|5|5|2|6,7,-0.5390061624438898
7|6|6|2|5,0,-0.007102589999999953
6|6|4|2|5,0,-18.15161250548103
6|6|4|2|5,7,-15.694778994132152
0|6|4|2|4,3,-18.39999727292744
7|4|3|1|2,1,-20.222306254861753
7|4|3|1|2,0,-18.94504581459212
6|6|5|1|1,5,-11.3985
5|4|3|3|2,7,-7.96551075
4|5|4|2|3,1,-1.5493215000000002
1|9|1|1|1,0,-14.898266539072651
1|9|1|1|1,7,-7.65
1|5|3|2|4,7,-18.94558828758097
1|5|3|2|4,4,-16.823101240145014
1|5|3|2|4,2,-16.816820251441193
1|5|3|2|4,0,-18.029699843993395
4|6|3|1|7,1,-17.43326209909351
1|6|5|1|4,4,-4.760240032185061
0|4|5|1|7,1,-8.967312789789222
0|10|4|2|2,6,-0.47999999999999987
2|11|2|2|3,1,-17.964660670614112
1|13|2|0|2,5,0.001980000000000048
0|3|4|2|6,7,-10.729607404616532
1|3|2|2|10,0,-17.91636509135885
1|3|2|2|10,4,-16.851275987636164
1|3|2|2|10,5,-16.708146431725282
4|1|4|1|9,3,-15.921896621622253
3|6|3|1|5,1,-15.603011365068582
3|6|3|1|5,2,-17.974543805235996
3|6|3|1|5,7,-13.103914782660238
3|6|3|1|5,6,-13.547941523655503
3|6|3|1|5,0,-15.705084589334326
5|1|3|2|8,0,-12.911678227234475
0|4|4|3|7,6,-2.075058469114541
6|8|3|2|6,7,-16.323279398470376
6|3|2|2|9,3,-15.392199187736505
6|3|2|2|9,2,-17.52008524881769
6|3|2|2|9,1,-16.269843777265976
6|3|2|2|9,7,-18.11528253407746
6|5|4|1|2,4,-15.362738639162282
6|5|4|1|2,3,-16.793498135923663
3|1|3|0|2,0,-20.92595131557186
3|1|3|0|2,2,-5.67585
6|6|3|1|5,0,-13.800353751935122
0|9|1|1|4,1,-12.50991300449065
0|9|1|1|4,4,-6.852419138442576
5|4|4|1|10,7,-2.5005
7|8|3|2|9,2,0.3379062406799149
2|11|2|2|8,0,-4.396344137281251
0|13|2|1|7,1,0.4245
1|15|1|0|6,5,-16.31734920445828
5|15|1|0|5,6,-16.206124717592054
1|4|3|3|2,0,-7.5953865
1|4|3|3|2,7,-2.8218165000000006
1|4|3|3|2,2,-4.23
0|7|4|3|1,7,-11.3985
1|4|4|2|7,6,-13.71041492453924
7|8|3|1|5,3,-15.093241130430204
7|8|3|1|5,4,-13.069788911160428
7|8|3|1|5,2,-15.313532315315623
7|1|2|2|6,6,-9.295580708986588
7|1|2|2|6,1,-10.332665137617429
7|1|2|2|6,0,-10.150462521764723
7|1|2|2|6,3,-5.211384318030038
6|3|2|2|5,5,-20.551074168984737
6|3|2|2|5,4,-17.81631965969023
5|2|2|2|1,4,-13.235265
5|2|2|2|1,1,-13.7646855
5|8|4|1|1,6,-14.703400988550001
2|3|3|2|4,7,-13.08361966612589
2|3|3|2|4,3,-16.6405180183138
2|3|3|2|4,1,-17.758026916444297
2|3|3|2|4,0,-19.1842647232989
0|3|3|2|1,5,-14.8546664843895
0|3|4|1|2,2,-17.81306592911322
0|3|4|1|2,1,-18.373623100590166
0|3|4|1|2,6,-17.307959613075003
0|3|4|1|2,7,-14.67152659515
0|3|4|1|2,4,-15.364997276819079
0|3|4|1|2,5,-12.211083913214948
2|3|4|1|1,5,-14.96510542290192
4|1|3|2|10,1,-13.751188952785995
4|1|3|2|10,5,-16.108355266314973
4|1|3|2|10,3,-15.228530241894461
0|11|1|1|4,2,-14.135983848724862
6|3|2|2|10,1,-13.13123083406981
6|3|2|2|10,2,-2.8437834870689223
4|7|3|2|8,5,-11.220039092345873
2|5|4|2|7,5,-7.9615234428009956
5|9|2|2|6,0,-11.842439470898398
5|9|2|2|6,6,-3.2942062023416314
5|6|1|1|5,1,-9.854148012706275
6|8|1|1|3,0,-6.383565589992799
6|8|1|1|3,3,-7.665152943929343
6|8|1|1|3,5,-7.416470608465169
6|4|3|2|2,3,-18.368115753539744
6|4|3|2|2,2,-18.10243716170445
6|4|3|2|2,4,-18.406503369
6|4|3|2|2,5,-13.821806667648929
6|4|3|2|2,0,-9.572889606130325
3|1|4|2|10,5,-13.251180377920022
0|11|2|2|2,2,-15.724594822845752
0|11|2|2|2,3,-15.594983418987244
0|11|2|2|2,4,-17.076058831301967
1|4|3|2|1,5,-14.999763336926948
1|4|3|2|1,6,-9.855
4|12|3|1|4,7,-12.52401847476152
3|3|4|3|7,5,-4.779689518285649
5|7|4|2|6,0,-4.125749405721434
5|7|4|2|6,2,-7.441107734872264
0|11|3|1|5,1,-19.332667842293496
5|6|3|3|5,1,-7.578900533382555
6|11|3|1|2,2,-15.727250401895112
6|11|3|1|2,1,-16.312888034805
5|5|3|2|2,0,-16.911909565580892
5|5|3|2|2,2,-20.21311958518377
5|5|3|2|2,6,-9.3656333519085
3|6|1|1|7,0,-8.941633882561176
7|8|1|1|4,0,-9.776901896364853
7|8|1|1|4,6,-6.714627688161688
2|8|3|3|1,0,-14.13527985
4|4|3|2|10,0,-2.004284408899039
4|4|3|2|10,5,-5.062881692948112
4|4|3|2|10,3,-4.667576597500985
0|7|3|2|9,3,-3.5982524842242642
3|10|2|2|8,5,-4.781778264099781
5|12|2|1|7,7,-2.4619577053204607
7|14|1|1|6,1,-12.892515444786268
7|14|1|1|6,2,-7.9353585329333916
4|10|3|1|1,1,-14.999834335848863
3|9|4|1|5,1,-6.56803733527635
3|9|4|1|5,7,-5.343506494073103
7|5|3|3|5,0,-6.315905638924649
0|8|4|1|4,4,-13.425898606256647
0|8|4|1|4,7,-10.66052286039385
0|8|4|1|4,5,-11.76302618533842
0|8|4|1|4,6,-5.294425229953663
4|9|4|1|3,2,-11.258107311232044
1|3|4|0|9,3,-3.2635767
5|8|2|2|7,6,-11.68480040689036
7|3|5|2|10,5,0.9225
7|3|5|2|10,4,0.1725
5|8|2|2|9,0,0.36
0|10|2|2|8,2,-4.561867152521321
2|5|1|1|7,1,-8.914219431620896
2|5|1|1|7,5,-3.753551202034008
1|6|1|1|6,4,-8.656724838843427
1|6|1|1|6,5,-5.63524142627366
1|6|1|1|6,6,-2.7242917631211663
4|7|5|1|5,0,0.969075
1|4|3|1|1,4,-14.975573796031343
1|4|3|1|1,0,-14.5762871265
1|4|3|1|1,5,-14.5762871265
1|1|3|3|10,4,-4.235428499999999
4|4|4|3|9,5,-3.2342547471936323
5|8|3|1|8,6,-0.21256957500000004
5|8|3|1|8,7,-4.72484461275
3|3|1|1|2,1,-15.514367438876
3|3|1|1|2,2,-16.22145841925783
3|3|1|1|2,0,-15.211355511159878
1|4|4|1|10,3,0.735
3|8|3|2|9,4,-3.081071501973422
3|8|3|2|9,6,-2.8583531624250003
4|11|2|1|8,6,-7.565942622491739
6|13|1|1|7,2,0.1725
2|14|1|1|6,3,-5.198508934702112
2|14|1|1|6,5,-4.132916107859565
0|3|3|2|10,6,-14.572625779429734
6|6|2|2|9,1,-6.024663477898103
6|6|2|2|9,2,-7.506459638986845
6|6|2|2|9,7,-7.604705158499064
1|8|2|1|8,2,-6.8592836881869585
4|11|3|1|6,3,-2.362857957269913
2|4|4|1|2,4,-9.059685
2|4|4|1|2,1,-11.850336533817002
5|4|3|3|10,1,0.5475
1|7|4|1|9,7,0.49169999999999997
7|8|4|1|8,4,-2.66376503775
4|12|1|1|7,0,-0.8105068975658524
0|13|1|1|6,1,-19.54011274467209
2|6|3|1|5,6,-15.963382689431256
2|6|3|1|5,7,-17.40371293164065
2|7|4|1|1,4,-11.3985
2|7|4|1|1,5,-11.3985
5|6|4|2|8,6,-3.5021081767802222
4|8|2|2|3,2,-18.381788630537777
4|8|2|2|3,0,-18.25759703303176
4|8|2|2|3,6,-16.600858293218163
4|8|2|2|3,3,-17.864376655856415
4|8|2|2|3,1,-11.904854305038802
4|8|2|2|3,5,-13.244554851911573
4|8|2|2|3,7,-13.53611024317198
4|5|4|2|8,1,-3.4744541330084115
4|5|4|2|8,0,-5.365645442299555
4|5|4|2|8,2,-2.5968205283938697
1|9|3|1|7,2,-0.15884938624307132
2|12|1|1|6,0,-5.7393898293
2|12|1|1|6,5,-4.290295797300001
2|7|2|2|3,4,-18.757629508587755
2|7|2|2|3,0,-14.909701237072701
2|7|2|2|3,1,-18.647296153496605
1|9|2|2|1,2,-14.928786577350856
1|9|2|2|1,3,-14.928786577350856
1|9|2|2|1,4,-11.3985
4|2|1|1|1,1,-14.792380691985
4|2|1|1|1,5,-9.855
0|5|4|1|5,1,-12.740521965385652
1|6|4|2|4,3,-17.020346334987536
1|6|4|2|4,0,-13.600759107462352
7|3|1|1|2,1,-14.263083517706022
7|3|1|1|2,5,-17.327396684843627
7|3|1|1|2,0,-15.78321972
7|3|1|1|2,4,-15.62780940488079
5|3|4|1|8,7,-16.257998461616502
3|7|4|1|6,1,-6.6690869179585555
0|8|4|2|7,4,-3.0646283230615574
6|6|3|2|8,7,-13.591017135781902
4|3|3|3|3,1,-6.269091450000001
5|1|3|1|6,4,-24.130656422265332
6|1|3|1|3,2,-18.76059604527654
6|1|3|1|3,3,-18.63681643430022
0|4|1|1|8,1,-17.114219311065042
1|3|3|0|1,0,-4.5
4|2|4|3|7,6,0.735
6|6|4|2|6,3,-9.374015051892277
6|6|4|2|6,1,-12.022727453827068
4|11|1|1|4,2,-11.203180411329043
0|6|4|2|6,2,-15.92193027693137
3|7|2|1|7,4,-9.043884708710177
3|7|2|1|7,0,-10.967327242293205
5|3|3|3|5,2,-4.035966094034261
5|3|3|3|5,0,-3.910729748871777
5|6|4|1|5,3,-13.159068506820514
3|3|2|2|10,2,-10.27869607505443
3|3|2|2|10,7,-5.035822035381662
6|8|3|2|7,5,-8.845891799964077
4|1|3|2|9,5,-13.047996908290433
4|1|3|2|9,6,-16.643310073140643
4|1|3|2|9,1,-17.70331831499924
3|5|5|2|7,7,0.08808856610399995
7|10|2|2|6,0,-15.685655372040841
0|12|2|1|5,5,-10.35623735221575
0|12|2|1|5,7,-8.367849952847207
0|12|2|1|5,4,-9.488735778846838
0|12|2|1|5,6,-5.95837416095721
0|3|6|1|10,3,2.034825
3|9|2|1|9,5,0.1725
5|10|2|2|8,1,-5.44052168700998
7|13|2|1|6,4,-2.8188294099674707
4|15|1|0|5,6,-12.176590204215717
4|15|1|0|5,7,-3.386179660528029
5|4|7|1|6,1,-0.2671117795216874
6|1|6|0|10,4,-1.9186388699999994
4|7|2|1|9,6,-4.180864694079104
5|4|4|2|10,0,-5.10293745
0|4|4|2|9,7,-3.699615311294133
7|8|2|2|8,2,-6.940390417110135
2|10|2|2|7,0,-10.996487786148808
2|12|2|1|5,3,-12.495851516491792
7|1|3|2|10,4,-18.265816344337257
7|1|3|2|10,1,-4.127335481855462
7|1|3|2|10,2,-7.241133791654598
4|4|4|2|9,0,-4.324497750564609
5|1|4|1|6,4,-12.499819031558655
5|1|4|1|6,3,-13.847195304809805
5|1|4|1|6,2,-12.534211562802222
4|8|2|1|6,6,-8.233349276854064
4|8|2|1|6,7,-8.102768815643907
1|7|5|2|8,7,0.9225
7|12|2|1|7,6,-6.978671117875349
7|12|2|1|7,3,-6.571505845127831
7|12|2|1|7,0,-7.285619838848335
6|14|1|1|6,1,-6.131213401183654
5|15|1|0|4,3,-12.700900480091107
5|15|1|0|4,4,-9.409287450804712
7|5|2|1|9,0,-7.828000332517231
0|2|3|1|2,6,-21.270069545967715
0|2|3|1|2,7,-20.834135451686596
6|2|3|1|1,2,-14.96510542290192
4|4|3|1|10,7,-10.724784227309762
4|4|3|1|10,1,-6.135940247561324
1|1|3|1|5,2,-23.384770258910553
1|6|4|1|1,0,-14.928786577350856
7|7|1|1|4,0,-12.7200461662738
5|1|3|1|5,2,-19.143801896363446
5|1|3|1|5,6,-20.344206792284176
5|1|3|1|5,1,-18.908293854755883
5|1|3|1|5,4,-18.885857420263083
2|2|4|1|5,3,-15.18062912843828
2|2|4|1|5,4,-17.76151022574858
2|3|4|2|7,0,-5.264382499787694
2|3|4|2|7,1,-2.233536431426758
7|5|1|1|2,2,-11.693756785940401
7|5|1|1|2,6,-15.027897401632735
5|3|4|3|3,0,0.5475
0|6|4|1|2,1,-13.717835685220326
2|5|4|3|3,3,-8.410475175
7|3|2|2|3,0,-13.794639653955157
7|3|2|2|3,5,-18.52992108733754
5|5|3|2|3,3,-16.911705197865157
5|5|3|2|3,7,-19.660706977412886
5|3|3|1|1,1,-14.99712628152929
3|3|5|1|6,7,-16.756630087354573
6|3|3|1|5,5,-17.21965181899042
6|3|3|1|5,7,-17.91578305239793
6|3|3|1|5,1,-19.218542974650973
6|3|3|1|5,0,-16.516355544441126
3|2|4|1|7,5,-24.067112617627323
0|4|3|1|3,4,-16.583920413506572
0|4|3|1|3,7,-17.694931278895535
0|4|3|1|3,6,-16.55816370891263
0|4|3|1|3,5,-16.142165397019852
0|4|3|1|3,1,-15.920753064549107
0|4|3|1|3,3,-16.33517124298447
4|7|1|1|8,1,0.1725
1|8|3|1|7,6,-9.2509129352208
2|7|4|3|3,4,-3.690507519685307
4|11|3|1|2,5,-13.84456923153285
4|11|3|1|2,7,-14.93536945498319
6|8|3|2|8,1,-1.5673827208282458
0|7|4|1|6,7,-3.1518618755945504
0|7|4|1|6,3,-0.003782397954206218
3|4|4|1|10,0,1.1518867247210867
0|9|2|1|7,7,-3.028914901383889
7|4|4|2|6,1,-9.067791529659592
1|6|4|1|5,6,-10.525825784628378
1|2|4|1|5,3,-21.40674809087929
3|2|2|2|10,0,-16.636058522637903
3|2|2|2|10,4,-17.775155663062414
3|2|2|2|10,5,-17.11412527741581
3|2|2|2|10,7,-13.431392754665323
7|6|3|3|4,1,-3.328053559976799
1|6|4|3|4,2,-1.1995458010754643
2|10|3|2|3,6,-10.162967398989911
2|10|3|2|3,7,-8.103711240301145
6|6|4|1|4,2,-13.435919394070819
6|6|4|1|4,0,-12.447777994369204
5|6|4|3|4,2,-7.09811067385532
7|10|3|2|1,4,-14.988031160055359
7|10|3|2|1,5,-11.3985
4|1|3|1|7,6,-20.153962283639366
4|1|3|1|7,0,-21.455056891455424
4|1|3|1|7,5,-19.97787234685986
4|1|3|1|7,1,-19.90632095278357
4|1|3|1|7,7,-19.971639968412358
2|7|4|1|3,4,-12.883300832911306
2|7|4|1|3,0,-13.307186231356258
2|7|4|1|3,3,-15.369039632054854
2|12|2|2|2,5,-10.200856499999999
2|12|2|2|2,7,-6.384316500000001
6|1|4|0|10,0,-23.576611781180876
6|1|4|0|10,3,-24.126489334272257
0|5|2|2|9,2,-6.148291609595038
0|5|2|2|9,4,-6.034243169238768
0|5|2|2|9,7,-5.079955903363583
0|5|2|2|9,5,-4.878826985906356
2|7|2|2|8,3,-6.931338321531754
2|7|2|2|8,5,-6.2278587406026364
2|7|2|2|8,0,-7.272506507728546
2|7|2|2|8,6,-1.9708824593904115
2|3|3|2|10,0,-13.625207203451383
3|2|4|1|4,0,-19.590952337101303
3|2|4|1|4,6,-14.072694952909528
0|6|4|3|2,7,-8.963925
7|5|3|3|6,3,-2.4137863492434217
3|8|3|2|5,4,-14.365293595867136
3|8|3|2|5,0,-13.608457777890754
3|8|3|2|5,6,-8.399695001972594
6|2|3|2|6,5,-16.95094824253226
6|2|3|2|6,1,-15.215918045427143
6|2|3|2|6,2,-15.80949087387759
6|2|3|2|6,7,-8.99151491882601
0|8|3|3|3,2,-6.365743732476461
2|2|4|2|10,3,-12.970612599790202
4|12|3|1|3,6,-11.784602354010001
4|12|3|1|3,3,-15.222149964897794
2|10|3|1|1,6,-14.994135268427126
2|10|3|1|1,3,-14.792380691985
4|3|4|1|8,2,-17.997135398724197
2|4|3|2|1,4,-14.8546664843895
2|4|3|2|1,1,-14.898266539072651
1|3|3|2|10,3,-9.854815695885247
1|3|3|2|10,0,-10.013050514194024
1|1|3|0|4,2,-18.94879818873275
0|4|4|2|3,3,-11.86779887816652
2|5|4|2|1,5,-14.928786577350856
3|1|4|2|7,6,-7.569154877308869
2|5|4|1|4,7,-16.189846331565064
2|5|4|1|4,3,-18.13173342146638
0|1|2|2|8,3,-19.545823587349325
0|1|2|2|8,4,-21.36147679275924
0|1|2|2|8,1,-19.868211908486412
0|1|2|2|8,6,-4.922972824182626
3|3|5|1|7,4,-11.776638658020856
4|8|3|1|6,6,-11.783789377604371
4|8|3|1|6,2,-12.269459169089039
4|8|3|1|6,3,-6.6255281168323785
1|2|3|1|4,4,-22.440039179882106
1|2|3|1|4,7,-3.3936281461978814
4|5|6|1|3,5,0.717555
5|4|5|1|5,6,-1.5547948065644897
2|2|4|1|4,4,0.21659797500000003
3|1|3|1|2,5,-12.639061068196327
5|1|3|1|1,7,-7.65
5|1|3|1|1,4,-7.65
5|1|3|1|1,3,-7.65
5|1|3|1|1,0,-9.855
3|2|5|1|10,4,-8.697948313067851
5|8|1|1|4,3,-13.901619135353254
5|6|3|2|9,7,-2.73024580437042
7|9|2|2|8,4,-8.817330601222073
4|11|2|1|7,6,-6.938815857165507
0|4|4|1|8,5,-15.644406354857917
6|9|2|2|6,4,-11.539523701785505
2|5|4|1|1,0,-14.950150604145598
2|4|4|1|9,6,-2.625422727011015
2|4|4|1|9,7,-4.130586883106239
7|7|1|1|5,3,-7.986707894892135
1|6|3|3|3,3,-12.779060552359162
5|4|4|1|5,0,-17.01762396199862
0|10|2|2|1,1,-14.999310020195184
0|10|2|2|1,4,-14.898266539072651
0|10|2|2|1,6,-14.898266539072651
0|10|2|2|1,7,-14.8546664843895
5|2|4|1|7,1,-15.00077476606564
5|2|4|1|7,6,-10.175356015311444
5|2|4|1|7,0,-14.012353187151
2|6|4|2|6,7,-14.184744381510061
7|10|2|2|5,3,-14.910633540936644
7|3|3|2|10,0,-7.701066277025986
0|6|2|2|9,3,-1.7037468917170044
0|6|2|2|9,2,-4.875674798290135
3|8|2|1|8,7,-5.925985126536102
7|10|1|1|7,1,-0.35076000000000007
7|12|1|1|4,1,-16.640353038496592
0|4|3|1|8,4,-17.85553483672334
0|4|3|1|8,3,-9.083856389269265
0|4|3|1|8,5,-11.642014976525296
4|7|2|1|7,5,-14.634226500565878
3|6|3|2|2,4,-12.688124508811043
3|6|3|2|2,5,-19.068722001780728
3|6|3|2|2,0,-19.192319368363503
6|2|4|3|10,7,0.8828250000000001
7|12|3|1|3,6,-14.336990349094803
7|12|3|1|3,2,-13.519115312999867
7|12|3|1|3,1,-13.513270255253195
0|2|2|2|3,1,-15.771778739438433
0|2|2|2|3,6,-11.03198252917364
0|2|2|2|3,3,-10.878741268835133
5|6|3|3|1,4,-11.3985
4|9|4|1|1,3,-14.394695895
5|6|5|1|4,4,-4.5720144487458425
2|12|2|2|1,1,-14.950150604145598
2|12|2|2|1,3,-12.478950000000001
2|12|2|2|1,7,-11.3985
2|12|2|2|1,0,-11.3985
3|10|1|1|2,4,-12.050376259602166
3|10|1|1|2,7,-9.704199256939024
1|2|4|0|9,3,-8.91041882745417
1|2|4|0|9,2,-9.077880363225946
0|6|4|1|5,2,-12.39804364796172
7|7|4|1|2,3,-12.696968238740816
1|1|6|1|10,2,-1.0732771443
2|1|6|1|9,4,-2.53887497347049
0|10|2|2|6,3,-16.80422039410803
6|3|3|3|9,1,-7.362322935
2|9|4|2|7,5,0.735
5|13|2|1|6,0,-5.51946335714895
0|15|1|0|5,3,1.3223029852660888
3|1|2|2|6,0,-14.344204670772378
3|1|2|2|6,7,-15.47557882204793
0|6|3|3|8,4,-2.3359465841678677
4|7|3|3|7,1,-5.0250521602500005
7|6|1|1|3,2,-13.650863444439297
3|6|4|1|7,2,-7.242179161364561
4|9|4|2|2,3,-18.418595103721618
5|2|3|2|2,3,-19.59572224515083
4|8|1|1|7,0,-0.7673363682657048
4|8|1|1|7,7,-2.739999663090573
0|9|1|1|6,1,-10.55913813134448
3|7|3|1|6,7,-8.332195088800184
5|6|4|1|1,6,-11.3985
3|10|2|2|6,0,-14.984770606659577
4|5|3|3|3,3,-6.2826805729499995
3|8|4|1|2,5,-16.987533911115
4|9|1|1|2,1,-12.927113781972869
2|1|3|0|3,4,-24.84387882331595
2|1|3|0|3,5,-15.733008538770115
5|1|4|0|6,1,-17.71375813145159
5|1|4|0|6,7,-13.631468037402776
3|7|3|3|8,2,-2.6301488349938253
7|4|3|3|8,4,-8.833261949172254
4|4|3|3|7,1,-15.36140041471199
2|1|3|0|8,5,-28.79571685276548
2|1|3|0|8,0,-25.089113758782673
2|1|3|0|8,7,-24.656835958981908
2|1|3|0|8,6,-27.766203966203353
2|1|3|0|8,1,-26.31126581100594
6|4|4|1|5,7,-19.321526803960072
6|4|4|1|5,2,-14.165957388247982
5|7|3|1|7,0,-14.335036942986388
5|5|3|3|2,3,-10.321995942000001
5|5|3|3|2,0,-11.61359345115
0|7|1|1|3,1,-10.252282070583709
0|7|1|1|3,3,-9.951625029990002
0|7|1|1|3,2,-13.061592499367851
0|7|1|1|3,4,-9.28410575810281
0|7|1|1|3,5,-11.6773381589865
0|7|1|1|3,6,-7.1465295755173495
4|6|4|2|3,6,-12.532272381159638
5|12|1|1|1,2,-14.999014314564548
5|12|1|1|1,7,-13.235265
5|12|1|1|1,3,-13.7646855
0|2|2|2|2,3,-12.614552395154409
3|4|3|3|3,7,-12.486179193167231
7|5|3|3|2,2,-10.501998954000001
2|8|3|2|6,0,-9.576783463303565
2|1|4|1|9,1,-16.96950613371408
2|1|4|1|9,0,-11.945623917362935
6|8|1|1|1,7,-14.703400988550001
4|2|4|1|9,7,-17.009064228856488
4|2|4|1|9,5,-10.484948681109113
5|8|4|2|6,3,-7.767651046207003
2|2|6|1|6,4,1.21977525
7|1|5|0|9,1,-11.334541302675518
2|7|3|3|6,5,-6.2810318182821785
5|10|3|1|5,7,-10.120885947124188
5|10|3|1|5,0,-7.503616980392691
7|3|5|1|10,2,1.6431
2|8|2|1|9,3,0.36
3|10|1|1|8,0,-0.57351
3|2|4|2|6,2,-10.514944847436134
3|4|3|2|10,7,-14.074931838965062
7|7|2|2|9,3,-3.4596057509596356
3|11|3|2|3,5,-13.242586204990188
5|14|2|0|2,1,-7.746612677703685
4|1|6|1|10,7,-2.1699600000000006
4|1|6|1|10,6,-3.015
4|1|4|0|6,7,-10.742701912655622
0|5|3|3|6,2,-5.142889951836418
3|6|3|1|2,7,-20.113220333912178
5|7|3|1|3,6,-12.876075826362591
5|7|3|1|3,3,-12.269842459256372
5|7|3|1|3,4,-10.832402988654309
3|2|2|2|1,1,-14.5762871265
3|2|2|2|1,6,-14.703400988550001
3|2|2|2|1,4,-12.478950000000001
7|4|4|1|9,4,-3.1449034301999026
7|4|4|1|9,3,-5.746456802215072
4|8|2|1|8,5,-5.4309167751407
4|8|2|1|8,6,-1.4385688851374596
5|10|1|1|7,0,-8.840913852805304
0|5|4|3|5,1,0.1632273210000001
6|9|4|1|2,7,-16.883887757781594
4|7|3|1|4,2,-19.68467401760242
4|7|3|1|4,1,-16.13665810311779
4|7|3|1|4,3,-20.264035957121216
2|10|1|1|3,1,-10.740232557380251
2|10|1|1|3,0,-11.097337234006773
0|3|5|1|5,3,-4.15226528470338
2|5|4|2|5,5,-13.164754067338881
2|5|4|2|5,3,-10.818547792884189
6|8|4|2|3,7,-12.305079971168537
6|8|4|2|3,1,-15.9539809171311
6|1|6|1|9,1,-6.2628112773075
6|1|6|1|9,3,-6.832531124173832
5|11|1|1|5,0,-3.5462702230017547
6|3|4|2|10,4,-3.6388355832069275
6|3|4|2|10,5,-5.037028966643895
4|7|4|2|9,0,-2.2966392
0|11|2|1|8,7,-8.279522234800364
7|13|1|1|7,1,-8.615963028145943
1|14|1|1|6,3,-16.226725177797633
6|4|1|1|9,1,-11.641611967929737
4|3|3|0|9,0,0.5475
0|6|3|1|8,3,-10.311281665751231
6|2|3|0|10,5,-11.655440880052145
6|3|4|1|7,2,-18.431578786536438
6|3|4|1|7,0,-19.838170755493863
2|7|3|1|6,7,-11.380358990249212
2|6|4|1|1,3,-14.5762871265
2|11|3|1|4,3,-11.952909387836323
2|5|4|1|5,6,-15.857492570498403
2|4|3|3|1,0,-7.65
1|2|2|2|10,2,-16.844914355537675
1|2|2|2|10,3,-15.440877652583689
1|2|2|2|10,7,-18.631594210302392
0|4|4|1|6,6,-10.278105629292408
0|4|4|1|6,4,-12.070674703030342
0|4|4|1|6,1,-10.834941489433227
3|3|3|3|10,4,0.93075
4|6|3|2|9,6,-8.439301595992657
6|9|3|1|8,2,-3.015
2|9|3|1|7,1,-1.5659108294093627
4|5|4|3|3,3,-2.955396901065
4|5|4|3|3,7,-3.7255725
3|9|3|3|2,7,-6.0920080500000005
7|9|3|3|1,1,-9.855
7|9|3|3|1,6,-7.65
7|1|5|1|8,1,-16.999146404615395
7|1|5|1|8,2,-3.7110500709078913
7|4|4|1|4,0,-13.540265638262643
7|4|4|1|4,6,-19.836932107504342
7|5|1|1|1,2,-13.7646855
1|9|3|3|2,0,-8.963925
7|5|4|1|3,4,-16.6159708776556
7|5|4|1|3,1,-16.34919644293753
7|5|4|1|3,5,-9.884601246161472
7|5|4|1|3,2,-11.545093801021093
7|3|4|1|3,0,-17.34003458219596
0|9|3|1|2,4,-18.3859139346135
0|9|3|1|2,5,-11.935717366208166
5|3|6|2|7,2,1.11
2|9|5|1|6,6,1.187775
5|2|5|2|10,6,-4.563708059066057
6|7|3|2|9,2,0.93075
6|7|3|2|9,0,0.34802616187326785
2|10|2|1|8,3,-4.38952947965235
3|12|1|1|7,1,-5.8197376887493455
1|1|4|1|8,6,-14.624436243927684
1|1|4|1|8,0,-15.693423430099458
6|5|4|0|7,3,0.8321999999999999
1|10|2|2|5,0,-15.448935521576704
5|1|3|0|2,3,-18.375718634697318
5|1|3|0|2,2,-16.0243056
5|1|3|0|2,7,-15.985206187576377
3|1|3|0|1,0,-14.5762871265
3|1|3|0|1,5,-14.5762871265
3|1|3|0|1,6,-12.478950000000001
7|3|5|1|9,0,-9.342780578644694
6|7|3|1|1,3,-14.898266539072651
6|7|3|1|1,5,-14.5762871265
6|8|4|1|6,3,-12.71939178136805
3|3|4|2|4,1,-11.688457585203322
4|4|4|1|10,1,-1.5394286573788292
1|8|2|1|9,7,-3.8863418077905014
7|10|2|1|8,3,-0.3261084906292502
3|12|2|1|7,5,-3.015
5|12|2|1|6,0,-8.7067481017221
3|9|2|2|2,0,-21.61221562658642
3|9|2|2|2,6,-20.366428128193558
5|6|3|1|7,3,-17.13470679288588
1|5|1|1|4,0,-13.050771620926989
1|5|1|1|4,3,-17.31412789486431
1|5|1|1|4,5,-14.744493221221083
3|2|4|1|10,6,-11.78099982728393
3|2|4|1|10,5,-11.244101823575562
3|1|6|1|10,2,-7.012332950792198
2|7|3|2|9,1,0.4763529315584168
2|7|3|2|9,4,-4.663534316125959
1|10|2|1|8,7,-7.242700382802033
1|3|4|1|8,2,-13.324999674124175
1|3|4|1|8,7,-9.178661862072202
1|3|4|1|8,0,-13.023915115921579
0|7|3|3|5,2,-4.8842006830194675
3|11|3|2|2,5,-14.365639208588114
7|5|4|1|8,4,-7.148880499998581
4|9|1|1|7,0,-4.134800566861646
0|10|1|1|6,2,-9.314215776563673
6|11|1|1|4,1,-8.234083731368377
6|2|4|1|7,5,-16.326389111868966
6|2|4|1|7,3,-17.270285480362297
6|2|4|1|7,2,-17.956270994268827
6|2|4|1|7,4,-17.245219161184984
5|3|3|3|2,0,-4.940031585000001
2|5|5|2|7,5,0.9225
5|10|2|2|6,1,-6.999310624376582
5|10|2|2|6,7,-6.621976672809144
1|3|4|1|1,2,-14.982901657221941
5|5|1|1|5,1,-19.37084599069303
7|1|3|1|6,2,-21.094250741021806
7|1|3|1|6,3,-20.093475578282938
7|1|3|1|6,0,-19.733708102723032
7|1|3|1|6,5,-21.42959415106261
7|1|3|1|6,1,-22.449009561795705
2|4|5|1|5,7,-5.108795922394696
0|2|2|2|1,2,-13.7646855
0|3|4|1|1,3,-11.3985
0|8|4|2|8,5,-2.4324600000000003
4|14|2|0|5,2,-2.29589381217
0|1|4|2|10,3,-2.8518565165500003
5|9|3|1|7,2,-2.3264025911016453
2|12|2|1|6,6,-9.587263123994754
0|2|4|2|9,3,-9.854441156306825
2|3|5|3|10,4,0.9225
4|8|3|1|9,6,0.5475
6|11|1|1|8,0,-0.467005524675
0|12|1|1|7,2,-7.0921597473941755
2|13|1|1|6,5,-13.06659446988468
7|5|4|1|2,6,-13.159166220503035
7|5|4|1|2,4,-9.895008829235401
0|2|4|1|8,3,-12.2243164952042
0|2|4|1|8,7,-15.016350798808746
0|2|4|1|8,6,-12.081755028429313
0|2|4|1|8,5,-13.614521403391388
0|2|4|1|8,2,-12.300049232743229
5|11|2|2|1,2,-14.982901657221941
5|11|2|2|1,1,-7.65
2|5|5|2|5,3,-1.2287099025000003
7|3|4|0|7,6,-0.4872814136829053
4|2|3|2|10,2,-21.70734436528994
0|1|3|0|1,6,-14.994135268427126
0|1|3|0|1,4,-14.982901657221941
0|1|3|0|1,7,-14.792380691985
0|5|5|1|9,6,-4.96702245915
6|5|5|1|8,5,-4.693426585779012
2|11|3|2|5,7,-3.09043545
7|14|2|0|4,4,-4.82101980555
1|4|4|0|7,3,-10.247688213772843
3|4|4|0|6,0,-11.666731769023558
0|4|4|0|5,7,-12.129340470381411
7|3|4|1|10,2,-7.858495591305983
3|8|3|1|7,5,-5.665389343147236
3|8|3|1|7,0,-6.936310218477123
5|3|4|1|1,6,-13.235265
5|3|3|2|4,1,-18.092594866567698
5|3|3|2|4,6,-20.8071648686518
5|3|3|2|4,4,-18.788313932004986
5|3|3|2|4,2,-14.762966757461243
1|6|4|3|3,4,-6.381996368015249
1|6|4|3|3,7,-3.6475006500000005
7|2|5|1|8,1,-16.163628683383052
1|7|4|2|7,6,-8.146472675776492
3|6|4|1|1,5,-11.3985
3|6|4|1|1,1,-11.3985
3|6|4|1|1,4,-11.3985
3|6|4|1|1,0,-11.3985
3|6|4|1|1,7,-11.3985
3|6|4|1|1,2,-9.855
2|4|4|3|5,7,-16.86670910112072
7|8|4|1|4,3,-8.134383582900078
7|8|4|1|4,5,-8.35395234008595
7|8|4|1|4,4,-5.771177006501698
1|3|5|1|10,4,-5.4605317499999995
1|11|2|2|7,5,-0.276960825
5|2|3|0|3,4,-18.337267621312797
5|2|3|0|3,1,-17.171298185821776
4|5|1|1|2,0,-16.49315132544097
6|3|4|2|7,1,-16.13995072217077
6|3|4|2|7,2,-11.744314230717324
3|3|4|2|5,4,-14.221847214414208
6|4|4|3|8,0,-1.099199565
0|1|2|2|5,1,-13.26524554824819
6|8|1|1|5,0,-6.096513284508753
5|2|4|1|5,7,-23.469067726593053
7|6|5|2|4,3,0.251518095
2|4|5|3|3,5,0.969075
5|6|1|1|10,2,-1.15968432
6|12|3|1|1,3,-14.975573796031343
6|12|3|1|1,2,-13.7646855
6|12|3|1|1,1,-13.7646855
0|6|4|3|3,3,-6.657342805408742
2|2|6|1|10,3,-1.912056
3|8|3|1|9,0,0.76955325
6|15|1|0|3,5,-15.506346957899146
4|3|4|1|2,1,-19.061008961961235
0|5|1|1|9,1,-0.7343073099125619
0|5|1|1|9,3,-1.8648441662640025
6|6|1|1|6,2,-18.267353064095055
6|5|4|3|4,3,-4.401849136009081
7|11|3|2|1,5,-14.394695895
5|5|4|1|7,4,-11.984732234318571
5|5|4|1|7,2,-8.375264136826539
0|6|4|3|5,6,0.8690902349999999
7|10|3|2|3,3,-17.856453096288526
7|10|3|2|3,4,-17.922493142135778
7|10|3|2|3,5,-17.3101215356959
7|7|3|2|8,5,-8.026926421019141
5|10|2|2|7,0,-9.956341140463095
0|12|3|1|6,4,1.3575000000000002
0|1|3|1|4,4,-10.042065059701425
0|1|3|1|4,3,-11.66402017798187
4|3|5|2|8,6,1.029149946
3|8|4|1|5,0,-12.244742596444084
3|8|4|1|5,6,-11.635123911239457
6|3|1|1|1,1,-14.792380691985
6|3|1|1|1,3,-4.5
3|6|4|2|5,2,-7.88568240072205
3|6|4|2|5,7,-11.91395086857489
4|1|5|1|10,1,-10.63771447759145
1|6|4|2|9,6,-0.26201264999999985
4|10|2|2|6,3,-8.249324971774676
1|14|2|0|3,5,-12.778722077191016
1|3|3|0|6,6,-7.924876036042644
5|1|2|2|8,2,-19.16778300423818
1|3|5|0|10,0,1.0633590000000002
7|10|3|1|7,4,-3.8427101551767526
7|10|3|1|7,5,-2.032721580614595
5|6|4|2|3,6,-12.834308477990119
7|3|4|2|5,1,-16.875130196759844
1|7|4|2|4,4,-4.840396598381078
2|2|4|2|5,3,-10.319321063717744
2|2|4|2|5,7,-11.244713741558641
3|6|4|3|4,4,-11.804244975100087
4|10|4|1|3,1,-20.506944617485996
4|3|3|1|2,3,-17.095382295259693
4|3|3|1|2,0,-16.838068074956595
4|3|3|1|2,1,-17.22629201517376
6|2|3|0|5,4,-18.47368599695725
0|4|4|1|3,7,-19.015607839921117
0|4|4|1|3,1,-16.673554775709594
3|2|4|2|10,2,-3.656525690494388
0|1|4|0|8,7,-20.702109270580067
0|1|4|0|8,6,-12.140094737108253
6|5|4|1|5,2,-14.870910502524318
6|5|4|1|5,7,-15.297873669606176
6|5|4|1|5,3,-18.409702456511546
3|6|4|2|2,7,-22.181369667172113
4|3|3|3|8,5,-5.658604166903343
4|3|3|3|8,0,-5.124406599622659
5|6|3|3|7,2,-3.258254342460494
5|6|3|3|7,3,-4.181930585501303
2|9|4|1|6,6,-0.28027763579999987
3|2|4|2|4,0,-8.947522412280854
1|7|3|2|8,6,-8.107696072416072
3|2|5|1|9,1,-10.568749037229377
3|2|5|1|9,2,-8.336338887593367
2|9|3|3|6,0,-2.71917340432719
0|12|3|1|5,5,-2.341520915172555
1|5|1|1|7,0,-13.60233746033954
5|10|1|1|2,0,-14.503730897061452
0|4|4|0|6,7,0.735
7|8|3|3|5,0,-2.519449545539976
0|11|3|1|4,1,-16.71798478211621
5|4|5|1|6,2,-7.376958192883295
5|4|5|1|6,6,-2.035089572350995
0|8|5|1|1,2,-7.65
1|7|5|2|5,2,-0.10014320759621198
2|12|2|2|4,0,-9.49936429723905
0|14|2|0|3,3,-10.2999770655
0|14|2|0|3,6,-13.178608221577662
0|8|4|1|5,1,-8.22915026023097
0|8|4|1|5,7,-8.694280834447774
0|8|4|1|5,2,-6.700372926872094
3|7|4|1|2,0,-20.36904942006589
0|4|3|2|10,4,-13.12455231546555
4|7|3|2|9,6,-7.124390734628503
3|11|2|2|5,1,-10.927397246106048
6|2|3|0|9,0,-19.95413550092872
1|2|3|0|5,7,-13.313809457038115
1|2|3|0|5,4,-15.209003789270033
6|2|5|0|9,7,-2.445503275497489
7|7|4|1|8,5,0.735
5|11|2|1|7,2,-3.6034564540326928
7|4|3|3|6,6,-3.184754230692347
7|4|3|3|6,4,-2.867175
5|9|3|2|2,3,-16.00042440579967
7|5|5|2|2,4,-2.1806775
6|5|2|1|10,4,-5.129987003685001
7|2|5|1|10,3,-9.884882613203448
1|11|3|2|1,2,-4.5
6|4|4|1|9,5,-7.214113892984786
5|8|2|1|8,3,-5.378245608630348
3|8|2|1|7,0,-3.8147678708824606
2|2|3|1|2,1,-21.319784644278577
3|4|5|1|4,2,-10.400486543021785
7|3|3|1|10,3,-15.010405955126368
4|5|2|2|9,2,-4.371226058816121
2|7|4|2|8,6,-3.078313658777243
6|11|2|1|7,7,-11.539688315659834
7|13|1|1|6,3,-9.723612471830258
2|6|4|1|8,3,-1.5079568952699636
3|10|1|1|7,0,-1.316936086394276
0|2|3|2|3,1,-19.87414193568041
0|2|3|2|3,3,-17.290140597788266
0|3|3|3|7,3,-6.9911251518026845
0|3|3|3|7,7,-4.609537217549095
7|6|5|2|7,1,0.9225
1|11|3|1|6,2,-6.435043433319432
6|3|2|2|3,2,-20.094207489290962
6|3|2|2|3,4,-20.051617199988055
6|3|2|2|3,3,-19.20761794892039
6|3|2|2|3,1,-18.78545940368313
1|6|4|1|3,2,-18.28181220956687
3|6|4|2|3,1,-17.530560050390466
3|6|4|2|3,6,-17.587797119536646
3|6|4|2|3,0,-17.62209318674932
3|6|4|2|3,2,-17.897645863109176
1|6|4|2|2,6,-20.674443330800685
1|6|4|2|2,4,-12.539609057714948
6|10|5|1|1,5,-7.65
3|9|1|1|3,0,-6.269741338851002
3|9|1|1|3,4,-7.787710713367419
5|3|3|2|1,0,-14.703400988550001
5|3|3|2|1,2,-14.5762871265
5|3|3|2|1,1,-14.5762871265
2|4|4|2|5,1,-14.944845652951352
2|4|4|2|5,4,-9.140017340902535
2|4|4|2|5,0,-6.132069502997602
5|11|3|2|1,0,-13.7646855
7|3|4|3|7,0,-4.162413784312511
0|7|4|2|6,2,-17.146531773775166
5|8|4|2|4,6,-14.855213999163347
3|7|1|1|5,0,-9.281873976636483
0|8|1|1|2,1,-15.48101542975524
4|7|4|1|1,0,-14.394695895
4|7|4|1|1,1,-14.394695895
2|1|3|1|4,7,-24.46572400483151
2|1|3|1|4,6,-21.55125703668619
2|1|3|1|4,3,-21.010328668115243
3|4|1|1|1,1,-14.792380691985
3|1|3|0|4,0,-29.9317746451129
3|1|3|0|4,5,-30.29508428442358
1|7|3|1|1,7,-14.994135268427126
6|2|3|0|7,3,-8.039553771780966
2|6|3|3|1,1,-12.478950000000001
2|6|3|3|1,5,-9.855
6|10|3|1|5,5,-8.301768279494127
6|10|3|1|5,7,-11.257875066237526
2|8|1|1|1,0,-14.703400988550001
2|8|1|1|1,1,-14.703400988550001
5|7|4|2|3,2,-8.800810008300399
5|7|4|2|3,7,-12.369616605012977
5|7|4|2|3,4,-10.567203451717536
5|7|4|2|5,0,-13.689729530905923
7|4|4|2|10,4,-2.6466930842924996
6|10|3|1|8,5,0.6066502500000001
0|1|2|2|7,6,-12.092080217537799
0|1|2|2|7,1,-14.363054514438055
0|1|2|2|7,2,-8.103898350592416
6|3|5|2|6,4,-4.6203381930238105
3|4|4|1|5,4,-15.015826368212814
3|4|4|1|5,0,-13.346117419998048
3|4|4|1|5,2,-13.560837759342153
7|10|1|1|3,0,-11.432670333501319
7|10|1|1|3,2,-5.923700728353695
0|2|6|1|10,5,-2.1422049449999996
5|8|3|1|9,7,0.5475
7|11|1|1|8,0,0.219075
3|3|4|1|9,7,-10.062568128307797
3|3|4|1|9,1,-13.718357987531403
3|3|4|1|9,5,-6.689534281032948
1|11|2|2|5,4,-9.217869872746146
1|11|2|2|5,3,-10.900899754315152
2|5|4|0|6,0,-2.5005
0|9|5|2|5,7,1.7325000000000002
6|14|2|0|2,5,-8.287750997598977
6|3|3|3|8,1,-3.991511298175277
3|10|4|2|1,2,-7.65
3|10|4|2|1,1,-9.855
1|11|2|1|3,3,-14.141781362362169
1|11|2|1|3,5,-16.726640130228756
1|11|2|1|3,6,-15.845770745510674
6|5|4|2|2,2,-15.812225078485948
6|5|4|2|2,5,-12.375567669
4|3|5|1|10,0,-4.662690476495955
4|3|5|1|10,1,0.18259192704659508
7|10|2|1|7,6,-10.746719894822746
5|1|2|2|9,4,-20.428491298308415
4|5|4|1|6,3,-15.375036306965214
4|5|4|1|6,2,-15.410197771788326
1|5|5|1|1,4,-9.855
5|7|4|1|4,6,-8.483025634430682
7|6|1|1|7,1,-8.7280269135534
6|6|5|2|3,3,-3.56605983
6|9|2|2|3,3,-17.91317854655471
6|9|2|2|3,0,-18.175184933185484
6|9|2|2|3,4,-17.58948520954087
6|9|2|2|3,1,-11.048140886555123
7|4|4|2|8,5,-14.561279728460033
3|1|2|2|10,2,-24.25992361422785
3|1|2|2|10,5,-24.422854632694037
3|1|2|2|10,7,-23.606209986082142
3|1|2|2|10,4,-24.24920320190528
3|1|2|2|10,1,-16.88711834769748
1|7|4|3|3,4,-4.3492498647815605
1|6|2|2|9,5,-10.39293051043521
1|6|2|2|9,3,-5.6451468527554916
5|8|3|2|8,7,-4.385866580136565
3|3|4|2|10,1,-4.839729415236528
3|3|4|2|10,5,-3.4017507023205154
1|7|2|2|9,0,-5.2504098448787655
1|7|2|2|9,4,-7.147137463405367
6|3|4|2|6,5,-8.032821332844998
6|3|4|2|6,1,-2.2345789553601025
6|3|4|2|6,3,-6.2359658848844255
6|3|4|2|6,0,-4.105640751304536
7|1|4|0|5,0,-14.886537408405516
7|1|4|0|5,2,-8.952251634017625
7|1|4|0|5,4,-8.761900702908205
7|1|4|0|5,6,-8.997763390528382
1|3|4|1|3,5,-10.902263058496455
6|3|5|4|6,3,0.7432633559249999
2|3|5|1|7,3,-5.244037318338393
6|5|1|1|8,1,-11.420675349096477
6|5|1|1|8,5,-11.143376237230703
2|3|4|2|9,5,-6.69822776587657
2|5|4|1|3,7,-16.062361107853516
2|5|4|1|3,4,-17.28844499725191
4|1|3|0|2,3,-19.27398213153009
1|1|2|2|7,3,-19.26892636480938
7|4|4|2|4,0,-9.164328668276092
0|7|4|1|1,7,-14.995894687898987
4|4|4|3|2,2,-13.020456535549616
5|4|3|3|3,1,-9.252539117322486
5|4|3|3|3,2,-6.588012141000001
5|4|3|3|3,3,-11.89661000575473
7|6|5|2|6,6,-4.698876658661099
0|2|3|0|10,7,-19.040466420469784
3|5|4|2|3,6,-16.34613552963723
2|3|3|2|2,5,-17.956596501431605
5|3|4|2|7,3,-14.998643601936514
0|7|3|3|3,3,-10.65048823154917
1|3|3|3|7,3,-4.916083569783718
1|3|3|3|7,4,-7.147561430983689
1|9|4|1|1,5,-14.394695895
2|2|4|2|7,6,-11.248020041974588
7|9|3|2|1,6,-14.982901657221941
7|9|3|2|1,1,-14.975573796031343
7|9|3|2|1,3,-13.235265
7|3|5|2|5,2,1.729001061
7|4|2|1|10,6,-15.679196843776316
6|7|3|1|7,0,-9.456399120223729
6|3|3|0|5,0,-18.2117630004345
5|2|3|2|6,1,-15.118020602304332
3|5|1|1|10,0,-1.3830213630554813
7|11|3|2|4,4,-0.26655000000000006
7|11|3|2|4,5,-3.015
1|12|3|0|1,5,-7.65
7|10|1|1|4,0,-4.87245286595872
7|10|1|1|4,2,-1.42334432175
1|8|1|1|3,0,-11.183011323306728
1|8|1|1|3,6,-12.90743733666148
4|4|2|2|9,0,-10.967494352639243
4|4|2|2|9,5,-7.716642339737538
3|9|3|1|4,5,-18.39688627423124
3|9|3|1|4,1,-15.220842260753415
1|1|3|0|6,2,-28.767521758495253
3|6|5|1|2,7,-6.469199250000001
6|7|4|1|5,0,-12.008212540420034
6|7|4|1|5,7,-13.344660211203724
7|7|3|1|6,0,-11.590329264536683
0|7|4|1|2,1,-11.859231272025248
0|7|4|1|2,2,-11.61066
0|7|4|1|2,4,-11.952205663119312
6|5|4|3|2,3,-2.8857755595
6|5|4|3|2,4,-5.001965085
3|8|4|2|1,2,-14.703400988550001
3|8|4|2|1,1,-9.855
4|6|1|1|5,0,-10.591891615857064
4|6|1|1|5,2,-10.58022030522357
4|6|1|1|5,7,-7.296314998123668
3|8|3|1|4,1,-17.287943614422428
3|3|1|1|10,1,-14.262520421792463
3|3|1|1|10,7,-16.064958975203112
3|3|1|1|10,0,-14.875684676967055
3|3|1|1|10,5,-7.889693353334891
3|3|1|1|10,4,-9.0489402930444
4|3|4|1|3,0,-16.09390121568431
3|7|2|2|7,6,-11.892750159537918
3|7|2|2|7,4,-10.020857704776734
2|3|3|3|5,1,-8.645990134947757
6|2|2|2|5,2,-18.02510441767246
6|2|2|2|5,5,-4.562318132251794
4|1|3|0|1,1,-14.394695895
4|1|3|0|1,0,-14.5762871265
4|1|3|0|1,7,-14.394695895
6|1|4|3|10,1,0.9154275
0|5|4|1|6,4,-11.86397548729801
0|5|4|1|6,3,-11.58049120307273
0|5|4|1|6,2,-11.708681318000044
4|9|4|2|5,5,-2.9980586422282127
6|3|4|1|4,7,-14.824679415321397
6|3|4|1|4,3,-18.15065921056317
7|8|4|1|3,5,-12.10601020933695
7|8|4|1|3,2,-13.0392601734288
7|6|3|1|7,0,-14.96173922329696
7|6|3|1|7,2,-14.741767121896844
7|6|3|1|7,1,-16.45834569276437
2|2|2|2|1,1,-13.235265
3|9|5|1|1,5,-4.5
6|4|3|2|7,4,-19.083032905662343
6|4|3|2|7,0,-17.875846931377097
3|6|4|1|5,5,-14.189136099669819
3|6|4|1|5,2,-13.203999734291163
7|2|3|0|8,2,-13.733699077950302
7|2|3|0|8,4,-10.015931619781163
7|2|3|0|8,0,-10.469237623290018
7|2|3|0|8,5,-8.353927891437287
3|3|4|3|10,7,-2.5319826036578323
7|7|4|2|9,5,-2.4678975
0|14|1|1|7,6,0.1725
6|15|1|0|6,4,-10.526127937600393
3|2|3|0|4,1,-3.015
1|2|3|0|3,4,-22.50418313539708
4|5|5|2|2,0,-3.8151
0|4|4|3|9,4,-3.287728072582406
4|5|4|3|8,6,0.6869999999999999
6|9|3|1|7,7,-4.3575511968635015
0|6|4|2|7,1,-6.336993996344224
4|3|5|1|9,7,-5.364232465095034
7|8|2|1|8,4,-4.5035719967203125
7|8|2|1|8,5,-5.501080985994589
6|5|2|2|9,0,-10.397288154811807
0|7|3|2|8,7,-12.622263390737263
2|2|2|2|2,3,-11.928668027750435
6|3|4|2|5,2,-15.777045472282921
4|6|1|1|4,0,-8.845490049393232
4|6|1|1|4,6,-11.209689346927782
5|2|4|1|3,7,-14.814291903671702
5|2|4|1|3,4,-3.9529358596609097
5|3|4|1|4,2,-18.42391682648435
3|8|3|3|1,0,-12.478950000000001
2|9|3|2|4,3,-14.918069099530125
4|1|4|1|5,1,-6.085506496878143
4|1|4|1|5,6,-6.048387295480301
4|1|4|1|5,2,-3.015
2|9|3|3|1,4,-9.855
2|9|3|3|1,6,-7.65
2|7|3|3|4,4,-10.108145814134252
2|7|3|3|4,6,-6.753786992100737
2|4|4|2|6,7,-4.587022166574302
2|4|4|2|6,6,-7.403132190328336
6|1|5|0|10,4,-15.15720985280209
4|6|3|1|9,2,-5.322053942252025
2|9|2|2|8,1,-8.53540937039169
0|14|2|0|5,6,-1.5103499999999999
5|2|4|2|8,7,-10.42706400499256
7|6|3|3|7,0,-1.282653546716531
0|9|3|1|6,6,-8.001358294999918
0|9|3|1|6,2,-11.476811715064422
2|3|2|2|1,0,-14.999014314564548
2|3|2|2|1,1,-12.478950000000001
2|3|2|2|1,6,-12.478950000000001
2|5|1|1|8,0,-8.769827031570463
5|7|1|1|4,0,-3.0046420307332187
3|1|3|1|5,4,-17.70313668407294
3|1|3|1|5,7,-17.69389843522588
0|6|4|2|2,2,-14.487025243500002
0|6|4|2|2,6,-12.31983848443722
0|6|4|2|2,7,-15.131325791958117
6|2|4|3|6,2,-0.07905000000000002
0|6|3|3|1,3,-13.7646855
0|6|3|3|1,7,-13.235265
7|9|4|1|2,1,-6.952151059499999
3|2|4|0|8,5,-8.86896556981181
1|7|4|1|5,0,-7.3242352460985085
1|7|4|1|5,2,-8.639826289477863
7|4|4|3|5,6,-4.3043625923176165
6|2|4|1|5,0,-10.59011352783077
7|8|4|1|1,0,-12.478950000000001
7|8|4|1|1,4,-11.3985
7|8|4|1|1,2,-11.3985
3|4|3|1|10,1,-11.63260727845758
1|8|4|1|1,4,-13.235265
1|8|4|1|1,5,-13.235265
1|8|4|1|1,3,-13.235265
2|5|2|2|10,1,-3.919213480982492
0|7|2|2|8,5,-8.2887593644187
0|7|2|2|8,4,-8.17770109048583
1|2|4|1|4,7,-15.159698441025323
1|2|4|1|4,2,-14.754547769181121
1|2|4|1|4,6,-11.172447518131795
7|6|4|1|3,5,-8.390198853215296
7|6|4|1|3,1,-9.567656551139251
2|4|5|1|6,1,-4.734625640168362
1|5|5|1|5,7,0.14650116449999995
7|5|3|1|8,4,-14.695258253776302
7|9|3|2|5,3,-12.783675605473526
7|2|3|0|1,3,-14.8546664843895
7|2|3|0|1,1,-13.235265
5|3|5|1|6,6,-10.281669329572193
7|4|3|3|7,1,-3.8065981761532877
3|2|3|2|1,6,-14.928786577350856
0|7|3|3|4,2,-15.299228230399697
4|11|3|2|1,5,-13.235265
7|4|5|1|10,2,0.9225
2|9|2|1|9,0,0.5008589999999999
4|4|4|2|8,0,-12.153094295488803
4|4|4|2|8,1,-6.580379919240443
0|3|4|2|10,4,-6.925016512922632
1|11|2|2|4,2,-15.019414437664043
1|11|2|2|4,7,-18.244732116202847
1|11|2|2|4,0,-14.368067562930186
6|1|5|1|9,4,-12.00000447339116
6|1|5|1|9,1,-11.82121039928508
1|7|3|1|4,3,-16.4270395746404
7|11|3|1|3,6,-15.997567224999504
7|11|3|1|3,2,-17.556463924261827
7|11|3|1|3,1,-7.145541581360048
2|5|2|2|8,0,-9.809075676681697
4|5|4|2|2,0,-11.34694546835263
4|1|3|2|8,7,-7.878762925472708
4|1|3|2|8,1,-9.515896753821536
4|1|3|2|8,2,-9.046512544389254
4|1|3|2|8,5,-7.172590344013881
1|6|4|2|5,0,-13.938724200560312
6|1|2|2|5,0,-6.029360321921093
3|3|4|1|3,2,-19.28458531342095
7|6|4|1|5,1,-15.415174347513258
7|6|4|1|5,2,-14.066668615322916
7|6|4|1|5,4,-13.247837720182584
1|10|1|1|4,0,-17.509085123840613
0|2|4|1|2,3,-14.904732559155
0|2|4|1|2,4,-13.6436297669085
4|4|5|3|6,5,0.9225
5|9|3|2|5,1,-12.87432816205768
3|6|3|1|9,0,-2.40662887515
1|4|4|2|5,4,-13.823436359500722
4|4|3|3|4,1,-14.741522962076548
2|5|3|3|7,4,-11.721022144253375
2|1|3|1|2,4,-14.427044941650001
2|1|3|1|2,1,-16.54054688115
2|1|3|1|2,7,-15.121252785000001
4|1|3|1|1,0,-12.478950000000001
1|2|3|3|6,4,-6.4280875217208875
2|2|4|1|8,7,-12.966576815557609
2|3|5|1|2,3,-6.085715085
6|3|6|0|3,4,-2.5677897720000002
1|1|3|2|7,4,-11.006188571653743
4|3|4|1|6,2,-14.367036812966354
5|5|1|1|7,0,-18.01775361313261
0|1|4|1|7,1,-10.447069362930822
0|1|4|1|7,4,-13.93463821168306
1|3|3|2|3,3,-20.312617779209827
1|3|3|2|3,6,-18.923963399122457
1|3|3|2|3,0,-14.105812897527562
7|4|1|1|10,0,-9.470608702246382
2|5|4|1|6,4,-12.904248759678106
0|5|4|2|1,3,-9.855
0|5|4|2|1,6,-9.855
7|6|3|1|1,5,-14.99997215682612
6|3|3|2|1,4,-14.982901657221941
7|5|1|1|8,1,-7.922706735623839
7|3|4|2|9,5,-14.075989593814539
3|5|5|1|2,2,-11.766525804449923
0|2|3|0|1,5,-12.478950000000001
5|5|4|2|8,3,-6.200173699077801
4|3|3|3|5,2,0.4249064999999999
7|7|3|3|2,1,-12.74203381665
7|7|3|3|2,4,-6.731465085
3|3|1|1|3,2,-16.634543143239434
3|8|3|1|5,2,-14.045925878633938
0|8|6|2|2,4,1.92
5|3|4|3|7,6,-5.890927024990448
6|7|3|3|6,1,-5.8487211276557
6|7|3|3|6,7,0.32032499999999997
4|2|3|0|4,7,-19.2512853889369
4|2|3|0|4,1,-20.985723595865938
4|5|4|1|2,1,-16.519758898883953
4|5|4|1|2,2,-16.167452939043773
3|11|3|2|4,2,-3.6897783175950005
3|11|3|2|4,0,-0.4784295584999999
3|11|3|2|4,4,-7.083719816499149
4|5|3|3|8,0,-7.6408986576674565
6|4|4|0|6,1,-3.070335
2|3|5|1|8,3,-8.165045238099669
5|5|5|3|5,0,-0.12328703909999995
3|3|3|2|2,7,-15.689607757458118
3|3|3|2|2,1,-16.326343322619312
3|3|3|2|2,6,-17.72157430172124
2|1|3|0|5,3,-28.935459768384735
2|1|3|0|5,0,-19.153707514013284
2|9|1|1|2,1,-12.514322284608117
0|5|4|2|3,3,-13.655287682739607
0|5|4|2|3,2,-14.905753779160964
3|6|3|3|1,2,-13.235265
2|5|3|3|4,1,-15.857724581245844
6|2|5|1|10,2,-6.3284644213623045
2|3|5|1|9,4,-8.164307372792848
1|11|2|1|6,5,-14.906650968304078
0|13|3|0|1,6,-10.6782
0|13|3|0|1,1,-11.3985
6|12|3|1|3,4,-17.388695643820075
3|2|4|1|6,2,-9.641272335285016
5|2|5|1|8,6,-5.138820000000001
5|2|5|1|8,1,-3.015
5|2|5|1|8,2,-5.2817231541390735
6|7|1|1|7,1,-8.194088947447483
6|7|1|1|7,2,-2.8646692026203824
1|8|1|1|6,2,-5.165755699375605
1|8|1|1|6,4,-6.581003995090205
1|4|6|1|6,4,0.19047027922499993
1|5|1|1|6,0,-11.610816980152709
1|5|1|1|6,5,-13.156038280367953
5|3|4|2|9,4,-4.839600241394635
5|3|4|2|9,1,-5.359611014661015
5|3|4|2|9,2,-2.1264531441115673
5|7|3|3|3,1,-10.412286768325501
1|1|5|0|9,3,-10.779142982134289
1|1|5|0|9,0,-12.962447389517608
4|3|4|3|4,7,-0.7231495842343426
2|3|5|2|10,1,0.9225
1|8|4|1|9,3,0.735
3|12|1|1|8,2,-3.015
2|12|1|1|7,1,-10.326247615923846
7|3|4|1|8,5,-9.519091016942053
5|7|4|1|7,2,-5.706344619736053
4|4|4|3|4,6,-0.026957143349999962
3|5|5|2|4,7,-2.223218324954478
5|11|2|2|2,0,-18.434544077575588
5|11|2|2|2,3,-16.713611944547665
5|11|2|2|2,7,-13.011712002838708
1|2|3|2|4,4,-15.518433271574658
1|2|3|2|4,2,-9.845020141672661
3|12|3|1|1,5,-14.928786577350856
3|12|3|1|1,0,-14.8546664843895
2|5|3|1|8,1,-12.239618116018931
2|5|3|1|8,7,-10.631515602028086
5|4|4|3|5,7,-6.008326875766583
7|8|4|3|4,1,-2.5005
1|12|3|0|3,6,-0.8295931500000002
7|1|4|1|5,0,-8.103822390555363
7|1|4|1|5,6,-8.515900368259082
7|2|4|3|10,5,1.1654775000000002
6|8|3|3|6,3,-4.467123761299511
3|11|3|1|5,4,-12.060816159743032
3|11|3|1|5,7,-8.406725164336406
2|5|1|1|6,0,-11.595246773465833
6|6|1|1|4,1,-12.239468276694398
3|4|4|3|6,7,0.05624738225250003
4|4|4|3|5,6,-4.3034209690829925
6|8|3|3|4,1,-4.001862524552439
1|11|3|2|3,5,-0.9762411232416227
7|3|4|1|5,4,-15.602942658550315
2|10|4|1|3,3,-18.47766902117287
1|5|4|1|1,4,-14.898266539072651
1|5|4|1|1,7,-11.3985
1|5|4|1|1,0,-12.478950000000001
7|3|5|1|7,0,-7.9185795489077595
7|2|3|3|8,5,-6.711334705554966
6|5|4|0|6,1,0.2807357999999999
1|8|3|3|4,0,-5.588864218362566
0|1|3|1|2,2,-8.64807659577637
3|5|4|2|4,0,-11.012913979970056
6|4|5|2|8,2,-3.015
2|4|5|2|7,1,0.9225
1|9|3|3|6,0,0.9140250000000001
5|12|3|1|4,7,-8.313337155018843
5|12|3|1|4,3,-6.4978870420641845
4|6|3|3|5,3,-9.500249543146317
1|5|4|1|10,4,0.735
4|9|3|1|9,2,-3.2589080745856482
2|12|2|1|8,7,0.40657499999999996
6|4|4|2|1,1,-9.855
0|2|3|3|7,1,-6.723258702144537
1|5|4|2|6,6,-12.618745059749374
6|9|2|1|5,7,-11.778330025807374
7|4|4|2|3,5,-14.4202939389105
7|3|5|2|1,6,-4.5
3|7|5|1|1,7,-13.235265
0|8|3|3|1,5,-13.7646855
5|4|5|1|4,2,-4.752349734744692
3|8|4|2|2,1,-15.037712592810003
1|3|4|2|7,7,-18.612856151912066
5|8|3|3|2,0,-3.8467500000000006
5|8|3|3|2,2,-1.8384490500000001
0|11|3|1|1,6,-14.991621812038751
4|4|5|2|7,0,0.19117532868615011
3|6|4|2|1,6,-13.235265
3|4|5|1|6,6,-2.6648805615273177
5|10|2|2|5,1,-17.99248161918529
1|5|4|2|1,5,-13.235265
1|5|4|2|1,0,-13.235265
4|8|5|2|4,5,-0.4157739000000001
1|3|6|1|2,5,-2.2379999999999995
5|9|1|1|1,1,-11.3985
3|2|4|2|8,1,-18.300343350047275
3|2|4|2|8,2,-7.347551936498757
7|8|3|2|6,6,-13.300749339688302
7|8|3|2|6,3,-2.8787192159298134
2|4|2|2|10,0,-7.671689830353828
6|3|5|3|10,0,-3.015
0|3|5|3|9,3,0.9225
3|8|4|2|8,7,-2.5411036990693847
7|2|3|3|7,0,-3.5692290824203567
7|6|4|3|1,4,-13.235265
7|2|4|1|9,6,-18.197000084752386
7|2|4|1|9,3,-17.722369075258644
0|9|4|0|2,6,-2.342595
3|6|3|2|5,7,-17.018583258118227
3|6|3|2|5,4,-15.526406285763267
3|6|3|2|5,6,-14.252481020128387
3|6|3|2|5,2,-14.2702685748902
3|6|3|2|5,5,-12.550074546560822
1|1|4|1|4,3,-4.784238268221751
1|6|3|3|4,3,-10.054094312472706
1|6|3|3|4,7,-12.138381139162078
0|8|3|3|4,4,-5.462005977108352
0|8|3|3|4,3,-3.015
0|8|3|3|4,5,-2.3537396790220946
3|1|7|0|10,1,-3.015
1|1|7|0|9,4,-3.015
4|1|7|0|8,5,1.2975
5|8|1|1|7,0,0.10049483494499996
6|9|1|1|2,0,-12.128474035785164
3|7|6|2|4,5,-0.50201097
5|6|4|1|8,2,-4.372612788069502
5|6|4|1|8,6,-7.2540428973900095
2|5|3|3|2,4,-14.09718623415
2|4|4|2|8,0,-14.637075987797061
7|4|5|2|2,3,-7.284655170000001
1|4|3|3|8,4,-1.627702930807099
4|7|4|1|7,5,-6.0270073636269625
6|6|4|2|1,3,-14.703400988550001
6|6|4|2|1,0,-14.703400988550001
6|6|4|2|1,1,-14.5762871265
4|5|1|1|7,0,-9.290506367162093
4|5|1|1|7,6,-10.074199008548236
3|6|1|1|5,2,-14.308070935930235
3|6|1|1|5,4,-5.985037274000348
5|6|4|2|2,1,-14.66132307
5|6|4|2|2,6,-15.065025333300001
2|5|4|2|9,6,-4.286136580462616
6|6|4|2|8,5,-10.538679867813078
2|5|4|3|5,1,-0.6192574943253923
1|2|4|1|3,7,-16.777274254823883
1|2|4|1|3,5,-4.769050101068142
0|2|2|2|4,5,-16.98927495130265
0|2|2|2|4,7,-15.767311077691877
0|2|2|2|4,4,-17.90884242503493
0|2|2|2|4,6,-4.797439960582905
3|4|4|2|4,5,-11.266688894410812
2|3|4|1|6,7,-18.79473116946342
2|3|4|1|6,5,-18.65186909239995
2|3|4|1|6,6,-18.395311884437543
4|6|3|3|3,5,-9.366964793488876
4|6|5|2|2,5,-1.143
5|2|4|1|1,3,-7.65
3|12|3|1|2,5,-15.169680432701488
2|5|3|3|8,4,-0.3028730679711471
4|8|4|1|7,6,-0.003045809249999948
1|3|3|3|3,0,-1.09191160545
3|7|3|3|1,4,-13.235265
1|3|5|1|7,4,-6.605525319939444
3|2|4|1|3,2,-1.0186236750000002
6|11|3|1|4,2,-17.026350710512045
2|7|4|1|6,7,-6.476027982899243
2|7|4|1|6,0,-7.363605147053995
6|5|4|3|6,1,-8.877004805856139
0|8|3|1|8,7,-5.608790153030123
7|5|4|3|1,0,-11.3985
4|2|5|2|10,6,-1.1269129429348679
2|10|3|1|8,1,-2.659708341170194
1|13|1|1|7,0,-11.590417797617132
5|2|4|3|10,6,0.849615
7|9|3|2|8,5,-8.479453064632885
7|9|3|2|8,3,-2.867175
5|9|3|2|7,2,-2.905484662030359
7|2|4|0|7,1,-5.736563987598631
1|6|3|3|9,2,0.782875725
2|5|4|3|7,4,-1.9950604500000002
4|9|3|2|6,0,-9.78630915342809
4|9|3|2|6,6,-2.981498823748526
5|7|3|3|6,1,-0.2583000000000001
5|7|3|3|6,4,-1.4447805464999999
1|10|3|2|5,3,-8.428816954489598
3|5|3|3|2,2,-15.977887227057765
3|5|3|3|2,5,-11.126295
3|5|3|3|2,6,-7.894125559500001
1|6|3|3|7,5,0.6446999999999999
2|4|4|2|3,6,-12.411713047605353
1|5|4|3|5,7,-6.914421528402736
1|5|4|3|5,5,-7.429219196482715
7|5|5|1|1,2,-4.5
4|8|3|2|8,7,-6.948951535849252
2|1|7|1|10,3,-4.72817637
2|1|7|1|10,6,-3.015
3|1|7|1|9,6,-1.9849017
4|8|3|1|7,0,-8.976106358460026
4|8|3|1|7,1,-10.60994776561764
0|1|5|0|8,7,-14.09913335867689
7|6|4|1|7,5,-7.718690746819577
6|12|1|1|1,2,-14.792380691985
6|2|3|3|5,0,-3.300031864710871
0|5|5|2|4,2,-0.23923561499999998
3|7|4|1|1,2,-14.99712628152929
3|7|4|1|1,0,-9.855
5|5|4|2|3,0,-14.704529210577736
5|3|4|3|1,0,-7.65
0|6|3|3|6,2,-0.8050203582726141
0|6|3|3|6,3,-5.286796909457174
4|5|3|1|9,2,-2.785525840655353
2|8|1|1|8,1,-0.0015250163924999892
6|3|3|3|10,0,0.5475
0|6|3|2|9,7,-3.020474145474106
1|7|3|3|7,0,-2.7804576680274455
0|10|4|1|6,2,-0.706228541636187
0|4|4|2|10,1,-1.5400005151231237
7|5|3|3|7,3,-4.426193883454867
2|7|4|1|2,4,-18.873965487251844
2|7|4|1|2,3,-15.798731368967417
2|7|4|1|2,5,-16.761626289
3|8|4|2|6,1,-9.97594147666392
3|3|4|0|7,4,-3.0256247554477764
4|7|2|1|6,0,-11.787451496496914
6|9|1|1|3,0,-13.333351895048972
6|9|1|1|3,7,-13.81226457332342
0|2|4|1|4,2,-15.719726146678516
0|2|4|1|4,5,-8.108054412682657
2|5|4|1|7,1,-12.361190929500985
6|12|3|1|2,5,-17.142156997433165
3|2|5|2|7,2,-2.9302823250000003
5|4|5|2|2,6,-2.9640678916499996
7|5|4|2|1,6,-14.5762871265
4|2|3|0|7,3,-19.016976788328634
7|5|4|2|6,4,-12.466474159043624
3|7|4|3|3,7,-0.4071000000000001
0|4|5|2|6,3,-2.280744019848111
4|5|4|1|8,6,-3.2919886499999995
7|2|4|1|2,2,-12.3665148045
7|2|4|1|2,6,-15.5690393054085
2|2|4|1|1,0,-12.478950000000001
7|8|3|1|1,4,-14.999980509778284
5|4|4|3|9,3,-3.4987377384272826
3|8|4|3|8,6,0.735
6|12|3|1|7,7,-0.34479779286899936
7|15|1|0|6,5,-0.3069757592899993
3|10|4|2|2,4,-2.9541
3|5|4|2|1,5,-14.982901657221941
5|2|4|0|8,6,-15.697714402185658
3|5|3|3|6,1,-2.642232383241108
3|5|3|3|6,0,-3.015
3|5|3|3|6,7,-1.9940341588385488
1|8|4|1|5,2,-11.882936464390458
1|8|4|1|5,6,-10.336693001245495
1|8|4|1|5,7,-4.04523868455103
1|2|4|2|6,4,-1.0487847743494279
1|2|3|2|2,2,-21.23968785305602
1|2|3|2|2,7,-20.436906151422107
2|2|5|1|9,6,-5.136612394773729
2|2|5|1|9,0,-10.043768977523232
7|14|2|0|1,5,-11.38983582
4|5|3|3|6,1,-18.86682658926513
4|5|3|3|6,2,-10.459199430245377
4|4|4|1|8,6,-8.718822295624364
4|4|4|1|8,1,-8.083214739229604
1|3|4|0|8,6,0.0025394090301005257
4|8|1|1|1,2,-14.5762871265
4|1|5|3|10,2,-2.2474017
3|5|4|1|4,0,-12.893784151115243
7|3|5|3|7,1,-3.415239268192685
1|2|2|2|1,6,-14.950150604145598
5|6|4|2|4,3,-15.733824841978203
0|2|3|0|9,1,-18.10362697072734
1|3|6|1|1,3,-4.5
1|3|6|1|1,2,-4.5
4|2|5|0|9,2,1.070325
4|7|3|2|7,6,-13.259273148241219
6|10|2|2|6,3,-10.933751911901451
3|12|2|2|5,4,-3.7285605
4|14|2|0|4,7,-2.3185683311698035
2|7|3|3|1,1,-13.235265
7|3|4|1|7,2,-17.060495426450533
7|3|4|1|7,4,-17.718987060679236
7|3|4|1|7,1,-15.748801526938514
7|7|4|1|5,0,-12.72050894679861
1|4|5|3|7,7,0.07440021225000004
2|7|3|3|2,4,-15.849062269500001
1|1|4|3|10,2,-4.869591958475137
3|4|3|3|10,1,0.5475
1|7|4|2|9,2,0.735
2|11|2|1|8,5,0.6067641749999999
1|5|1|1|2,2,-15.63401396945581
1|5|1|1|2,6,-14.370386179297789
1|5|3|3|5,3,-17.611908991737906
2|2|3|2|2,0,-17.205182801500463
2|2|3|2|2,7,-15.1634633152185
3|4|1|1|9,0,-2.6697827167806683
0|5|1|1|8,2,-5.6261015210822025
0|5|1|1|8,5,-3.786333702053243
0|5|1|1|8,7,-7.944516632938646
2|6|1|1|10,0,-0.6415500000000002
7|8|1|1|8,2,-3.100880624711993
1|4|2|2|10,0,-7.94368293992887
5|7|4|2|1,3,-14.13527985
3|5|4|1|5,1,-22.213615298814968
3|5|4|1|5,5,-17.188842461808324
3|5|3|3|7,2,-9.757235679577125
4|3|4|2|4,7,-10.283977534707564
1|3|4|0|10,5,0.8321999999999999
4|10|2|2|7,1,-5.930756045018256
1|12|2|1|6,7,-13.04307532183213
7|14|1|1|5,2,-3.7135120300500004
2|15|1|0|4,3,-11.798323087266814
4|6|1|1|3,1,-12.349231298334818
2|1|3|1|6,1,-30.528503322985973
1|4|3|3|1,3,-13.235265
6|5|4|2|3,0,-15.725356668434097
1|5|4|1|3,0,-14.932046176108347
0|3|3|0|5,6,-11.743020934954693
7|7|5|2|4,3,0.45321922214595
5|4|3|3|8,3,-1.0110836703259576
4|4|2|2|10,1,-10.489656245611469
0|6|3|3|5,2,-4.466020790261946
5|7|2|2|10,4,0.36
4|9|2|1|9,6,0.32485691251900173
3|8|3|1|3,1,-11.89839900589854
3|8|3|1|3,5,-17.059470957754975
6|7|1|1|4,1,-11.11110223839954
4|2|4|0|1,2,-4.5
4|3|4|3|7,6,-10.695721462823103
6|3|4|3|6,5,-3.9001854253116477
6|3|4|3|6,7,0.07589775212116683
2|2|4|1|3,4,-13.459032597266534
7|3|3|2|4,1,-16.77678948410375
7|3|3|2|4,3,-19.96519108381514
5|3|5|3|9,1,1.096569
3|5|4|3|2,0,-9.9463425
6|2|4|0|9,7,-8.77931344278736
5|6|4|1|7,4,-4.785187786695805
4|11|2|2|4,2,-21.925783328184473
2|6|3|1|4,7,-20.670375004770545
2|4|4|3|7,7,-6.169093283580823
3|2|5|1|5,2,-7.107727942453604
3|2|5|1|5,7,-4.458568294673621
6|5|1|1|3,1,-13.81988684935977
6|5|1|1|3,7,-12.976331861355838
3|8|1|1|5,0,-0.91350896649765
6|5|5|1|4,5,-9.923599564162567
5|6|5|2|5,7,0.7562101961286
0|3|4|2|8,6,-11.3563248794309
6|7|4|1|7,5,-1.0022275217012193
3|3|5|1|1,6,-7.65
3|3|5|1|1,2,-4.5
1|2|5|1|9,5,-3.0090885088129027
0|9|4|2|8,1,0.735
1|13|2|1|7,7,1.1700000000000002
7|4|2|2|9,1,-10.563854267793124
7|4|2|2|9,6,-10.196385961816922
4|5|4|1|3,6,-11.316424788836851
4|5|4|1|3,5,-12.951814930582351
6|3|5|1|9,3,-5.651926232547671
6|3|5|1|9,2,-5.69385501755225
4|9|2|2|6,1,-10.665398549658784
1|6|4|2|7,6,-6.848306818134162
5|4|4|2|6,0,-10.962109462802887
3|5|4|3|7,0,-7.803949455198648
0|7|4|2|5,2,-9.795425061036827
3|2|4|2|3,7,-8.394257631759334
5|6|4|2|1,6,-13.7646855
3|4|3|3|7,6,-11.821832616390122
5|4|4|1|8,7,-10.096972489851874
5|4|4|1|8,4,-12.412481593918084
0|5|3|3|4,3,-11.087483293837387
0|5|3|3|4,7,-10.124404273872347
0|5|3|3|4,6,-10.342443535062856
1|3|4|2|4,5,-14.656258128690922
0|4|4|1|9,1,-6.468510190198333
0|4|4|1|9,5,-8.61514820564459
0|4|4|1|9,2,-7.811277677076706
5|2|2|2|3,1,-16.330401331983715
5|2|2|2|3,6,-19.406775742833343
5|2|2|2|3,7,-18.943006502912873
3|5|3|1|10,4,-2.4839249999999997
4|8|2|2|9,5,-5.476076588148527
1|6|3|1|3,0,-15.501273141278803
0|5|4|1|9,3,-4.108835660648739
3|5|4|3|4,1,-2.5005
1|9|3|3|3,0,-2.762994585
0|2|3|1|3,5,-14.459046883617756
0|1|4|1|4,6,-11.433588358919442
0|3|3|3|9,3,0.5475
3|6|4|1|8,4,-3.995273491482618
2|6|3|2|8,5,-12.806972839605951
2|10|3|1|6,3,-11.38253389903099
2|10|3|1|6,6,-7.637723707396872
4|2|3|2|4,2,-8.359997356868778
2|5|3|3|3,1,-8.965035728203448
2|7|4|2|4,3,-15.158770363700565
3|1|3|1|1,7,-9.855
7|1|4|2|9,0,-3.728809193596422
4|5|6|0|2,3,-0.9555000000000001
5|4|4|1|3,6,-7.575503070921
2|6|1|1|1,3,-14.898266539072651
2|6|1|1|1,5,-12.478950000000001
2|6|1|1|1,1,-4.5
3|7|1|1|7,0,-10.061172559117658
3|7|1|1|7,6,-0.6789332285101689
2|6|1|1|3,0,-9.533536577479923
2|6|1|1|3,3,-11.1150065822659
2|6|1|1|3,6,-9.59733622207145
3|11|4|1|2,1,-0.9336
7|10|1|1|6,0,-0.6593184682859999
2|11|1|1|3,1,-16.604454387602274
0|1|3|0|3,3,-24.86584023472276
7|7|5|1|3,1,-5.927500800000001
5|12|3|1|1,3,-14.8546664843895
5|12|3|1|1,0,-14.898266539072651
5|12|3|1|1,6,-7.65
5|12|3|1|1,7,-7.65
1|3|5|2|4,3,-1.6368985285655
1|3|4|3|4,2,-6.364201245196587
1|4|5|1|10,2,-3.024634947199624
2|9|3|1|9,6,0.5475
6|12|1|1|8,0,-3.7142811770643562
0|13|1|1|7,2,-12.49926091302361
1|4|4|2|6,4,-16.037776485451452
7|5|4|1|4,3,-16.187758027576756
6|4|5|1|2,7,-7.833734950785166
6|4|5|1|2,3,-5.080500000000001
6|6|4|2|4,7,-12.796095661513487
6|6|4|2|4,0,-11.015388651782935
0|7|3|3|7,5,-2.6884984940241448
5|10|3|2|6,7,0.46482228333809994
6|5|3|3|9,0,0.2542019299573357
7|9|3|1|7,5,0.55575
5|12|1|1|6,0,-0.688318995
6|6|4|1|10,4,0.735
4|10|2|2|9,1,0.36
1|12|2|1|8,4,-4.55844099094068
4|12|2|1|7,5,0.26739709574999987
5|14|1|1|6,2,0.009103778263238854
2|15|1|0|5,3,2.2633246103121003
0|6|3|3|7,1,-1.5986981307432198
0|6|3|3|7,5,-2.9746883250000002
4|8|4|2|1,6,-14.8546664843895
5|7|1|1|2,0,-11.539498464183518
0|4|4|1|4,2,-17.913310070209878
1|4|5|1|8,0,-7.025225638719009
0|9|4|1|7,4,-3.7094038835662273
1|3|6|1|5,6,0.15438942217092005
5|6|4|1|6,6,-8.80787051833937
5|11|1|1|4,0,-14.414857499890491
3|3|5|1|8,4,-0.7345937864622278
3|3|5|1|8,7,-4.257099085914562
6|8|3|3|5,4,0.5475
4|11|4|1|4,7,-4.3413181966965
2|2|6|2|8,3,1.11
3|8|4|1|7,4,0.8134887975
6|1|5|0|8,5,-18.468649168223866
5|6|5|1|7,2,-2.89425
2|7|5|1|6,6,-4.439214228685444
2|5|1|1|2,1,-15.977413263135361
2|5|1|1|2,0,-17.415890743718247
1|6|1|1|1,3,-14.5762871265
3|4|3|3|9,0,-3.184652415134327
2|8|4|1|1,4,-7.65
7|9|1|1|2,0,-13.422257613972478
1|2|3|3|10,2,-8.37197524047389
2|5|7|1|9,5,1.2975
5|12|2|1|8,6,-1.7473185
6|14|1|1|7,1,-4.986628675710438
7|9|4|0|1,1,-4.5
0|2|3|1|1,5,-13.235265
0|2|3|1|1,7,-12.478950000000001
3|8|3|3|3,1,-5.063756278355598
0|2|3|0|4,7,-10.030292220990406
7|6|4|2|3,3,-22.650024003673924
0|2|4|3|6,4,0.735
4|6|5|1|5,5,-1.8489795415500005
3|4|4|2|9,7,0.5408137559177029
6|7|3|3|5,1,-4.589191040965965
7|6|4|3|2,1,-7.685522059499999
6|6|4|1|2,3,-10.234934462158616
6|3|4|0|7,5,-5.128840679418075
5|7|1|1|6,0,-7.695389201737678
4|9|1|1|3,1,-7.890670480592311
5|3|4|0|4,3,-3.689672308759106
7|8|1|1|3,3,-9.439596130513056
2|2|3|1|1,3,-14.13527985
2|2|3|3|8,3,-5.955341237050506
5|6|4|2|6,7,-8.904841041255231
3|7|4|3|2,6,-3.3174650850000003
7|2|3|2|1,5,-14.8546664843895
4|5|3|1|1,0,-14.991621812038751
4|3|3|0|3,0,-4.15199263965
2|3|3|3|2,5,-3.1689650850000004
2|3|3|3|2,4,-4.23
2|4|3|2|9,1,-11.885771587315809
6|8|3|1|4,1,-17.56880741589564
6|8|3|1|4,7,-16.522903460173296
6|6|4|2|3,1,-16.88423512965936
5|7|4|1|3,1,-15.459808550496222
5|7|4|1|3,2,-15.878686758744607
7|6|3|3|8,0,0.6786523449624623
4|9|4|1|6,1,-0.5130553007629296
7|5|3|3|9,0,-0.15482250000000009
4|9|3|2|7,2,-7.978108539256281
4|9|3|2|7,0,-8.230924439159201
6|3|4|1|3,7,-15.701159498666854
6|3|4|1|3,4,-12.982007797191654
6|3|4|1|3,5,-15.618420494184516
4|4|1|1|4,0,-16.450831151291545
1|7|4|1|4,0,-11.475022555368437
4|5|2|1|10,2,0.36
2|7|1|1|9,0,0.1725
0|8|1|1|8,1,-7.724602973005528
1|9|1|1|5,3,-5.227247088206758
3|10|1|1|4,5,-7.446842652791017
1|1|5|0|8,5,-17.70458298310581
7|6|1|1|1,2,-14.898266539072651
1|2|5|1|10,5,-13.262427082827386
5|7|4|2|9,0,-2.5005
0|11|2|2|8,4,0.36
4|13|2|1|7,6,-4.031438092650665
1|6|3|3|5,4,-13.131357946016147
5|8|4|1|2,4,-17.742782102403233
6|8|4|1|1,5,-13.235265
4|6|4|0|1,2,-4.5
0|9|1|1|5,1,-7.042338992614593
7|7|4|1|3,2,-9.288781104317739
7|7|4|1|3,5,-14.203830590556137
5|2|4|0|6,0,-12.267449183445146
2|3|3|0|3,4,-6.520101971325
4|4|4|2|3,3,-10.261719339875118
0|1|6|1|10,6,-6.143697934870494
6|7|2|2|9,2,-0.38600999999999996
1|3|6|2|6,5,0.6814806131999999
3|5|4|1|10,5,0.735
5|9|3|2|9,6,-2.6317500000000003
6|12|2|1|8,2,0.36
2|14|1|1|7,4,-15.560067853449528
4|15|1|0|6,7,-16.477134511046334
7|7|3|2|7,3,-14.79093727799448
3|5|3|3|5,1,-11.530715185101064
3|5|3|3|5,0,-8.65173542571052
0|9|3|3|3,4,-5.22168739377729
6|13|3|0|1,5,-11.97474
2|2|3|3|9,0,-9.334828375528271
0|5|5|1|8,5,-2.4145058203830145
6|2|5|4|7,1,-2.36925
1|7|4|2|6,3,-14.53358208337101
1|2|4|2|7,6,-11.41083305507249
5|7|4|1|6,4,-11.494837530027427
0|2|5|1|8,6,-12.562319865406497
7|9|3|3|5,1,0.755911351365
1|12|3|1|4,3,-7.340942496596242
0|5|3|1|9,6,-10.238365751093507
0|5|3|1|9,4,-11.53589383245823
1|2|4|2|8,3,-2.1122131093003116
4|8|4|1|5,1,-8.874594380099989
3|6|4|2|8,4,-0.4760506757833881
7|5|5|2|5,1,-1.1717950806411304
1|8|4|2|7,2,-4.463286318175423
2|5|5|1|3,5,-5.074212930870706
7|1|3|1|3,6,-25.538208006131008
2|3|4|0|7,1,-0.8926831451886205
4|2|4|0|10,2,-4.57546111275
4|2|4|0|10,1,-6.4286803557907914
2|9|4|2|5,4,-3.6964280667799225
2|4|4|2|4,6,-15.572532745732142
6|4|4|2|7,2,-5.462702236416295
5|2|5|0|10,2,-7.986567434721237
2|2|5|0|9,4,-6.815231723326134
7|4|4|0|4,5,-8.016418686086169
4|8|1|1|4,2,-4.607826494581235
4|8|1|1|4,1,-3.74714192015871
6|1|3|2|8,7,-12.770775233668077
3|4|4|2|5,0,-17.01963171634144
0|5|5|2|2,6,-1.143
4|3|4|0|7,3,-7.540518304096469
6|6|3|1|6,3,-11.741704001240917
6|6|3|1|6,0,-14.375826252903181
7|7|3|1|4,4,-10.749856306325881
7|7|3|1|4,6,-4.234402600809842
2|4|4|2|2,6,-8.0100098445
1|7|3|3|2,5,-12.524497939496115
2|4|3|3|3,4,-7.125292976642319
4|7|4|1|2,5,-9.478011801635464
4|7|4|1|2,0,-11.543551119
7|9|4|2|5,4,-0.8887896321212391
5|6|3|2|8,4,-10.100935072986102
5|5|4|1|3,2,-19.345325615582446
5|6|5|1|1,3,-7.65
5|6|5|1|1,1,-7.65
0|3|3|2|4,7,-16.22364521288688
0|3|3|2|4,4,-14.068692481061019
0|3|3|2|4,1,-14.238222887733574
0|3|3|2|4,6,-15.8088484684816
0|3|3|2|4,3,-15.47402687958144
3|8|4|2|4,6,-10.939282451052385
4|10|4|1|4,1,-2.1142101597165004
5|3|4|1|7,4,-13.364166897563518
5|3|4|1|7,7,-9.882223381626194
5|3|4|1|7,6,-11.889516559837377
5|3|4|1|7,2,-10.189588426871303
4|2|7|1|10,6,1.2975
6|9|2|2|9,0,-3.6969489767187516
7|2|3|0|3,2,-17.17027848759491
6|1|4|1|3,2,-9.12281154974746
7|5|5|2|3,0,-1.7534364726222131
5|5|5|2|2,0,-2.710715085
6|1|3|1|2,1,-19.606951642145628
2|8|4|1|5,7,-2.76416745337343
7|6|3|3|1,2,-13.235265
5|4|4|1|4,0,-20.899075813975898
5|4|4|1|4,2,-18.99992998195468
7|6|1|1|6,1,-9.84593612822002
6|3|2|2|2,2,-17.219155691533263
2|2|5|1|4,5,-6.0486255376683875
5|2|3|3|1,4,-4.5
0|3|5|1|6,1,-6.9589689362373495
6|10|4|1|3,2,-1.9380000000000002
2|10|4|1|2,5,-20.255358208098006
6|5|4|2|7,7,-2.2665383422725003
7|9|3|2|6,2,-3.731732728809
7|9|3|2|6,3,-8.456750614501154
4|6|4|3|3,2,-11.537128085424124
2|10|3|2|2,1,-14.103469160220332
3|1|3|1|3,1,-19.15261647413242
3|1|3|1|3,2,-6.732891895950001
5|5|5|1|6,1,0.8182499999999999
1|10|1|1|5,0,-17.94466122895625
1|10|1|1|5,2,-5.364531581058892
0|2|3|3|8,1,-6.982089679551307
0|7|4|1|4,2,-10.711767052380917
0|7|4|1|4,6,-11.953965752449875
7|8|4|3|6,2,0.735
2|12|3|1|5,5,-8.178267141666204
1|4|6|1|8,5,-2.665847663997984
5|4|3|3|5,2,-3.953240059398702
5|4|3|3|5,0,-7.882266937695173
4|7|3|3|3,1,-12.361217923056184
4|7|3|3|3,6,-10.994262950415557
4|7|3|3|3,7,0.1725
2|5|4|3|6,5,-4.30004860227075
5|4|6|1|7,6,1.0713483000000001
3|5|3|3|3,5,-11.47539547477802
2|6|3|1|10,6,0.5475
6|9|2|1|9,7,0.36
7|11|2|2|8,0,0.4572
1|14|2|0|6,4,3.0
0|6|5|1|5,5,-3.690595473278311
0|6|5|1|5,4,-1.8714075153339504
4|9|4|1|2,5,-8.413913971443666
4|9|4|1|2,6,-7.785257871835951
5|2|6|1|5,1,-0.6532713629378926
0|3|3|0|7,3,-3.7023444882421166
6|4|4|2|4,4,-15.477242519776427
6|4|4|2|4,7,-16.143147086336306
0|5|3|3|9,5,-5.9669523804245586
5|5|3|3|8,3,-5.031539816132165
3|8|3|2|7,6,-4.127352884639029
7|9|1|1|5,0,-9.44233847496282
2|5|4|3|8,7,-2.8071978764137397
7|9|3|3|7,3,-2.6317500000000003
3|12|3|1|6,5,-4.334273664683973
5|10|3|3|4,0,-5.158140000000001
0|13|3|0|3,1,3.0
4|1|5|0|10,5,-7.7236982132946
5|6|2|1|9,7,-2.4328010329899126
2|12|3|0|2,3,-4.7052987446952885
2|6|5|1|6,1,-7.649829394247848
1|11|1|1|5,2,-0.78407885215956
2|3|3|0|4,5,-0.4844345932499999
0|3|4|1|3,4,-18.53976378559501
0|3|4|1|3,7,-17.588104521533403
0|3|4|1|3,1,-12.997458197836998
3|9|4|1|4,7,-9.38841005807281
6|7|1|1|2,2,-13.622762200494451
5|1|5|0|7,3,-15.118184315772394
3|1|5|0|6,7,-11.307458757536237
0|8|4|2|2,5,-8.742305085000002
3|10|4|1|2,0,-16.523526788655
3|4|5|2|1,1,-7.65
0|3|4|1|10,1,-4.5804406615724
6|9|4|2|6,2,0.735
2|13|2|1|5,3,-6.821822801223755
5|3|4|3|6,2,-3.701015349658948
6|5|6|0|6,7,0.9082194602250001
3|4|6|1|6,5,1.11
5|10|1|1|5,0,-12.215118549001883
3|6|3|3|3,4,-10.248237399025932
0|4|5|1|6,3,-6.053809986138762
5|13|2|0|3,4,0.2847995999999999
6|5|1|1|7,0,-14.246005197212272
3|2|6|1|6,0,0.96266430885
7|7|4|3|4,1,-0.04375303256999996
7|8|4|2|5,5,-9.452527998264475
5|5|1|1|1,3,-14.792380691985
7|7|3|3|4,1,-12.42408139537844
1|10|3|2|3,6,-21.62429106631155
2|7|5|1|5,1,-1.0046924476183126
0|6|2|1|10,6,-3.7948696726859006
6|8|2|1|9,7,-3.8908628587627425
5|3|5|2|6,0,-4.404991916662738
3|11|4|1|1,7,-4.5
3|11|4|1|1,6,-4.5
2|5|3|1|4,3,-19.457728678326255
2|5|3|1|4,7,-17.229303080469542
2|5|3|1|4,6,-15.528729295026396
2|5|3|1|4,5,-16.788122900163238
2|5|3|1|4,1,-16.92529357014598
2|5|3|1|4,4,-17.584177119488015
2|5|3|1|4,0,-17.508847795103886
3|10|3|0|2,5,-6.642509950785166
0|7|3|3|1,5,-14.394695895
0|7|3|3|1,4,-7.65
0|7|3|3|1,7,-7.65
0|7|3|3|1,1,-4.5
0|2|4|3|8,4,-0.07905000000000002
0|3|3|3|10,3,-3.3239517
0|7|3|1|8,6,-3.2471962791592643
2|6|4|2|1,3,-13.7646855
6|3|4|0|6,5,0.7941502500000001
3|3|3|3|4,0,-15.400340498984109
2|1|4|0|4,6,-8.520322586298342
6|1|4|0|3,1,-9.80351258862829
4|4|5|1|3,6,-2.936614893510707
7|2|4|0|8,0,-9.513046483959357
7|2|4|0|8,6,-8.11108754632538
7|11|3|1|4,4,-12.692146421840292
2|6|5|2|4,7,-0.8168490450000002
7|9|1|1|3,0,-11.011977241973668
3|4|2|2|10,1,-7.477768821170764
3|4|2|2|10,7,-3.038467492274851
3|4|2|2|10,4,-4.751894335294678
1|6|2|1|9,4,-0.2905684770978071
3|11|2|2|6,5,-16.74096946648711
1|4|4|2|3,4,-10.291290597455292
4|6|3|3|2,0,-14.117737569174313
0|5|4|1|7,4,-5.9268451791489305
0|5|4|1|7,1,-7.000500114331067
2|4|3|3|5,4,-12.75354268115619
6|9|4|1|6,0,-0.3282728238272341
6|9|4|1|6,2,-3.147073568545571
2|6|4|3|8,5,0.3009649616988893
5|4|4|2|9,0,-5.3656245228067165
5|4|4|2|9,2,-5.62226353681909
0|4|4|2|8,5,-7.887367746684428
0|4|4|2|8,7,-4.158481530639396
1|6|4|2|6,6,-7.430632058009381
3|4|5|1|5,4,-6.711111219157163
4|6|5|1|1,3,-7.65
7|6|1|1|4,1,-10.380455479550394
5|9|4|1|1,3,-12.478950000000001
5|9|4|1|1,7,-11.3985
3|5|1|1|8,1,-13.553027947382638
1|2|4|0|6,4,-10.916113920190979
6|7|4|1|3,0,-14.093398313338719
6|7|4|1|3,2,-15.062347381616227
7|5|4|0|7,3,0.735
3|9|2|2|6,6,-14.553056420367302
6|8|2|1|8,5,-6.070567606915095
4|1|5|1|8,7,-10.206668398496449
3|5|3|3|1,6,-13.235265
5|2|3|0|6,3,-9.814693301095286
7|7|1|1|2,1,-13.315865122435318
4|2|4|1|6,6,-20.486590428857244
4|2|4|1|6,3,-10.868834947181046
2|3|5|3|7,6,-0.755062176919606
7|3|4|4|10,4,0.735
4|7|4|1|9,6,0.735
4|7|4|1|9,3,0.1725
6|11|2|1|8,7,-4.709714291676562
7|13|2|1|7,3,-7.4089722685497374
3|15|1|0|6,0,3.0
7|7|4|2|4,6,-9.628462618928879
6|7|4|2|3,2,-9.276775429888973
6|3|3|0|1,1,-11.3985
6|1|2|0|1,3,-14.988031160055359
1|4|5|1|1,6,-9.855
6|8|3|3|1,0,-14.394695895
6|6|5|1|7,1,0.5305070864472434
6|1|4|1|4,2,-6.066562955642656
6|4|3|3|4,0,-6.0317306993402955
4|3|3|3|9,3,-2.170104382114297
3|7|3|1|5,7,-16.13701811564052
3|7|3|1|5,2,-15.564998823842052
3|7|3|1|5,1,-5.2727587985659
7|7|5|1|5,2,-4.551299984644748
3|6|5|2|6,5,-2.81986192663254
1|5|4|3|1,0,-11.3985
1|4|3|3|6,3,-10.880173873267193
7|3|3|0|2,4,-1.518
1|2|4|2|5,3,-5.212597049493838
2|3|4|1|2,1,-17.606287625409173
2|3|4|1|2,7,-8.22028017
7|1|3|2|7,5,-10.73457488227085
7|1|3|2|7,4,-5.388111971878957
7|1|3|2|7,6,-4.282593102488678
7|8|2|2|9,1,-2.8545070333560396
7|6|4|3|4,1,-3.5110319573754745
7|9|3|1|5,6,-11.35181808836828
6|4|4|2|2,3,-10.447085050549616
1|3|4|2|9,7,-10.923778762159927
1|3|4|2|9,3,-6.450623456867557
0|9|4|1|3,2,-11.787399198876951
1|5|5|2|5,5,-5.919258362411868
7|2|4|2|2,5,-9.332315085000001
7|2|4|2|2,6,-10.70955
4|6|3|3|1,0,-14.8546664843895
3|5|4|3|3,2,-10.056199109999346
1|2|4|2|10,3,-5.162934900309513
7|3|4|2|8,1,-16.959349179575693
4|7|1|1|3,0,-11.173732669282128
5|6|4|2|7,0,-7.2557973698939024
6|14|1|1|3,2,-16.041253009158478
6|14|1|1|3,0,-7.453887247962083
3|9|3|1|5,4,-23.028820286871397
1|3|4|0|6,3,-6.9388635
3|7|4|1|5,0,-9.204518933980717
3|3|4|3|8,7,-2.31501
7|7|5|2|7,0,0.9225
0|12|2|2|6,3,1.1700000000000002
3|4|4|1|4,7,-15.01933101953381
3|2|3|2|2,5,-15.306718433946902
1|8|1|1|1,2,-14.8546664843895
1|9|4|1|4,3,-13.807672994531197
7|2|4|0|6,6,-18.137894668467684
7|2|4|0|6,3,-16.85876282211152
4|7|4|2|3,2,-7.831168816828396
6|2|4|1|2,7,-16.412983119793736
1|3|4|1|9,3,-9.969599320810666
2|10|3|2|7,4,0.5475
4|13|2|1|6,7,1.1700000000000002
5|4|6|1|6,1,0.262849755
5|3|5|2|8,2,0.4792425248139667
3|4|4|4|10,2,0.735
2|8|4|1|9,4,-2.744413149160526
4|12|1|1|8,1,0.09982286478311546
1|8|3|3|3,5,-7.4230049650669985
6|6|4|1|7,2,-10.020294753231632
6|2|4|1|1,0,-14.13527985
7|3|3|0|5,6,-6.878863950896303
1|2|4|2|9,5,-10.860864463194453
2|7|4|2|7,0,0.7734108000000001
3|3|4|2|9,6,-7.231260943871792
3|3|4|2|9,5,-10.221442878335402
5|10|3|1|6,4,-2.7477819886635
5|5|4|2|4,7,-14.462507676578744
0|5|4|2|8,1,-7.887130850745097
7|7|3|1|8,5,-11.258986860420002
4|8|4|1|1,5,-14.994135268427126
5|1|4|0|3,2,-18.18771893376436
1|3|4|2|10,0,0.8507330720737014
5|11|2|2|5,3,-21.729669099239644
1|3|3|0|7,7,-3.2252775145807977
2|13|3|0|2,0,-9.283650000000002
5|4|4|2|2,4,-13.7116281
5|4|4|2|2,3,-12.875857144155
5|7|4|2|2,7,-10.717079746641634
5|7|4|2|2,1,-3.4010215500000003
6|5|4|1|8,7,-4.914249337499814
3|11|3|2|5,2,-6.731566029510001
1|5|3|3|6,3,-8.791469902452999
6|4|4|2|9,4,-8.802328232621898
7|11|2|2|7,1,-12.625039422526203
4|4|4|3|1,1,-9.855
5|5|3|3|5,0,-0.4775848377067502
4|7|4|2|1,7,-13.235265
2|2|9|1|8,5,0.8076093909976652
0|1|4|1|5,3,-10.684727512613671
7|1|6|1|9,3,1.2075483000000002
5|9|1|1|7,0,0.25898775
5|7|4|1|2,6,-20.707754237920565
0|4|4|1|2,3,-6.124507093317002
0|4|4|1|2,7,-10.09943805
0|4|4|1|2,6,-6.092595
0|4|2|2|10,1,-10.247521688370732
0|3|4|4|10,5,0.9334500000000001
0|7|4|2|8,6,0.7550399999999999
0|7|4|2|8,3,-3.015
3|5|4|2|10,6,0.7993318710003816
4|2|3|0|3,3,-11.390483787201699
3|3|4|3|2,7,-3.94635
3|2|6|1|9,4,1.7009715564968793
3|2|6|1|9,5,-3.015
2|2|3|0|2,3,-15.7022658624
2|2|3|0|2,7,-13.7568771002085
1|1|5|1|10,2,-12.732881263452875
4|8|3|3|2,1,-12.659064
1|11|4|0|1,6,-4.5
3|3|4|1|2,6,-9.955734391650001
3|3|4|1|2,1,-9.280570009928462
1|1|3|1|1,5,-14.394695895
1|1|3|1|1,4,-14.5762871265
7|3|3|3|10,2,-3.358962731996225
4|7|3|1|8,6,-0.20148641000873746
6|4|3|2|10,4,-9.342012483034997
3|11|3|2|6,5,1.9244999999999999
6|14|2|0|4,7,-8.391016517445
2|14|2|0|2,1,-13.899663147516945
2|3|4|2|8,7,-4.441928192795324
1|5|3|1|7,5,-7.787252105780901
1|5|3|1|7,2,-6.751044571449035
1|5|3|1|7,3,-8.307170003097927
1|5|5|1|9,5,0.9225
5|10|1|1|8,1,-0.04345815000000005
0|13|2|1|3,2,-17.642453493344863
0|13|2|1|3,7,-20.326442958007906
6|5|5|1|5,0,-3.80733792665478
4|6|4|2|6,6,-17.428763736249692
5|3|4|0|7,6,-0.5911824677046236
7|4|4|3|6,2,-11.363022955076467
2|8|4|3|5,5,0.3014288773305
6|13|3|0|2,0,-6.49212
6|9|4|1|4,5,-3.0288940525494326
6|9|4|1|4,2,-3.6259951135499997
5|2|4|0|9,1,-7.371708111239453
0|6|4|2|3,5,-11.567764223265879
0|6|4|2|3,6,-10.855725826452886
0|6|4|2|3,7,-9.208065647893054
1|7|3|3|4,3,-6.163060807369654
1|7|3|3|4,4,-7.692106121040601
5|5|3|3|4,0,-9.614649311848838
2|10|4|2|2,7,-1.9334999999999998
5|6|3|3|2,0,-14.801689468019468
2|5|1|1|3,0,-12.895786712148508
2|7|3|3|3,3,-10.503910805687259
2|7|3|3|3,7,-6.25903811429685
6|7|1|1|1,1,-13.7646855
7|4|4|3|4,5,-9.417517331629583
3|2|3|3|8,0,-6.56530384136566
4|6|6|1|6,5,-0.36272817825256315
5|3|4|3|8,2,-6.414316762273815
3|7|3|2|9,5,-6.911385307769745
1|12|2|2|7,2,0.36
2|14|2|0|6,6,3.0
4|4|4|1|6,3,-11.201824903083947
5|3|4|0|8,6,-2.81655
5|3|4|0|6,3,-2.4200533786966383
3|3|5|1|9,1,-0.8370939910942574
4|11|3|2|2,6,-7.437692524155001
1|4|6|2|6,3,-0.3934508868477037
7|5|3|3|4,0,-6.380488627982059
1|7|3|3|6,0,-6.222330078367293
7|1|5|0|5,6,-7.18343486406969
7|4|5|2|3,6,-1.3573886945006106
1|10|1|1|6,0,-1.26966353528595
1|5|3|3|4,0,-12.119597710186857
4|2|4|3|8,7,-3.513307862923898
3|4|3|3|5,0,-11.548255326984311
3|4|3|3|5,4,-15.18292922820137
5|3|4|0|2,7,-4.8590215500000005
2|5|4|3|4,0,-2.902475328460616
5|10|4|1|1,1,-14.792380691985
2|1|4|3|10,1,-2.5863482456569997
7|6|4|1|1,5,-14.898266539072651
0|3|4|2|5,5,-10.665517282193134
6|12|2|2|3,0,-13.751523490503786
6|12|2|2|3,7,-9.659683170000001
1|4|5|1|5,3,-4.598844252288348
7|4|5|1|1,1,-9.855
0|6|5|1|3,4,-4.147128748217215
0|4|5|0|4,5,-0.003608972505000052
2|1|6|2|10,1,1.1565750000000001
4|10|3|2|7,0,-7.140484428022351
7|2|4|2|6,4,-1.2185294291064317
3|3|4|0|6,0,-5.562549707339245
2|7|4|1|4,5,-13.819795742544727
7|5|1|1|6,1,-20.03493321659561
5|9|4|2|3,0,-8.189775255
1|3|5|1|9,3,0.9225
1|3|5|1|9,7,0.1725
3|8|1|1|8,0,0.1725
0|9|2|2|7,6,-6.584879818194986
0|9|2|2|7,3,-3.3717881627616575
0|9|2|2|7,4,-7.881530013536834
3|8|4|1|4,7,-5.521530560078223
3|9|4|1|1,7,-14.13527985
3|9|4|1|1,0,-13.7646855
3|2|3|0|10,6,-6.651039889103719
1|12|2|2|1,2,-14.703400988550001
5|1|3|0|4,1,-26.57668318606661
5|1|3|0|4,7,-24.783838759324468
5|1|3|0|4,6,-25.486409986140593
1|4|4|2|9,4,-0.769715591510943
4|2|5|1|8,1,-16.60764215610143
1|8|1|1|7,2,-8.911666827479609
2|9|1|1|6,4,-4.306206288767848
3|5|1|1|9,0,-3.430686784321863
1|8|3|3|1,2,-12.478950000000001
1|8|3|3|1,5,-12.478950000000001
5|8|4|2|1,3,-14.13527985
5|5|3|1|10,3,-3.208023574562978
1|9|3|2|7,4,-16.195156439159792
0|3|4|0|5,7,-4.105061531064707
2|12|3|1|2,4,-14.015876501206801
2|3|5|1|5,6,-5.500449726765987
0|7|4|2|3,2,-12.434286716723067
0|7|4|2|3,7,-14.492637765293043
0|7|4|2|3,6,-7.205123904576187
1|2|6|1|10,7,-4.034766
7|8|3|1|9,2,0.6606705675
4|13|2|1|5,0,-18.912494463280478
4|1|4|0|7,2,-28.142337113254747
4|1|4|0|7,3,-23.024817827248043
2|1|4|0|2,7,-17.64356247183352
7|1|4|0|1,1,-13.7646855
4|4|4|1|9,2,-18.017847646231235
3|2|3|0|1,1,-13.235265
7|2|3|0|4,4,-10.79530018441152
7|2|3|0|4,5,-13.959353391243942
7|3|4|3|9,2,-2.6233002815860407
0|9|1|1|7,2,-1.9668616117721212
2|10|1|1|6,3,-7.571957949672413
5|3|4|2|5,2,-8.003593780604628
5|3|4|2|5,6,-3.8397066228293513
0|5|4|3|6,4,-2.257031770375861
7|2|4|0|3,5,0.45352500000000007
1|7|4|3|1,4,-7.65
1|1|3|0|3,6,-19.859803309030656
1|11|3|1|4,0,-28.37286686434579
3|2|5|1|7,0,-0.19545101239414503
6|8|4|1|2,1,-17.100852068623503
6|8|4|1|2,7,-13.913723933368676
6|8|4|1|2,4,-14.041986166465522
6|6|4|3|4,0,-2.06816743737914
4|7|4|2|7,1,-9.001636773260838
5|4|3|3|4,2,-3.864347990583234
3|2|4|0|5,6,-13.568092270077878
5|10|1|1|1,1,-12.478950000000001
5|10|1|1|1,6,-4.5
6|4|4|3|6,2,-2.844795842939873
6|4|4|3|6,0,-1.7245569813116008
2|8|5|1|5,3,-0.049010156550000024
7|6|4|2|4,1,-11.391005221294213
7|6|4|2|4,0,-3.184757413515228
6|5|4|1|4,0,-17.463602081802787
6|5|4|1|4,2,-17.805468355118535
6|5|4|1|4,7,-11.848094915302665
3|5|4|2|6,4,-10.446306191403988
5|4|4|3|3,4,-14.848715428379341
6|7|3|1|6,2,-17.835057864298427
5|1|4|3|10,1,0.735
1|5|5|2|9,0,0.9225
0|10|2|1|8,2,-1.0279904328123477
1|13|2|0|5,4,-1.5698788353539999
0|1|7|1|10,2,1.431075
2|8|3|2|9,5,0.55575
5|11|2|1|8,7,-0.6160022929887692
3|1|4|2|9,7,-9.978483548167713
2|6|1|1|7,1,-5.446221625049612
2|6|1|1|7,0,-5.406678363082059
4|1|6|1|8,6,1.3106775
4|1|6|1|8,3,-3.015
5|1|5|1|9,1,-13.254589827692397
1|1|5|1|8,2,-9.214089204389179
1|1|5|1|8,3,-8.765005693437802
3|6|5|2|2,4,-4.231845
7|5|3|3|3,1,-9.660898710849477
7|5|3|3|3,4,-11.969572837500001
7|5|3|3|3,2,-6.008238523500001
7|5|3|3|3,3,-4.95657
4|3|6|1|6,5,-0.5493649877520336
0|2|4|0|5,1,-13.349985116948508
2|2|3|2|1,5,-14.703400988550001
4|1|5|0|9,3,-11.219613674042218
3|4|4|2|7,4,-9.359615896026583
3|4|4|2|7,6,-11.204774205205881
6|1|4|0|4,7,-17.867947207907793
6|1|4|0|4,2,-12.795445785806315
6|1|4|0|4,4,-15.992994556472059
6|1|4|0|4,1,-5.189059588425993
3|5|6|1|4,0,-0.1681392546899999
0|2|3|2|2,4,-4.7860665000000004
0|2|3|2|2,5,-6.384316500000001
5|4|5|2|9,2,-0.11413031436290194
0|3|4|2|3,4,-6.853032721180685
5|2|4|2|1,0,-9.855
0|6|4|3|4,4,-9.823921608069135
1|2|3|0|8,3,-23.887319714579775
6|7|5|1|3,5,-8.453301469871851
6|2|3|2|4,7,-22.521939044136655
6|2|3|2|4,0,-11.791443355332092
5|9|5|1|5,4,0.09428350499999998
2|4|5|3|8,4,1.19325
4|9|4|2|7,3,-3.7045699276256108
1|6|1|1|5,3,-11.582410854082976
1|6|1|1|5,4,-11.588253327593975
4|3|5|1|3,0,-2.450054382426315
7|4|4|2|1,3,-9.855
7|4|6|1|10,0,1.11
0|10|2|1|9,5,0.5164378566310945
5|12|1|1|8,0,-2.2506321525569586
3|4|3|3|8,2,-10.79555316277822
4|3|4|0|2,2,-5.3036906445000005
7|3|5|1|4,6,-6.78610106082124
6|6|5|1|4,1,-7.033578702410123
6|6|5|1|4,5,-3.6936261170102367
6|2|4|0|10,5,-3.583868772187994
5|6|4|1|9,1,0.7941502500000001
5|3|4|0|1,4,-4.5
5|1|6|1|10,2,-3.2199878142372773
5|1|6|1|10,0,-6.49217243476928
1|9|4|1|5,3,-4.2750679970820205
1|9|4|1|5,4,-3.5116617431234554
2|1|3|2|7,4,-13.091617109872553
2|4|6|1|2,5,-2.46352155
2|1|4|1|3,3,-3.9911444033250003
4|3|4|3|10,7,0.735
7|7|3|2|9,5,-2.2275187420290368
5|10|2|1|8,6,-5.283994963615478
6|12|1|1|7,0,-1.0964119825984804
6|2|3|2|3,5,-8.439876972582738
6|2|3|2|3,7,-9.050363937579101
6|1|7|3|10,5,1.2975
5|8|3|2|9,0,0.5720615822232117
3|6|4|1|4,1,-16.203754311743147
1|4|2|1|10,3,-16.031652359150016
6|8|4|2|7,5,-6.835736506644954
7|2|3|1|1,1,-14.998591877949353
7|2|3|1|1,4,-14.898266539072651
7|2|4|0|10,1,-5.590974032657044
6|4|4|1|7,3,-18.281030418587925
0|9|3|3|5,4,-3.2416532704779
6|8|4|1|5,1,-7.733597730803592
3|7|3|3|4,4,-0.8015175644365501
5|1|3|0|5,3,-21.476085293443507
5|1|3|0|5,7,-17.002868374513692
5|1|3|0|5,1,-16.907639530640793
5|1|3|0|5,0,-15.576493193556763
5|1|3|0|5,2,-18.429591180112418
5|1|3|0|5,6,-17.564018649104693
4|9|2|2|4,0,-15.638318481866804
4|9|2|2|4,5,-16.46928671566713
3|2|4|2|2,0,-6.745187524155001
0|2|4|2|3,1,-7.4411615782120855
0|4|3|3|6,3,-6.2014146501303795
7|8|4|1|7,5,-0.704067349276747
1|1|2|2|6,5,-18.509312104635868
6|2|4|1|3,0,-7.984142861851741
3|3|5|3|7,0,-1.8468184991113001
7|6|4|1|8,1,-0.4341304212145326
1|10|1|1|7,0,-7.239472463592237
5|5|4|3|8,2,0.735
2|9|4|1|7,3,-4.8014754379144495
6|2|5|1|9,7,-15.752021293032065
5|8|3|1|7,4,-1.8630065777113907
0|6|6|1|6,7,1.1772727351949999
3|4|4|1|9,2,-16.178503858493364
2|8|4|1|8,4,0.8321999999999999
5|6|2|2|9,2,-1.120605448815386
7|1|4|0|3,4,-18.429112622202346
0|5|5|1|5,2,-16.31574870362875
1|3|5|1|5,5,-5.56796944382528
0|6|5|1|1,4,-7.65
7|9|3|2|7,4,-11.077972947661708
7|9|3|2|7,1,-7.96110867486693
4|1|3|0|5,6,-31.7632341595464
4|2|3|2|1,7,-4.5
6|8|5|1|1,1,-11.3985
6|8|5|1|1,3,-7.65
1|3|4|2|2,5,-7.68135
5|7|4|1|1,7,-14.394695895
7|4|4|2|5,0,-13.283339775868301
5|4|4|0|5,0,-0.3263344047093002
6|6|4|3|3,2,-1.5846824550000003
3|9|4|0|5,1,-0.799364410419
6|3|5|1|3,0,-6.780668572050647
3|1|4|1|2,1,-2.83852155
0|2|3|3|10,2,-6.229109100624391
1|3|5|2|2,4,-1.73835
6|4|5|2|7,0,-2.6862609919094576
7|8|5|1|4,1,-0.9711095903400001
3|3|3|3|6,1,-10.4636046334981
2|3|4|2|5,7,-5.748199746701828
0|11|3|2|3,2,-7.000499979235501
4|1|4|1|6,2,-9.23116439423345
4|1|4|1|6,1,-3.015
3|4|5|2|3,6,-1.0326496499999995
0|4|4|2|7,4,-12.524284870568785
5|4|4|3|7,2,1.4336939352
2|8|4|2|6,0,-0.03119823856111925
7|1|3|0|4,3,-20.871266109143114
7|1|3|0|4,2,-20.0794955603171
7|1|3|0|4,0,-23.397010984496184
7|1|3|0|4,5,-21.356499708528478
4|7|1|1|6,0,-10.390080492758276
2|3|5|2|7,4,-5.205794415922663
6|6|1|1|1,2,-14.394695895
6|5|3|3|1,2,-11.3985
4|9|4|2|4,1,-6.273755771232865
7|2|4|1|4,0,-21.724508531205615
6|8|3|3|3,0,-15.758350618891619
6|8|3|3|3,3,-3.47568775156524
0|9|3|3|2,1,-4.8582652500000005
1|12|4|0|1,2,3.0
1|7|5|1|2,3,-5.738566500000001
0|4|3|3|7,1,-11.779281285503572
7|13|3|0|1,1,-2.3999999999999995
0|4|5|2|5,2,-3.579097199869177
6|3|4|2|3,5,-1.5528940414500005
4|5|4|1|10,1,0.735
1|9|3|2|9,5,-2.44461975
6|12|2|1|7,3,-2.9466862001935326
7|5|4|3|7,1,-3.6079344064774848
2|10|4|1|1,7,-14.5762871265
3|4|3|3|6,4,-8.70587283759679
1|5|5|2|2,6,-3.8151
3|2|5|0|10,7,-1.7695073250000002
7|7|3|1|9,5,-2.6185226496750005
7|7|3|1|9,3,0.6001217601727048
5|4|4|0|3,4,-3.7127526310650003
6|10|3|2|5,3,-7.013278900716722
0|6|1|1|8,1,-7.2836030529556535
0|6|1|1|8,3,-5.822117381800945
0|13|2|0|1,4,-4.5
3|4|1|1|3,2,-17.15756858648288
1|4|5|1|4,4,-4.975650178746457
1|4|5|1|4,3,-3.015
5|5|4|3|7,7,-0.03971835817499993
7|6|4|2|6,0,-10.638220168825063
7|6|4|2|6,1,-8.416177139740917
7|6|5|1|5,1,-4.687382121657194
6|3|5|1|8,0,-5.510938206388079
3|5|4|1|1,4,-13.7646855
3|5|4|1|1,2,-12.478950000000001
5|4|5|2|8,7,0.8676528460199768
3|5|4|2|2,6,-12.795281862659012
4|1|4|3|10,7,-3.019574325
7|10|3|2|5,0,-10.454034921739934
5|5|4|1|5,6,-3.042715136622623
3|5|4|1|8,4,-9.976609290423138
5|6|5|2|7,6,0.9225
6|11|3|1|6,3,-0.8114985168820801
3|3|4|1|7,2,-17.64232187659195
3|3|4|1|7,1,-6.823906224564409
3|3|4|1|7,6,-6.791992411884088
4|7|3|3|5,1,-6.138275760305822
4|7|3|3|5,5,-6.618197892281338
0|3|5|1|1,5,-4.5
3|5|4|1|3,1,-16.879101391119978
0|1|3|0|5,3,-27.7618134189163
0|1|3|0|5,5,-26.7103812375616
0|7|4|0|3,2,-1.0438653000000002
1|4|4|3|10,3,0.735
3|8|3|3|9,0,0.5475
0|11|3|1|8,5,0.5475
5|14|1|1|7,1,-11.72740632347703
4|7|4|3|6,1,0.8828250000000001
3|5|4|1|7,7,-8.903497482645683
1|2|4|0|8,6,-11.650101191299298
2|7|3|3|8,0,-1.52925075
0|10|3|1|7,5,-2.46445327062735
3|7|5|1|8,5,1.09862235
6|9|1|1|1,1,-14.394695895
1|2|5|1|7,4,-13.140025014468621
1|2|5|1|7,5,-14.189808272632792
2|2|4|2|6,3,-1.270609580827368
6|9|4|2|2,0,-10.6230755595
1|5|3|3|3,3,-11.815072318901802
1|5|4|2|4,0,-14.565519503865907
0|6|5|3|2,2,-0.29249999999999987
0|5|2|2|10,1,-3.494233567541992
1|7|2|1|9,6,-1.6506735742567982
6|9|1|1|8,0,-0.04095991690770634
0|10|1|1|7,1,-2.8961134200553964
0|8|1|1|7,2,-9.569698423354351
2|8|1|1|6,1,-11.914215408553945
5|4|3|2|10,4,-3.195718913370175
7|9|5|1|7,6,1.340865
3|4|4|2|8,4,-12.10824815536245
2|4|5|2|2,6,-2.4468165000000006
2|5|5|1|2,3,-9.361119000000002
5|6|5|2|6,4,0.425484
4|1|5|1|4,3,-2.5165742031975
4|3|4|2|8,7,-9.38185368725745
4|3|4|2|8,6,-8.609926972078407
2|8|3|1|8,7,-0.11856383006184734
5|6|3|3|3,3,-10.051923723385359
1|5|4|3|2,5,-0.7350650850000003
5|6|1|1|1,1,-13.7646855
7|1|4|1|8,4,-14.499651803492018
1|3|7|2|9,3,2.4313969326000002
2|1|5|2|10,5,-8.130825279
5|6|3|1|9,4,-5.087702162632879
5|1|3|2|9,6,-16.02569067461895
7|9|4|2|1,0,-11.3985
2|7|4|1|7,4,-6.718445483479345
3|4|4|3|8,2,-2.0221185112929563
7|4|4|3|1,6,-4.5
3|4|4|2|6,4,-14.403871002503
7|7|4|2|2,0,-20.10828791438906
4|3|4|1|9,6,-14.121508070512043
0|2|6|1|4,3,-0.71485695803678
4|6|5|1|3,6,-5.946259546575391
0|3|6|1|9,4,1.1565750000000001
6|9|4|2|1,4,-11.3985
7|6|4|1|10,5,0.735
5|10|2|1|9,3,-1.3899220892584614
3|10|2|1|8,2,-0.06600948844851907
2|4|3|3|9,0,-5.388571687414698
5|11|3|2|3,6,-6.670496321482982
5|11|3|2|3,0,-6.66662513175
5|3|4|2|4,1,-11.486279478091
2|1|3|1|1,1,-9.855
1|6|3|1|8,3,-8.289808184115182
5|9|1|1|6,0,-1.6106403915087752
5|2|3|0|7,2,-11.961116428529389
0|3|4|2|7,6,-5.243928790553658
0|10|3|3|3,2,-0.9261750000000004
6|1|5|2|10,4,1.070325
6|1|5|0|4,4,-6.165297323283586
2|7|6|1|6,6,-0.8972377054935
3|3|4|0|1,6,-4.5
6|1|2|2|6,5,-10.956247083974485
5|7|5|1|4,6,-2.283165959601645
1|5|3|2|10,3,0.6775983
0|9|3|1|8,4,-5.8296778719751785
5|1|4|1|7,6,-15.821007919065522
2|2|4|2|8,4,-6.973980443150484
5|2|5|1|7,6,-6.776955040234345
3|7|4|2|2,6,-12.722138209004044
1|12|2|2|5,0,0.84320955
0|5|3|3|5,2,-15.756122308855986
0|5|3|3|5,4,-16.85403839622881
7|7|5|1|1,0,-9.855
6|4|4|2|5,3,-10.277017697200113
6|5|4|1|10,4,0.8447752500000001
7|5|6|1|2,2,-4.0838420595
2|8|5|1|2,0,-4.23
4|1|2|2|8,3,-18.9563904422228
4|1|2|2|8,5,-19.12349445401214
4|1|2|2|8,0,-15.156998786454773
1|6|4|3|1,7,-11.3985
0|4|5|0|6,1,-0.1878751188997385
0|3|4|3|6,1,-5.707552396501669
7|2|3|2|5,3,-19.647343646018737
7|5|4|1|6,6,-14.640416902080627
7|5|4|1|6,4,-12.73129944550769
7|5|4|1|6,0,-7.995737043791609
7|6|1|1|2,3,-12.545053309770434
7|6|1|1|2,5,-14.3639763945
7|6|1|1|2,6,-3.4010215500000003
5|5|1|1|10,0,-1.1955776612925038
1|6|5|1|2,3,-8.129473275049616
6|2|7|1|10,4,-2.004951338805
7|1|4|1|4,4,-11.792016644631062
1|1|6|2|10,4,1.0539200549999999
6|9|4|1|8,1,-0.17431626740181919
5|4|4|1|2,3,-10.162258046078463
4|1|4|1|7,2,-15.565330649821693
4|1|4|1|7,6,-18.1635435829242
3|2|5|1|8,7,-0.03248861500316119
5|3|6|1|1,6,-4.5
1|6|3|2|9,3,-4.89146377846128
3|9|3|1|8,5,0.5072179305
6|5|4|3|3,2,-8.041806582541092
3|3|5|2|6,4,-2.3677838568356755
4|8|5|1|6,1,-0.31533034654028536
1|12|3|1|1,4,-14.8546664843895
6|2|4|0|5,1,-16.96249033369444
1|3|3|0|3,6,-3.9977804789218503
2|4|5|2|8,4,0.4699941475796751
4|9|3|1|7,1,-16.323394901619128
4|9|4|2|6,6,-7.041049896296752
6|5|4|2|5,7,-10.386079944731273
6|5|4|2|5,3,-8.497727224477117
7|5|3|1|10,1,-0.1669574949000001
5|9|2|2|7,2,-11.491206079471958
5|9|2|2|7,6,-9.20260710689681
4|5|4|2|5,6,-12.604535762624304
7|1|2|2|9,0,-14.93095386837697
7|7|3|3|1,2,-13.235265
7|7|3|3|1,1,-4.5
3|8|3|3|5,1,-11.449043670000101
1|11|3|2|4,4,-7.7457784603433995
1|11|3|2|4,5,-4.816034006800405
1|5|4|0|1,4,-4.5
7|5|6|2|3,1,-2.6480762651727012
4|10|1|1|5,1,-4.193095856577328
2|5|5|1|1,1,-14.5762871265
2|2|5|0|8,7,-3.4105575673498594
1|4|5|3|6,2,0.14105250000000005
4|9|3|3|3,5,-2.1545297147977953
6|2|5|1|8,1,-5.637044781095182
6|2|5|1|8,2,-8.247468232788611
2|11|2|2|5,0,-7.088339212364364
4|7|4|1|4,7,-14.821572250144214
0|6|4|1|8,6,-2.6770714423093698
4|3|3|0|10,1,0.07123862999999997
2|7|4|1|8,5,-0.7860391799402406
3|3|5|2|9,0,1.12473675
6|3|4|1|1,2,-12.478950000000001
6|3|4|1|1,1,-12.478950000000001
6|3|4|1|1,4,-9.855
1|3|4|1|5,5,-15.567570238315014
1|3|4|1|5,7,-15.289313480002802
1|3|4|1|5,3,-14.093224937185624
6|9|2|2|7,3,-8.908849704205181
3|2|6|1|10,4,-1.6497734202547498
7|10|4|2|2,3,-8.9851665
7|2|6|1|9,4,-5.228288439527716
4|8|4|1|8,2,-3.6978187266519917
4|6|4|2|8,1,-4.0797617753775555
6|1|3|0|4,1,-32.40059155696123
6|1|3|0|4,7,-24.380065419633553
1|1|4|1|6,5,-12.952003693293134
0|3|4|3|7,2,-0.8512917818901329
4|4|5|2|4,0,-3.105410010481482
3|1|5|0|8,7,-10.395782058974623
3|1|5|0|8,2,-10.068995116936948
7|10|3|3|4,3,0.5475
3|13|3|0|3,5,3.0
3|13|3|0|3,7,3.0
2|2|3|0|10,1,-23.86485791512943
2|8|5|1|6,5,-1.0718511390000003
2|4|3|3|2,0,-16.509328926900004
4|4|4|1|1,5,-14.13527985
7|2|4|2|4,3,-10.236630479785731
6|8|4|2|2,4,-12.831534302817001
4|5|3|3|5,0,-11.7232753604452
4|5|3|3|5,5,-4.513552857065852
3|6|3|3|5,5,-16.590920967921015
1|2|5|1|3,7,-4.11916095577569
7|3|4|0|2,3,-3.275759950785165
7|3|4|0|2,2,-3.015
7|3|4|0|6,3,-1.8127441418461383
5|4|4|3|8,3,-4.897444748393389
5|11|3|2|4,6,-5.001907834230001
1|9|3|3|1,6,-12.478950000000001
0|1|3|2|7,6,-6.2726943422759325
0|1|3|2|7,2,-5.679064936260184
0|1|3|2|7,7,-7.951480171050198
2|10|3|3|5,0,-3.4457999999999998
0|13|3|0|4,3,-0.10500000000000043
1|10|4|1|1,5,-13.235265
6|6|4|3|5,0,-11.374750350191434
1|1|6|1|8,4,-5.30974211233951
4|7|4|3|7,1,0.6341742781864174
4|7|4|3|7,7,-3.7235685571969177
7|13|3|0|3,3,-9.119426879999999
0|4|4|1|5,6,-19.348940986931655
2|1|7|0|10,4,-2.02436782005
6|11|3|2|6,7,0.5475
7|14|2|0|5,2,-8.848961312563302
7|3|5|1|1,0,-4.5
5|5|3|3|7,2,-4.452649815320138
2|8|3|3|6,3,-7.177554991971438
4|7|4|3|2,0,-2.72821839165
4|4|5|2|9,5,0.9225
5|9|3|1|8,3,0.315853990725
6|1|3|2|6,7,-8.503994857638729
1|4|3|2|10,7,-6.343834906211133
7|3|3|3|9,5,0.6173575110074999
7|3|3|3|9,1,-0.4250243104940306
0|3|5|1|2,1,-15.544319649150001
1|6|6|2|2,4,-2.2593165
2|3|6|2|5,3,-0.16760788133054996
7|6|5|1|2,0,-5.527322524155
1|10|3|2|2,4,-14.27661947331
1|10|3|2|2,2,-15.217845567927153
7|4|5|3|7,2,1.070325
4|9|3|3|4,3,0.5475
3|12|3|1|3,6,-10.812079502286046
3|12|3|1|3,5,-10.212878082496593
4|6|2|2|10,0,-0.9356188412913927
5|1|5|0|9,0,-10.258858355949009
5|12|2|2|5,0,-0.7555736421000002
6|2|5|2|9,0,-2.1318325102565066
6|2|5|2|9,5,-3.587198624181379
5|3|5|2|9,7,-0.4002211343567568
2|6|4|1|2,0,-19.022045313989757
2|6|2|1|10,1,-2.895195707783502
1|8|3|2|9,5,-3.9722721126880756
5|11|2|2|8,6,0.36
6|13|2|1|7,7,0.33164999999999983
4|5|3|3|7,1,-12.382823234143927
1|8|4|2|6,2,-7.318909182451028
1|2|4|0|4,2,-14.297684883030424
6|5|3|3|5,1,-13.029678426864773
4|3|5|3|7,1,0.6312319267823084
0|2|4|0|7,7,-8.351331142569212
0|2|4|0|7,4,-8.62148432856651
3|6|5|1|7,0,-4.248651948114174
2|4|4|3|1,6,-11.3985
6|7|5|2|2,0,-1.9023475241549999
6|6|6|2|4,1,-1.250096922645
7|2|4|0|9,2,-4.44718881511975
2|6|4|2|8,0,-0.3571492822876908
2|5|5|2|6,7,-1.2274680685364028
1|5|3|3|8,2,-7.226594791097621
2|8|3|1|7,6,-8.120736902680814
0|12|2|2|5,4,-4.075400261079001
1|3|3|3|4,6,-3.1336871821199503
1|3|3|3|4,4,-2.83622895
6|4|5|1|9,0,0.46315049107029227
3|10|4|1|7,4,0.6206261103226501
2|2|5|4|10,6,0.9225
6|7|4|3|9,4,0.735
4|11|3|1|8,2,0.5940749999999999
3|3|4|1|10,4,-13.441196434217023
5|3|4|2|10,1,0.38035220890407045
3|5|4|3|6,0,-0.1907620475396261
4|2|3|3|6,2,-8.317239971747503
2|5|4|3|2,5,-12.402449209155
6|6|3|3|7,5,-4.73718144513726
5|5|5|1|1,0,-9.855
6|2|6|1|6,1,-0.0844186514289332
4|4|4|3|8,3,-9.094009290667485
6|3|5|1|7,3,-8.201285012915658
0|10|1|1|5,5,-5.056575775236642
2|7|5|1|3,5,-0.5603577225
5|2|5|1|6,0,-12.770040172455522
5|2|5|1|6,6,-6.503594865385516
4|3|5|2|9,3,0.8926205012512662
1|9|4|2|5,5,-0.8407534473483604
0|5|2|1|10,4,-6.320859645916889
3|8|4|1|8,5,0.87562680135
0|1|5|1|8,5,-9.873915059661856
7|5|5|2|8,2,0.8253631800000001
3|12|2|2|2,4,-13.556252187000002
3|2|4|0|7,7,-16.3052960679612
7|5|5|1|5,6,-3.40911412035835
4|3|4|2|1,3,-7.65
4|7|1|1|5,0,-4.180140721633165
5|8|5|1|3,7,-6.0386150765680355
4|5|5|1|4,0,-8.224265577060262
4|1|2|2|7,3,-18.750481705118435
6|5|4|0|4,1,-3.7507570946905604
3|4|4|1|7,0,-9.69721699016571
3|4|4|1|7,5,-8.394918317956638
5|6|4|2|5,7,-9.428018573768348
4|6|1|1|2,0,-5.196004924928463
4|6|1|1|2,2,-5.781736635000001
5|7|5|1|2,4,-4.8391631157327275
5|7|5|1|2,3,-8.2017632669085
5|7|5|1|2,2,-5.67585
1|1|3|2|8,6,-11.242804165368817
6|8|4|2|4,4,-1.3635537049288842
6|8|4|2|4,1,-7.149395183421775
3|5|4|1|2,5,-6.38706789165
3|5|4|1|2,2,-9.3656333519085
3|5|4|1|2,6,-6.901567891650001
2|3|4|3|5,1,-5.62348024055914
0|7|3|3|6,5,-1.6150758902059887
6|5|1|1|10,0,0.24531899999999998
7|6|1|1|8,0,-2.673615109694269
2|5|5|2|4,4,0.09203693700456606
1|3|3|3|5,0,-9.661058341719848
0|4|3|3|4,5,-13.771664858882735
5|8|4|3|1,1,-4.5
5|2|6|1|10,4,1.11
4|8|2|1|9,7,0.36
7|10|1|1|8,0,-3.3409969532825303
7|3|6|2|4,2,-1.5640401250500007
1|2|5|2|4,6,-0.3049463024162871
1|11|4|0|3,5,-3.206673581664113
2|2|3|0|9,7,-8.044895402783538
0|2|5|1|5,7,-8.411039086412881
0|2|5|1|5,5,-7.322264028147977
0|2|5|1|5,4,-3.7657772192702246
4|3|3|2|2,2,-15.414791246591447
4|3|3|2|2,5,-14.835708083817002
2|3|6|2|4,5,-2.051453699392919
6|9|4|1|3,1,-5.09416811238
6|9|4|1|3,2,-5.8349076683218275
3|3|5|1|4,2,-6.969327575534338
3|3|5|1|4,7,-4.058512607451216
1|3|4|2|8,3,-0.8420854459754089
4|6|4|2|5,5,-7.050551109242239
4|6|4|2|5,7,-10.120095044574978
2|10|3|3|2,1,-2.6317500000000003
1|13|3|0|1,6,5.1
2|1|5|0|10,0,-15.09389423992737
3|8|5|1|1,4,-9.855
3|7|4|2|1,7,-12.478950000000001
3|7|4|2|1,1,-9.855
3|5|3|2|10,2,-4.083548972424941
5|3|4|0|5,2,0.27599099562825
6|6|4|0|1,7,-4.5
7|4|4|3|8,2,0.9124643175
6|2|6|1|8,4,-4.965032423963876
7|3|4|1|4,0,-14.264699346819006
7|3|4|1|4,3,-14.114218101215833
7|3|4|1|4,2,-12.741394560613136
7|3|4|1|4,1,-3.1137427047825033
3|10|2|2|7,2,-10.78428888666109
3|13|3|0|2,2,-9.2414301
5|8|4|1|4,1,-5.406941526550123
4|2|4|1|3,0,-15.487203251286449
4|2|4|1|3,7,-0.6415500000000002
7|13|2|0|1,0,-7.65
7|5|5|1|2,5,-3.6402915
5|7|4|2|8,0,0.657619657725
0|11|3|1|7,3,-0.6768031492352469
3|7|4|2|7,7,-2.446586297777018
3|7|4|2|7,4,-5.91155196071227
0|2|5|2|8,2,-4.832264926839363
6|1|3|2|7,2,-13.500087222831482
2|1|4|0|6,5,-26.242521551921683
4|2|3|0|10,0,-21.591483866437194
5|5|5|1|7,2,-2.528162800612043
5|5|5|1|10,6,0.9225
6|10|1|1|9,0,0.1725
0|11|1|1|8,1,0.1725
1|12|1|1|7,2,-2.284521655508917
6|4|3|3|8,0,-6.458819118308219
5|9|3|3|6,1,0.5475
1|12|3|1|5,7,-4.4071695086443
1|5|4|2|8,4,-4.384260096826921
2|6|3|3|9,7,-2.9394922044456826
0|9|3|2|7,4,-3.8877598682551824
0|6|5|2|4,1,-3.2142939302072833
4|2|5|0|7,7,-0.504519558538065
7|7|1|1|6,0,-5.025195707649332
2|4|4|1|10,3,-4.435679624136401
4|10|3|1|7,1,-5.520911108271204
3|2|5|1|6,0,-3.761431196384626
4|12|3|0|1,7,-4.5
1|8|3|3|2,2,-10.594054764000001
0|1|2|1|1,5,-14.96510542290192
0|1|2|1|1,3,-14.96510542290192
2|6|1|1|9,0,-0.6786387333914307
3|9|1|1|6,1,-5.091891227712094
6|13|2|0|2,5,-2.02302
7|4|1|1|1,2,-14.703400988550001
1|9|3|3|8,6,0.6953250000000001
6|6|5|2|7,4,-0.13286668738055799
4|5|4|0|4,6,-5.940028474757998
3|6|1|1|1,2,-13.7646855
3|6|1|1|1,1,-7.65
0|4|3|3|1,2,-13.7646855
0|4|3|3|1,6,-13.235265
0|4|3|3|1,1,-4.5
0|4|3|3|1,3,-4.5
0|4|3|3|1,4,-4.5
3|5|6|0|2,1,-2.825597524155
0|7|5|2|3,4,-0.7060455050152952
4|8|3|3|4,0,-10.26166109455688
6|3|5|2|7,5,-1.1649070579208178
4|2|4|2|4,0,-2.563886983421972
0|8|5|1|3,2,-0.6867472499999999
4|6|4|1|8,7,-6.184532438221606
5|6|5|1|5,2,-0.23900767237731232
2|4|5|1|9,3,-0.7766461594064318
5|5|5|2|8,1,-0.5636850842285421
4|11|2|2|6,0,-19.68104296230389
4|6|1|1|10,0,-0.35076000000000007
5|6|5|1|8,6,-0.2175118143665173
6|4|5|2|4,0,-5.160346706711061
6|6|1|1|7,1,-9.309480487664771
1|7|4|1|3,2,-9.420892654319118
4|2|4|2|7,5,-6.400376395191991
0|8|4|2|5,2,0.15088197858000002
4|6|4|3|4,5,-5.588415263698103
7|2|4|2|10,0,-6.1732542532221135
4|1|4|0|2,1,-14.898647343870682
7|2|3|2|2,6,-9.73006456665
5|3|6|1|6,2,-1.645176247002523
0|4|6|1|5,1,-1.5151218535165298
5|1|5|1|7,3,-4.759494906556486
5|1|5|1|7,0,-3.604182172034488
0|1|4|3|10,1,0.735
1|5|4|3|9,4,0.735
4|9|3|2|8,5,0.26347545106305
7|3|6|2|9,4,1.137
4|9|2|2|8,0,-5.792136632026919
3|1|3|3|10,2,0.7741643611433947
3|4|5|1|8,7,-4.811349029450947
3|4|5|1|8,4,-2.7022281000146
7|9|2|1|7,1,-5.621896531724787
2|3|5|1|6,1,-1.923451832804574
3|7|3|1|8,6,-7.753538300083676
5|3|4|2|3,4,-7.899356001638142
0|3|3|3|1,3,-4.5
5|2|4|2|5,3,-3.9199045737645
1|2|4|2|2,6,-7.707901119000001
3|6|2|2|10,1,-1.1338223725003975
5|2|4|3|6,0,-1.0245655028908378
0|5|4|3|7,3,1.1995615695873696
2|9|4|1|5,6,-3.941418686098395
3|9|4|2|5,5,-1.8501185381198526
2|2|5|2|10,1,-2.5519509566033585
5|10|3|2|7,0,-3.066309199578388
0|13|2|1|6,3,-9.78833265043396
2|9|4|1|3,5,-7.9922152728314995
6|5|3|1|10,5,-5.80263951860012
5|8|1|1|9,1,0.1725
1|9|1|1|8,0,0.09506690430301439
6|5|4|0|3,5,-5.484735000000001
5|5|4|0|2,0,-3.94635
4|1|3|2|6,7,-8.903838351856113
4|1|3|2|6,6,-10.891072954427187
7|4|3|3|1,0,-11.3985
1|4|4|1|9,2,-5.757000107218902
4|9|4|3|1,2,-7.65
2|2|5|0|10,0,0.62245413
5|8|4|2|7,6,-2.0854913003101876
7|8|4|2|4,4,-9.963345418937125
0|6|4|1|4,5,-15.978601581579268
4|3|4|1|10,2,-11.748792667009559
4|5|3|3|1,0,-13.235265
4|5|3|3|1,5,-11.3985
4|5|3|3|1,3,-4.5
1|9|5|1|3,3,-5.51461925295
5|4|5|2|4,7,-3.8878922019158675
5|5|5|2|3,1,-3.9313562060612695
3|2|4|1|1,2,-13.7646855
3|5|2|2|10,2,-4.00787287251747
2|7|3|1|9,4,0.5475
4|10|2|2|8,0,0.36
0|12|2|1|7,2,-3.3823470640671727
2|1|4|1|4,0,-1.19397324453166
5|8|5|1|2,0,-3.6636615000000003
4|2|6|1|9,6,-5.490419231482889
6|8|4|1|8,2,-0.9580445144384361
0|2|3|2|1,6,-14.13527985
2|4|5|2|9,4,0.66599649
4|4|4|2|5,6,-16.550477746842553
4|3|6|1|8,1,-0.4273626594913137
4|10|3|2|6,2,-7.5763679164136395
4|10|3|2|6,1,-6.29361040399313
3|14|2|0|4,0,-5.999342487
7|8|3|3|1,0,-11.3985
6|3|6|1|4,1,-1.7410666146524343
0|3|5|1|10,1,-2.120175
1|8|1|1|9,2,-1.5530334206685572
3|6|4|3|8,0,0.6630315
1|11|3|2|6,6,0.5475
6|14|2|0|5,7,-0.5698699755000001
1|10|4|1|3,2,-17.176489044701796
0|7|1|1|8,1,-0.4327484371966337
2|7|4|1|9,1,0.6131855586
1|11|2|1|8,5,0.41915024999999995
3|2|4|0|9,7,-11.950520557638379
6|2|4|3|8,0,-0.150049658088694
3|4|4|0|4,2,-0.7925369991914999
6|4|5|1|5,5,-4.399513531598712
3|5|4|0|8,4,-1.0407846776490546
5|2|6|1|9,4,-6.009807806105604
1|6|4|2|8,3,0.5269639861320569
2|2|3|3|7,4,-4.463253336405515
2|2|3|3|5,0,-6.0798789246053175
6|2|4|3|7,7,0.735
7|6|5|1|6,3,-1.824475314255596
4|9|4|2|3,6,-3.7465687774013996
5|4|5|1|1,0,-11.3985
5|4|5|1|1,6,-9.855
6|5|4|3|8,3,-3.8825788589769967
0|5|3|3|7,4,-10.087637574980269
1|9|5|1|5,6,-6.072847929817957
6|2|6|1|9,7,-0.8207610106390321
4|3|3|0|2,0,-5.2926
4|6|4|3|5,0,-4.238483495945994
5|1|2|2|5,2,-14.050091002568932
2|3|5|1|4,7,-6.5939899147938
4|5|6|1|8,6,-0.8661071371982597
0|2|4|2|1,6,-7.65
6|6|5|2|5,0,-2.679352158397624
0|10|4|1|2,1,-3.2589427868359504
0|10|4|1|2,5,-6.384316500000001
2|1|2|2|4,3,-10.415891489497529
6|3|4|4|4,0,0.3238110194941005
4|9|5|1|2,7,-2.155095
0|3|3|3|3,3,-17.73863154588339
1|1|3|0|1,4,-14.792380691985
5|3|4|2|2,7,-13.502651209500002
4|2|6|0|9,0,1.1556838890439616
4|2|6|0|9,1,-3.015
1|2|3|3|7,3,-2.6650661013951433
1|2|3|3|7,4,-3.9203634429491343
4|3|4|4|1,1,-4.5
2|2|3|3|2,1,0.5475
1|5|6|2|1,4,-4.5
7|1|3|1|4,2,-12.354098660147914
7|1|3|1|4,0,-12.23077527151638
7|1|3|1|4,5,-11.552125433454002
5|5|4|2|7,2,-11.035765600525625
3|1|2|1|2,0,-15.394286868692687
5|5|5|0|4,7,-1.5241716225303992
0|3|4|3|8,5,-4.242556856269302
0|8|4|1|6,1,-4.680831779400955
0|8|4|1|6,5,-3.547145770582064
0|8|4|1|6,6,0.1725
3|5|3|3|9,4,-3.3650326269204327
3|8|4|2|5,1,-4.228626728285002
3|8|4|2|5,6,-3.383159500330799
4|7|3|2|10,5,-0.26655000000000006
3|11|2|1|8,1,-4.772035164275374
2|1|4|3|9,3,-3.487081044708484
4|5|4|0|5,6,-3.4064131517418055
7|6|5|1|4,1,-5.7818793212654835
3|8|4|1|3,6,-14.148582797472415
2|3|5|2|9,1,1.08774
5|1|5|2|9,2,-6.998079779999999
2|1|5|2|8,4,-6.944368788571982
6|3|3|3|7,1,-0.5142160737378794
7|8|3|3|7,5,0.5475
5|11|3|1|6,6,-1.344161813445404
1|4|4|3|5,0,-2.068914585113178
5|1|3|2|6,2,-5.874857408225218
0|4|3|3|3,2,-16.998444714424746
5|2|7|2|9,7,0.7742399999999999
7|4|2|2|10,1,-9.713851742796955
7|4|2|2|10,6,-1.8867304896585926
0|6|5|1|4,6,-4.211811425100097
6|5|4|3|9,2,0.849615
5|3|3|0|4,1,-4.892205988669794
4|2|6|1|8,0,-9.632308690350266
2|2|6|1|9,7,-2.84347756448982
5|4|6|1|5,6,-3.7051786826011504
2|1|3|3|10,0,-4.349265870532967
4|6|2|1|9,7,-3.660775216096238
2|9|3|2|7,5,-5.508690178870971
4|5|6|1|7,6,1.11
6|11|1|1|6,1,-1.77327277375575
1|1|3|1|2,7,-16.98368967363352
1|1|3|1|2,0,-3.015
7|7|5|2|5,5,-4.291157725100843
3|3|3|0|8,4,-1.0749335439126768
6|5|5|1|2,5,-3.0474182669085
0|7|2|2|10,6,0.7369371897002671
6|9|3|2|9,7,0.5475
7|12|2|1|8,2,-0.8094138333728466
7|5|4|2|2,3,-17.533608478294795
3|4|4|3|5,6,-6.2772315396030285
6|8|5|1|4,5,-1.3398947629741074
0|3|3|3|2,1,-3.4632599507851656
4|3|5|1|7,6,-1.3518616846928428
2|6|4|3|6,0,0.735
0|10|4|1|5,5,-3.3997541784441783
5|6|5|1|2,3,-4.9610415
3|2|3|3|9,5,-6.262221815754749
3|11|3|0|1,4,-4.5
7|4|3|3|2,4,-10.2491296095
0|2|4|1|6,4,-18.447122191931253
5|11|4|1|4,3,-4.241958002634
5|11|4|1|4,2,-3.015
7|5|5|1|3,2,-5.712161173070413
5|5|4|3|4,2,-3.6527441054990315
5|5|4|3|4,6,-5.846508824289513
1|2|3|3|5,5,-0.46797269999999996
4|5|5|2|5,0,-0.8365900761204803
2|2|3|2|3,7,-15.031226631674567
2|2|3|2|3,4,-12.442621018273515
3|1|6|0|10,4,-8.719539600082856
2|6|4|2|7,7,-1.566258972906817
0|4|3|1|10,7,-0.22851807
0|4|3|1|10,2,-5.523227147185708
4|2|4|1|4,5,-11.618022073195387
0|2|6|3|10,2,1.3084500000000001
5|10|4|1|2,7,-0.9336
1|3|5|2|7,5,-2.2744305794808515
1|9|4|2|4,7,-6.694119251450379
7|2|5|1|6,4,-5.432425771349365
4|2|5|1|5,5,-4.2671171999877675
7|6|3|2|10,1,-0.24030600000000002
0|9|4|2|5,7,-2.4584331589447745
2|1|3|2|6,1,-7.983471901800708
2|1|3|2|6,7,-8.842246634421445
2|1|4|1|5,1,-9.709306609183448
0|5|4|1|8,3,-7.184728457098034
0|5|4|1|8,4,0.30414439193689385
1|3|5|3|6,0,0.9225
0|8|4|3|5,3,-0.009958913219999843
4|10|4|1|1,1,-14.13527985
0|2|4|0|6,2,-2.58394769862456
7|1|3|2|5,0,-9.065497961615113
4|3|5|0|7,1,-0.8962966342414577
7|1|7|0|10,0,1.2975
0|8|2|2|9,5,-3.1495771245735
7|2|5|1|4,6,-6.075389380137111
4|4|4|3|6,1,-4.745975180203179
3|4|4|2|2,1,-5.562562609155
3|4|4|2|2,4,-2.83852155
0|3|3|0|4,5,-20.2873981424338
6|2|4|0|4,5,-9.260708049628473
6|2|4|0|4,3,-7.4467547755482935
6|2|4|0|4,0,-3.82905
3|8|4|2|7,1,-7.524273165671859
4|3|4|2|3,5,-10.513909534694838
0|8|4|3|1,1,-7.65
2|9|2|2|7,4,-10.01540634885521
4|7|5|3|4,6,-3.076007598071727
2|3|4|2|2,4,-7.028972375884731
5|2|3|2|1,4,-13.235265
2|7|4|3|1,7,-4.5
5|6|5|2|3,6,-3.1953004174690043
1|1|4|0|1,0,-12.478950000000001
1|5|4|4|1,0,-4.5
7|5|4|2|4,1,-16.349135203171176
7|5|4|2|4,0,-3.744767503812417
5|1|5|2|10,0,-5.6013658661951045
1|1|3|2|9,7,-16.30859572566068
5|5|2|1|10,7,-0.5453747429247756
4|3|4|2|2,7,-10.981077839099925
5|5|3|2|10,6,-7.315052613275476
6|8|2|2|9,4,-8.008440823385028
3|4|4|0|1,6,-4.5
2|4|5|1|3,4,-9.647357475154594
0|12|2|2|4,5,-6.115481553162095
5|2|4|1|2,2,-6.216965085
5|2|4|1|2,7,-5.080500000000001
7|5|1|1|9,1,-3.756849053203565
7|9|3|3|3,2,-0.8384845299457063
1|2|6|1|3,2,-4.617409826308684
4|1|4|1|3,5,-9.207706375835816
4|2|4|2|6,6,-4.190272762968356
5|8|4|1|5,0,-4.668531969240619
5|8|4|1|5,7,-3.621599009817696
5|7|1|1|1,0,-14.13527985
5|10|3|2|5,7,-8.218134501648303
7|1|5|0|7,5,-13.537100283978884
7|1|5|0|7,1,-3.48905420775059
1|5|4|4|7,3,-0.19851069512026645
2|10|4|1|5,5,-4.030676007371351
3|9|4|2|2,5,-6.452165085000001
5|2|4|3|4,0,0.402901753068471
4|4|6|3|5,6,0.4266583270499999
3|2|5|1|3,6,-2.6977043450422142
2|2|4|3|9,5,0.6288622384012652
4|4|5|1|2,5,-11.743042450785165
3|6|4|3|2,6,-7.801417891650001
1|5|4|3|6,0,-0.5671157314062482
0|10|4|1|3,4,-2.11952721432
4|6|5|2|5,5,-2.1686504583760926
4|3|5|2|6,0,-1.0779527228957146
6|4|4|1|1,3,-13.235265
2|7|5|1|1,1,-11.3985
4|11|3|1|5,7,-3.0639255824882037
7|3|4|1|2,3,-22.286475234197436
6|3|4|2|1,1,-4.5
5|1|3|0|6,0,-26.24274255858927
4|7|1|1|4,0,-11.3209393920481
5|4|5|3|8,0,0.7967657810115
3|4|5|2|8,1,0.9755321582025
1|4|1|1|10,2,-4.584343585317695
7|4|5|0|7,6,0.18363875941169447
5|8|4|1|6,1,-9.70049730960923
0|8|5|2|1,1,-4.5
4|8|4|2|7,6,-5.003695181086877
3|3|5|1|10,6,-2.27881475998253
5|12|1|1|5,0,-3.453742317113668
7|6|4|2|7,5,-2.249037190367097
4|8|1|1|3,1,-6.965829464360672
0|2|3|0|5,5,-4.566611103319378
7|1|4|2|3,5,-3.189330228010727
2|10|4|2|3,7,0.735
7|14|2|0|2,1,-0.3963828146718411
0|2|3|2|5,6,-18.832644043907717
5|6|6|2|4,1,-1.8092937058836
3|5|5|2|3,7,-3.093975
4|5|5|2|1,1,-4.5
3|2|3|0|9,1,-17.682780585377163
0|2|4|4|6,5,-1.2422935398336745
5|5|4|3|2,4,-3.0815255594999997
5|5|4|3|2,7,-0.6674999999999999
2|3|3|0|6,3,-11.327780870434461
5|6|1|1|7,0,-2.7414109761640617
5|9|1|1|3,0,-11.705433997978366
3|6|5|0|2,7,-2.7939650850000004
0|2|5|2|4,2,-2.9483742748652264
2|9|4|2|3,7,-10.951969546430671
4|3|5|2|5,5,-2.4606426694698063
0|5|5|1|4,1,-4.619775469581336
6|6|5|2|1,7,-9.855
5|7|5|2|4,0,-2.9924445397389245
0|7|4|2|7,1,-6.749587446777165
7|3|4|3|6,1,-0.31923905962210486
0|7|4|3|3,7,-5.054208608997468
4|2|4|3|5,6,-0.15290179843304644
4|2|5|1|4,1,-1.7138222071748928
1|2|3|0|2,7,-12.08725017
1|2|3|0|2,0,-10.516629447449924
4|2|7|1|9,7,1.3947
2|9|4|2|2,5,-6.216965085
2|4|3|3|6,3,-0.6719311003384218
3|6|4|3|3,6,-6.307092527784443
5|7|3|3|4,0,-13.345177378819766
5|7|3|3|4,3,-12.232650992353912
7|3|6|1|9,3,1.0083292325119868
3|3|6|0|7,5,1.2072
4|11|4|1|3,7,-0.12991431450000035
5|10|3|0|5,2,-1.949991448567984
6|2|2|2|1,2,-13.235265
0|3|6|2|2,1,-2.926540663119312
7|7|4|2|8,3,-3.359014711536002
3|5|5|1|1,4,-9.855
7|6|5|1|1,1,-7.65
7|2|5|0|7,0,-3.7478362712631696
7|2|5|0|7,3,-3.015
6|4|5|2|10,5,1.0010869385867796
5|9|4|1|9,3,0.735
3|13|1|1|8,1,0.5585249999999999
1|14|1|1|7,4,-9.057635474225899
0|6|5|2|3,1,-1.7658124837851739
0|4|5|1|3,3,-9.321947504274945
6|1|4|1|6,3,-19.633541317038706
5|1|4|1|5,3,-5.484422214466152
1|1|4|2|7,5,-0.8596191369291445
3|10|4|1|4,4,-6.588199781280121
3|10|4|1|4,5,-9.701659585474719
5|7|5|2|6,4,0.9225
4|12|3|1|5,1,-3.407657875187104
7|3|4|1|1,1,-13.235265
7|3|4|1|1,4,-13.7646855
1|5|3|3|7,4,-11.787019956929381
1|1|3|2|5,3,-3.6809727158201553
6|6|5|1|6,3,-0.035676355463489406
1|6|2|1|10,6,-0.23849491585185822
6|8|1|1|9,0,-2.0324868188751877
2|3|6|0|9,6,1.2072
0|3|3|3|4,2,-10.854094072453806
6|3|5|1|6,1,-1.9464124927517161
7|11|3|0|1,6,-4.5
6|6|5|1|5,1,-1.8274437048145002
1|6|5|1|5,0,-2.274284023169529
5|2|6|1|1,7,-4.5
7|12|2|2|3,0,-2.2537086034500002
1|8|4|1|4,3,-11.198399451035296
6|7|5|1|1,0,-4.5
2|5|1|1|10,0,-2.574918600552342
7|7|2|2|8,3,-8.880689901816831
3|3|4|2|8,4,-12.724531321731694
3|3|4|2|8,5,-8.70564919262764
4|7|3|1|7,6,-13.628417023553219
2|2|4|0|3,3,-10.831568015104711
6|6|3|3|4,2,-6.526185616401084
7|9|4|2|2,5,-13.537839595990949
1|9|1|1|4,2,-11.034793096985629
7|6|4|0|2,0,-3.0815255594999997
2|3|5|3|5,6,-1.559447267273186
0|3|5|2|1,5,-4.5
6|7|4|2|6,0,-12.582456165882009
4|1|5|0|3,6,-3.015
6|1|5|0|2,0,-1.73835
1|9|4|1|2,7,-15.378944019918096
4|6|4|0|6,3,0.735
3|10|1|1|5,0,-11.117765589638331
0|4|5|2|2,4,-2.7939650850000004
4|2|4|0|6,3,-9.483844344078392
6|7|5|2|7,4,0.8767736103226501
3|12|3|1|5,2,-9.998784788217558
3|6|5|1|1,4,-11.3985
7|4|6|2|6,2,-2.0871694080973957
3|2|5|0|6,2,-0.9065691612160633
7|9|5|0|3,6,-2.7558750491997253
1|8|6|1|5,7,-2.7357670045217515
4|4|5|2|3,7,-0.9776336306983961
4|7|4|1|3,2,-13.227128050868712
1|4|5|3|2,6,-1.143
2|1|4|0|1,3,-14.13527985
2|1|3|2|9,1,-19.623264931839394
7|7|4|3|6,4,-4.730317146445772
4|11|3|2|5,5,-2.347979284108947
0|5|4|2|5,1,-9.463983990580594
1|6|5|2|8,2,0.9225
2|11|2|2|7,5,-3.4099317598575
3|3|3|0|1,1,-4.5
4|11|4|1|1,7,-13.235265
5|3|5|2|2,6,-2.9640678916499996
7|7|6|1|4,1,-2.3082845255250004
1|6|2|2|10,0,-3.1689720037946847
5|8|2|2|8,1,-8.289042211943357
5|6|4|3|5,6,-1.247582279209117
7|7|3|3|8,2,-0.5770324172422501
2|6|4|3|2,7,-14.21956578683595
4|4|5|2|2,1,-0.29249999999999987
0|3|5|2|9,1,0.9225
1|8|4|2|8,4,0.36
4|10|4|1|7,6,0.7707459
4|5|4|3|2,7,-9.4674
3|9|4|2|6,2,-2.9433902715625027
3|1|6|2|10,6,1.3613025
2|11|2|1|7,1,-8.889015405816101
2|11|2|1|7,3,-3.0937874320228307
5|5|4|2|9,6,0.9966686195575498
1|7|4|1|6,3,-3.4827421745732883
3|3|5|2|10,4,1.08579854745
2|11|3|2|6,0,-4.281858721259368
1|5|4|3|3,6,-4.912932
0|1|4|0|7,1,-21.444855862662305
1|7|5|1|3,3,-5.3315267313105
1|4|3|1|10,0,-7.705675710815479
4|2|4|1|1,2,-12.478950000000001
3|4|6|1|8,0,0.5195247179526514
5|4|5|2|7,6,-0.5107530452172138
0|5|4|0|7,2,-2.1212405343441425
5|2|5|1|2,3,-3.0683178916499996
2|8|3|3|2,1,-10.865803901954093
1|2|5|2|9,0,1.514394597752682
1|2|5|2|9,6,-3.015
0|5|4|3|2,5,-3.1515678916499996
3|2|4|3|9,0,-0.07905000000000002
2|8|3|2|7,6,-11.10187704929954
2|8|3|2|7,7,-4.373848554236828
7|5|5|1|8,6,-0.5971406147238997
6|7|4|3|6,2,-3.4321175715
7|13|3|0|4,1,3.0
1|3|3|0|8,3,-9.830948431825739
3|4|5|3|6,7,-2.554479906836371
3|1|4|1|4,4,-8.005672122590896
6|11|3|2|3,4,-6.266006878143
1|4|4|2|1,7,-9.855
3|10|4|1|3,1,-11.175543838934367
6|5|3|3|6,0,-14.460020937005673
1|1|4|0|9,4,-29.87279560283433
1|1|4|0|9,0,-15.540512486916644
2|5|4|1|10,3,0.735
3|9|2|2|9,4,0.4572
7|10|4|1|2,4,-11.693313136590167
7|10|4|1|2,1,-13.85266239165
4|4|5|1|4,6,-4.063886356223394
2|2|4|0|5,0,-1.6367329033842455
7|4|4|3|7,1,-1.2269387649482846
3|3|3|0|6,6,-6.447449550580286
7|4|4|3|3,6,-2.8451235740078675
6|8|5|1|2,0,-2.155095
7|6|3|3|2,1,-15.71124302096291
7|6|3|3|2,0,-3.71406789165
5|3|4|1|3,0,-17.71764212625618
3|13|2|0|2,5,-2.6618900850000005
2|1|5|1|7,0,-6.647708356826935
2|1|5|1|7,4,-3.015
4|5|3|3|4,1,-12.912643011876835
2|1|5|3|9,6,0.969075
1|6|4|3|7,4,-0.4295018187085148
6|3|3|0|3,1,-3.2657212547218504
5|1|4|2|7,1,-3.8555438798828154
5|5|4|3|1,0,-11.3985
6|7|5|1|5,0,-0.0843744926013104
0|3|4|0|9,2,-3.261820458968885
6|3|3|0|4,5,-14.043919836457793
6|6|6|1|4,7,-1.3109554373905083
5|9|4|1|3,6,-6.018790133560427
0|6|5|0|1,6,-4.5
4|7|5|1|2,6,-3.109845
7|3|4|3|8,1,-2.6408874403275804
0|8|3|3|6,2,0.3505082080544244
5|1|4|1|2,2,-7.964306867209037
7|3|3|0|3,1,-3.1056417793702953
4|1|6|0|9,1,-8.422823250472462
6|5|6|1|5,0,-3.431877741681744
4|2|6|1|7,0,-2.2804755338253058
2|13|3|0|1,5,-5.831568
7|2|6|1|3,3,-2.957594539217145
2|4|5|1|4,7,-12.987382784282287
6|4|4|4|5,3,0.9334500000000001
7|3|5|3|6,5,0.9225
5|8|3|3|5,1,-3.6292427762937507
2|2|4|0|6,4,-8.488559075771025
2|2|4|0|6,7,-6.136034433286129
2|2|4|0|6,1,-3.015
0|5|3|3|8,2,-9.155968426645579
6|3|7|1|6,0,-0.48838901191959816
6|2|4|2|2,7,-1.92585
6|5|4|2|1,4,-14.394695895
5|4|5|3|4,7,0.9225
7|9|5|2|3,0,-0.09709602241500005
5|2|3|3|8,1,-4.467110875003934
3|7|1|1|3,1,-4.240901642587852
3|7|1|1|3,4,-7.123917512815
6|4|5|1|3,0,-6.764811250565295
0|4|5|1|2,3,-7.0539656445
5|1|6|0|10,2,-1.7980282302355635
3|4|3|3|1,1,-4.5
4|7|5|1|6,7,-2.5829947716076482
1|5|5|2|3,2,-4.4113232857455
2|3|3|3|9,0,-8.624575490168974
3|2|3|3|10,5,-4.447197502608617
5|5|3|3|9,4,-0.7698426799698987
3|4|6|1|9,2,1.2072
6|4|5|0|6,1,-1.1098539634511497
3|9|4|2|3,6,-5.369739416850001
0|3|5|0|4,2,-0.4594741079587291
1|3|4|2|5,0,-4.719329910774398
1|3|4|3|3,6,-4.637146551992214
2|2|3|0|7,3,-17.596996178996545
2|2|3|0|7,7,-11.139258864002947
6|2|5|1|3,2,-2.681680547819807
7|8|4|1|6,1,-7.363280930842022
4|7|4|3|5,0,-1.2878709410377305
0|5|6|1|7,1,-0.30782822357323764
4|2|5|2|8,1,1.1078377337229373
2|9|4|1|4,3,-6.414851244876614
1|10|4|1|2,7,-15.463322806385401
1|10|4|1|2,3,-17.030943418305
6|2|3|3|10,0,-3.985913319776147
1|1|9|0|10,5,1.14924
2|6|4|2|2,6,-15.378205619785017
1|7|3|3|8,2,-3.567256893563978
6|6|3|3|6,1,-12.824763280898509
2|2|5|1|10,0,-5.252218468706389
6|5|4|3|7,2,0.88661175
4|6|6|1|5,5,-1.602864524168071
2|6|4|0|1,5,-4.5
0|7|4|3|4,2,-8.22343818648506
4|3|5|1|6,3,-14.506954128468925
3|3|5|1|5,6,-6.9893973680386985
3|3|5|1|5,1,-4.5759659019358105
5|2|6|1|8,4,0.01702280858198337
1|5|5|2|4,2,-4.007672634157627
2|2|3|0|3,5,-12.1443937083015
6|3|3|3|4,0,-3.09511560490755
4|6|5|1|2,1,-4.676053464183519
2|3|5|1|3,0,-14.375568973592934
2|7|5|1|4,6,-4.991254469007918
2|7|5|1|4,0,-3.015
7|2|6|1|8,0,-5.501311437096005
2|3|3|0|7,1,-1.4356417560623067
4|4|3|3|2,5,-5.457328464183519
4|1|4|1|4,1,-11.052798514105787
1|11|4|1|1,4,-7.65
3|2|6|1|2,4,-0.9555000000000001
0|2|5|1|7,4,-3.9267349032007743
2|10|3|2|5,3,-1.8368451270765802
0|3|5|1|9,1,-5.2191419395271605
5|3|5|1|2,1,-2.4468165000000006
2|3|5|2|1,7,-7.65
6|3|3|0|2,3,-3.1689650850000004
1|8|4|1|8,2,-4.062310117047014
4|2|4|0|9,7,-4.564618086203061
4|2|4|0|9,5,-4.54588812254475
5|1|4|1|8,7,-12.730888489431203
6|4|3|3|5,2,-2.7780683380710096
4|5|1|1|6,1,-10.090611653581187
1|9|3|3|5,3,-0.9778413400079997
3|1|6|3|10,2,1.2386152915207724
7|4|5|1|8,5,-5.994217765496982
4|5|4|3|7,6,-7.844878775869336
6|5|4|3|1,5,-7.65
7|4|4|1|10,6,-3.239834734692029
2|2|5|2|6,1,-0.9269349180162992
0|4|4|3|5,7,-1.2316147108681272
7|6|5|1|3,0,-4.678467663542214
0|6|5|2|1,7,-4.5
3|1|3|0|6,4,-33.63650312115618
3|1|3|0|6,2,-32.649857098595106
6|6|4|3|1,2,-7.65
6|6|4|3|1,3,-4.5
3|4|5|1|9,4,0.9225
4|9|1|1|8,1,-2.764200791161124
0|4|4|2|6,6,-4.345370283912118
0|11|3|2|6,1,0.5475
1|14|2|0|5,3,-1.49925926535
4|4|4|3|7,7,0.21917085940041958
1|10|4|1|4,4,-9.791744068119844
4|6|5|2|4,7,-1.7630219410667178
4|2|5|0|8,6,-6.684915478903043
5|4|5|1|9,6,-4.903852290240234
0|2|3|3|9,4,-0.3776749449
3|4|5|2|7,2,-6.704522052480659
6|2|3|0|6,4,-15.417807270187426
6|2|3|0|6,3,-14.651159543351694
3|3|3|0|5,7,-11.876545356478228
5|1|4|2|3,4,-2.6576335818003916
0|3|4|3|9,6,-3.2414408395253966
7|6|4|2|2,5,-11.740885000900464
7|6|5|1|9,4,-0.47071637399180855
1|2|4|1|1,0,-9.855
6|2|7|1|8,1,0.06930104503571179
6|2|3|2|1,3,-11.3985
0|2|3|3|4,3,-4.747582612213369
2|3|6|1|9,7,-0.23055066944869312
0|9|5|1|3,1,-2.63408445
2|3|5|0|5,5,0.9225
5|8|5|1|4,6,-0.7697519999999999
0|5|5|2|1,3,-4.5
5|3|4|2|1,6,-9.855
1|2|4|3|7,5,-2.92934110640337
4|4|4|2|2,5,-13.663269882678927
7|4|5|3|6,1,0.778889284705035
5|9|3|3|4,3,-0.03854491749703499
3|9|3|3|4,4,-0.7835230051200602
7|4|1|1|9,0,-6.825711170866179
7|4|1|1|9,6,-3.859912504415347
0|3|6|0|7,6,0.25653897207789417
7|5|4|3|3,4,-5.385608470483112
7|3|3|0|4,4,-7.282387088843548
7|3|3|0|4,0,-3.015
5|9|3|2|8,7,-0.4410559670729538
5|9|3|2|8,3,-0.5906481874753152
5|3|3|3|8,3,-4.03714974727361
0|5|4|0|5,4,-3.8292345545495134
0|5|4|0|1,1,-4.5
2|11|3|1|6,6,-10.745068722813233
0|1|2|2|6,5,-11.828584371982817
7|10|3|1|6,0,-1.3546417773347759
5|2|4|3|8,0,-1.8227076824629753
3|7|4|3|5,5,-2.7552059614658653
2|6|1|1|8,0,-9.512005154367944
3|6|4|3|6,6,-4.962329355315166
6|10|4|2|5,4,2.112
7|3|4|3|4,4,0.735
4|7|4|3|3,6,-5.296548789977237
4|4|4|0|2,6,-0.47999999999999987
2|8|4|0|2,5,-3.3103834474499236
1|1|3|0|2,0,-21.31397962599778
1|12|3|1|3,2,-3.3370041423827277
5|2|4|0|7,2,-10.686537441089042
5|2|4|0|7,6,-4.14131887476707
3|1|6|1|7,6,0.6068172998619209
2|11|3|2|4,3,-13.836014819415198
5|3|5|1|5,6,-2.113881100744536
7|1|5|1|7,5,-4.01107446234051
0|2|5|0|6,1,-2.7931440443951665
1|9|4|2|1,5,-9.855
6|1|7|1|9,3,1.4612955675
6|11|2|2|7,1,-0.9338899499999999
3|4|4|3|7,4,-5.934164030944346
3|4|4|3|7,5,-6.876475432240918
3|4|4|3|7,2,-1.8678002136921585
3|9|5|1|2,6,-1.2472499999999997
4|5|7|1|9,1,0.48344999999999994
2|3|4|0|5,7,-0.6528473342889535
3|8|5|1|7,0,-1.4808398922992205
4|8|5|2|3,7,-5.341564261878918
6|4|6|1|4,2,-5.812875851362105
2|4|6|1|3,7,-2.5458364865263143
2|4|6|1|3,3,-3.015
3|6|5|4|2,6,0.9225
6|11|4|1|1,2,-4.5
3|4|4|0|7,0,-1.5835543455644154
0|2|6|1|7,1,-10.094534298932894
7|9|4|2|4,5,-3.5045331160152187
0|8|5|1|4,1,-2.7584330978790645
2|4|4|0|7,0,-0.5288245804382578
7|3|4|2|2,3,-7.191000000000001
3|3|4|2|1,0,-9.855
6|2|2|2|2,3,-20.6673232013235
6|2|2|2|2,2,-13.653386449955262
3|4|5|1|1,4,-9.855
6|2|5|1|6,7,-6.565902686646712
5|3|4|1|10,1,-6.110792648648598
7|4|5|2|10,4,0.9225
4|9|3|2|9,5,-0.19851
0|3|4|3|10,2,0.9334500000000001
6|3|4|2|4,3,-6.02710212514943
5|3|5|1|4,6,-2.048933899083291
0|2|5|2|10,3,0.8198216864595
1|3|3|0|4,6,-3.6187562152294057
3|2|3|2|3,0,-3.592253199218511
2|3|4|0|10,1,-2.28238887
1|7|1|1|9,0,0.021134424648152406
0|5|4|1|10,5,0.735
5|9|2|1|9,6,-4.896903931847617
4|7|4|0|1,1,-4.5
6|6|6|1|6,7,-2.162852659916639
3|4|4|0|5,1,-1.8238005764171512
0|2|5|0|10,4,1.070325
1|7|5|0|1,5,-4.5
6|2|6|1|7,0,-0.4821931783000491
6|12|3|0|2,2,-7.16491905
7|2|4|3|7,4,-4.525377482606864
2|3|8|1|10,7,1.485
7|11|2|1|9,6,0.36
6|13|1|1|8,2,-1.8073584604534036
7|3|3|3|2,2,-3.1689650850000004
7|3|3|0|8,1,-4.247457344537674
4|5|6|1|2,3,-2.920772375884731
2|10|1|1|4,1,-11.903750887839863
0|3|7|1|7,4,0.1725
4|4|7|2|6,7,-2.9319932163261098
7|4|4|3|9,2,-6.297621737745492
2|8|3|3|8,0,0.4161872549999999
5|12|3|1|5,4,-7.301506435688015
2|3|6|1|8,0,1.226464025475
7|2|4|4|10,0,0.735
0|6|4|3|9,4,0.735
4|10|4|1|8,2,-3.552121614897221
7|8|5|1|5,3,-1.6126707920651857
6|5|5|2|6,1,-2.627065862239766
1|10|4|1|5,0,-4.648904483459447
7|5|6|1|5,1,-2.3305890757360372
4|4|3|3|3,2,-4.571493444104597
1|1|6|0|8,0,-4.432980716415251
5|10|4|1|6,4,-0.39979213492349985
0|3|5|2|5,3,-2.763
3|5|5|1|4,6,-4.266337751305867
6|3|5|1|5,3,-7.715454073164059
3|7|5|1|5,0,-2.74971368394421
2|3|4|0|1,3,-4.5
0|4|3|3|2,2,-3.495904924928463
0|4|3|3|2,6,-6.3405000000000005
3|9|4|0|2,1,-2.6343165000000006
1|1|4|1|3,6,-5.013278523661416
5|2|4|0|10,3,-8.904941628471134
7|3|3|0|1,4,-9.855
7|3|3|0|1,1,-9.855
2|6|4|1|9,6,-1.5115997954138267
4|1|5|1|7,1,0.9225
1|6|4|3|6,0,-0.7895927279665546
0|6|5|2|8,2,-2.36925
2|11|3|1|7,1,-0.8319562110584228
0|4|4|0|1,2,-4.5
6|3|4|2|2,0,-5.001965085
3|10|3|3|3,1,-0.26655000000000006
7|3|4|2|1,5,-11.3985
7|3|4|2|1,4,-9.855
4|9|4|0|3,7,0.735
7|13|2|0|2,1,-1.725345
0|2|5|1|9,6,-3.609600349181866
6|7|4|1|8,1,-2.1352711545530645
6|9|5|1|4,7,-1.8125272670756303
3|1|6|1|8,7,-8.911318443867675
7|1|7|1|10,4,-2.10675
4|8|3|3|9,6,0.3236549999999999
7|11|3|1|7,2,-6.928782177061759
0|4|5|2|3,7,-6.408775788855973
0|7|3|3|8,6,0.5475
6|10|3|2|7,7,0.37333586145000003
7|1|6|1|7,1,-7.0796717908183915
3|4|5|0|7,7,0.02074332887453827
1|1|4|3|9,6,-2.3458484811456124
2|9|3|3|3,4,-9.181488193582592
4|2|3|3|3,3,-2.03350425
4|5|5|3|5,5,0.9225
5|10|4|2|4,1,-1.9334999999999998
6|3|5|0|8,1,-1.267519842983175
7|9|4|1|5,0,-7.328479951838772
0|3|4|2|2,1,-10.4224205595
7|1|3|0|2,4,-20.78288331303773
7|1|3|0|2,0,-20.596173510631502
2|3|6|1|10,1,-0.20381352
2|1|5|0|7,1,-9.76850294232311
3|2|5|2|10,5,-2.422096654871291
4|5|4|4|3,3,-3.2381764081949997
3|8|4|3|6,4,0.8161215
5|4|5|1|2,6,-3.127484657842963
2|5|4|0|2,6,-4.954808982343053
4|7|5|2|3,7,-3.5779656556358814
6|2|3|2|2,2,-8.672634391650002
6|2|3|2|2,3,-2.8218165000000006
1|3|6|1|6,6,-5.488079049274127
6|8|1|1|2,0,-10.486614347429894
2|5|5|1|7,1,0.5843355859274999
3|9|4|0|1,2,-4.5
3|2|3|0|2,2,-7.735474606787806
3|1|5|1|6,2,-1.1931286752896986
2|9|4|2|4,7,-7.261041817825851
0|5|4|2|9,7,0.44928050555459825
7|4|3|3|9,3,-4.490385097085811
1|5|5|2|7,6,-3.831428219105261
6|6|5|1|3,5,-7.511503468017478
6|1|6|1|10,1,0.7543440253452184
6|1|6|1|10,3,-3.015
6|6|3|3|9,2,-2.4459441
2|2|4|3|10,0,-0.38719287907399247
5|8|4|1|7,3,-1.1361953564986929
1|10|3|0|1,2,-4.5
4|1|2|2|6,3,-8.395396645786438
0|7|5|1|3,7,-1.4061058200000003
2|5|6|0|4,5,-2.2636990414601352
3|13|3|0|1,0,-6.18
7|1|2|2|5,5,-10.23864264618997
0|6|4|3|1,6,-7.65
6|2|5|0|7,7,-4.7429000158544445
7|2|3|3|10,3,-3.9050078855610346
3|4|4|3|3,7,-4.592240396040761
5|6|3|3|4,0,-11.556116472968876
7|5|4|1|1,3,-9.855
4|4|6|1|8,0,1.2825982425
4|10|3|1|5,7,-8.07560831082693
0|2|4|0|1,6,-11.3985
4|1|6|0|10,1,-2.1699600000000006
5|2|4|0|3,4,-3.585084914114476
2|2|4|3|6,1,0.1061984084897218
6|4|4|2|10,1,0.735
1|8|3|1|9,0,-5.835396651026669
7|2|5|0|9,0,-3.015
0|2|5|0|8,4,-1.241956815338867
3|1|2|2|8,4,-19.614124183911006
3|1|2|2|8,6,-9.31796174203896
4|4|3|3|1,1,-11.3985
0|11|3|2|4,1,-3.610358045472573
0|1|5|1|6,3,-5.610667672623077
3|4|4|0|9,6,-1.5314494429957501
4|7|5|2|1,0,-7.65
6|2|5|0|6,3,0.11893021566792966
4|9|3|3|5,2,0.5475
2|12|3|1|4,7,-6.147421761319832
4|7|4|4|2,1,-0.47999999999999987
4|6|4|3|1,2,-4.5
2|9|4|1|1,3,-9.855
4|3|3|0|6,2,-1.199512720648061
5|9|4|2|4,0,-4.593451337700362
3|3|5|2|5,7,-4.439264010357762
4|2|3|1|2,7,-15.892766003845738
7|3|4|0|1,6,-7.65
5|3|6|1|8,7,-2.4082832139740606
6|3|5|1|1,2,-4.5
7|4|5|1|4,0,-11.054718489594984
2|2|5|2|7,4,-0.1911328131020512
3|6|5|3|2,7,0.9225
7|11|4|1|1,6,-7.65
4|1|6|4|10,7,1.11
7|7|5|1|9,1,1.1660153170457666
1|5|3|3|9,0,-1.262621279574634
2|6|5|1|4,1,-6.962855285479629
2|3|4|1|10,7,0.8879269779825001
5|7|3|1|8,1,-2.48145587291538
1|10|3|1|7,3,-1.3754389319506743
4|3|3|0|4,3,-4.072168440993817
2|1|6|0|9,3,-3.1473341265151937
6|7|4|2|8,7,0.8438414345806156
2|3|4|0|8,3,-3.095803566056171
6|5|4|3|5,2,-4.3875861033326125
1|2|3|3|9,3,-1.9271918243392112
3|7|4|3|7,7,-2.30205
7|11|3|1|6,4,-1.595913855510313
2|11|4|1|3,7,-8.471286757747855
0|1|3|1|3,5,-8.25163424283846
0|10|4|0|5,3,1.5450000000000002
4|4|5|4|6,1,0.8339190889455
0|2|3|0|6,7,-2.5593116952318855
7|4|4|4|7,0,-0.22272935805715716
6|9|4|1|5,2,0.735
2|13|2|0|4,5,-3.5558442696919186
4|2|3|0|6,6,-24.217735841315292
1|3|5|1|6,2,-6.585850050694277
6|7|4|3|4,2,-3.002521078176658
6|7|4|3|4,0,-4.149260610059829
7|4|5|2|7,5,-0.6988197383652496
7|4|5|2|7,1,-3.015
7|8|4|2|6,0,-0.867630722059448
7|3|5|0|9,3,0.07895078307295611
0|7|5|2|1,5,-4.5
0|5|6|4|6,5,1.11
5|11|4|1|5,1,-0.12207643454999996
6|9|3|3|6,1,0.010520332380055985
7|12|3|1|4,2,-3.951939223138872
2|8|4|3|2,5,-3.0815255594999997
0|2|4|3|10,7,0.34410724709877766
2|5|5|3|1,6,-4.5
3|1|4|0|8,4,-29.272186137183105
5|2|3|3|7,0,-9.025549134984066
7|10|4|0|2,5,-1.3305
4|3|3|0|5,6,-5.237644510388376
1|9|5|1|2,2,-2.7939650850000004
5|8|4|2|3,3,-13.206084468671444
0|5|5|1|6,7,0.6101487293460449
3|2|4|3|8,1,-2.3279306923467877
3|4|5|3|3,5,-2.8035670982344882
4|6|4|3|2,6,-7.76421105374445
5|10|4|1|3,2,-14.359593248356148
7|9|3|3|4,2,0.5940749999999999
7|9|3|3|4,4,-2.9201150650487855
3|2|3|3|7,1,-4.139450834056008
7|11|3|2|2,3,-5.327100559500001
4|4|5|1|7,0,-6.639520107191929
6|6|4|3|2,2,-2.342595
5|1|7|1|10,7,0.5652527909999999
7|4|5|2|8,6,0.25439799574687383
7|5|5|1|4,1,-2.9923520925
1|5|5|1|3,4,-7.383236848578571
2|2|6|1|2,7,-2.825597524155
4|5|2|2|10,1,-0.5593728945554857
5|8|3|3|1,1,-11.3985
3|12|3|0|1,4,-4.5
0|3|6|2|7,4,0.22070056967479673
7|2|5|0|8,3,-3.2126936772157118
2|7|3|3|5,4,-10.9763369949882
0|5|5|1|7,4,-0.08923687081053967
5|2|6|2|5,0,-2.0569970985267716
0|9|4|1|5,3,-5.9695349157578015
5|9|3|3|2,2,-6.1431000000000004
0|4|3|3|8,3,-10.012470849464144
4|2|4|3|9,2,-2.5005
2|6|5|4|8,3,0.9225
3|11|4|1|7,4,-1.1414142671444019
4|2|3|0|8,2,-2.558574875761252
3|2|5|3|7,1,1.1136330675
0|3|5|1|4,1,-1.1912823194302895
3|3|5|2|7,0,-1.6086403109453542
7|3|5|2|4,6,-1.5414124402331362
0|2|3|0|3,2,-2.9582701380150005
0|3|4|2|1,5,-11.3985
2|3|4|3|8,4,-5.946240470365456
1|7|5|1|4,4,-4.819551165558563
3|4|5|1|3,5,-3.2182264687641418
1|6|5|2|3,0,-2.4704242655445503
7|4|3|3|10,1,0.5475
1|7|3|1|9,6,-2.4839249999999997
6|10|1|1|8,0,-2.036078958496119
5|11|3|0|2,2,-3.1689650850000004
2|3|3|3|4,4,-5.200499067059573
4|5|5|1|6,3,-3.4106826484966413
5|1|5|0|6,3,-9.276269252890001
5|1|5|0|6,2,-8.367278646337137
2|3|6|1|4,4,-1.5858804591850735
2|1|5|0|5,1,-6.089694153168114
3|2|5|0|9,7,-0.03802483768839688
5|4|5|2|6,7,-3.934451371234185
0|8|3|3|7,5,0.5475
5|11|3|2|6,7,1.3575000000000002
0|5|4|3|3,2,-6.616414826311484
7|4|6|1|9,4,1.11
4|10|3|1|8,3,-4.012786317153245
3|13|1|1|7,0,-2.6831073004443264
5|9|4|0|3,6,-4.085194388897768
6|8|4|2|5,1,-2.617284265642265
4|7|5|1|1,3,-4.5
0|1|5|2|8,2,-1.8394555605530984
6|5|5|1|3,7,-6.79437704897116
1|2|6|0|8,0,-1.1687328837538653
6|3|4|3|5,1,-1.3885483621015837
0|4|4|2|1,2,-7.65
7|3|6|1|7,1,-6.659180442976324
6|3|6|1|5,4,-4.216617549278057
6|2|4|2|1,2,-11.3985
0|3|3|0|6,6,-8.649142223880762
0|9|4|2|3,2,-3.9580380359323506
4|3|4|0|6,7,-4.376434551160902
1|9|4|3|3,0,0.735
0|13|3|0|2,2,3.0
5|3|4|3|5,0,0.3765999702939432
4|2|5|1|7,7,-4.664656429108966
4|1|6|1|7,5,-2.720034500138137
1|1|6|0|10,7,-2.1345225
1|1|6|0|10,2,1.011123892879105
1|3|3|3|9,0,-0.7406434528193744
3|7|5|1|7,7,-0.09059597775000001
4|5|4|4|5,1,-0.8299956253772082
5|5|3|3|3,1,-8.244555485090885
3|2|5|3|10,1,-0.9595842434383659
2|6|3|3|6,4,-3.6810298568322266
2|6|4|2|9,0,0.4741422691931305
5|12|2|2|6,1,1.1700000000000002
3|5|5|2|8,6,0.9225
6|10|3|3|7,4,0.5475
4|13|3|0|6,7,3.0
7|1|6|0|9,4,-0.2809992704112809
0|7|5|1|4,5,-0.0671939447085699
7|2|6|2|10,6,1.11
6|8|3|1|9,1,0.5475
1|11|1|1|8,2,-2.0204971413706128
4|2|4|2|10,6,-11.872321525791094
5|5|6|1|3,4,-2.06449061976735
4|9|4|1|5,7,-2.6231288445922463
1|5|4|2|9,7,-1.5544523274508788
4|2|4|3|6,5,0.49994510173230977
1|1|5|2|10,0,0.41860048303610004
3|7|5|0|1,7,-4.5
7|4|5|1|3,1,-12.928642558287228
6|8|1|1|7,0,-2.2781797178241283
5|2|5|1|4,3,-4.2658571790345
3|2|3|2|5,2,-18.17971623365455
2|10|3|0|1,6,-4.5
1|5|1|1|10,0,-0.9790484153031834
3|3|6|1|2,2,-2.938891565732727
6|2|5|1|2,2,-3.1274892604900746
6|3|4|3|2,7,-6.317025559500001
6|3|4|3|2,5,-4.23
2|2|5|3|6,7,-0.07260653668843399
3|8|3|3|7,2,-3.829564580381206
0|11|3|2|5,4,-1.8349727643156952
7|3|4|4|1,3,-4.5
0|6|4|3|10,7,0.735
7|10|3|1|9,3,0.5940749999999999
3|6|4|4|7,4,1.00507425
1|2|5|0|5,2,-3.015
2|2|5|0|4,5,-3.381823374511621
0|6|5|1|6,7,-1.2573331542318829
2|6|5|2|1,1,-7.65
4|10|3|3|1,0,-4.5
2|9|4|2|1,3,-4.5
2|6|5|1|2,5,0.1725
5|7|5|2|1,4,-4.5
2|5|5|2|2,5,-2.9640678916499996
4|2|4|3|3,2,-0.07905000000000002
6|7|3|3|1,0,-7.65
5|8|5|1|1,6,-4.5
1|1|5|0|6,5,-9.163176072898095
4|6|4|2|10,2,0.735
2|10|3|1|9,7,0.5475
7|13|1|1|8,1,-1.4582872355114445
6|2|6|1|10,2,0.9493266874494765
5|1|5|0|8,7,-13.747435697109097
2|4|3|3|10,4,0.6054440385
3|2|4|0|10,4,-2.247866276640234
4|6|1|1|9,2,-4.081778347639124
4|6|1|1|9,0,-3.210088924808289
5|10|3|0|1,4,-7.65
0|8|4|3|2,4,-3.3103834474499236
2|12|3|1|6,6,-2.6317500000000003
6|15|1|0|5,3,5.1
2|1|4|2|9,7,-1.5248228890508726
1|2|6|0|9,6,0.3071593673330834
0|2|4|2|2,1,-3.351
1|3|4|2|1,5,-9.855
3|2|4|3|2,6,0.735
6|6|6|2|1,4,-4.5
7|3|5|0|2,4,-2.7939650850000004
6|3|3|3|1,1,-4.5
5|2|3|3|6,0,-2.3497391461349406
3|4|5|0|6,2,-4.795764014665041
7|7|5|2|6,6,-0.8447404457083897
2|7|5|2|4,4,-5.855198981562403
6|3|4|0|9,5,0.735
5|7|3|3|8,2,-1.1143121193055296
4|11|3|2|6,6,1.3575000000000002
7|1|6|0|10,6,1.9703323909401997
6|7|3|3|9,0,0.5475
0|10|3|1|8,5,-0.49891003096865305
4|3|4|0|8,6,-3.8242064326327414
7|5|5|2|4,4,-2.887241831514348
7|3|4|0|5,6,-2.6687249599740324
5|5|5|1|3,3,-6.319362252032851
5|5|5|1|3,1,-10.000650901434515
6|3|5|2|9,0,-0.14685403532434974
0|3|4|3|3,7,-4.581453295790884
0|2|5|2|9,3,-0.6540931917489491
3|9|3|3|6,0,-0.009982500000000049
0|2|6|1|9,2,-2.7673302670334543
0|5|5|2|8,3,-1.1082699183520013
4|9|5|1|4,2,-3.43167066208921
4|9|3|1|8,5,0.06655984522499984
6|10|3|3|1,5,-4.5
1|8|4|3|1,0,-4.5
0|3|4|0|6,3,-2.4287994876600068
6|10|3|2|6,4,-4.639661659807864
5|3|6|0|7,6,-1.4031685014649742
0|2|6|0|9,7,1.257825
5|13|2|0|1,4,-4.5
3|3|5|0|6,2,-1.208649859974729
2|8|4|3|6,4,-0.3319273232864544
4|1|5|2|7,1,-2.470241617238398
3|2|7|1|9,4,1.1423503647645001
6|2|3|0|8,5,-4.900290935047506
2|2|5|2|9,6,-0.24379436161165424
2|6|6|2|4,5,0.5986335040736183
7|5|4|3|6,2,-4.547123650272126
1|3|5|1|3,0,-9.32223879753194
6|7|5|2|1,0,-4.5
5|1|2|2|7,1,-16.18957708529524
5|1|2|2|7,7,-13.850896155787146
7|2|5|1|5,3,-8.660452307999073
3|1|5|2|10,6,1.1209500000000001
1|7|4|2|8,0,-0.04180638870742048
1|6|5|1|6,7,-3.948888898961738
2|7|4|3|5,1,-8.294174261866225
4|1|4|0|4,1,-7.7186490116135715
4|9|3|1|6,1,-8.00893169848002
3|3|5|3|5,1,-2.4593800733033224
3|3|4|2|2,4,-5.419619074154999
5|7|6|2|3,3,-3.2900785894949998
7|7|4|3|5,0,-2.8966722045207756
6|4|4|1|10,7,0.8828250000000001
0|5|5|2|5,3,-2.3100617036461606
7|5|4|0|4,3,-2.894363580842711
3|1|2|2|3,0,-8.252810076033617
7|10|4|2|4,6,-3.2186651775294117
2|2|3|0|6,4,-10.946714940012452
2|6|3|3|8,4,0.3716417137003347
7|2|6|1|7,1,-0.4326396172496553
3|7|6|1|1,0,-4.5
2|11|4|0|1,7,-4.5
3|2|3|0|5,2,-17.15924454513908
5|3|6|1|2,6,-2.2593165
5|3|5|1|3,1,-1.6367212673014593
2|2|6|1|5,6,-1.4860509177187662
0|5|5|1|2,5,-2.4468165000000006
5|2|7|1|8,6,0.31848107045880264
4|9|5|1|6,1,-6.527941925174693
6|4|6|1|5,4,-0.9591516985609501
7|3|5|2|6,1,-1.6625157349788922
6|10|4|2|1,5,-4.5
7|6|5|2|3,2,-6.0291631389584595
0|4|4|1|10,3,0.87249
3|8|2|1|9,6,0.18953859622499994
4|4|5|3|5,0,-1.6600889815543416
2|9|4|2|6,1,-2.0138130168194612
1|5|5|1|2,2,-18.096951650265
2|8|4|0|1,0,-4.5
4|6|5|2|3,6,-2.348960431290681
5|10|4|2|1,6,-4.5
7|2|4|0|5,1,-11.351663180794382
1|2|5|1|1,6,-4.5
2|10|4|2|4,5,0.5744175625319998
2|4|4|2|10,4,0.1787640535129524
3|10|3|2|7,0,-3.4076467623878277
0|13|2|0|6,6,1.1700000000000002
0|10|4|2|1,3,-7.65
5|4|3|3|1,0,-4.5
4|1|7|2|10,0,1.2975
0|8|3|2|9,4,0.21838465668429857
0|5|5|2|10,5,0.9225
5|10|3|1|9,2,0.5475
2|13|1|1|8,1,-2.2241224387118854
1|2|4|2|3,3,-6.933278908204787
0|4|4|3|1,2,-9.855
6|7|4|2|7,4,-6.679622462342254
5|1|5|0|5,4,-6.712276315660436
5|9|4|1|6,3,-1.340091804492836
3|3|5|2|1,2,-4.5
7|4|6|2|8,6,1.11
6|10|3|1|7,1,-5.205350788893345
3|3|5|1|3,6,-1.7062224086683773
0|4|6|1|3,7,-1.3387102195649998
0|6|6|2|3,7,-1.6077363000000002
2|11|3|0|4,1,-1.0190626957585502
2|6|3|2|10,5,0.3756216618434913
2|6|3|2|10,0,0.36
7|6|5|2|5,5,-2.701577426956398
6|1|3|2|5,0,-10.479240468899008
1|4|5|1|3,2,-7.826988886625634
2|4|5|0|5,0,-2.444940747931613
5|8|4|2|2,3,-3.2589427868359504
0|4|3|3|9,1,0.5475
1|7|4|1|8,4,-0.8582069768002786
3|2|5|3|8,0,-0.7976690004679107
3|5|5|1|5,2,-11.987573289037403
6|6|5|3|6,3,-0.2114647501080408
2|11|4|1|2,0,-3.435496492612665
5|5|5|4|7,0,0.5835618482260422
2|11|4|1|5,7,-2.620928272812723
6|6|4|3|7,1,-1.4237732027794114
3|1|5|0|5,2,-7.165940872718766
4|6|5|1|6,1,-7.262720417925317
4|2|6|2|8,1,-1.7216543776318345
2|5|6|2|10,0,1.11
0|11|2|1|9,4,0.36
4|13|1|1|8,2,-2.399982068863068
3|3|5|1|2,1,-8.0483705595
0|7|5|3|2,6,-2.155095
1|3|6|1|9,7,-0.9117873732566121
3|4|4|3|4,4,-1.5955683006510064
6|3|3|0|6,0,-4.013428781102672
7|3|3|3|1,0,-9.855
7|3|3|3|1,2,-7.65
3|6|3|2|9,2,-6.865150316245416
4|2|4|0|2,1,-3.287531965549616
7|2|7|1|9,4,1.2755723168386048
7|12|3|1|5,1,-0.39259774500000016
3|4|5|4|7,7,0.9225
7|9|4|2|6,6,-1.2434235676971728
1|5|2|1|10,6,0.36
6|7|2|1|9,7,-1.568950413779854
6|7|2|1|9,5,-0.38811167189539114
6|5|2|2|10,3,-6.610594376433526
3|7|2|2|9,4,-0.3223559406445805
3|5|4|2|8,7,-3.8544194697408236
7|9|1|1|6,0,-2.1570081436286124
3|3|5|2|3,6,-2.629606415139445
6|4|3|3|1,4,-7.65
4|5|5|1|5,3,-1.2262117192102382
5|3|5|1|8,6,0.4812370049433363
2|3|5|0|8,3,1.16928675
7|3|5|2|8,2,-4.258410347510962
1|1|6|1|6,2,-5.497349187121819
7|5|4|4|4,0,-1.2452192393430002
7|4|5|1|6,6,-1.8784287849698706
0|10|4|1|4,3,-2.6016135724603418
2|3|4|3|6,0,-3.015
0|3|4|3|5,7,0.04402777389000007
1|10|4|0|3,4,-4.51652068025229
1|4|4|0|5,2,-2.068781615973425
3|3|3|0|9,7,-4.197431005174124
0|1|5|3|10,1,1.13352525
3|12|2|2|6,2,0.36
2|14|2|0|5,7,3.0
5|11|4|1|1,6,-7.65
1|4|5|1|2,6,-6.548069566622038
1|4|5|1|2,5,-6.297345
1|4|5|1|2,7,-5.080500000000001
1|4|5|3|1,0,-4.5
4|5|6|2|3,1,-2.817399377838022
2|4|4|3|6,6,-4.680439680341328
3|5|5|2|10,6,0.9225
6|10|3|2|9,5,0.5475
5|13|2|1|8,4,0.36
4|15|1|0|7,1,3.0
0|3|4|2|4,5,-8.208397646226842
1|1|4|0|3,2,-8.64944219289024
4|8|1|1|8,0,0.219075
2|8|4|3|1,4,-4.5
2|11|3|2|3,3,-7.129948246233246
3|9|3|2|8,2,-0.1737693677314184
3|7|5|1|2,6,-2.784345
3|7|5|1|2,0,-3.015
7|9|5|1|2,6,-4.8707150850000005
4|5|4|1|9,2,-0.20790301418288956
0|1|5|2|9,2,-5.493338785782383
5|5|3|3|1,6,-12.478950000000001
1|1|6|0|9,3,-0.7441571734500886
5|2|5|1|5,3,-2.6645033252333112
6|3|4|3|8,2,-0.48386457474665867
6|4|5|1|10,1,-0.37317964342202864
3|6|5|2|1,6,-9.855
1|11|4|1|3,7,-2.82224993334132
7|10|4|2|1,6,-4.5
2|4|5|2|6,0,-4.217464559293045
2|2|3|0|1,5,-4.5
2|4|4|4|2,3,0.735
3|8|5|2|1,0,-4.5
5|3|4|3|4,0,-0.8692622195951112
7|4|4|2|9,6,-4.224314522629233
5|5|5|1|2,6,-7.701667891649999
3|9|3|3|1,0,-7.65
7|5|5|1|7,2,-5.074694689283879
1|6|5|1|10,4,0.9225
4|11|2|1|9,0,0.36
0|13|1|1|8,3,0.1725
3|14|1|1|7,6,-4.42418241169012
2|3|4|3|9,1,-0.16294945064417968
3|1|4|1|3,7,-1.1618200184999998
1|4|5|0|5,6,-1.6871633275848803
1|4|5|2|9,5,-2.7207053612291645
1|2|5|1|5,4,-0.37284506870242495
6|7|3|3|4,1,-8.63725133919488
2|3|4|2|1,6,-7.65
7|2|6|1|10,3,1.9904775
1|2|6|1|9,5,0.1501122407827039
6|2|3|3|1,1,-4.5
4|9|4|1|4,0,-3.03987302698755
3|5|5|2|6,1,-4.373725690712975
5|1|3|3|10,3,-6.141835736561734
3|1|3|3|9,0,-7.253623002197088
2|5|5|1|6,0,-1.9212529990696852
6|9|4|2|5,2,-8.234767668764567
1|8|4|3|4,6,-4.858450641036531
6|3|5|1|2,2,-2.2482755595
7|10|3|2|6,0,-2.8515117629365045
1|6|5|3|1,6,-4.5
3|6|7|1|8,7,-0.1392227451083478
5|1|3|2|7,2,-5.546128455116385
2|2|3|0|4,1,-20.98710874027133
3|2|4|0|3,7,-7.943445299825194
5|2|7|0|10,2,1.2975
2|9|4|1|9,1,0.735
1|13|1|1|8,2,-3.2342694070284694
0|4|6|1|1,2,-4.5
5|8|4|2|5,7,-2.1783562210868292
4|5|5|0|7,7,-0.9568682386304235
1|6|5|2|4,6,-2.944077917382327
6|6|5|2|4,0,-4.574503152940181
4|1|5|1|6,1,-1.506825167072354
1|6|5|1|3,6,-6.357818803122099
1|6|5|1|3,3,-7.0431073725
7|4|6|3|7,2,-0.1791251818619643
6|5|5|1|1,0,-12.478950000000001
7|10|4|1|3,6,-3.7499359220322273
5|5|5|1|9,6,-0.8700801435864753
6|4|5|1|4,1,-5.388130824925099
2|6|4|3|1,6,-7.65
2|5|5|3|3,6,-3.4050917130340146
5|2|6|1|7,2,-0.9126646258222637
7|8|5|1|2,4,-4.72777155
0|3|4|4|6,5,-0.8784161608602814
6|4|5|1|8,1,-0.3539751175991993
6|4|5|1|8,3,-3.1507888359656318
3|1|5|1|5,7,-2.434298089981196
4|10|4|2|1,5,-4.5
1|1|4|2|6,6,0.21704466567487005
2|3|5|2|8,6,-2.552407855172027
2|3|5|1|1,5,-7.65
3|3|7|1|9,6,-0.7955367686174272
3|2|5|2|8,0,-7.129296843804396
3|2|6|2|10,7,1.0444599071193958
6|10|3|3|2,0,-4.6972499999999995
7|3|3|3|8,5,-3.6670926710942107
6|3|3|3|6,2,-7.135973781558112
6|8|3|2|9,7,0.5475
7|11|2|1|8,4,-0.1393003900712223
4|13|1|1|7,1,-6.785228119379781
0|5|4|0|4,4,-3.031489366349281
7|7|4|3|2,0,-5.849213413214947
4|3|5|3|6,0,0.9225
0|8|5|1|5,6,-0.9630755076547969
3|4|4|3|10,4,0.92273775
6|12|3|1|5,0,-4.885790154269829
0|4|5|1|8,5,-1.0930383184251127
4|5|5|1|7,5,-1.3240634696514004
5|4|6|1|3,6,-0.7554493925218501
6|6|5|1|2,2,-6.4068915
3|4|5|1|2,5,-10.47372039165
0|4|4|3|6,5,-0.015764251968670484
1|4|5|3|10,5,1.070325
6|9|3|2|8,0,-0.9318838969583076
5|5|3|3|6,7,-3.020643011350952
3|3|3|0|7,2,-10.598106863596026
1|6|1|1|9,2,0.219075
7|3|4|4|2,0,-3.295772375884731
1|3|5|1|1,7,-13.235265
3|2|4|2|1,4,-4.5
1|6|5|1|1,3,-4.5
2|3|3|3|3,1,-9.333851410013512
3|6|5|1|6,0,-2.8967995555899813
0|3|4|3|4,5,-1.639167962615444
5|4|5|1|10,3,0.9225
3|9|3|2|9,1,0.55575
1|12|2|2|8,6,0.36
6|14|2|0|7,7,3.0
6|7|5|2|4,0,-2.6963268019054305
4|2|3|2|2,0,-11.854698124155
4|4|4|0|1,1,-4.5
6|4|5|2|2,2,-5.738566500000001
3|3|4|3|9,5,0.8828250000000001
6|4|5|1|6,2,-2.7904550821057996
4|9|3|3|2,0,-11.646682502385566
2|6|5|3|2,7,-1.73835
6|2|5|0|10,0,-0.084276945
6|4|5|3|8,4,-3.1752969782636016
3|3|5|2|4,2,-3.2237388405817975
6|10|4|2|2,1,-3.1444445197384496
1|6|4|0|7,5,-0.8046809244139782
7|4|6|1|7,4,-5.697194217045036
5|5|5|2|7,1,0.6520819468623029
7|11|4|1|3,6,-2.6470099695000013
6|2|4|2|5,1,-2.9887148478886414
3|2|6|3|8,2,-0.5519011893712783
7|7|3|1|10,0,0.6446999999999999
5|8|4|3|3,6,-1.454667324232554
1|1|2|2|4,4,-10.164758867045677
4|11|3|2|4,7,-4.280959783862112
0|9|4|2|4,5,-7.052523590130697
5|2|5|2|9,2,0.48915428861827115
0|4|1|1|10,2,0.1725
2|5|5|1|9,7,0.9225
7|10|3|1|8,0,0.5549556380806154
2|8|4|3|7,4,-0.1110584727741449
3|13|3|0|5,7,3.0
3|7|3|3|6,1,-1.2918714898946797
0|1|6|0|10,2,-3.5447854265949426
0|2|4|3|7,6,-3.0062271288580806
1|7|5|1|1,7,-9.855
5|5|5|0|5,1,-6.042122327434122
2|5|5|2|3,6,-3.1336858127727902
4|5|5|2|4,7,-2.3615691993734584
6|3|5|3|8,5,1.0404559185075
2|6|5|2|2,6,-6.9828165
6|3|5|2|5,4,-4.475897907788061
2|6|5|1|5,5,-3.5791522504125832
0|7|1|1|7,1,0.23165024999999995
5|10|4|1|5,7,-5.448845111909804
1|9|4|1|6,7,-3.495835920290944
4|2|3|3|5,6,-5.054820956252259
2|3|7|0|6,6,-1.1156548914428348
2|13|2|0|1,7,-4.5
6|2|4|0|8,4,-1.6424290653058784
1|10|3|3|2,3,1.3575000000000002
4|7|6|1|5,3,-3.015
3|7|6|1|4,5,-3.0214799348676227
1|1|5|0|4,3,-3.1216441658400575
4|1|7|1|9,2,1.2975
2|8|3|2|8,3,-2.280251177590797
4|3|3|3|10,3,-4.566641315420278
2|5|5|1|8,3,-2.5435492964286426
3|5|5|1|7,6,-2.311276441269471
5|6|5|2|2,3,-2.65102155
3|8|4|2|9,4,0.735
4|12|2|1|8,5,-0.04423131650037577
1|7|3|2|10,2,0.5475
2|10|2|2|9,0,-2.791021437098844
0|12|2|1|8,3,-0.1750260186905388
6|6|3|3|5,0,-8.419804648759328
2|4|5|2|1,4,-7.65
1|3|6|0|6,0,-2.2476658323111156
6|5|5|2|4,5,-5.338230049935911
0|1|2|2|9,2,-18.28959768292879
6|4|7|1|6,4,-1.31187491074036
2|8|1|1|2,0,-2.9050950000000006
2|4|5|3|5,0,-2.8832227108205264
7|1|3|2|6,3,-5.907741620970382
2|5|5|2|8,1,0.2904075854474101
2|5|4|2|8,1,-0.6478422951368867
0|2|8|1|9,7,1.4921712771822313
7|3|5|1|3,4,-5.7204030563550035
3|2|5|1|4,2,-4.508368471543087
5|6|2|2|10,1,-1.279736115486967
3|1|5|1|7,7,-2.9277513905052395
3|1|5|1|7,0,-4.241477520424142
2|3|4|3|3,6,-5.420750958455064
6|11|3|0|1,2,-7.65
5|11|4|1|3,6,-2.7745069786500007
4|4|5|2|6,2,-2.1167411124532354
7|5|2|2|10,0,0.507825
6|5|3|3|8,1,-7.091607973887763
7|5|7|0|6,2,-1.2872758955691586
2|3|3|0|9,6,-0.6298930319578965
4|4|5|1|1,0,-4.5
1|8|5|1|2,5,-5.316724398980901
0|1|6|0|7,6,-2.8712405053230245
2|1|3|2|5,0,-3.348029679698446
2|7|5|2|2,1,-2.8940255594999997
0|1|3|3|9,3,-6.790613789660818
1|2|6|1|6,7,-9.462045400319246
5|1|2|2|4,2,-6.0058739862012125
3|11|4|0|1,6,-4.5
2|1|4|1|2,4,-4.575375559500001
0|3|5|2|6,5,-9.369532935395481
3|1|6|0|8,6,0.1314199768827771
3|4|5|2|4,2,-5.614329093111136
6|4|3|3|7,4,-0.22663725
2|6|5|1|1,0,-7.65
0|9|4|2|1,4,-11.3985
4|6|1|1|8,2,0.1725
2|7|1|1|7,3,-0.6156197042383861
0|9|4|3|1,6,-7.65
1|4|5|3|4,7,-5.128676397429495
7|3|5|0|10,0,0.9225
0|8|4|1|9,6,0.781575
3|2|3|3|3,1,0.19743918149999987
5|6|4|3|1,2,-4.5
7|1|5|1|6,0,-2.0626696667858546
6|6|4|2|7,4,-8.26238108268858
6|6|4|2|7,0,-5.978698746876243
6|2|6|2|7,2,-4.5768491694515525
5|1|5|1|6,0,-2.4902221840070458
0|4|3|3|10,3,-3.0435749622037456
2|10|4|2|6,7,-0.16829328388347306
3|4|4|2|10,7,0.8584440000000001
6|2|5|1|5,2,-4.184389666472997
1|3|5|2|3,6,-3.764175289341204
1|2|5|4|6,7,-1.9346592433915024
2|8|5|1|4,5,-3.4942930611907337
7|2|4|0|2,0,-7.3209182669085
4|1|5|2|10,3,-1.6264102827106612
4|6|4|2|2,5,-3.0815255594999997
4|5|4|0|2,6,-0.47999999999999987
2|1|5|0|4,4,-2.3906177668911988
5|2|5|2|8,0,-4.498477914544317
1|8|4|3|3,4,-0.6367350000000002
1|4|5|1|7,2,-3.1248335046665656
5|4|3|3|9,4,0.5475
4|7|4|1|8,6,-1.2001730809665099
7|7|5|2|2,0,-0.29249999999999987
2|1|3|0|1,5,-12.478950000000001
2|1|3|0|1,1,-12.478950000000001
2|4|4|3|8,1,-0.2819869361969536
4|4|5|3|3,5,-1.0842119610683376
4|3|5|2|10,1,1.070325
0|1|6|2|10,3,-2.2256349640551796
6|5|4|0|5,2,0.6358694055
5|3|4|0|10,7,0.02799888458774995
4|5|5|0|2,6,-2.8940255594999997
3|4|6|1|2,1,-2.6064650850000004
3|1|2|2|5,2,-10.827300268977686
4|6|4|0|5,0,-2.424331344914036
0|3|5|2|8,2,-1.3518330682955766
2|2|5|1|6,0,-0.5179572265811397
6|5|4|4|1,2,-4.5
7|3|3|3|6,2,-5.745217789161929
1|10|3|3|1,0,-4.5
2|7|5|2|9,3,0.9225
3|12|2|1|8,5,-4.375343237746593
1|11|4|1|2,7,-1.8694649924835003
7|1|3|2|9,4,-8.050726525859542
3|4|5|3|5,0,-3.015
0|4|5|3|4,1,0.7546260825000001
0|2|6|1|6,3,-2.627316737870028
6|3|3|0|10,1,0.36888787311941723
4|7|4|2|8,2,-0.0597880935687221
6|1|5|3|10,7,-0.03260978931528706
1|3|4|3|5,3,-5.696643106133247
3|7|5|1|4,6,-2.328055608906087
0|11|4|1|3,2,-5.474547364515343
1|7|6|2|7,7,1.22055804453
3|2|4|0|2,0,-10.20514278683595
7|2|6|1|5,3,-3.8918578011665153
3|2|6|1|4,2,-1.5923437080241296
6|5|4|2|10,0,1.2495
0|9|2|1|9,5,0.36
5|11|1|1|8,0,-0.8925303774634038
5|6|5|1|3,7,-3.2673932515800006
1|5|5|1|7,6,-0.7223834717299328
6|6|3|2|10,7,0.5475
7|9|2|1|9,2,0.36
2|11|1|1|8,0,-1.1168754142841821
6|5|6|1|2,7,-2.900759950785165
1|2|4|0|7,7,-3.134565409132096
7|10|4|1|4,2,-3.144528395724789
2|6|5|2|7,4,-1.9750868729656188
0|7|5|1|1,4,-9.855
7|6|3|3|6,0,-0.5631206555193488
3|2|3|0|8,1,-2.7692761074160326
0|1|3|2|9,5,-11.939462265872123
4|2|4|2|5,7,-1.8448875787134824
5|6|4|3|3,1,-6.508709992269365
3|3|4|3|4,1,-6.109535123643401
4|7|4|3|1,7,-4.5
4|3|4|2|10,6,0.715189129914571
7|9|1|1|8,0,-0.6089474999999999
7|4|5|2|1,1,-9.855
3|6|3|3|7,2,0.06774652812967573
5|7|3|3|5,1,-5.5981553171769525
5|7|4|4|4,0,-0.15112297465701324
0|11|4|1|1,3,-4.5
4|5|6|3|2,2,-2.46352155
2|1|4|0|3,1,-9.767664628290495
7|7|5|1|4,1,-1.8087039622600605
1|3|5|4|5,5,-3.015
5|3|5|4|4,6,-1.728850848336809
4|3|4|3|9,0,-4.311142462989105
6|2|3|3|8,2,-1.5475291520246108
7|12|3|0|1,1,-4.5
6|6|6|2|6,7,-1.9743683214574819
1|8|5|1|4,4,-3.87989603271493
1|2|5|1|4,3,-1.429145629363091
4|6|3|3|8,1,-3.2538771547352296
6|3|4|3|9,2,0.9334500000000001
0|5|5|2|7,7,-2.3516136558767697
7|4|5|0|5,3,-3.015
3|4|5|0|4,5,-2.7915438116759828
4|1|3|3|10,0,-7.130576468596491
4|7|4|3|4,3,-3.5646363949086393
1|5|5|1|10,4,0.9225
4|10|2|1|9,6,-6.594423231871748
2|3|5|0|10,1,0.7039980075644038
3|7|3|2|10,7,0.5475
7|10|2|1|9,0,0.36
0|12|1|1|8,1,-1.7942629067225337
7|1|4|0|4,5,-14.2406451562279
0|2|4|3|2,3,-3.3149087156718227
2|7|4|0|2,1,-3.311768413214946
4|6|5|2|1,5,-4.5
6|3|5|2|8,7,-2.084195089047705
0|2|5|3|9,5,0.9225
5|7|5|2|8,1,0.39924
0|2|4|2|4,1,-5.9181955752661874
0|3|3|0|2,5,-3.499268413214947
1|4|5|2|7,0,0.9225
0|9|4|1|6,3,-2.340173439527753
7|6|4|3|8,4,-2.9121447508042295
0|12|3|0|1,4,-4.5
2|1|6|1|5,0,-4.309094921095886
7|9|4|2|3,5,-10.005875881171717
3|1|6|2|9,7,-0.5283632081436572
5|13|3|0|2,6,3.0
5|5|5|2|1,0,-4.5
1|4|3|3|7,3,-2.9527880032080347
1|2|4|0|2,2,-1.92585
7|10|3|0|1,1,-4.5
7|2|5|1|9,1,-0.7651802579510067
0|1|3|2|4,1,-7.920568208041189
4|1|8|1|10,1,1.339995524723206
6|5|5|2|8,0,-0.49070241002234904
6|3|4|0|8,0,0.735
0|7|4|1|7,5,0.4283296316430392
0|12|3|1|4,7,-1.630866422501597
0|10|3|3|1,3,-7.65
3|1|6|1|9,0,-1.0846214373580056
0|9|2|2|9,1,-2.655224976957112
1|11|2|2|8,2,0.36
2|13|2|1|7,4,-3.4786776703805287
7|9|5|1|3,0,-2.5900529550246585
3|4|7|2|8,5,0.58481988
4|2|6|1|10,5,1.11
5|8|2|1|9,6,0.21479669472899557
7|11|4|1|2,4,-5.277891346182329
5|7|5|1|3,6,-2.8049783583694956
2|4|5|2|3,7,-2.3060015911608813
6|9|3|3|5,4,-1.6598740600868087
5|4|4|3|4,0,-3.015
0|4|4|3|3,3,-3.52451155395
6|13|2|0|3,4,-4.142035032879024
3|2|4|2|5,5,-11.412928648788483
3|4|5|1|7,5,-5.358823842359759
7|9|5|2|2,6,-1.143
1|7|3|1|10,0,0.5475
0|10|2|2|9,3,-0.034196571217961665
1|2|5|3|9,5,-1.076633075749074
7|3|5|0|8,3,-0.2820514768273291
7|12|4|0|1,6,3.0
6|5|6|2|5,1,-2.3979057126712777
7|6|4|3|3,5,-4.321411713560673
2|5|3|1|10,6,-1.0309584845542226
3|1|7|2|10,7,0.005744923720527595
6|13|2|0|1,1,-4.5
0|5|5|1|1,7,-4.5
4|8|4|3|2,3,-3.2349182669085
0|1|4|2|8,5,0.05110685631867371
4|11|4|1|2,0,-1.492875448452115
6|4|5|2|3,5,-2.0004750003541703
1|2|3|3|4,5,-3.764021118958826
5|5|5|3|3,6,0.7422750000000001
1|2|5|0|7,4,-1.6362363679600898
2|4|5|1|8,4,-2.763589399084506
3|8|5|1|3,0,-2.8578493401497505
4|1|5|0|4,6,-5.046787832391282
0|2|5|2|7,1,-5.361798330130665
1|4|3|3|5,0,-2.2541007822453367
2|1|3|1|3,5,-8.74606567370414
6|3|4|0|2,1,-1.3305
1|1|3|2|3,5,-5.471432246911672
1|2|6|3|10,7,1.11
7|8|4|1|9,5,0.78152262135
0|7|4|1|8,1,-0.8553149403271322
0|5|6|3|5,3,-2.4949951402887924
4|4|6|1|6,1,-3.5188652905279065
4|4|6|1|6,3,0.1725
1|2|6|1|1,5,-4.5
5|4|4|3|1,2,-4.5
1|9|4|2|2,6,-7.991733447449924
4|8|4|3|6,5,-0.08987915716338159
3|3|3|0|3,5,-1.8969706500000005
0|4|5|2|1,6,-4.5
4|1|2|2|3,5,-1.3635403807455002
1|4|4|3|4,5,-2.4598566851773342
4|4|4|0|4,1,-2.3034385114370175
1|6|4|3|9,0,0.8070985374354501
7|8|3|3|3,2,-3.9928683802901728
6|8|5|2|1,7,-4.5
6|3|4|3|1,1,-7.65
3|4|4|3|2,1,-2.9814650850000004
5|3|5|0|7,4,-1.4142354012401077
6|2|5|2|2,4,-2.7939650850000004
0|8|3|1|9,7,0.6446999999999999
0|3|5|2|7,3,-6.185580815654015
2|1|2|2|3,4,-2.0033416857198105
4|1|3|1|2,6,-12.12996245115
4|1|3|1|2,5,-10.530945000000001
4|3|6|1|4,2,-2.5524816944604294
0|3|3|0|3,5,-2.969044970164669
2|4|5|1|2,0,-5.165009950785166
0|4|4|3|4,5,-3.0769231208431145
0|9|1|1|8,1,-0.2944291764657438
1|7|4|3|6,4,0.56822505
7|4|4|4|6,2,0.11529505891424034
3|5|5|3|4,7,-3.5410703908115275
4|3|5|0|4,5,-3.0747484372329046
5|12|3|0|1,2,-4.5
6|5|5|3|6,1,-1.5498426638541305
2|6|4|3|5,5,-3.1644090323189817
1|4|5|2|6,6,-1.2876673535848453
4|4|6|0|8,5,-1.2848894764214822
6|4|6|2|4,1,-0.95261438635082
3|5|6|1|5,0,-2.971684877590475
1|6|4|3|2,7,-3.3103834474499236
1|3|4|1|2,3,-17.696840527193
1|6|3|2|10,0,0.5475
0|9|4|1|9,4,-0.034675480031784965
2|10|4|1|7,7,-1.2346079411738573
6|5|3|3|2,0,-3.502499997060731
3|5|5|1|9,7,0.8999978066907889
7|2|8|1|7,2,-1.9058812805766852
0|1|6|1|4,6,-0.5292395139225143
5|2|7|1|9,1,1.4243055000000002
3|6|5|1|4,1,-6.994904963502275
3|3|6|3|7,1,0.009061145030635974
5|2|3|0|2,0,-9.807087252640951
4|2|3|3|10,6,0.5475
6|5|5|3|9,7,0.9225
7|10|3|2|8,5,0.5475
5|13|2|1|7,1,-5.112644772998992
2|2|5|1|5,0,-2.805705931076053
6|11|4|1|2,4,-3.1516268381327124
6|2|5|4|10,7,1.0164273365747958
1|12|1|1|8,2,0.1725
2|13|1|1|7,4,-3.8070236127231243
0|6|5|2|2,5,-3.0474182669085
7|3|5|2|7,0,-1.9446656385678098
5|2|5|1|3,7,-3.7819498076603555
0|3|6|0|5,5,-2.2507618039213657
6|2|3|3|4,2,-3.1537815993592457
0|3|4|3|2,5,-4.424428464183519
6|3|5|0|6,0,-2.8302447445837005
6|9|5|1|1,2,-4.5
4|3|3|3|1,5,-7.65
6|7|3|1|9,7,-0.028618697603175324
3|11|4|1|3,7,-3.3480629563171314
5|2|6|0|9,2,0.8517524056726019
5|6|4|4|2,0,-2.83852155
1|3|3|3|6,7,-3.015
7|3|3|3|5,0,-1.241600026729665
5|4|5|2|5,2,-4.011863913239989
1|6|3|1|10,4,0.6953250000000001
5|3|5|1|10,4,-4.756933759580376
1|4|4|0|9,3,-0.15485181867216666
5|7|4|3|8,3,0.735
3|11|4|0|7,4,-3.7680452689064063
1|5|5|1|6,5,-0.9824405696280649
6|2|4|0|2,2,-4.654816500000001
5|2|6|0|7,1,-1.4238979787071304
1|10|4|2|3,3,-0.31407392999999995
1|10|4|2|3,6,-3.0649286004705454
0|3|5|1|3,7,-0.06320518671199467
6|9|1|1|7,1,-6.282783388287255
7|2|5|4|7,2,-0.9638209494071068
5|7|4|3|6,7,0.735
7|11|3|2|5,1,1.7407500000000002
1|14|2|0|4,6,-2.872565624270588
1|6|5|3|2,4,-1.143
2|3|6|1|3,5,-3.612574187256497
0|5|6|1|2,7,-2.912531965549616
6|5|5|2|1,0,-7.65
3|2|5|0|7,1,-2.9790798355013774
5|3|6|2|6,2,-1.8412543347196215
5|6|3|2|10,0,0.6446999999999999
5|4|5|3|7,7,-0.09089839685770053
1|1|5|2|6,3,-2.780418469276069
4|1|7|0|9,3,-0.1023424439650741
3|3|4|0|2,5,0.735
5|7|5|1|1,2,-4.5
1|5|5|1|4,0,-1.438429713022789
3|3|4|4|5,4,0.735
4|7|5|1|4,5,-3.1534904772364656
1|10|4|2|1,2,-4.5
0|3|3|0|10,4,-0.959614037994263
1|5|4|0|3,2,-2.8617617563368722
1|6|4|4|4,4,-4.370127534892835
1|1|9|1|10,4,1.5037506313617117
1|5|4|3|7,6,-4.3511854184326815
3|1|5|1|8,6,-1.5663898832187775
3|1|5|1|8,1,-7.139127414345776
4|4|5|2|8,5,-0.9722011139037341
2|5|5|2|1,3,-4.5
7|2|5|1|7,0,0.9225
0|7|5|1|6,2,0.45502519919960865
1|8|5|2|4,4,-6.806805103597441
3|2|3|3|5,1,-5.326639437148963
5|8|6|1|1,7,-4.5
2|3|4|3|2,7,-3.0815255594999997
6|4|5|1|1,0,-4.5
3|1|5|1|3,6,-3.727033622948684
7|4|4|0|1,1,-4.5
5|5|5|2|4,2,-4.833278545514977
0|1|4|2|6,6,-1.6325188607649037
1|2|5|2|6,4,-1.73249053039356
7|9|5|1|1,6,-4.5
0|9|4|3|2,1,1.5450000000000002
4|6|5|2|7,5,0.01298152496584537
7|4|5|2|9,2,-0.2735533910009125
3|6|4|0|3,1,-3.7522410088774762
2|10|3|3|1,4,-4.5
6|2|4|3|9,3,0.9728725478789879
1|3|5|1|4,2,-10.081098239619886
3|1|3|3|5,2,-4.32200523704766
3|3|6|2|4,6,-3.2359185755441624
7|6|6|2|2,4,-2.8599182669085
4|3|5|2|2,1,-3.015
1|3|5|2|1,5,-4.5
2|3|6|4|4,4,-3.015
4|3|6|4|3,3,-1.0172717992454998
4|10|4|0|2,0,-2.342595
2|4|4|4|5,3,0.735
3|8|5|1|4,4,-4.604294446010429
7|5|4|1|9,6,-2.1835116941271235
6|9|4|2|8,5,0.04213457262883726
5|6|6|1|1,7,-4.5
4|10|3|0|3,2,-2.8922396710650005
7|10|5|1|3,5,-2.867891205711685
4|3|5|2|4,5,-3.0590790640985595
7|3|4|0|4,5,-3.7061603233033984
0|3|5|0|9,7,0.1724571738660801
7|3|4|3|1,4,-4.5
7|3|4|3|1,1,-4.5
1|5|5|3|8,4,-1.3183858875863683
0|3|3|0|9,4,-2.6710536503015936
5|4|5|1|3,4,-3.3664410390910793
1|3|4|3|8,0,-2.5596505071330307
4|7|5|1|7,7,0.10844999999999998
2|3|6|0|3,1,-3.015
1|3|6|0|2,4,-2.7765678916499996
0|6|5|0|4,7,-3.086098276331891
1|2|5|4|10,6,0.9225
6|7|4|2|9,7,-3.237092199592458
7|5|2|1|10,3,0.36
3|7|3|1|9,2,0.14097532365636867
3|7|5|2|3,5,0.36
5|9|5|2|2,4,-0.13009500000000002
2|2|4|3|8,7,-1.9680529259095023
1|3|4|3|7,2,-0.8593262191506174
2|13|3|0|3,6,3.0
4|10|4|2|2,6,-1.3305
7|5|5|1|9,1,1.03227525
7|8|3|3|2,1,-2.5300950000000006
1|2|4|3|4,2,-3.495881356255216
2|2|4|2|3,0,-3.1446
1|2|4|2|1,6,-4.5
7|2|5|3|6,4,0.15671340184766275
2|8|4|0|4,6,-4.053524999759173
5|3|5|2|5,6,-5.430048541222779
2|2|6|1|8,5,0.09549683871724723
2|1|4|1|1,4,-7.65
0|2|5|1|6,1,-4.101511663691361
4|3|4|3|8,1,-2.907709173366925
5|2|8|1|10,2,1.5822
7|5|5|4|8,4,1.15325199
6|11|4|1|6,0,0.08788829431692
6|2|5|2|8,5,-3.1168105131429353
1|10|3|3|3,3,-0.7081215
1|1|4|1|5,5,-3.9957133919323913
6|2|4|2|3,5,-1.6018679668963824
2|4|5|2|4,7,-3.0901799174196847
0|2|3|0|2,1,-3.2690255595
3|1|3|3|8,5,-2.1159091471030225
2|10|4|2|1,4,-4.5
7|7|4|0|1,4,-4.5
0|1|4|0|5,6,-11.518872691370614
0|6|5|1|2,1,-1.143
3|8|4|0|1,4,-4.5
0|6|4|1|9,7,-0.012671281264951073
2|2|4|0|1,5,-4.5
5|4|4|0|2,6,-3.200597524155
6|4|6|3|3,3,-2.4421932532073343
6|1|5|1|8,1,-2.50093302777003
6|1|7|1|8,7,-2.161315785763515
3|5|5|2|2,0,-2.155095
7|5|5|2|7,2,-2.007485526613002
4|10|4|1|2,3,-3.343772375884731
4|6|4|2|9,1,0.2364591052292098
7|8|5|2|2,0,-3.100031965549616
4|8|1|1|6,0,-1.32994171403307
7|1|4|3|9,2,0.7804786401011439
1|6|5|2|7,3,-1.114354026885113
0|4|6|1|8,6,-0.8904523414224016
6|2|3|0|4,4,-2.834866598620452
5|12|2|2|4,2,-4.3246959281287305
3|9|4|2|10,6,0.735
6|13|2|1|9,7,0.36
7|15|1|0|8,5,3.0
4|1|8|0|10,0,1.6237703660308282
1|9|2|2|8,2,-0.43478809356872217
1|10|3|2|8,7,0.6446999999999999
1|9|1|1|6,0,-4.336039041162192
7|2|5|0|2,4,-3.100031965549616
4|3|3|3|7,0,-6.514074786873459
5|7|4|3|1,1,-4.5
3|1|3|2|5,1,-3.805413144765824
4|5|6|1|5,1,-2.3391403477547588
7|1|3|3|10,5,-0.7701228192045358
5|2|5|0|8,7,-3.8418358587059576
7|2|3|3|6,0,-1.969587629451882
2|2|5|1|3,5,-4.340951675243596
3|3|6|1|6,2,-3.418541760311617
1|5|5|0|4,6,-1.398978715195787
3|5|6|0|4,4,-0.9865841608869911
5|6|4|3|2,7,-3.287531965549616
4|4|4|3|3,1,-2.774528860609832
6|3|5|2|4,7,-4.291669344122962
0|4|5|1|1,3,-4.5
4|5|4|3|6,7,-2.2465542683857103
6|2|4|0|6,7,-7.57086448009742
0|1|3|1|1,4,-4.5
0|6|4|0|2,4,-1.92585
5|1|3|2|2,7,-3.489040663119312
7|1|4|3|10,2,0.9660525
7|7|4|3|7,3,-2.1092891013638893
6|1|4|1|2,0,-1.3305
5|3|4|4|8,3,0.96677988
3|1|4|3|8,0,-2.075965938388745
6|5|5|2|5,1,-4.502405803785944
5|5|5|1|5,6,-3.6656327015321093
4|5|5|2|7,6,-4.29856540556457
1|2|4|0|5,4,-5.082868751242028
7|8|4|0|1,5,-4.5
6|1|5|0|3,0,-3.3919121888890653
0|5|6|2|5,3,-1.6899634441380076
4|3|5|1|2,0,-3.114040663119312
6|11|3|2|4,0,-1.53569302845
0|5|4|2|10,5,0.735
5|9|2|2|9,2,0.4572
0|8|4|2|6,4,-2.028190808145303
6|7|4|3|3,5,-3.4641344336830646
4|8|5|1|1,6,-4.5
0|5|6|1|3,3,-3.0637950924344386
3|8|5|1|5,1,-1.6580958461343678
4|2|5|2|9,6,-3.114032464907844
6|3|4|0|3,2,-3.2726818492334755
4|3|4|3|5,7,-2.303602561915617
6|3|3|3|3,4,-3.015
4|3|3|3|2,3,0.5475
3|6|4|3|1,5,-4.5
5|8|4|3|4,2,-0.44422999499999977
4|5|4|3|1,1,-4.5
2|5|4|0|8,6,0.2559846716832307
4|13|2|0|3,1,-0.3905472181451149
1|2|5|0|10,5,0.9225
5|7|3|1|9,7,0.5475
7|10|2|2|8,2,-1.2965306610415352
7|8|5|1|3,0,-3.3160838643697605
5|2|5|0|6,2,-2.153452925645166
1|4|5|2|5,3,-2.505428922073453
2|3|4|3|7,6,-4.870013230905681
2|2|3|3|6,3,-1.8905592120273265
4|2|4|0|4,6,-2.4352265283273016
6|6|5|3|4,2,-0.9583146475066221
4|6|4|3|7,6,0.05132657407410983
4|7|5|2|2,5,-3.088259950785165
