state,action,q_value
1|3|0|12,1,9.056194754874701
1|3|0|12,4,-4.940584602805067
1|3|0|12,5,-4.522901630919819
1|3|0|12,2,-4.115836941498914
1|3|0|12,6,-5.282808816422994
1|3|0|12,3,-4.2786119686921795
1|3|0|12,7,-5.085081784781151
4|4|1|11,2,10.50986077309728
4|4|1|11,1,9.18626424742593
4|4|1|11,5,-0.5052173760335084
4|4|1|11,3,5.631284803115987
4|4|1|11,4,3.412336517040117
4|4|1|11,6,-2.2569049191028068
4|4|1|11,7,-1.1064489139122624
5|4|1|10,6,-4.622146379450492
5|4|1|10,2,6.61449171126686
5|4|1|10,5,-2.482800543745216
5|4|1|10,1,10.930002411643537
5|4|1|10,7,-4.884760377855822
5|4|1|10,3,6.054494672886284
5|4|1|10,4,3.3440886674894603
5|4|1|9,6,-9.921979889012066
5|4|1|9,7,-9.651550268196484
5|4|1|9,1,5.062012544474661
5|4|1|9,2,1.0972979582859819
5|4|1|9,3,-1.4488565066175672
5|4|1|9,5,-10.0111403834347
5|4|1|9,4,-6.960531106094418
5|4|1|8,1,-1.4142041544597401
5|4|1|8,4,-5.410853037514619
5|4|1|8,3,-3.1558066152218367
5|4|1|8,5,-9.200881582680942
5|4|1|8,2,-3.825217603682509
5|4|1|8,7,-10.47335747570432
5|4|1|8,6,-12.63272635795685
9|2|2|7,1,-6.161732787249246
9|2|2|7,5,-6.379184813866476
9|2|2|7,4,-7.51132687865937
9|2|2|7,3,-6.165255734542403
9|2|2|7,2,-5.405460920659464
9|2|2|7,7,-17.292281288620952
9|2|2|7,6,-16.19275281623107
11|3|2|6,2,-7.477598996518434
11|3|2|6,3,-6.453167188845233
11|3|2|6,1,-6.905238861554901
11|3|2|6,7,-18.181281394326092
11|3|2|6,6,-17.51781334665102
11|3|2|6,4,-6.821839515817622
11|3|2|6,5,-8.886419544308565
13|3|2|5,5,-16.02485343778079
13|3|2|5,4,-9.570626788532339
13|3|2|5,1,-9.146382802205283
13|3|2|5,7,-19.738430962455208
13|3|2|5,3,-10.548897656284575
13|3|2|5,2,-7.827095227551633
13|3|2|5,6,-19.394597741160357
14|4|2|4,2,-10.119333911049681
14|4|2|4,5,-17.300331917882872
14|4|2|4,3,-9.245636486034847
14|4|2|4,6,-18.657888080976885
14|4|2|4,4,-10.36123454081182
14|4|2|4,1,-10.009978933367288
14|4|2|4,7,-19.194108469197587
16|4|2|3,6,-17.899568199994157
16|4|2|3,4,-11.66677865734731
16|4|2|3,3,-14.379079946797217
16|4|2|3,5,-20.27299337799784
16|4|2|3,2,-11.314990963997516
16|4|2|3,1,-11.596243080949872
16|4|2|3,7,-19.277751359913204
16|4|2|2,2,-12.877343994981285
16|4|2|2,5,-14.883338025
16|4|2|2,3,-13.017240170433837
16|4|2|2,4,-13.029775830075
16|4|2|2,7,-19.9383154554307
16|4|2|2,6,-17.7830605395
16|4|2|2,1,-12.699999999995928
18|4|1|1,3,-14.975573796031343
18|4|1|1,1,-14.975573796031343
18|4|1|1,6,-14.96510542290192
18|4|1|1,7,-14.96510542290192
18|4|1|1,4,-14.975573796031343
18|4|1|1,2,-14.975573796031343
18|4|1|1,5,-14.96510542290192
1|1|1|12,1,5.8371382270693655
1|1|1|12,6,-7.456119684403026
1|1|1|12,3,-8.391105663910615
1|1|1|12,5,-8.200643548904127
1|1|1|12,2,2.4042694070619164
1|1|1|12,7,-8.226909013187537
1|1|1|12,4,-8.272748202275558
2|4|1|11,2,6.45657920727348
2|4|1|11,5,-3.8705446732054014
2|4|1|11,6,-4.5776772298485655
2|4|1|11,1,11.566024993525119
2|4|1|11,3,0.008451177288856915
2|4|1|11,4,-4.433677988114471
2|4|1|11,7,-5.269493896247174
3|4|2|10,3,2.1180431829881763
3|4|2|10,6,-7.297237043746167
3|4|2|10,4,3.0611221917998472
3|4|2|10,1,8.36255403905503
3|4|2|10,5,-7.085856188215787
3|4|2|10,2,4.511926746581265
3|4|2|10,7,-6.984644278204843
3|4|2|9,2,1.9149499359934778
3|4|2|9,7,-5.273450270985574
3|4|2|9,6,-2.930168716875
3|4|2|9,1,0.45796063731106895
3|4|2|9,4,-2.604971577559537
3|4|2|9,3,-3.1795545827855562
3|4|2|9,5,-3.1827419917570396
6|4|3|7,4,-13.307617613472573
6|4|3|7,1,-2.177797481346102
6|4|3|7,5,-2.3281420555446206
7|4|3|6,7,-10.090386588756422
7|4|3|6,5,-10.140199847475538
7|4|3|6,1,-5.340496051114257
7|4|3|6,6,-6.543143711183095
7|4|3|5,3,-5.503149478283142
7|4|3|5,7,-7.362999685280025
7|4|3|5,6,-6.851864014146375
7|4|3|5,4,-5.919500871838979
9|5|3|4,6,-13.44431980480291
9|5|3|4,3,-6.352769232866862
9|5|3|3,1,-7.362513825923785
9|5|3|3,3,-8.863964064570478
14|3|3|2,4,-13.432616459844196
14|3|3|2,1,-13.039758764849257
14|3|3|2,6,-13.040167499999999
14|3|3|2,7,-14.51189475
14|3|3|2,2,-12.580675207186186
14|3|3|2,5,-13.040167499999999
14|3|3|2,3,-13.208137490390245
15|3|3|1,3,-14.792380691985
15|3|3|1,7,-14.703400988550001
15|3|3|1,4,-14.703400988550001
15|3|3|1,1,-14.792380691985
15|3|3|1,2,-14.8546664843895
15|3|3|1,6,-14.792380691985
15|3|3|1,5,-14.703400988550001
1|1|1|11,3,-12.477222093327947
1|1|1|11,1,1.949415999333916
1|1|1|11,5,-12.272112857883073
1|1|1|11,7,-12.226025032929257
1|1|1|11,6,-12.359287542893345
1|1|1|11,4,-12.32472681716541
1|1|1|11,2,-0.5769916155892899
1|1|1|10,6,-9.373447168691392
1|1|1|10,3,-8.58811497929379
1|1|1|10,7,-9.191988245926932
1|1|1|10,1,-2.62333466392587
1|1|1|10,4,-9.091966858571865
1|1|1|10,2,-3.086634221000854
1|1|1|10,5,-9.011063286582273
1|1|1|9,6,-9.295720822951594
1|1|1|9,1,-0.5266678275419017
1|1|1|9,7,-6.923974298250938
1|1|1|9,4,-7.378589450638241
1|1|1|9,5,-7.561194974999999
1|1|1|9,2,1.0496227812488004
1|1|1|9,3,-2.985075
1|1|1|8,3,-5.077299375000001
1|1|1|8,2,0.10500000000000001
1|1|1|8,7,-7.826166956250001
1|1|1|8,1,0.604016682173155
1|1|1|8,6,-5.630016583125
1|1|1|8,4,-5.6573570250000005
1|1|1|8,5,-8.13348783973125
1|1|1|7,7,-6.80875344376875
1|1|1|7,3,-2.985075
1|1|1|7,4,-2.985075
1|1|1|7,1,0.44849499562499995
1|1|1|7,5,-5.4536340268125
1|1|1|7,2,0.13492500000000002
1|1|1|7,6,-6.9026326500375
1|1|1|6,1,-1.2248474625
1|1|1|6,7,-3.015
1|1|1|6,5,-3.874275
1|1|1|6,6,-3.874275
1|1|1|6,3,-2.9765463750000003
1|1|1|6,2,0.29777250000000005
1|1|1|6,4,-2.9765463750000003
2|1|1|5,4,-3.015
2|1|1|5,7,-2.985075
2|1|1|5,3,0.10500000000000001
2|1|1|5,6,-2.985075
2|1|1|5,5,-2.985075
2|1|1|5,1,0.346112661
2|1|1|4,3,-0.662499375
2|1|1|4,5,-3.015
2|1|1|4,2,-0.680775
2|1|1|4,6,-4.720660874999999
3|2|1|3,3,-3.015
3|2|1|3,6,-3.874275
3|2|1|3,7,-3.874275
3|2|1|3,4,-2.9508750000000004
3|2|1|3,5,-2.9508750000000004
3|2|1|3,2,-0.62797875
3|2|1|3,1,0.06786000000000006
3|2|1|2,3,-3.015
3|2|1|2,7,-4.297499999999999
3|2|1|2,1,0.22499999999999998
3|2|1|2,6,-4.297499999999999
3|2|1|2,4,-4.297499999999999
3|2|1|1,6,-7.65
3|2|1|1,3,-7.65
3|2|1|1,7,-4.5
1|3|1|12,5,-4.958051076306553
1|3|1|12,3,-4.008859382824064
1|3|1|12,1,10.513176761229804
1|3|1|12,2,7.426063025617854
1|3|1|12,7,-5.370610042633095
1|3|1|12,4,-5.312629886219844
1|3|1|12,6,-3.541337540253562
1|3|1|11,5,-7.739574155271702
1|3|1|11,2,2.4029457208887575
1|3|1|11,3,-7.338248891514749
1|3|1|11,1,5.6597926187273915
1|3|1|11,4,-9.461653085924393
1|3|1|11,6,-7.95638604439858
1|3|1|11,7,-9.07620284277129
1|3|1|10,2,-0.6530409134017787
1|3|1|10,3,-3.015
1|3|1|10,1,3.772984239901348
1|3|1|10,5,-5.39463336131975
1|3|1|10,7,-5.1776528625000005
1|3|1|10,4,-3.229968375
1|3|1|10,6,-6.662918250717607
2|4|1|9,3,-4.966712926875
2|4|1|9,5,-3.874275
2|4|1|9,4,-2.8562129268750005
2|4|1|9,6,-2.8562129268750005
2|4|1|9,2,-1.379504766313023
2|4|1|9,7,-2.8562129268750005
2|4|1|9,1,-0.3331780315642968
2|4|1|8,6,-3.015
2|4|1|8,1,0.5571476249999999
2|4|1|8,3,-2.985075
2|4|1|8,2,0.10500000000000001
2|4|1|8,5,-2.985075
2|4|1|8,4,-2.8264125099937503
2|4|1|8,7,-2.8264125099937503
2|4|1|7,2,0.10500000000000001
2|4|1|7,6,-3.015
2|4|1|7,1,0.6617104912499999
2|4|1|7,7,-3.874275
2|4|1|7,3,-4.720660874999999
3|4|3|6,7,-3.015
3|4|3|5,1,0.46499999999999997
7|3|2|4,1,-8.351829951153386
7|3|2|4,7,-8.295502074067182
7|3|2|4,6,-10.397633129536556
7|3|2|4,3,-10.178624449410322
7|3|2|4,5,-8.742200296186876
7|3|2|4,4,-8.273303605836505
7|3|2|4,2,-7.9820274834147105
10|3|2|3,4,-13.386004372545983
10|3|2|3,2,-11.632945994314793
10|3|2|3,1,-11.350794997687348
10|3|2|3,3,-11.991301685024954
10|3|2|3,7,-17.696607494304615
10|3|2|3,5,-11.441768417219963
10|3|2|3,6,-16.02570792259219
10|3|2|2,2,-12.716922276257694
10|3|2|2,4,-14.189835921824999
10|3|2|2,5,-15.391689749999998
10|3|2|2,1,-12.580560857097758
10|3|2|2,6,-13.040167499999999
10|3|2|2,3,-12.502011624662465
10|3|2|2,7,-15.699618
12|3|1|1,5,-13.7646855
12|3|1|1,3,-13.7646855
12|3|1|1,6,-13.235265
12|3|1|1,7,-13.235265
12|3|1|1,4,-13.7646855
1|2|1|12,3,-5.687177964686616
1|2|1|12,1,8.401467611125804
1|2|1|12,6,-6.053343109355291
1|2|1|12,2,4.3680175839655435
1|2|1|12,7,-5.571868611788498
1|2|1|12,5,-5.980355046974347
1|2|1|12,4,-6.374137658814637
1|2|1|11,4,-10.140637510431322
1|2|1|11,6,-10.544580212669434
1|2|1|11,3,-10.136142295603513
1|2|1|11,7,-9.981163963250042
1|2|1|11,5,-10.25557708634269
1|2|1|11,2,-2.053390540118847
1|2|1|11,1,3.688694043502803
1|2|1|10,6,-6.493837500000001
1|2|1|10,5,-5.384103758838155
1|2|1|10,3,-8.192574213684482
1|2|1|10,7,-7.904307721338156
1|2|1|10,1,0.30121485120408187
1|2|1|10,4,-8.59087730151785
1|2|1|10,2,-2.809994468269397
1|2|1|9,3,-6.531611093247375
1|2|1|9,1,0.16794838944456858
1|2|1|9,5,-6.74628497249625
1|2|1|9,2,-0.27037685549494306
1|2|1|9,7,-7.043223639560625
1|2|1|9,4,-3.8559993749999997
1|2|1|9,6,-8.475732606555562
1|2|1|8,6,-3.015
1|2|1|8,4,-5.609451375000001
1|2|1|8,7,-4.963071375
1|2|1|8,3,-2.9508750000000004
1|2|1|8,2,-0.9991683749999999
1|2|1|8,1,0.12928183184580333
1|2|1|8,5,-4.925680087500001
1|2|1|7,3,-3.015
1|2|1|7,1,0.7797185454307499
1|2|1|7,4,-3.874275
1|2|1|7,2,0.09771454874062503
1|2|1|7,5,-3.2247598218749998
1|2|1|7,6,-3.2247598218749998
1|2|1|6,4,-3.015
1|2|1|6,2,-0.735999375
1|2|1|6,7,-3.874275
1|2|1|6,1,0.2911263091875
1|2|1|5,4,-3.015
1|2|1|5,2,-0.735999375
1|2|1|4,2,0.10500000000000001
2|2|1|3,1,0.22499999999999998
2|2|1|3,7,-3.015
2|2|1|3,6,-3.874275
4|2|2|2,7,-6.4079999999999995
4|2|2|2,2,-1.0574999999999999
4|2|2|1,6,-4.5
4|2|2|1,7,-4.5
4|2|2|1,3,-4.5
2|2|1|12,6,-4.191485076692095
2|2|1|12,1,9.637699196645034
2|2|1|12,3,-1.151333250973675
2|2|1|12,7,-5.041630956498244
2|2|1|12,4,-5.318553215148325
2|2|1|12,2,7.044897382059757
2|2|1|12,5,-4.97251765640117
2|2|1|11,1,6.418104279577028
2|2|1|11,7,-8.644584352880695
2|2|1|11,3,-5.423011482827374
2|2|1|11,6,-8.734838318715514
2|2|1|11,4,-8.203613069192459
2|2|1|11,2,2.4449639001120973
2|2|1|11,5,-8.174412762394448
4|5|0|10,5,-5.172478295276574
4|5|0|10,7,-4.803421386717124
4|5|0|10,3,-5.239280352691089
4|5|0|10,2,-4.890113269822549
4|5|0|10,1,8.641661169159244
4|5|0|10,4,-1.7964798236381108
4|5|0|10,6,-1.9946165036645385
4|5|0|9,1,4.90684637756033
4|5|0|9,2,-3.015
4|5|0|9,3,-3.874275
4|5|0|9,4,-6.30678800475
9|3|2|8,5,-8.047531261093944
9|3|2|8,4,-3.7027868983653764
9|3|2|8,3,0.2453330075176765
9|3|2|8,2,5.434637691961796
9|3|2|8,7,-13.24463796542421
9|3|2|8,1,2.497805408403891
9|3|2|8,6,-10.552476942214989
9|3|2|7,1,-3.8462869624094775
9|3|2|7,3,-5.191243652250895
9|3|2|7,4,-5.422059210042267
9|3|2|7,2,-4.909904787236841
9|3|2|7,5,-10.755866564736413
9|3|2|7,6,-16.191089770612873
9|3|2|7,7,-16.702773919747113
12|3|2|6,1,-5.9352749700972876
12|3|2|6,3,-7.408939695236849
12|3|2|6,4,-9.195959034093034
12|3|2|6,5,-11.704298696829387
12|3|2|6,7,-17.820825586232356
12|3|2|6,6,-17.553247846518328
12|3|2|6,2,-6.8837204996146335
15|3|2|5,5,-12.796524918262906
15|3|2|5,2,-8.545710417929772
15|3|2|5,4,-11.439410325578429
15|3|2|5,6,-19.421126296285344
15|3|2|5,3,-8.250510197487424
15|3|2|5,7,-18.771753699950324
15|3|2|5,1,-7.430238508727751
15|3|2|4,7,-21.047913157781277
15|3|2|4,3,-10.571271398081151
15|3|2|4,2,-10.481598652409598
15|3|2|4,6,-21.063397853803018
15|3|2|4,1,-10.298002175278897
15|3|2|4,5,-15.735680835260439
15|3|2|4,4,-10.72935660033957
15|3|2|3,1,-11.648443800537471
15|3|2|3,7,-22.308028246218587
15|3|2|3,3,-11.958139252638903
15|3|2|3,5,-17.009234622726456
15|3|2|3,2,-11.688385515357426
15|3|2|3,6,-20.609738328169048
15|3|2|3,4,-13.199087759416532
18|3|1|2,2,-13.894702039519771
18|3|1|2,1,-13.099999999999996
18|3|1|2,6,-22.768884000800035
18|3|1|2,3,-13.81770369311341
18|3|1|2,5,-22.1853193085076
18|3|1|2,7,-18.85786506821822
18|3|1|2,4,-17.0233398442763
19|3|1|1,6,-14.999999992379673
19|3|1|1,7,-14.999999994665771
19|3|1|1,3,-14.999999992379673
19|3|1|1,1,-14.999999994665771
19|3|1|1,5,-14.999999992379673
19|3|1|1,4,-14.999999992379673
19|3|1|1,2,-14.999999994665771
2|3|2|10,1,4.103487230312926
2|3|2|10,3,-4.181206950498447
2|3|2|10,4,-2.8341103218750003
2|3|2|10,2,1.3494946169984647
2|3|2|10,5,-6.166127451797482
2|3|2|10,7,-6.5041374926887485
2|3|2|10,6,-4.956398751362252
5|4|2|9,3,1.94579375460355
5|4|2|9,2,2.1037924554543155
5|4|2|9,1,4.585578831829623
5|4|2|9,4,-2.965682861463873
5|4|2|9,5,-7.350453987002967
5|4|2|9,6,-8.789157278473231
5|4|2|9,7,-9.007989687894481
6|4|2|8,5,-11.32701794053041
6|4|2|8,1,3.6276259562852413
6|4|2|8,3,-2.215644420377311
6|4|2|8,6,-13.105890089664381
6|4|2|8,7,-11.815287860089507
6|4|2|8,4,-5.571931541748155
6|4|2|8,2,-1.2452126826610328
6|4|2|7,2,-5.063517034334883
6|4|2|7,4,-7.432134890154812
6|4|2|7,6,-5.258088391489082
6|4|2|7,1,-1.7016276151102692
6|4|2|7,7,-5.079305244542066
6|4|2|7,5,-8.087909427644226
6|4|2|7,3,-5.155796842423217
8|5|2|6,2,-6.315289469207034
8|5|2|6,3,-7.363354608955607
8|5|2|6,1,-4.011616677930327
8|5|2|6,6,-7.598066361887726
8|5|2|6,7,-7.850206536447349
8|5|2|6,5,-8.548851053311495
8|5|2|6,4,-6.054834990495199
10|5|3|5,7,-9.208144010216534
10|5|3|5,2,-6.413845692682225
10|5|3|5,1,-6.329822354451505
10|5|3|5,5,-7.091932958139442
10|5|3|5,3,-6.363692265917512
10|5|3|4,1,-5.418492911395825
10|5|3|4,3,-5.905766658939312
10|5|3|4,5,-5.787285323536846
10|5|3|4,7,-8.231717705578834
15|3|1|3,4,-12.070684208291706
15|3|1|3,7,-17.156739690218537
15|3|1|3,6,-15.052256809848988
15|3|1|3,1,-11.695294529205869
15|3|1|3,2,-12.067010503364935
15|3|1|3,5,-14.808711814798466
15|3|1|3,3,-12.04366277905161
16|3|2|2,3,-15.379017297873473
16|3|2|2,7,-23.2424852928562
16|3|2|2,6,-21.65257285748362
16|3|2|2,2,-13.367184983215541
16|3|2|2,5,-22.446286138089505
16|3|2|2,4,-16.246182152867625
16|3|2|2,1,-13.09997130915687
17|3|2|1,7,-14.999960224037313
17|3|2|1,4,-14.99997215682612
17|3|2|1,1,-14.99997215682612
17|3|2|1,6,-14.999960224037313
17|3|2|1,5,-14.99997215682612
17|3|2|1,3,-14.99997215682612
17|3|2|1,2,-14.99997215682612
3|6|2|12,2,0.22499999999999998
3|6|2|12,1,11.577422401477804
3|6|2|12,7,0.7959475200694784
3|6|2|12,4,0.811222202020053
5|6|2|11,5,3.7536457693599683
5|6|2|11,6,0.689929776202597
5|6|2|11,2,13.075664356444598
5|6|2|11,7,0.6896298514606763
5|6|2|11,3,3.8566916115658865
5|6|2|11,4,0.27188686662232264
5|6|2|11,1,3.877355521673271
5|6|2|10,1,12.98561917041846
5|6|2|10,4,7.087626422855465
5|6|2|10,7,-4.119168375
5|6|2|10,5,-1.8206993667800528
5|6|2|10,3,9.2498520017542
5|6|2|10,2,9.269810783723898
5|6|2|10,6,0.35973567482836916
11|3|2|9,7,-1.8953919782557054
11|3|2|9,2,11.228481173967168
11|3|2|9,6,6.239621583607073
11|3|2|9,1,9.778003077535674
11|3|2|9,5,6.019586681009178
11|3|2|9,4,6.982096346543333
11|3|2|9,3,7.8971703354871
11|3|2|8,7,-8.998928363961674
11|3|2|8,4,-0.8676715130810919
11|3|2|8,6,-4.473892117711186
11|3|2|8,1,5.5462304279007375
11|3|2|8,3,2.1394763904441643
11|3|2|8,2,8.04682739485587
11|3|2|8,5,3.301384334152003
11|3|2|7,2,-2.8536581572606914
11|3|2|7,3,-2.8127350549683703
11|3|2|7,7,-12.34984432129266
11|3|2|7,4,-4.422455819298702
11|3|2|7,6,-5.6878279413603625
11|3|2|7,1,4.222503359634519
11|3|2|7,5,-7.657181285901045
13|3|2|6,4,-6.568213678687883
13|3|2|6,1,-5.238507988098185
13|3|2|6,6,-15.491292201409225
13|3|2|6,2,1.3457985189389279
13|3|2|6,3,-5.413140621277896
13|3|2|6,5,-8.698323766563897
13|3|2|6,7,-17.058495460864272
14|3|2|5,2,-9.022470981184487
14|3|2|5,1,-3.598778777956653
14|3|2|5,5,-13.73679600291637
14|3|2|5,4,-9.785189869569425
14|3|2|5,6,-18.45131938203688
14|3|2|5,7,-18.607184620437643
14|3|2|5,3,-9.043115946241015
16|3|2|4,7,-21.153816552338014
16|3|2|4,6,-21.155082200592144
16|3|2|4,3,-11.799561605941992
16|3|2|4,5,-20.359669632260353
16|3|2|4,1,-8.48089219466705
16|3|2|4,2,-10.566657531649943
16|3|2|4,4,-11.318557885003251
16|3|2|3,2,-11.693895459655188
16|3|2|3,7,-22.43082365869914
16|3|2|3,1,-12.170984040064276
16|3|2|3,6,-21.635097697342236
16|3|2|3,4,-13.483592890616327
16|3|2|3,3,-11.990757496032394
16|3|2|3,5,-14.614316733978885
18|3|2|2,7,-20.33407242978866
18|3|2|2,5,-23.699523907628212
18|3|2|2,1,-13.099999999978932
18|3|2|2,3,-13.837592099380126
18|3|2|2,4,-19.157723979359034
18|3|2|2,6,-23.985810183809093
18|3|2|2,2,-13.464438895008593
18|3|2|1,2,-14.999998394896433
18|3|2|1,6,-14.999997706994906
18|3|2|1,3,-14.999997706994906
18|3|2|1,5,-14.999997706994906
18|3|2|1,1,-14.999998394896433
18|3|2|1,7,-14.999997706994906
18|3|2|1,4,-14.999997706994906
1|2|2|12,4,-5.547448870770429
1|2|2|12,3,-4.783417902855331
1|2|2|12,1,8.975679799758808
1|2|2|12,6,-5.344037770662823
1|2|2|12,2,6.7485980761898885
1|2|2|12,7,-5.130759758426444
1|2|2|12,5,-4.894245372295372
1|2|2|11,1,5.71447727712995
1|2|2|11,2,2.106299181589023
1|2|2|11,6,-6.666361634877657
1|2|2|11,4,-5.402072676323674
1|2|2|11,3,-7.139402896115461
1|2|2|11,5,-8.993629259435314
1|2|2|11,7,-7.623066295138726
3|5|1|10,4,-1.4671761509766832
3|5|1|10,1,10.643917387798478
3|5|1|10,6,-5.568925987309124
3|5|1|10,3,2.655077052650492
3|5|1|10,7,-4.989683904807069
3|5|1|10,5,-5.480899443226427
3|5|1|10,2,4.434821138734792
3|5|1|9,4,-5.499278512230051
3|5|1|9,5,-5.478331012230051
3|5|1|9,2,0.27734400946473636
3|5|1|9,3,-5.6994207739652
3|5|1|9,7,-5.282035176878505
3|5|1|9,1,3.989506266777375
3|5|1|8,2,-3.5379570109642935
3|5|1|8,3,-3.037270875
3|5|1|8,6,-5.332784458768478
3|5|1|8,4,-5.136251174806754
4|5|3|7,1,0.585
9|4|3|6,2,-3.8170830949576042
9|4|3|6,7,-14.55956793153402
9|4|3|6,4,-6.964577840141232
9|4|3|6,6,-14.398977960250571
9|4|3|6,3,-6.0045647229263786
9|4|3|6,5,-10.798199373612432
9|4|3|6,1,-5.970223524575822
12|4|1|5,1,-8.335404304880516
12|4|1|5,5,-9.720985362471499
12|4|1|5,7,-14.702429355022085
12|4|1|5,2,-9.273267774265854
12|4|1|5,6,-16.05497490623174
12|4|1|5,3,-9.307163247352316
12|4|1|5,4,-10.060987676028624
16|2|2|4,6,-18.977810164187186
16|2|2|4,4,-11.093591120394247
16|2|2|4,5,-16.787328582223704
16|2|2|4,3,-11.051957655464037
16|2|2|4,2,-10.672299221593459
16|2|2|4,7,-21.462912355166313
16|2|2|4,1,-10.940046539424616
16|2|2|3,1,-12.046387924767487
16|2|2|3,6,-22.79561671134794
16|2|2|3,3,-12.257977828424998
16|2|2|3,5,-18.42255419595211
16|2|2|3,4,-14.006306632930434
16|2|2|3,7,-22.862108376704015
16|2|2|3,2,-12.074936286953976
18|2|1|2,7,-24.296165020957243
18|2|1|2,4,-13.900292670837432
18|2|1|2,1,-13.499999999999996
18|2|1|2,2,-13.899607367788013
18|2|1|2,5,-18.974676807469386
18|2|1|2,6,-24.297317421950424
18|2|1|2,3,-13.899913769171231
18|2|1|1,5,-14.999999999999998
18|2|1|1,7,-14.999999999999998
18|2|1|1,4,-14.999999999999998
18|2|1|1,2,-14.999999999999998
18|2|1|1,6,-14.999999999999998
18|2|1|1,3,-14.999999999999998
18|2|1|1,1,-14.999999999999998
4|2|1|12,6,-2.28301046281432
4|2|1|12,5,-0.2902443948031814
4|2|1|12,4,2.3069669099310044
4|2|1|12,3,8.490028723923622
4|2|1|12,2,8.830721588820682
4|2|1|12,1,11.660411849077143
4|2|1|12,7,-2.5095165718189785
4|2|1|11,5,-5.558575881468943
4|2|1|11,3,4.552892871924729
4|2|1|11,7,-6.7099635469547
4|2|1|11,2,4.391414798808198
4|2|1|11,1,9.165170727952939
4|2|1|11,4,1.6233668773649623
4|2|1|11,6,-7.567174342332948
4|2|1|10,5,-8.40824630414377
4|2|1|10,7,-9.17987487304998
4|2|1|10,4,-1.8428554462209223
4|2|1|10,6,-10.250261192845505
4|2|1|10,1,2.53033211623838
4|2|1|10,2,0.9569374011991455
4|2|1|10,3,-0.28777520297292697
4|2|1|9,2,-2.4599060202973186
4|2|1|9,7,-13.678367660956415
4|2|1|9,1,-2.2323272855370573
4|2|1|9,5,-10.22315524883766
4|2|1|9,6,-13.944377481036621
4|2|1|9,4,-7.353286292262443
4|2|1|9,3,-3.1658230763741835
5|2|1|8,7,-15.515654797032047
5|2|1|8,6,-14.606717905822554
5|2|1|8,5,-10.768384106611812
5|2|1|8,2,-5.1039144863169055
5|2|1|8,3,-5.1962019052589605
5|2|1|8,1,-3.885070015687664
5|2|1|8,4,-9.326358851522707
5|2|1|7,1,-7.977296219484907
5|2|1|7,7,-12.325777385376623
5|2|1|7,5,-10.252511058752765
5|2|1|7,4,-9.297188007521068
5|2|1|7,6,-11.974130699408953
5|2|1|7,2,-5.913595964272771
5|2|1|7,3,-7.98411085167921
7|4|2|6,4,-8.386674793801092
7|4|2|6,6,-7.541304180222598
7|4|2|6,7,-9.691686874333627
7|4|2|6,3,-9.343811935570978
7|4|2|6,2,-7.952296742789185
7|4|2|6,1,-6.025366326068089
7|4|2|6,5,-7.115829329327502
8|4|2|5,4,-11.360988253356778
8|4|2|5,1,-9.78118165229316
8|4|2|5,6,-11.174169195513398
8|4|2|5,3,-8.58416748092548
8|4|2|5,7,-11.491884027746444
8|4|2|5,5,-9.299169045077505
8|4|2|5,2,-7.74604148236605
9|4|3|4,6,-9.452128402277443
9|4|3|4,4,-8.210911716034328
9|4|3|4,5,-10.12026015
9|4|3|4,3,-9.43704657754936
9|4|3|4,1,-8.47313268409335
9|4|3|4,2,-8.972661608767032
9|4|3|4,7,-10.988854046345846
9|4|3|3,6,-9.6541965
9|4|3|3,1,-8.365797617390887
9|4|3|3,4,-8.05122166125
9|4|3|3,3,-6.306732651408693
9|4|3|3,2,-8.102400175716964
9|4|3|2,1,-7.65200203173675
9|4|3|2,7,-7.30575
9|4|3|2,5,-6.019500000000001
9|4|3|2,4,-7.168695
9|4|3|2,3,-6.497423250000001
9|4|3|2,6,-7.934175
9|4|3|2,2,-7.541629547215725
13|3|3|1,6,-13.235265
13|3|3|1,4,-13.235265
13|3|3|1,5,-13.235265
13|3|3|1,3,-13.7646855
13|3|3|1,7,-13.235265
13|3|3|1,1,-13.7646855
13|3|3|1,2,-13.7646855
3|4|2|11,2,9.545165702827823
3|4|2|11,1,11.245319544059718
3|4|2|11,3,6.939335723637189
3|4|2|11,6,-1.9762097874089573
3|4|2|11,7,-1.3412817243834274
3|4|2|11,5,-2.807719238623198
3|4|2|11,4,-2.106586221282489
6|4|1|9,3,0.8807101054825643
6|4|1|9,7,-8.922711230326398
6|4|1|9,4,1.7572891089832476
6|4|1|9,2,2.6727015624977875
6|4|1|9,1,4.776236482779229
6|4|1|9,5,-10.443295503488743
6|4|1|9,6,-9.468417871321378
7|4|1|8,7,-13.710297652520577
7|4|1|8,5,-8.898341309889084
7|4|1|8,1,1.3307251662571895
7|4|1|8,2,-1.6975104272538688
7|4|1|8,6,-13.126104959758072
7|4|1|8,3,-1.4603760856154442
7|4|1|8,4,-5.983753225203935
7|4|1|7,4,-7.427625569372253
7|4|1|7,7,-15.167135240914577
7|4|1|7,5,-8.2199861085181
7|4|1|7,2,-5.90376050274519
7|4|1|7,3,-5.9822840024918635
7|4|1|7,1,-3.3737445487606745
7|4|1|7,6,-13.858038300626655
8|4|2|6,7,-10.994325901773818
8|4|2|6,1,-6.145890835997971
8|4|2|6,4,-11.223948847139251
8|4|2|6,2,-7.043720780038475
8|4|2|6,5,-9.966218937089373
8|4|2|6,3,-7.507505033862185
8|4|2|6,6,-13.79013873121589
12|2|2|4,5,-17.278233255727365
12|2|2|4,2,-10.476109982842097
12|2|2|4,6,-18.729043940831225
12|2|2|4,1,-10.644000141124518
12|2|2|4,7,-21.08376547921598
12|2|2|4,4,-10.691564675364672
12|2|2|4,3,-10.663365675157285
13|2|2|3,1,-11.90638757805366
13|2|2|3,6,-18.353175718694374
13|2|2|3,7,-18.023242629988893
13|2|2|3,4,-12.861267365206345
13|2|2|3,3,-12.134300863432438
13|2|2|3,2,-12.445155335799559
13|2|2|3,5,-14.71294953344543
15|2|2|2,7,-18.92781776168671
15|2|2|2,1,-13.499998080164772
15|2|2|2,3,-13.639270384793178
15|2|2|2,5,-19.436990787431505
15|2|2|2,4,-14.06578379510774
15|2|2|2,2,-13.499998647317714
15|2|2|2,6,-14.129507330500907
15|2|2|1,4,-14.995894687898987
15|2|2|1,1,-14.995894687898987
15|2|2|1,7,-14.994135268427126
15|2|2|1,2,-14.995894687898987
15|2|2|1,6,-14.994135268427126
15|2|2|1,3,-14.995894687898987
15|2|2|1,5,-14.994135268427126
2|3|1|10,1,2.9092144820555697
2|3|1|10,2,0.1686591361527678
2|3|1|10,5,-10.415695656871383
2|3|1|10,3,-3.8962455944955705
2|3|1|10,7,-10.30317613139031
2|3|1|10,4,-11.496602328152603
2|3|1|10,6,-10.366166056064651
5|3|2|9,3,0.6195892403845005
5|3|2|9,1,5.958005529896104
5|3|2|9,7,-11.59484829810217
5|3|2|9,5,-5.346773078894064
5|3|2|9,4,-5.276584757504912
5|3|2|9,2,0.16519763845569596
5|3|2|9,6,-11.295938402836638
6|3|2|8,7,-14.550761724719653
6|3|2|8,6,-13.818053911037994
6|3|2|8,4,-5.52658955944749
6|3|2|8,3,-3.176165310053522
6|3|2|8,5,-10.465780675603908
6|3|2|8,1,-1.0927129666105155
6|3|2|8,2,-3.2284677328005906
6|3|2|7,4,-6.642854016074803
6|3|2|7,6,-11.267593425170011
6|3|2|7,3,-6.0512809377701275
6|3|2|7,2,-5.98234792956762
6|3|2|7,5,-15.097509251236353
6|3|2|7,7,-8.996775292065752
6|3|2|7,1,-4.95765760008708
7|3|2|6,6,-8.754667900759463
7|3|2|6,7,-12.637993733920128
7|3|2|6,1,-7.275305323358732
7|3|2|6,3,-7.586807661148363
7|3|2|6,5,-13.729645472651487
7|3|2|6,4,-7.39042202339291
7|3|2|6,2,-6.934024897599235
7|3|2|5,1,-8.256675842550548
7|3|2|5,5,-10.173294504683009
7|3|2|5,3,-9.748892830779209
7|3|2|5,6,-9.446256734682102
7|3|2|5,2,-9.319467681000454
7|3|2|5,7,-11.102500020535604
7|3|2|5,4,-9.401132013485073
10|4|2|4,6,-9.83069879585625
10|4|2|4,4,-9.949650237962112
10|4|2|4,1,-9.07493591073817
10|4|2|4,2,-10.270987021895182
10|4|2|4,7,-11.552870168482894
10|4|2|4,5,-12.283397014337337
10|4|2|4,3,-12.38435539295074
10|4|2|3,2,-10.068081048514136
10|4|2|3,4,-9.93199607102433
10|4|2|3,7,-10.8545929875
10|4|2|3,5,-12.247639138327461
10|4|2|3,6,-12.0338135809875
10|4|2|3,3,-10.275057453492517
10|4|2|3,1,-9.925611845207415
12|4|2|2,1,-12.567855473515687
12|4|2|2,5,-13.88163225
12|4|2|2,3,-12.54037321803029
12|4|2|2,6,-14.667788250000001
12|4|2|2,2,-12.764039048258716
12|4|2|2,7,-14.667788250000001
12|4|2|2,4,-12.716234425499998
16|2|2|1,5,-14.999997706994906
16|2|2|1,7,-14.999997706994906
16|2|2|1,1,-14.999998394896433
16|2|2|1,4,-14.999997706994906
16|2|2|1,6,-14.999997706994906
16|2|2|1,2,-14.999997706994906
16|2|2|1,3,-14.999997706994906
3|4|1|12,3,7.418018069320225
3|4|1|12,7,-0.6950436740085567
3|4|1|12,6,-4.264699121379514
3|4|1|12,5,0.27832087966185504
3|4|1|12,4,-0.2774013368848311
3|4|1|12,2,10.732499632140568
3|4|1|12,1,11.670203081407985
3|4|1|11,5,-2.323376046962898
3|4|1|11,6,-3.2472612513667074
3|4|1|11,3,7.903400338361558
3|4|1|11,2,7.5987680984505515
3|4|1|11,4,-2.6644386779306495
3|4|1|11,1,9.792878671744923
3|4|1|11,7,-2.756181558981531
3|4|1|10,7,-7.10649143839889
3|4|1|10,1,7.7309835476676385
3|4|1|10,2,3.649109205713045
3|4|1|10,3,3.7559961838277074
3|4|1|10,6,-8.454774540606438
3|4|1|10,5,-7.682562122059921
3|4|1|10,4,-6.7012101182440915
3|4|1|9,1,2.7005199460186153
3|4|1|9,7,-2.8617687168750003
3|4|1|9,2,-0.4585096689485813
3|4|1|9,6,-2.7527279911875
3|4|1|9,4,-5.522364870473007
3|4|1|9,3,-1.1545298421185723
3|4|1|9,5,-3.8181328227276734
7|2|2|8,1,-2.273218995491802
7|2|2|8,2,-3.2350718706314385
7|2|2|8,5,-6.699844588167753
7|2|2|8,4,-3.916707732787355
7|2|2|8,3,-4.048284447605087
7|2|2|8,7,-15.396172809664849
7|2|2|8,6,-14.576965878031917
9|5|3|7,1,8.397478516909928
9|5|3|7,4,2.278941344397463
9|5|3|7,6,-2.3319267694456167
9|5|3|7,7,-8.083482001065896
9|5|3|7,2,3.453793378822501
9|5|3|7,3,4.039572402352867
9|5|3|7,5,-3.547987038197784
14|3|3|6,6,-10.731432956086696
14|3|3|6,5,-9.137490611638395
14|3|3|6,2,3.1809695259359576
14|3|3|6,7,-12.722374818020185
14|3|3|6,3,10.961348635707727
14|3|3|6,4,2.8992584537692174
14|3|3|6,1,1.5475552632081917
14|3|3|5,4,-8.796847654052138
14|3|3|5,5,-17.06726871348586
14|3|3|5,3,-2.4326157830844357
14|3|3|5,1,-6.045099655558499
14|3|3|5,2,-8.137806773343573
14|3|3|5,7,-18.742638845166677
14|3|3|5,6,-18.482232187584646
15|3|3|4,5,-18.259534149310532
15|3|3|4,7,-20.482190279890812
15|3|3|4,2,-7.040772752475611
15|3|3|4,1,-10.091545261531314
15|3|3|4,4,-12.45866571077863
15|3|3|4,6,-19.112857460308863
15|3|3|4,3,-10.586850715144383
15|3|3|3,5,-15.893202619464681
15|3|3|3,2,-11.294950546649046
15|3|3|3,6,-13.983558114190851
15|3|3|3,4,-15.017758132161006
15|3|3|3,7,-15.210771766634515
15|3|3|3,3,-11.629617853581617
15|3|3|3,1,-11.214534458245089
15|3|3|2,1,-13.073668149145831
15|3|3|2,4,-13.13323487475
15|3|3|2,2,-13.079528625072923
15|3|3|2,7,-15.829632330074997
15|3|3|2,5,-15.9147524633025
15|3|3|2,3,-14.739368593277701
15|3|3|2,6,-17.9826811861275
18|3|3|1,5,-14.5762871265
18|3|3|1,1,-14.703400988550001
18|3|3|1,4,-14.5762871265
1|3|0|11,2,-6.725799179822981
1|3|0|11,7,-8.75568141053263
1|3|0|11,4,-8.7204537008126
1|3|0|11,6,-5.397920098212998
1|3|0|11,5,-8.795596563108049
1|3|0|11,1,5.512910077960042
1|3|0|11,3,-7.319237583426793
1|3|0|10,3,-3.015
1|3|0|10,1,0.3084137561944584
1|3|0|10,4,-3.874275
1|3|0|10,5,-3.1615683750000003
1|3|0|10,7,-3.1615683750000003
1|3|0|10,2,-3.1615683750000003
1|3|0|10,6,-3.1615683750000003
1|3|0|9,4,-3.015
1|3|0|9,1,0.15078959083844523
1|3|0|9,7,-3.874275
1|3|0|9,6,-4.720660874999999
1|3|0|9,3,-4.111181926875
1|3|0|8,6,-5.984775
1|3|0|8,2,-3.846252375
1|3|0|8,4,-3.8266365375
1|3|0|7,3,-3.015
1|3|0|7,7,-2.916675
1|3|0|7,2,-2.8478475000000003
1|3|0|7,6,-2.8478475000000003
1|3|0|6,1,0.7940036249999999
1|3|0|6,7,-3.015
4|2|1|5,5,-3.015
4|2|1|5,3,0.10500000000000001
4|2|1|5,6,-2.9508750000000004
4|2|1|5,4,-5.4410624158125
4|2|1|5,7,-5.047527665812501
4|2|1|5,2,0.5848123172213475
4|2|1|5,1,-0.634275
4|2|1|4,1,-0.5724174375000001
4|2|1|4,5,-3.015
4|2|1|4,6,-3.874275
4|2|1|4,3,-0.44343234374999996
4|2|1|4,7,-2.985075
4|2|1|4,4,-2.9765463750000003
4|2|1|4,2,0.12384813375000005
6|4|1|3,1,-2.9802386120045274
6|4|1|3,6,-3.015
6|4|1|3,7,-3.874275
10|3|3|2,2,-10.305646587644931
10|3|3|2,6,-11.609468999999999
10|3|3|2,1,-10.5863287015785
10|3|3|2,4,-10.7076530446275
13|3|2|1,2,-14.898266539072651
13|3|2|1,5,-14.898266539072651
13|3|2|1,1,-14.898266539072651
13|3|2|1,6,-14.898266539072651
13|3|2|1,7,-14.898266539072651
13|3|2|1,4,-14.898266539072651
13|3|2|1,3,-14.898266539072651
5|2|1|10,4,-0.228139615425196
5|2|1|10,2,0.9731553219619995
5|2|1|10,7,-10.137964183165634
5|2|1|10,6,-10.685046341651026
5|2|1|10,3,1.1272676181254173
5|2|1|10,5,-9.54249307345027
5|2|1|10,1,6.922893857360479
5|2|1|9,6,-13.090745487533837
5|2|1|9,1,-2.616368675070414
5|2|1|9,2,-2.7897788155651564
5|2|1|9,3,-2.281103548562844
5|2|1|9,7,-13.029802178181848
5|2|1|9,5,-8.502194434123135
5|2|1|9,4,-3.0177336054052843
5|2|1|6,3,-5.561101172549176
5|2|1|6,7,-5.009889267468282
5|2|1|6,4,-5.444795733598402
5|2|1|6,1,-5.065180031833494
5|2|1|6,6,-7.504001830302881
5|2|1|6,5,-7.371155278141974
5|2|1|6,2,-4.9351035849235165
6|4|2|5,1,-4.789419310655193
6|4|2|5,7,-6.182363005027342
6|4|2|5,4,-6.431602680396203
6|4|2|5,5,-5.807640909375
6|4|2|5,2,-3.9480246389638163
6|4|2|5,6,-5.136812606531251
6|4|2|5,3,-5.059809025844572
12|5|3|3,1,-9.581910375418438
12|5|3|3,4,-1.6165286293499626
17|3|3|2,2,-13.098592723839486
17|3|3|2,1,-13.098129654159727
17|3|3|2,5,-13.480065
17|3|3|2,7,-14.9757165
17|3|3|2,6,-16.279176782249998
17|3|3|2,3,-14.921167784545727
17|3|3|2,4,-13.541485528627499
20|3|1|1,5,-14.99999999999392
20|3|1|1,1,-14.999999999995744
20|3|1|1,6,-14.99999999999392
20|3|1|1,2,-14.999999999995744
20|3|1|1,4,-14.999999999995744
20|3|1|1,7,-14.99999999999392
20|3|1|1,3,-14.999999999995744
2|2|1|8,4,-6.493837500000001
2|2|1|8,7,-7.291481719062842
2|2|1|8,1,0.0633931221579983
2|2|1|8,3,-2.6031421236469217
2|2|1|8,2,0.16883162427453702
2|2|1|8,5,-6.25351470530747
2|2|1|8,6,-4.859892528638721
2|2|1|7,1,1.1576385503930446
2|2|1|7,4,-3.015
2|2|1|7,5,-2.9508750000000004
2|2|1|7,6,-2.9508750000000004
2|2|1|7,7,-4.960640716875001
2|2|1|7,3,-1.8007661147094156
2|2|1|7,2,0.169125
4|2|1|6,7,-5.582391216117951
4|2|1|6,3,-0.36467111041694955
4|2|1|6,4,-2.985075
4|2|1|6,1,-1.160585929982665
4|2|1|6,5,-2.9620372101075003
4|2|1|6,6,-6.385203006848629
4|2|1|6,2,-0.6444844041937663
5|4|2|4,4,-3.015
5|4|2|4,5,-2.985075
5|4|2|4,3,-1.4051025937683141
5|4|2|4,7,-2.985075
5|4|2|4,6,-2.985075
5|4|2|3,4,-3.015
5|4|2|3,5,0.10500000000000001
5|4|2|3,3,-2.808975
5|4|2|3,7,-2.882475
5|4|2|3,2,0.08478000000000004
5|4|2|3,6,-2.882475
5|4|2|2,1,-0.4919999999999999
5|4|2|2,7,-3.015
5|4|2|2,6,-4.297499999999999
9|3|2|1,6,-11.3985
9|3|2|1,1,-11.3985
9|3|2|1,4,-11.3985
9|3|2|1,3,-12.478950000000001
9|3|2|1,7,-11.3985
9|3|2|1,5,-11.3985
9|3|2|1,2,-11.3985
1|4|0|12,5,-1.7782380975671483
1|4|0|12,2,-1.8514639178548302
1|4|0|12,1,10.855461827085106
1|4|0|12,6,-2.06008123579119
1|4|0|12,7,-2.1319736215917358
1|4|0|12,3,-1.868057063681925
1|4|0|12,4,-2.276914291677966
1|4|0|11,3,-3.015
1|4|0|11,4,-3.874275
1|4|0|11,5,-6.405489287159768
1|4|0|11,1,9.81310352409503
1|4|0|11,7,-8.74830157636915
1|4|0|11,2,-6.484383425119149
1|4|0|11,6,-3.874275
1|4|0|10,2,-4.9002075000000005
1|4|0|10,3,-4.80744
1|4|0|10,5,-4.80744
1|4|0|10,4,-5.090856190109408
1|4|0|10,7,-4.5425184337081355
1|4|0|9,1,0.3655940899985284
1|4|0|9,7,-3.015
1|4|0|9,5,-3.874275
1|4|0|9,3,-4.720660874999999
5|2|2|8,7,-15.396361806354651
5|2|2|8,6,-15.383917930917727
5|2|2|8,1,-3.671419962842452
5|2|2|8,2,-4.67972242123784
5|2|2|8,3,-4.772963652323336
5|2|2|8,5,-12.270018055958271
5|2|2|8,4,-9.779628184958575
5|2|2|7,1,-5.571570855973338
5|2|2|7,4,-7.004653867018622
5|2|2|7,2,-6.235652281040741
5|2|2|7,3,-6.1423511112199884
5|2|2|7,5,-9.139499600734672
5|2|2|7,6,-7.615627438759034
5|2|2|7,7,-13.904900501121631
7|2|2|6,2,-8.189713774029777
7|2|2|6,7,-11.995941732143162
7|2|2|6,5,-14.017746542594551
7|2|2|6,3,-7.350246416381834
7|2|2|6,1,-8.304429343110042
7|2|2|6,4,-8.613848724730298
7|2|2|6,6,-13.6609822137119
9|2|1|5,6,-11.867199046201113
9|2|1|5,2,-9.057555443550712
9|2|1|5,7,-12.182666949390454
9|2|1|5,1,-8.657494095784077
9|2|1|5,4,-9.057529414712576
9|2|1|5,3,-9.078674453029352
9|2|1|5,5,-9.51255099184826
9|2|1|4,7,-9.761748743951554
9|2|1|4,4,-9.77267609291269
9|2|1|4,2,-9.656394499635413
9|2|1|4,1,-9.699644990822478
9|2|1|4,6,-11.048765827888719
9|2|1|4,3,-9.593423743555178
9|2|1|4,5,-9.636477569601121
9|2|1|3,7,-10.093555349999999
9|2|1|3,3,-8.262519263616442
9|2|1|3,2,-9.00828909219366
9|2|1|3,1,-8.72908806787799
9|2|1|3,4,-8.124578016832467
9|2|1|2,5,-7.367145367499999
9|2|1|2,7,-8.831924999999998
10|2|2|1,2,-12.478950000000001
10|2|2|1,6,-11.3985
10|2|2|1,3,-12.478950000000001
10|2|2|1,1,-12.478950000000001
10|2|2|1,7,-11.3985
10|2|2|1,5,-11.3985
10|2|2|1,4,-12.478950000000001
2|1|1|11,1,3.418143164549539
2|1|1|11,4,-11.503509222137584
2|1|1|11,2,0.48290849433090544
2|1|1|11,6,-10.811202374549211
2|1|1|11,7,-10.776648745020367
2|1|1|11,3,0.6282110153423431
2|1|1|11,5,-11.177883620892453
3|1|1|10,3,-1.1909411785087587
3|1|1|10,2,-1.7473394603776753
3|1|1|10,5,-13.027032361038101
3|1|1|10,6,-13.452337274355115
3|1|1|10,7,-12.862694414509065
3|1|1|10,4,-11.938075727925822
3|1|1|10,1,-1.7363940872162484
4|3|1|9,4,-10.933651681454558
4|3|1|9,7,-12.809345195401171
4|3|1|9,6,-12.740946648711718
4|3|1|9,1,3.192745426890214
4|3|1|9,5,-12.520864250787316
4|3|1|9,2,-1.4995554066802914
4|3|1|9,3,-4.701219626123891
4|3|1|8,7,-11.221566485678457
4|3|1|8,1,-2.7279979204851648
4|3|1|8,5,-10.33872801601299
4|3|1|8,3,-5.2488333097935485
4|3|1|8,6,-9.898530300941538
4|3|1|8,2,-4.934228370903177
4|3|1|8,4,-7.16544410999097
4|3|1|7,2,-4.366250733830486
4|3|1|7,7,-5.319854407853391
4|3|1|7,3,-5.506566185614583
4|3|1|7,6,-5.636751948303704
4|3|1|7,1,-4.5220451265766535
4|3|1|7,5,-5.72574266441677
4|3|1|7,4,-5.589462518439365
5|3|2|6,7,-7.272754636727671
5|3|2|6,6,-7.135835625
5|3|2|6,5,-6.5369057835050155
5|3|2|6,3,-6.2699255055680165
5|3|2|6,1,-6.1588015421008855
5|3|2|6,2,-5.980844390882234
5|3|2|6,4,-6.993426597829149
5|3|2|5,4,-4.562070174980656
5|3|2|5,7,-3.874275
5|3|2|5,1,-2.9785032137633167
5|3|2|5,2,-2.8684922873483725
5|3|2|5,6,-2.985075
5|3|2|5,5,-2.916675
5|3|2|5,3,-3.81082630847391
5|3|2|4,7,-3.015
5|3|2|4,3,0.3056898
5|3|2|4,4,-0.754275
5|3|2|4,5,0.10500000000000001
5|3|2|4,1,-0.5176683749999998
5|3|2|4,2,-0.58322457579375
5|3|2|4,6,-2.9508750000000004
5|3|2|3,2,-0.2794218749999998
5|3|2|3,5,-3.015
5|3|2|3,7,-2.916675
5|3|2|3,6,-2.916675
5|3|2|3,1,-0.13682999999999992
7|3|2|2,4,-5.660475
7|3|2|2,3,-4.921275
7|3|2|2,1,-6.071623443749999
7|3|2|2,5,-4.297499999999999
7|3|2|2,7,-7.30575
7|3|2|2,2,-5.08715325
7|3|2|2,6,-4.297499999999999
8|3|2|1,7,-9.855
8|3|2|1,6,-9.855
8|3|2|1,4,-11.3985
8|3|2|1,3,-11.3985
2|2|1|10,3,-12.100348453030154
2|2|1|10,7,-12.83315584453511
2|2|1|10,1,1.0029954575660935
2|2|1|10,5,-12.965121059181069
2|2|1|10,2,-0.7837988457930839
2|2|1|10,6,-12.41811890770292
2|2|1|10,4,-13.112621524169139
2|2|1|9,1,-3.010653344650641
2|2|1|9,2,-3.76610345545899
2|2|1|9,4,-9.03820153007899
2|2|1|9,3,-3.8339196228376533
2|2|1|9,7,-7.693036506840638
2|2|1|9,6,-4.891713524666964
2|2|1|9,5,-8.163535587084901
4|9|1|8,3,0.17850000000000002
5|9|2|7,5,-3.015
5|9|2|6,7,-3.015
5|9|2|5,1,1.065
14|5|1|4,3,-12.783609059565606
14|5|1|4,7,-15.994823540036233
14|5|1|4,6,-15.509894431301102
14|5|1|4,4,-10.376749891011432
14|5|1|4,1,-9.496256967707776
14|5|1|4,2,-11.02217497645182
14|5|1|4,5,-11.721941952067601
15|5|1|3,3,-16.058271202749893
15|5|1|3,2,-9.506429222719152
15|5|1|3,4,-12.245021672336769
15|5|1|3,6,-12.049333735946519
15|5|1|3,7,-11.500347781453062
16|5|3|2,5,-12.60027
16|5|3|2,3,-9.6014211
16|5|3|1,6,-9.855
16|5|3|1,2,-11.3985
16|5|3|1,1,-11.3985
3|2|1|8,1,-4.672589517250601
3|2|1|8,5,-9.406354790096797
3|2|1|8,6,-9.599296020677002
3|2|1|8,7,-9.899721716432799
3|2|1|8,3,-6.691792204246239
3|2|1|8,4,-7.659481403711094
3|2|1|8,2,-4.786253739260865
5|3|2|7,7,-7.673766401714616
5|3|2|7,4,-6.688751652548767
5|3|2|7,6,-6.94676251159699
5|3|2|7,1,-4.029338486940429
5|3|2|7,2,-5.676678010361391
5|3|2|7,5,-8.240399862987452
5|3|2|7,3,-5.866620496505825
6|3|2|3,6,-3.015
6|3|2|3,7,-3.874275
6|3|2|3,4,-2.90838
6|3|2|3,5,-3.2821875
6|3|2|3,3,-2.81126175
6|3|2|3,1,-1.9468420817714998
6|3|2|3,2,-1.2149511975
6|3|2|2,5,-3.015
6|3|2|2,7,-4.297499999999999
6|3|2|2,1,-0.770625
6|3|2|2,3,-4.14
6|3|2|2,2,-1.0574999999999999
6|3|2|2,6,-1.1774999999999998
6|3|2|1,7,-4.5
6|3|2|1,4,-7.65
6|3|2|1,5,-4.5
1|2|0|12,3,-6.4250305864378605
1|2|0|12,5,-6.3727224021570095
1|2|0|12,4,-5.308231079278099
1|2|0|12,1,8.265183510788221
1|2|0|12,2,-6.0809402613393075
1|2|0|12,6,-6.411992809185549
1|2|0|12,7,-6.845103925266064
1|2|0|11,6,-11.01671197507204
1|2|0|11,7,-10.312409429119924
1|2|0|11,3,-10.849194669769442
1|2|0|11,4,-10.652202479806391
1|2|0|11,2,-10.426282047945824
1|2|0|11,5,-10.669941846050783
1|2|0|11,1,4.589668599020539
1|2|0|10,4,-5.074356488357452
1|2|0|10,3,-7.898217797092802
1|2|0|10,6,-5.040479869178904
1|2|0|10,2,-5.054621784073105
1|2|0|10,7,-7.548388482298321
1|2|0|10,5,-5.169473100857452
1|2|0|10,1,-0.5529565417294161
1|2|0|9,5,-5.045526949171206
1|2|0|9,1,-1.2711146582241382
1|2|0|9,6,-3.874275
1|2|0|9,2,-5.647019449171206
1|2|0|9,4,-3.874275
1|2|0|9,7,-6.571288185516563
1|2|0|9,3,-3.852875979309375
1|2|0|8,4,-3.015
1|2|0|8,2,-5.851286781046875
1|2|0|8,6,-3.874275
1|2|0|8,5,-5.197235282859376
1|2|0|8,3,-3.139294281046875
1|2|0|8,1,0.2806071958905065
1|2|0|8,7,-3.139294281046875
1|2|0|7,4,-3.015
1|2|0|7,5,-3.874275
1|2|0|7,1,-0.436120284375
1|2|0|7,7,-2.9371378218750004
1|2|0|7,2,-2.9371378218750004
1|2|0|7,6,-2.9371378218750004
1|2|0|7,3,-2.9371378218750004
1|2|0|6,2,-3.015
1|2|0|6,1,0.273200625
1|2|0|6,3,-3.874275
1|2|0|6,4,-2.922905977408125
1|2|0|6,6,-2.922905977408125
1|2|0|6,5,-2.8657029010606876
1|2|0|5,3,-3.015
1|2|0|5,1,0.5238494699625
1|2|0|5,2,-3.874275
1|2|0|5,4,-3.874275
1|2|0|4,7,-6.831160875
1|2|0|4,2,-3.874275
1|2|0|3,3,-5.984775
1|2|0|3,4,-3.3163875000000003
1|2|0|2,7,-3.015
1|2|0|2,1,-1.0574999999999999
1|2|0|2,3,-4.297499999999999
1|2|0|1,6,-7.65
3|6|2|8,6,-9.789519170738169
3|6|2|8,1,1.5679290425004522
3|6|2|8,2,0.22499999999999998
3|6|2|7,3,-4.635856471988484
4|6|2|6,7,-5.061375
4|6|2|5,3,-2.8575
6|6|2|4,2,0.38249999999999995
8|6|1|3,1,-2.3825072788667625
14|2|1|2,4,-13.603862940172178
14|2|1|2,3,-13.609283373914522
14|2|1|2,1,-13.488247284827596
14|2|1|2,7,-19.12086832725
14|2|1|2,5,-14.834006179605002
14|2|1|2,6,-15.149694675
14|2|1|2,2,-13.572924011266664
3|3|2|12,6,-1.2330932995810298
3|3|2|12,1,12.513887159097033
3|3|2|12,5,-0.1978412295243888
3|3|2|12,2,7.903158719354574
3|3|2|12,7,-1.532775481313717
3|3|2|12,3,7.592850673405066
3|3|2|12,4,-1.075844611473766
3|3|2|11,6,-3.9620284153941157
3|3|2|11,5,-5.365342197645011
3|3|2|11,3,4.1176949269534315
3|3|2|11,4,-4.06756643909763
3|3|2|11,7,-3.6313815849945223
3|3|2|11,1,7.0092555470603735
3|3|2|11,2,10.542259356214073
3|3|2|10,4,-7.0012121889473145
3|3|2|10,2,2.9683897998196027
3|3|2|10,1,6.606746061066482
3|3|2|10,5,-8.615165905870482
3|3|2|10,6,-9.609417170220123
3|3|2|10,3,-2.034057812536344
3|3|2|10,7,-9.156153619301827
3|3|2|9,2,-1.709821684060636
3|3|2|9,4,-5.730745385568015
3|3|2|9,6,-6.2870863000309445
3|3|2|9,5,-7.149294741514498
3|3|2|9,1,1.6575326877972723
3|3|2|9,7,-5.720686756212985
3|3|2|9,3,-1.6692930946900706
5|3|3|8,1,-3.133634104208945
5|3|3|8,6,-3.015
5|3|3|8,3,-5.394560005554386
5|3|3|8,2,0.8862726330381159
5|3|3|8,5,-7.288703032951482
5|3|3|8,7,-4.294063148087116
5|3|3|8,4,-6.029839402650133
8|3|2|7,7,-14.176577760552462
8|3|2|7,4,-9.915378880532888
8|3|2|7,6,-12.044734579000481
8|3|2|7,5,-7.734538309931965
8|3|2|7,2,-4.994625326100594
8|3|2|7,3,-5.562941296235133
8|3|2|7,1,-5.491432232550553
8|3|2|6,1,-8.131783478796285
8|3|2|6,6,-11.13438493226295
8|3|2|6,7,-16.658302325743435
8|3|2|6,3,-7.43187516371737
8|3|2|6,4,-9.729292214980953
8|3|2|6,2,-7.390685184613785
8|3|2|6,5,-15.100914842992417
11|3|2|5,2,-9.011350734879299
11|3|2|5,7,-19.443910165758027
11|3|2|5,6,-16.254027393730752
11|3|2|5,5,-13.322643968054793
11|3|2|5,1,-8.237070889011479
11|3|2|5,4,-9.009752346264925
11|3|2|5,3,-9.144380570674075
13|3|3|4,6,-14.492999133168874
13|3|3|4,5,-12.428889035334599
13|3|3|4,4,-12.27760992131002
13|3|3|4,3,-11.089657146651156
13|3|3|4,7,-15.327293102385458
13|3|3|4,2,-10.522044802991845
13|3|3|4,1,-9.68317463899102
13|3|3|3,1,-11.283589927379232
13|3|3|3,3,-11.298534200579006
13|3|3|3,5,-15.383191009674094
13|3|3|3,7,-12.888444916922149
13|3|3|3,4,-13.411746050172649
13|3|3|3,2,-11.28426175818211
13|3|3|3,6,-12.36284291146075
16|3|1|2,7,-18.77147748727141
16|3|1|2,5,-13.12124543957175
16|3|1|2,1,-13.099999998347315
16|3|1|2,6,-14.2407018
16|3|1|2,2,-13.28947380007244
16|3|1|2,4,-15.419086451944946
16|3|1|2,3,-13.246762826249585
16|3|1|1,2,-14.950150604145598
16|3|1|1,3,-14.950150604145598
16|3|1|1,5,-14.950150604145598
16|3|1|1,1,-14.950150604145598
16|3|1|1,4,-14.950150604145598
16|3|1|1,7,-14.928786577350856
16|3|1|1,6,-14.928786577350856
2|2|2|7,4,-5.984775
2|2|2|7,6,-3.874275
2|2|2|7,3,-3.874275
2|2|2|7,2,0.2496754237499999
2|2|2|7,7,-2.9399157168750003
2|2|2|6,7,-3.015
2|2|2|6,4,-3.874275
2|2|2|6,5,-3.874275
2|2|2|6,1,-0.025562986874999947
2|2|2|6,2,0.26345362499999997
2|2|2|6,3,-3.8559993749999997
2|2|2|5,6,-3.015
2|2|2|5,5,-3.874275
2|2|2|5,3,-2.9508750000000004
2|2|2|5,7,-2.9508750000000004
2|2|2|5,2,0.3367634625
2|2|2|4,7,-3.015
2|2|2|4,1,0.22499999999999998
2|2|2|4,3,-3.874275
2|2|2|4,2,0.22499999999999998
2|2|2|3,6,-3.015
2|2|2|3,3,-3.874275
2|2|2|2,4,-3.015
2|2|2|2,2,-1.0574999999999999
2|2|2|1,3,-4.5
2|3|1|12,3,2.961688372567606
2|3|1|12,1,10.561912834196713
2|3|1|12,5,-3.0951792936825284
2|3|1|12,7,-2.5811751202327358
2|3|1|12,4,-1.408396459081422
2|3|1|12,2,7.897116992465517
2|3|1|12,6,-2.0464915349788284
6|4|1|7,4,-8.590506726888421
6|4|1|7,5,-9.562603130750206
6|4|1|7,3,-5.2479707437284535
6|4|1|7,7,-9.826679378909898
6|4|1|7,2,-5.296455941497696
6|4|1|7,6,-6.947500236998183
6|4|1|7,1,-0.4852611893348595
7|4|1|6,4,-8.505411400505249
7|4|1|6,6,-8.01761847060243
7|4|1|6,1,-7.122702779026191
7|4|1|6,5,-8.38768011943151
7|4|1|6,2,-6.696720427659701
7|4|1|6,7,-8.538740635412708
7|4|1|6,3,-8.616067424308168
8|5|1|5,2,-7.055734853154328
8|5|1|5,1,-6.3779842460853455
8|5|1|5,5,-6.341215154436526
8|5|1|5,3,-5.827654719015472
8|5|1|5,4,-8.618610065618144
8|5|1|5,6,-7.4516634038177925
8|5|1|5,7,-9.032413152569902
9|5|2|4,4,-12.946014131776142
9|5|2|4,6,-10.177893423487687
9|5|2|4,3,-10.191471984098083
9|5|2|4,5,-8.74440219659756
10|5|2|3,5,-9.32504329785
10|5|2|3,4,-8.234837980452596
10|5|2|3,7,-9.04981960125
10|5|2|3,3,-9.62425211714418
10|5|2|3,2,-8.916149163874145
10|5|2|3,1,-8.509655362469685
10|5|2|3,6,-10.82252585831625
10|5|2|2,1,-7.662661121965725
10|5|2|2,4,-9.19949428173675
10|5|2|2,3,-10.214350642500001
10|5|2|2,2,-8.255158491555001
10|5|2|2,5,-8.2035
5|3|2|11,3,8.95634041159197
5|3|2|11,2,9.421745292949984
5|3|2|11,1,10.175618205336823
5|3|2|11,4,0.9192886776460425
5|3|2|11,6,-1.94923555897138
5|3|2|11,7,-1.2387091386653108
5|3|2|11,5,-0.7661662582976925
6|3|2|10,7,-6.249344618690443
6|3|2|10,3,8.12698835714633
6|3|2|10,6,-4.701778296413161
6|3|2|10,4,4.662386295509231
6|3|2|10,1,10.495590620136568
6|3|2|10,2,7.924503136626175
6|3|2|10,5,-3.4678254608313925
6|3|2|9,7,-11.011690655176594
6|3|2|9,4,-5.823471483197316
6|3|2|9,2,1.917158829824503
6|3|2|9,5,-8.306829887981632
6|3|2|9,6,-6.962234295420663
6|3|2|9,3,-0.5941201070646821
6|3|2|9,1,5.385740121194587
6|3|2|6,4,-7.6361417919658985
6|3|2|6,2,-7.260208508062154
6|3|2|6,1,-6.589568775584521
6|3|2|6,7,-7.500763039120815
6|3|2|6,6,-9.803808043633044
6|3|2|6,3,-8.696501697043646
6|3|2|6,5,-7.224523281754095
6|3|2|5,4,-7.9519195608141775
6|3|2|5,5,-7.251297957307463
6|3|2|5,2,-6.447980398009643
6|3|2|5,6,-7.133619620428847
6|3|2|5,7,-6.775401983865026
6|3|2|5,3,-8.078520830899143
6|3|2|5,1,-6.649463883706328
6|3|2|4,4,-5.38582866181596
6|3|2|4,3,-3.0403917396931774
6|3|2|4,7,-3.874275
6|3|2|4,5,-5.041739925000001
6|3|2|4,2,-4.133779474342531
6|3|2|4,6,-4.998013515
6|3|2|4,1,-4.465330348920886
2|4|2|11,5,-4.4667828854002165
2|4|2|11,4,-5.406645803206487
2|4|2|11,6,-4.915941519954203
2|4|2|11,2,8.595042491032965
2|4|2|11,1,10.938439648372274
2|4|2|11,3,2.9062568675941414
2|4|2|11,7,-4.541551921684707
2|4|2|10,1,-0.6391683749999998
2|4|2|10,6,-3.015
2|4|2|10,2,5.252055260921901
2|4|2|10,3,-2.9157102984718875
2|4|2|10,5,-2.9747272496557056
2|4|2|10,4,-3.10636393039431
8|3|1|5,3,-8.61047707532546
8|3|1|5,1,-8.282808252683068
8|3|1|5,5,-9.165803553875493
8|3|1|5,2,-8.580090223565644
8|3|1|5,6,-10.469853415011002
8|3|1|5,7,-8.67099776361283
8|3|1|5,4,-8.873284029550286
9|3|1|4,4,-10.282067116858862
9|3|1|4,6,-11.47486711148396
9|3|1|4,5,-11.663738486026876
9|3|1|4,2,-10.657391006956004
9|3|1|4,1,-9.891738323898691
9|3|1|4,3,-10.055792480596669
9|3|1|4,7,-10.409537462391645
10|3|1|3,7,-14.6297266596
10|3|1|3,2,-10.156133239328103
10|3|1|3,5,-11.2040056875
10|3|1|3,4,-13.403336955083308
10|3|1|3,3,-10.535309750178666
10|3|1|2,7,-17.699271642
10|3|1|2,6,-16.99792865175
10|3|1|2,3,-11.70371145531059
10|3|1|1,1,-12.478950000000001
10|3|1|1,3,-11.3985
10|3|1|1,6,-11.3985
10|3|1|1,5,-11.3985
10|3|1|1,4,-11.3985
4|2|1|8,1,-4.160668039250893
4|2|1|8,6,-13.320132479464622
4|2|1|8,3,-5.46907259965835
4|2|1|8,7,-12.70856536059866
4|2|1|8,2,-5.250178907262368
4|2|1|8,5,-12.473815170781208
4|2|1|8,4,-9.550464350330715
6|2|2|7,2,-5.309637295858579
6|2|2|7,1,-6.315948490045927
6|2|2|7,6,-15.36633401812483
6|2|2|7,7,-14.987512943934423
6|2|2|7,4,-9.368244369116518
6|2|2|7,5,-12.872934975709478
6|2|2|7,3,-6.555780707188425
8|3|2|5,2,-8.542208948970124
8|3|2|5,5,-10.064274361284694
8|3|2|5,3,-8.589230273102128
8|3|2|5,7,-13.014814248469184
8|3|2|5,4,-8.815155944905964
8|3|2|5,1,-7.341818324598795
8|3|2|5,6,-13.280198272539865
10|3|3|4,1,-9.417263236755169
10|3|3|4,6,-10.15956450818644
10|3|3|4,4,-9.36867842905028
10|3|3|4,5,-10.269412591978488
10|3|3|4,2,-9.471167363887893
10|3|3|4,3,-9.605838287459129
10|3|3|4,7,-9.813148499274398
15|4|3|2,3,-12.668150213098047
15|4|3|2,6,-14.66778825
15|4|3|2,4,-13.662466275
15|4|3|2,2,-12.736087046954534
15|4|3|2,7,-17.57182176
15|4|3|2,5,-14.883338025
15|4|3|2,1,-12.66707748290016
16|4|3|1,2,-14.394695895
16|4|3|1,3,-14.394695895
16|4|3|1,6,-14.13527985
16|4|3|1,4,-14.394695895
2|2|2|12,6,-3.6469687393985417
2|2|2|12,3,0.6697127310810385
2|2|2|12,2,7.398561968727487
2|2|2|12,1,9.895620926345833
2|2|2|12,7,-3.1862966820701604
2|2|2|12,4,-4.524172864340087
2|2|2|12,5,-3.8498514408075417
2|2|2|11,7,-6.5022693169716055
2|2|2|11,5,-7.74042822671635
2|2|2|11,4,-7.768503513018076
2|2|2|11,1,8.258063173916163
2|2|2|11,2,4.221048190159423
2|2|2|11,3,-3.2642022129145247
2|2|2|11,6,-6.782090146762082
2|2|2|10,3,-8.349533568101005
2|2|2|10,7,-8.969420836731153
2|2|2|10,5,-6.510863060540396
2|2|2|10,6,-9.939635121579022
2|2|2|10,2,4.325332452868223
2|2|2|10,4,-7.088422840815152
2|2|2|10,1,-0.15156269263707034
3|2|2|9,1,-1.3284560286263076
3|2|2|9,7,-12.22956161791206
3|2|2|9,6,-12.349350827503393
3|2|2|9,2,-2.808439739409342
3|2|2|9,5,-12.356396636085323
3|2|2|9,4,-10.134444952991359
3|2|2|9,3,-7.930187348257128
5|2|1|5,5,-3.015
5|2|1|5,2,-0.63700120843148
5|2|1|5,1,-1.773995888851929
5|2|1|5,7,-5.0404275
5|2|1|5,4,-2.7995521037812505
5|2|1|5,6,-6.42229885378125
5|2|1|5,3,-0.29095060324766225
5|2|1|4,6,-3.015
5|2|1|4,2,-0.680775
5|2|1|4,3,-0.46071686343749996
5|2|1|4,7,-3.11452734375
5|2|1|4,4,-0.754275
5|2|1|4,5,-5.131044140625001
5|2|1|4,1,0.17908695112500012
5|2|1|3,6,-3.015
5|2|1|3,7,-3.874275
5|2|1|3,3,-0.34921874999999986
5|2|1|3,5,-2.985075
5|2|1|3,1,0.1157062500000001
5|2|1|2,7,-3.015
5|2|1|2,4,0.10500000000000001
5|2|1|2,1,0.22499999999999998
5|2|1|2,6,-4.297499999999999
5|2|1|2,5,-4.297499999999999
5|2|1|1,7,-4.5
5|2|1|1,5,-4.5
5|2|1|1,2,-7.65
5|2|1|1,6,-4.5
3|2|1|6,3,0.13492500000000002
3|2|1|6,2,0.4975307437290675
3|2|1|6,6,-5.0593736908125
3|2|1|6,4,-7.786909707879376
3|2|1|6,1,-0.10291121423437488
3|2|1|6,7,-3.874275
3|2|1|6,5,-7.4911977413775
4|2|1|3,5,-3.015
4|2|1|3,2,0.10500000000000001
4|2|1|3,4,0.13492500000000002
4|2|1|3,7,-3.3505875
4|2|1|2,3,-1.6809749999999997
4|2|1|2,4,-4.297499999999999
3|3|1|8,4,-3.992891052601569
3|3|1|8,6,-6.640163494495384
3|3|1|8,1,-4.01371236589263
3|3|1|8,3,-4.034005721031935
3|3|1|8,5,-5.072952221074717
3|3|1|8,7,-5.026112364047742
3|3|1|8,2,-3.0601913392419235
3|3|1|7,4,-3.015
3|3|1|7,2,0.15943052479213593
3|3|1|7,1,-1.4677642236003883
3|3|1|7,3,-0.3477107720718749
3|3|1|7,5,-2.898399375
3|3|1|7,7,-2.70789745570785
3|3|1|7,6,-2.743475205870495
3|3|1|6,6,-3.015
3|3|1|6,1,1.1978048763999467
3|3|1|6,3,0.169125
3|3|1|5,1,0.345
3|3|1|5,3,-0.109968375
6|2|1|4,3,-2.2750435004534006
6|2|1|4,4,-3.2449952139375005
6|2|1|4,1,-1.1956318545368239
6|2|1|4,2,-1.714444668131612
6|2|1|4,6,-2.9508750000000004
6|2|1|4,5,-2.9956599
7|2|1|3,2,-0.6478574999999999
7|2|1|3,1,-0.47677500000000006
7|2|1|3,3,-2.009597177688862
8|2|1|2,3,-3.44046
8|2|1|2,2,-4.4908275
9|2|1|1,5,-9.855
9|2|1|1,1,-11.3985
2|1|1|12,3,4.277018207089444
2|1|1|12,7,-7.541676107590162
2|1|1|12,4,-8.145954404936452
2|1|1|12,5,-7.286452357715379
2|1|1|12,6,-7.001677706616453
2|1|1|12,1,5.599967960749763
2|1|1|12,2,4.3862714203310995
7|3|2|9,4,0.845002598631025
7|3|2|9,7,-9.168355379382565
7|3|2|9,2,3.3435450510021036
7|3|2|9,3,2.019469015066087
7|3|2|9,1,8.63578419683378
7|3|2|9,6,-5.167269744058351
7|3|2|9,5,-3.2608571743655905
8|3|2|8,7,-13.841265157347816
8|3|2|8,3,-2.5509043632976147
8|3|2|8,6,-5.890192771413125
8|3|2|8,5,-6.569030763496496
8|3|2|8,2,-1.6887965856743108
8|3|2|8,4,-0.7395176189022071
8|3|2|8,1,5.253338637792479
9|3|3|6,4,-7.257132455409302
9|3|3|6,1,-5.965071623895343
9|3|3|6,7,-15.709755727111743
9|3|3|6,6,-14.719886311698914
9|3|3|6,5,-10.221332758786467
9|3|3|6,3,-7.398857443417258
9|3|3|6,2,-6.450934447065445
10|3|3|5,1,-8.481495315480847
10|3|3|5,6,-12.922359257226313
10|3|3|5,3,-8.345339168191217
10|3|3|5,2,-8.091961100394366
10|3|3|5,4,-10.091671439279768
10|3|3|5,5,-8.71001204654626
10|3|3|5,7,-11.646612318513737
13|3|2|4,2,-10.251256744716784
13|3|2|4,7,-20.71101856349802
13|3|2|4,3,-10.381703396417942
13|3|2|4,5,-18.40557884253608
13|3|2|4,4,-10.482436216484016
13|3|2|4,1,-10.364748351354336
13|3|2|4,6,-19.49620000662287
3|3|1|12,4,-1.972513181352129
3|3|1|12,7,-1.0885866735277023
3|3|1|12,2,9.604691229670424
3|3|1|12,1,10.890163282313189
3|3|1|12,6,-2.168456778870375
3|3|1|12,3,3.48080944700055
3|3|1|12,5,-1.0705714510113282
3|3|1|11,1,8.525908828565644
3|3|1|11,6,-4.7443321859505065
3|3|1|11,2,6.550643289848516
3|3|1|11,5,-4.6407487453153
3|3|1|11,4,-4.162851218111498
3|3|1|11,7,-5.5048140883827035
3|3|1|11,3,2.771595733214787
6|3|1|10,3,5.805475870062303
6|3|1|10,2,7.2606171658637635
6|3|1|10,5,2.268319891987647
6|3|1|10,1,9.001366251554112
6|3|1|10,4,4.255673439440457
6|3|1|10,7,-6.449137040961739
6|3|1|10,6,-7.0963441457927905
7|3|3|9,3,6.60208953884572
7|3|3|9,7,-7.092547517997105
7|3|3|9,1,11.432151038231696
7|3|3|9,6,-5.346280145545335
7|3|3|9,2,6.541579302996293
7|3|3|9,4,6.4889483992454196
7|3|3|9,5,-0.2674598861750903
8|3|3|8,2,0.8407511449248553
8|3|3|8,7,-12.07333420466678
8|3|3|8,5,-3.532636990236098
8|3|3|8,4,2.9412206594781374
8|3|3|8,6,-11.054684469405473
8|3|3|8,1,7.5955969379350625
8|3|3|8,3,1.5513643671486737
12|4|3|6,6,-13.165693137164268
12|4|3|6,2,8.574051222738149
12|4|3|6,4,-5.203291045973851
12|4|3|6,1,-0.8107493131940369
12|4|3|6,5,-10.571614163617872
12|4|3|6,3,-0.6186785798101702
12|4|3|6,7,-11.540427695688537
12|4|3|5,7,-14.522679830805727
12|4|3|5,1,-4.924657497490387
12|4|3|5,5,-10.706240927320763
12|4|3|5,3,-7.945295149615879
12|4|3|5,2,-7.611928858478662
12|4|3|5,4,-9.101811336967458
12|4|3|5,6,-14.627412663015226
12|4|3|4,2,-9.665022497115995
12|4|3|4,6,-12.552027914175401
12|4|3|4,3,-9.770782635903057
12|4|3|4,1,-9.643489028142485
12|4|3|4,5,-10.247352256129709
12|4|3|4,4,-9.87789166360842
12|4|3|4,7,-12.990435243848351
15|4|2|3,4,-12.095431142960974
15|4|2|3,3,-12.07111233511701
15|4|2|3,1,-11.206356084931786
15|4|2|3,6,-17.454987221172214
15|4|2|3,2,-11.286868957761508
15|4|2|3,7,-16.030609534540915
15|4|2|3,5,-15.762272683426046
17|4|2|2,5,-19.66762108357247
17|4|2|2,7,-16.506711528126008
17|4|2|2,1,-12.699999942325492
17|4|2|2,3,-13.787086797792016
17|4|2|2,6,-15.787585491647175
17|4|2|2,2,-12.836864652156523
17|4|2|2,4,-13.53754903605121
17|4|2|1,1,-14.982901657221941
17|4|2|1,5,-14.982901657221941
17|4|2|1,6,-14.982901657221941
17|4|2|1,3,-14.982901657221941
17|4|2|1,7,-14.982901657221941
2|2|1|6,1,0.5581211625
2|2|1|6,5,-3.015
2|2|1|6,7,-2.985075
2|2|1|6,6,-2.985075
2|2|1|6,4,-2.9641275
2|2|1|6,3,0.17112630918749996
4|5|1|5,6,-3.015
4|5|1|4,6,-3.015
4|5|1|3,4,-3.015
4|5|1|2,1,0.585
9|2|2|1,4,-9.855
9|2|2|1,3,-9.855
9|2|2|1,1,-11.3985
9|2|2|1,2,-9.855
9|2|2|1,7,-9.855
9|2|2|1,5,-9.855
9|2|2|1,6,-9.855
3|2|1|10,7,-11.541215837535855
3|2|1|10,6,-11.037486947237463
3|2|1|10,2,-0.5005301588345559
3|2|1|10,4,-4.062514231187961
3|2|1|10,1,-0.37057610089438475
3|2|1|10,5,-10.820971860105251
3|2|1|10,3,-2.6209200412154785
3|2|1|9,7,-14.044615142314559
3|2|1|9,3,-3.283893927711892
3|2|1|9,1,-2.4079214286252912
3|2|1|9,2,-3.334937022425424
3|2|1|9,4,-10.521786490848877
3|2|1|9,6,-12.834054686649344
3|2|1|9,5,-14.075184506428283
3|2|1|7,6,-7.332303416625001
3|2|1|7,1,-3.039911185411349
3|2|1|7,4,-6.328106010000001
3|2|1|7,5,-2.942346375
3|2|1|7,7,-6.31134801
3|2|1|7,3,-3.3200019655993156
3|2|1|7,2,-2.2797324413940876
6|3|1|3,7,-3.015
6|3|1|3,1,-2.409524379975
6|3|1|3,6,-3.874275
6|3|1|3,5,-3.3505875
6|3|1|2,5,-3.015
6|3|1|2,3,-1.1774999999999998
6|3|1|2,4,-4.297499999999999
6|3|1|1,2,-7.65
4|1|1|7,2,-3.564394867109648
4|1|1|7,5,-4.884848838693255
4|1|1|7,7,-5.0618345625
4|1|1|7,6,-6.327745442907716
4|1|1|7,4,-3.989186501526165
4|1|1|7,3,-3.928498034695365
4|1|1|7,1,-4.13161199727569
6|3|1|4,5,-3.874275
6|3|1|4,1,-3.7045796687435133
6|3|1|4,2,-3.7494393886528297
6|3|1|4,7,-5.387723238436876
9|2|2|2,6,-11.566125
9|2|2|2,2,-7.5668708925
9|2|2|2,4,-7.6651507500000005
9|2|2|2,3,-8.12967609975
9|2|2|2,7,-12.851640000000002
9|2|2|2,5,-7.141920000000001
9|2|2|2,1,-7.62914576673675
4|2|2|8,6,-8.753044386420697
4|2|2|8,1,-5.164118890488007
4|2|2|8,3,-5.044459032718317
4|2|2|8,7,-12.19534229067398
4|2|2|8,2,-2.3587056259872994
4|2|2|8,4,-8.280864446035315
4|2|2|8,5,-9.008270131678946
4|2|2|7,7,-6.890318104155976
4|2|2|7,6,-6.3984562970625
4|2|2|7,1,-5.539548563418333
4|2|2|7,2,-5.257796343133726
4|2|2|7,5,-7.880180370547121
4|2|2|7,3,-5.883140114974578
4|2|2|7,4,-6.623443506647808
4|2|2|6,4,-3.015
4|2|2|6,3,-2.307073378864235
4|2|2|6,6,-3.265562986875
4|2|2|6,5,-3.265562986875
4|2|2|6,1,-3.1385809384415264
4|2|2|6,2,-2.2515669602632316
4|2|2|6,7,-3.265562986875
4|2|2|5,2,-0.8791683749999999
4|2|2|5,4,-3.015
4|2|2|5,5,-2.9667993750000003
4|2|2|5,6,-2.9667993750000003
4|2|2|5,3,0.2458029496875
4|2|2|5,1,-0.3364745328911219
7|3|2|3,1,-7.190776217329415
7|3|2|3,3,-5.968587934174398
7|3|2|3,6,-8.348418
7|3|2|3,4,-4.7915483143875
7|3|2|3,7,-7.761199725000001
7|3|2|3,5,-8.2146923128125
7|3|2|3,2,-7.261435805928749
10|3|2|1,7,-12.478950000000001
10|3|2|1,1,-13.235265
10|3|2|1,6,-13.235265
10|3|2|1,5,-13.235265
10|3|2|1,4,-13.235265
10|3|2|1,3,-13.235265
10|3|2|1,2,-13.7646855
2|2|2|9,3,-3.015
2|2|2|9,6,-6.698706204531572
2|2|2|9,5,-5.781700855290628
2|2|2|9,1,-1.2846697460080352
2|2|2|9,4,-5.744374160348295
2|2|2|9,2,-2.159190482987587
2|2|2|9,7,-4.927081087744068
2|2|2|8,4,-6.831160875
2|2|2|8,7,-3.874275
2|2|2|8,2,0.7327494672163943
2|2|2|8,5,-3.1957683750000005
2|2|2|8,3,-3.0475766863125
2|2|2|8,1,-1.0909033942459325
2|2|2|8,6,-3.0475766863125
4|3|1|3,6,-5.984775
4|3|1|2,5,-6.4079999999999995
4|3|1|1,1,-7.65
1|4|0|8,3,-5.984775
1|4|0|8,7,-3.874275
1|4|0|7,5,-3.015
1|4|0|7,4,-3.874275
1|4|0|7,7,-3.8365053749999998
1|4|0|6,7,-3.015
1|4|0|6,5,-2.882475
1|4|0|6,2,-2.882475
1|4|0|5,1,0.46499999999999997
1|4|0|5,4,-3.015
1|4|0|5,7,-2.8514064375
5|3|1|4,4,-3.015
5|3|1|4,3,-2.71813449
5|3|1|4,6,-3.865746375
5|3|1|4,5,-3.047669015625
5|3|1|4,2,0.532106514375
5|3|1|3,6,-3.015
5|3|1|3,5,-2.985075
5|3|1|3,4,-0.11462812499999998
5|3|1|3,1,0.616425
5|3|1|3,7,-2.985075
5|3|1|3,3,0.169125
5|3|1|2,2,0.17850000000000002
5|3|1|2,7,-4.297499999999999
6|3|3|1,6,-7.65
6|3|3|1,1,-7.65
2|1|1|9,3,-3.3803128857992752
2|1|1|9,7,-7.95049788000815
2|1|1|9,5,-6.915766353665624
2|1|1|9,2,-3.1108043959257894
2|1|1|9,4,-9.256089393682627
2|1|1|9,6,-9.13617775371325
2|1|1|9,1,-3.3334613999058234
8|5|2|4,3,-5.290455841281683
8|5|2|4,2,-5.986678547912957
11|5|2|2,7,-11.3775975
11|5|2|2,1,-9.370447081083935
11|5|2|2,2,-6.629542541843351
11|5|2|2,5,-7.1692418310525
11|5|2|2,3,-3.8838225
11|5|2|1,3,-14.8546664843895
4|3|3|9,1,1.7177861636878216
4|3|3|9,7,-2.8799731893093754
4|3|3|9,3,0.47219091817007963
4|3|3|9,4,-0.38382303229937764
4|3|3|9,2,3.7287677391970204
4|3|3|9,5,-7.993318581022583
4|3|3|9,6,-8.160983598660202
7|4|3|8,2,2.0337187777473167
7|4|3|8,6,-9.831901069400285
7|4|3|8,3,3.744356785247702
7|4|3|8,1,2.028871578918625
7|4|3|8,5,-5.875545480935614
7|4|3|8,4,-0.1262912885859877
7|4|3|8,7,-11.099115021107847
10|6|1|7,3,0.6899619082391446
10|6|1|7,5,-8.602261597182295
10|6|1|7,7,-7.906679638927799
10|6|1|7,2,-4.101960821106923
10|6|1|7,1,7.814246508990501
10|6|1|7,6,-3.690636023675332
10|6|1|7,4,1.884896383872777
11|6|1|6,5,-11.42276895059042
11|6|1|6,7,-13.795431822303671
11|6|1|6,4,-2.0408925447642234
11|6|1|6,1,4.086321111618718
11|6|1|5,2,-6.31404875961973
11|6|1|5,1,-6.763449865916315
11|6|1|5,6,-6.974524258358861
11|6|1|5,4,-9.28636603504247
11|6|1|5,3,-8.583910556955313
11|6|1|5,5,-8.87625824452424
12|6|1|4,1,-9.047428947473431
12|6|1|4,7,-10.232728379200704
18|2|1|3,4,-12.879014860937492
18|2|1|3,2,-12.474891597115153
18|2|1|3,6,-16.20070953388194
18|2|1|3,7,-22.87499999986587
18|2|1|3,1,-12.336578323205433
18|2|1|3,3,-12.474990567659626
18|2|1|3,5,-20.25198749246256
19|2|2|2,6,-24.299772875616576
19|2|2|2,1,-13.499999999910624
19|2|2|2,7,-24.29999162252399
19|2|2|2,4,-19.22541862371337
19|2|2|2,2,-13.499999999999996
19|2|2|2,5,-24.298980216777263
19|2|2|2,3,-13.898779700368198
19|2|2|1,4,-14.999999999999998
19|2|2|1,7,-14.999999999999998
19|2|2|1,5,-14.999999999999998
19|2|2|1,3,-14.999999999999998
19|2|2|1,2,-14.999999999999998
19|2|2|1,1,-14.999999999999998
19|2|2|1,6,-14.999999999999998
4|3|2|6,5,-3.015
4|3|2|6,1,-1.756213641344044
4|3|2|6,3,-1.8552318487923238
4|3|2|6,6,-2.9508750000000004
4|3|2|6,7,-2.9508750000000004
4|3|2|6,4,-2.8759095888609374
4|3|2|6,2,-2.2147063387033583
4|3|2|5,2,0.22499999999999998
4|3|2|5,6,-3.015
4|3|2|5,3,0.203325
4|3|2|5,1,0.7687704283124999
4|3|2|5,5,-2.9032365375
6|4|3|4,3,-6.448005924375
6|4|3|4,4,-5.51246714546671
6|4|3|4,6,-6.86663917574625
6|4|3|4,5,-5.48705058953445
7|4|3|3,7,-6.8412239999999995
7|4|3|3,6,-5.5250415
7|4|3|3,1,-5.116099490653562
7|4|3|2,7,-3.015
7|4|3|2,1,-4.2712653675
7|4|3|2,6,-4.297499999999999
7|4|3|2,3,-1.9177499999999998
7|4|3|1,7,-4.5
7|4|3|1,5,-4.5
1|1|1|5,4,-3.015
1|1|1|5,7,-3.874275
1|1|1|5,2,0.22937250000000003
1|1|1|5,3,-4.720660874999999
1|1|1|4,7,-5.984775
1|1|1|4,2,-0.754275
1|1|1|3,3,-3.015
1|1|1|3,5,-3.874275
1|1|1|2,6,-3.015
1|1|1|2,3,-4.297499999999999
1|1|1|1,4,-4.5
1|1|1|1,7,-4.5
3|3|0|9,5,-6.4356975
3|3|0|9,1,0.6035875394557477
3|3|0|9,2,-2.916675
3|3|0|9,6,-2.736574573424269
3|3|0|8,1,-2.377848689235138
3|3|0|8,2,-3.015
3|3|0|8,7,-2.9081463750000003
6|6|3|7,4,-5.278125
6|6|3|6,4,-6.1133299101202745
6|6|3|5,2,0.0146099999999999
9|6|2|4,6,-15.694737178530728
9|6|2|3,1,-10.115306690710707
3|2|2|8,2,-4.704070021253553
3|2|2|8,1,-3.9681003947671147
3|2|2|8,4,-6.379034064485363
3|2|2|8,5,-4.708383585425755
3|2|2|8,6,-6.1833698749378
3|2|2|8,7,-6.2522172630213
3|2|2|8,3,-5.420254355164321
8|3|2|4,1,-9.532931900057978
8|3|2|4,7,-10.679429468774291
8|3|2|4,2,-8.537743268437614
8|3|2|4,6,-10.552188932848518
8|3|2|4,5,-9.994188353709575
8|3|2|4,4,-9.847864928257557
8|3|2|4,3,-9.223877036263884
11|3|1|3,6,-11.8528972448625
11|3|1|3,2,-11.584807732040904
11|3|1|3,1,-11.602607255445758
11|3|1|3,5,-13.641132219332338
11|3|1|2,4,-12.8935033425
11|3|1|2,1,-10.109926942633216
11|3|1|2,6,-12.0060225
11|3|1|2,2,-11.670765483228239
11|3|1|2,5,-12.047976660149999
3|2|1|11,1,9.517573261524086
3|2|1|11,5,-6.607738106785842
3|2|1|11,4,-5.922602476166736
3|2|1|11,3,-4.170938509543284
3|2|1|11,7,-7.627471592447115
3|2|1|11,2,3.0942300036957824
3|2|1|11,6,-7.342356479164565
5|1|1|10,3,0.6597571180664789
5|1|1|10,6,-11.805746010289393
5|1|1|10,7,-11.542680337527736
5|1|1|10,4,-0.80076366644165
5|1|1|10,5,-0.6703192975240295
5|1|1|10,2,-0.8095183639413276
5|1|1|10,1,-1.0921740097478483
6|3|1|9,2,-0.48336093355278986
6|3|1|9,1,1.508079445872902
6|3|1|9,3,-0.23586120376265438
6|3|1|9,4,-0.7385482173636133
6|3|1|9,7,-10.695756722400896
6|3|1|9,6,-7.866132362590605
6|3|1|9,5,-7.279222032095491
7|3|1|8,5,-10.170246902272293
7|3|1|8,7,-13.960159599899578
7|3|1|8,6,-13.379250032597044
7|3|1|8,2,-3.5932324477258257
7|3|1|8,4,-5.492530440613583
7|3|1|8,1,2.3887644399681376
7|3|1|8,3,-3.4408924139682115
7|3|1|7,2,-6.24793310689308
7|3|1|7,5,-16.01377748048344
7|3|1|7,3,-5.966338875501697
7|3|1|7,7,-13.365208944256821
7|3|1|7,4,-6.6896572163028285
7|3|1|7,1,-6.167738529187298
7|3|1|7,6,-13.488870515285193
8|3|1|6,1,-7.335490754177521
8|3|1|6,7,-10.437345540436368
8|3|1|6,3,-7.60015976742011
8|3|1|6,2,-7.896800285664712
8|3|1|6,5,-9.976570064021345
8|3|1|6,4,-9.638687478757628
8|3|1|6,6,-12.568919022734317
11|2|1|5,4,-9.555013982751776
11|2|1|5,5,-14.069694789934562
11|2|1|5,1,-9.256098117727674
11|2|1|5,3,-9.597129454315967
11|2|1|5,7,-17.893104304129377
11|2|1|5,6,-12.647473812982442
11|2|1|5,2,-9.555605966035719
14|2|1|3,5,-16.26063825369562
14|2|1|3,7,-18.832673130024865
14|2|1|3,4,-12.136314285756363
14|2|1|3,2,-12.354008364791587
14|2|1|3,3,-12.355709040612924
14|2|1|3,1,-11.967869710464598
14|2|1|3,6,-14.718889049072693
15|2|1|2,4,-13.577480531699539
15|2|1|2,7,-20.349098928855
15|2|1|2,3,-13.685601926250436
15|2|1|2,1,-13.491633532877993
15|2|1|2,5,-14.26290558176072
15|2|1|2,2,-13.549512923410996
15|2|1|2,6,-14.025152025
16|2|1|1,4,-14.99966190989564
16|2|1|1,1,-14.99966190989564
16|2|1|1,3,-14.99966190989564
16|2|1|1,5,-14.99966190989564
16|2|1|1,2,-14.99966190989564
16|2|1|1,7,-14.999517014136629
16|2|1|1,6,-14.999517014136629
5|1|1|8,3,-5.806948289581565
5|1|1|8,6,-15.21713469165371
5|1|1|8,1,-5.876983450401904
5|1|1|8,5,-7.135006209263371
5|1|1|8,2,-5.649907197955194
5|1|1|8,4,-5.737947706687557
5|1|1|8,7,-14.87526662867251
6|2|1|7,1,-7.207995112993081
6|2|1|7,7,-16.180276603103344
6|2|1|7,3,-6.536745430887263
6|2|1|7,4,-7.204418410280917
6|2|1|7,5,-16.05455630962183
6|2|1|7,6,-14.039928542560578
6|2|1|7,2,-6.816567388507041
8|1|1|6,4,-8.438041096931741
8|1|1|6,5,-8.137761501115754
8|1|1|6,1,-7.844255021554853
8|1|1|6,6,-7.943953223447201
8|1|1|6,7,-10.468500601851547
8|1|1|6,2,-7.343902464324417
8|1|1|6,3,-7.8622207484900954
9|1|1|5,4,-7.894281681045575
9|1|1|5,6,-10.763309142601022
9|1|1|5,3,-7.9539997280170684
9|1|1|5,7,-8.667201452571808
9|1|1|5,5,-8.036442519799191
9|1|1|5,1,-7.831214103959329
9|1|1|5,2,-7.6512224399603745
10|2|2|4,2,-10.767863529512256
10|2|2|4,6,-13.79694870906606
10|2|2|4,5,-12.300701442083149
10|2|2|4,1,-10.331885109357792
10|2|2|4,3,-10.52032572628419
10|2|2|4,4,-11.667458658399529
10|2|2|4,7,-16.90637715617107
12|3|2|3,1,-14.06810407498595
12|3|2|3,6,-13.502066424771005
12|3|2|3,7,-19.959312336849887
12|3|2|3,3,-11.717920255500466
12|3|2|3,5,-11.892100136113331
12|3|2|3,2,-11.65220578481485
12|3|2|3,4,-12.549992969613513
17|2|2|1,5,-14.999999999894523
17|2|2|1,6,-14.999999999894523
17|2|2|1,3,-14.999999999894523
17|2|2|1,1,-14.999999999894523
17|2|2|1,2,-14.999999999894523
17|2|2|1,4,-14.999999999894523
17|2|2|1,7,-14.99999999984932
2|1|1|8,7,-7.391870485159243
2|1|1|8,5,-6.798803533890494
2|1|1|8,6,-4.944967962502938
2|1|1|8,3,-0.05904412869374992
2|1|1|8,4,-8.178207571278563
2|1|1|8,1,-0.1276973844733858
2|1|1|8,2,-0.0016996607369930417
2|1|1|7,5,-3.015
2|1|1|7,3,0.6933802951395776
2|1|1|7,7,-2.985075
2|1|1|7,1,0.17850000000000002
2|1|1|7,6,-6.47040385771875
2|1|1|7,2,0.3459581625
2|1|1|7,4,-2.957052375
2|1|1|6,2,0.10500000000000001
2|1|1|6,6,-3.874275
2|1|1|6,3,0.153200625
2|1|1|6,1,0.2473275
2|1|1|6,4,-2.985075
2|1|1|6,5,-2.985075
2|1|1|6,7,-2.9706450843093752
3|1|1|5,3,0.169125
3|1|1|5,1,0.2875125
3|1|1|5,5,-3.015
3|1|1|5,4,0.169125
3|1|1|5,7,-3.874275
3|1|1|5,6,-2.985075
5|2|2|2,3,0.10500000000000001
5|2|2|2,7,-4.297499999999999
5|2|2|2,2,-1.0574999999999999
5|2|2|2,1,-1.0574999999999999
5|2|2|2,4,-4.297499999999999
5|2|2|2,6,-4.297499999999999
5|2|2|2,5,-4.297499999999999
6|2|2|1,3,-4.5
6|2|2|1,5,-4.5
4|2|2|9,7,-14.092752980238503
4|2|2|9,6,-13.623988576410044
4|2|2|9,2,-2.483504424185611
4|2|2|9,1,-0.800641754897214
4|2|2|9,4,-10.32640808917871
4|2|2|9,5,-11.753608500897341
4|2|2|9,3,-3.2953873428970626
8|2|1|6,2,-7.88339193192338
8|2|1|6,6,-17.53515245420889
8|2|1|6,7,-16.963808744375125
8|2|1|6,4,-7.923376044991487
8|2|1|6,1,-7.582431777240964
8|2|1|6,5,-13.680669427101414
8|2|1|6,3,-8.115607357491426
9|2|2|5,6,-12.374059222093585
9|2|2|5,3,-9.20544560925635
9|2|2|5,5,-10.53545004361226
9|2|2|5,7,-12.837471684772495
9|2|2|5,2,-9.074963605802179
9|2|2|5,1,-8.699522216915426
9|2|2|5,4,-9.368520505615319
9|2|2|4,4,-12.115098407279545
9|2|2|4,5,-12.68674429414822
9|2|2|4,2,-10.232983121669795
9|2|2|4,1,-10.179380975938088
9|2|2|4,7,-12.18299073386819
9|2|2|4,3,-9.560611760781438
9|2|2|4,6,-11.375486811101064
10|2|2|3,1,-10.96999124919611
10|2|2|3,7,-13.797867253262625
10|2|2|3,6,-15.716501491451407
10|2|2|3,5,-14.026024467266927
10|2|2|3,2,-11.444092201975
10|2|2|3,4,-12.68778493781716
10|2|2|3,3,-11.422286583674506
12|2|2|2,3,-13.354778194856882
12|2|2|2,7,-15.0837615
12|2|2|2,5,-16.0909397175
12|2|2|2,4,-14.592848568688574
12|2|2|2,6,-13.919962499999999
12|2|2|2,1,-13.298938823836888
12|2|2|2,2,-12.293835298939943
2|3|1|7,4,-5.984775
2|3|1|7,3,-3.874275
2|3|1|7,6,-4.119168375
2|3|1|7,5,-2.898399375
2|3|1|7,2,-0.754275
2|3|1|7,1,-1.177033486875
2|3|1|7,7,-2.898399375
2|3|1|6,5,-5.984775
2|3|1|6,4,-3.874275
2|3|1|6,1,0.6313874999999999
2|3|1|6,3,-3.874275
2|3|1|6,7,-3.229968375
2|3|1|5,5,-3.015
2|3|1|5,6,-3.1615683750000003
2|3|1|5,4,-3.1615683750000003
2|3|1|5,7,-3.1615683750000003
2|3|1|5,3,-3.1615683750000003
2|3|1|5,2,-0.754275
2|3|1|5,1,0.6838561781249999
2|3|1|4,1,-0.514275
2|3|1|4,6,-3.015
2|3|1|4,7,-3.874275
2|3|1|4,2,-0.754275
2|3|1|4,5,-3.846252375
6|4|2|2,3,0.10500000000000001
6|4|2|2,1,-0.8174999999999999
6|4|2|2,4,-1.1774999999999998
7|4|2|1,1,-7.65
7|4|2|1,5,-4.5
7|4|2|1,2,-4.5
3|1|1|11,4,-3.117514029110455
3|1|1|11,5,-9.966506667161227
3|1|1|11,1,1.0611969127156025
3|1|1|11,3,1.3020916916521736
3|1|1|11,7,-9.990994992490997
3|1|1|11,2,1.3549250447834695
3|1|1|11,6,-10.107433958062943
4|2|2|10,2,3.9652958556909734
4|2|2|10,1,2.3024970519318453
4|2|2|10,3,-4.296292632044088
4|2|2|10,7,-9.774777346145207
4|2|2|10,5,-10.321343969643667
4|2|2|10,4,-0.5521825827632973
4|2|2|10,6,-10.516967607673802
10|3|2|7,6,-13.321005657044857
10|3|2|7,1,-3.3759105833672476
10|3|2|7,3,-3.645768966780034
10|3|2|7,2,-2.2903395801420214
10|3|2|7,5,-4.543583030732658
10|3|2|7,7,-14.915121541304956
10|3|2|7,4,-3.3664175565311942
10|3|2|6,5,-11.231356556725853
10|3|2|6,4,-9.165243383755433
10|3|2|6,2,-7.291186082406345
10|3|2|6,1,-7.218353658983437
10|3|2|6,6,-16.55216656598186
10|3|2|6,7,-18.077102783430707
10|3|2|6,3,-7.372041351066421
11|3|2|4,4,-11.46446059403143
11|3|2|4,2,-10.0262857540891
11|3|2|4,6,-16.99126683543635
11|3|2|4,7,-14.302632460810145
11|3|2|4,1,-10.091539264200794
11|3|2|4,3,-10.260211426625922
11|3|2|4,5,-10.62187407107843
12|4|2|3,7,-12.841993782220436
12|4|2|3,2,-10.522989373459724
12|4|2|3,5,-16.03226624078058
12|4|2|3,3,-11.263552616486912
12|4|2|3,1,-11.15417172333356
12|4|2|3,6,-11.57617726885125
12|4|2|3,4,-12.938264186114962
12|4|2|1,3,-14.394695895
12|4|2|1,2,-13.7646855
12|4|2|1,4,-13.7646855
12|4|2|1,6,-13.7646855
12|4|2|1,5,-13.7646855
12|4|2|1,7,-13.7646855
12|4|2|1,1,-14.13527985
1|2|2|10,1,0.15244588486616983
1|2|2|10,6,-3.015
1|2|2|10,5,-2.815533356417579
1|2|2|10,7,-3.1202775706024117
6|5|2|7,6,-10.633872284617004
6|5|2|7,5,-11.016281840097932
6|5|2|7,4,-7.75950521938762
6|5|2|7,2,-1.0835243935693593
6|5|2|6,4,-4.882388446734376
6|5|2|6,3,-5.139288569511905
6|5|2|6,6,-4.7092964655162115
6|5|2|6,2,-4.6608903079967785
7|5|2|5,1,-7.464379207293226
7|5|2|5,4,-9.585760684734254
12|2|2|3,2,-11.774821416788306
12|2|2|3,1,-12.018625750793959
12|2|2|3,7,-16.37906507482484
12|2|2|3,6,-18.397480455679062
12|2|2|3,5,-14.83737065952478
12|2|2|3,4,-13.576398509204093
12|2|2|3,3,-12.05493436609289
14|2|2|2,5,-16.08072444926175
14|2|2|2,3,-13.552396445074871
14|2|2|2,1,-13.499672422359463
14|2|2|2,7,-16.06362700725
14|2|2|2,2,-13.49489289979875
14|2|2|2,4,-13.781418851012475
14|2|2|2,6,-17.641703553486753
15|3|2|1,1,-14.982901657221941
15|3|2|1,3,-14.982901657221941
15|3|2|1,2,-14.982901657221941
15|3|2|1,4,-14.975573796031343
15|3|2|1,7,-14.975573796031343
15|3|2|1,5,-14.975573796031343
15|3|2|1,6,-14.975573796031343
2|3|1|11,2,3.76037084284522
2|3|1|11,5,-6.482597225700317
2|3|1|11,4,-6.679180796833973
2|3|1|11,6,-7.160449633225864
2|3|1|11,1,9.898262201630674
2|3|1|11,3,2.099315850364725
2|3|1|11,7,-6.657046601062946
3|3|1|10,2,1.7718674263511545
3|3|1|10,1,7.074479730668582
3|3|1|10,7,-10.27487244956351
3|3|1|10,3,-0.483449244959806
3|3|1|10,6,-9.963654253102046
3|3|1|10,5,-9.874776745922986
3|3|1|10,4,-6.729463652229875
4|4|1|9,7,-10.308636331864433
4|4|1|9,4,-9.120708056281089
4|4|1|9,5,-11.381053245225466
4|4|1|9,3,-3.5787795403424245
4|4|1|9,2,-0.5840668489819063
4|4|1|9,1,4.4377198083322416
4|4|1|9,6,-9.736886583758471
4|4|1|8,5,-9.29685336758716
4|4|1|8,4,-3.874275
4|4|1|8,2,-5.984927475932425
4|4|1|8,7,-7.9078379621620485
4|4|1|8,1,-2.868714614369413
4|4|1|8,6,-5.49502764118607
4|4|1|8,3,-5.7183024558883115
4|4|1|7,7,-12.705954455151351
4|4|1|7,4,-11.459959578695933
4|4|1|7,2,-1.653963146027969
4|4|1|7,1,-2.6398099390742855
4|4|1|6,7,-8.154020522833163
4|4|1|6,4,-8.271074059834595
4|4|1|5,5,-3.015
4|4|1|5,1,-0.6953567012450924
4|4|1|5,2,0.41628310040625
4|4|1|4,7,-3.015
4|4|1|3,1,0.46499999999999997
8|3|2|2,1,-8.321812732124998
8|3|2|2,2,-7.457796763874999
8|3|2|2,4,-7.254299999999999
8|3|2|2,7,-11.377597500000002
8|3|2|2,3,-7.2689377649999996
8|3|2|2,5,-10.9377
8|3|2|2,6,-8.831925000000002
11|2|2|1,7,-13.7646855
11|2|2|1,1,-14.13527985
11|2|2|1,3,-14.13527985
11|2|2|1,2,-14.13527985
11|2|2|1,4,-14.13527985
11|2|2|1,5,-13.7646855
7|3|3|7,4,-6.179254651283159
7|3|3|7,2,-2.4832268296911906
7|3|3|7,6,-8.71040658469752
7|3|3|7,7,-8.938731452310174
7|3|3|7,1,-4.911673941796447
7|3|3|7,5,-10.312123198186672
7|3|3|7,3,-4.896538536577544
8|3|3|6,6,-8.435616398499837
8|3|3|6,4,-8.809773607649603
8|3|3|6,2,-6.9634900888432405
8|3|3|6,5,-9.586238105218124
8|3|3|6,1,-5.578259407621516
8|3|3|6,3,-9.932901728145117
8|3|3|6,7,-10.009944361293263
8|3|3|5,4,-10.01906349819452
8|3|3|5,3,-8.566264510243391
8|3|3|5,6,-8.89112836006214
8|3|3|5,2,-8.164761143155463
8|3|3|5,5,-9.472713810426605
8|3|3|5,1,-8.112384924654561
8|3|3|5,7,-9.548148899610197
9|3|3|4,5,-9.086620452737007
9|3|3|4,6,-12.094862183701826
9|3|3|4,7,-9.444428298693868
9|3|3|4,4,-11.42579745322994
9|3|3|4,2,-8.825713218550302
9|3|3|4,3,-11.02587088920848
9|3|3|4,1,-8.544963793471975
9|3|3|3,4,-12.569331991624379
9|3|3|3,3,-9.97341369091508
9|3|3|3,5,-12.637275516922719
10|3|3|1,7,-7.65
10|3|3|1,6,-7.65
10|3|3|1,4,-7.65
10|3|3|1,3,-7.65
10|3|3|1,1,-9.855
10|3|3|1,5,-7.65
10|3|3|1,2,-9.855
8|4|4|4,2,-3.4674328352697747
12|4|3|3,3,-14.433605442306128
12|4|3|3,1,-10.859013793287035
12|4|3|3,4,-11.587866545892638
12|4|3|3,2,-12.232063120159605
12|4|3|3,6,-16.82923319935761
12|4|3|3,7,-12.179854471124845
12|4|3|3,5,-13.305726011508321
15|4|4|2,5,-6.4079999999999995
15|4|4|1,3,-7.65
4|3|2|3,3,-3.015
4|3|2|3,4,-3.874275
4|3|2|2,3,-3.015
4|3|2|2,5,-4.297499999999999
4|3|2|2,7,-4.297499999999999
4|3|2|2,1,-0.9374999999999998
4|3|2|1,1,-4.5
4|3|2|1,6,-4.5
4|3|2|1,4,-4.5
3|2|2|7,5,-3.015
3|2|2|7,3,-2.742146499375
3|2|2|7,7,-4.933830375
3|2|2|7,1,-0.32743971476445244
3|2|2|7,4,-2.9508750000000004
3|2|2|7,2,-0.17235803653195103
3|2|2|7,6,-2.9508750000000004
3|2|2|6,1,-0.23841003437915465
3|2|2|6,2,-0.8791683749999999
3|2|2|6,5,-3.015
3|2|2|6,7,-3.925793986875
5|3|1|5,6,-7.0639611721875
5|3|1|5,5,-3.1355528625
5|3|1|5,1,-0.923856329464107
5|3|1|5,7,-2.9341656495
5|3|1|5,4,-2.8197124373437497
5|3|1|5,2,-1.2048573533851765
5|3|1|5,3,-1.5508849623029062
3|2|1|5,7,-4.993329237187501
3|2|1|5,3,-2.7142928625000002
3|2|1|5,1,0.23202213749999998
3|2|1|5,2,-0.754275
3|2|1|5,5,-5.800280941125
3|2|1|5,6,-6.41120790493125
3|2|1|5,4,-2.964368716875
3|2|1|4,5,-3.874275
3|2|1|4,6,-3.874275
3|2|1|4,2,0.34434007499999997
3|2|1|4,4,-5.90596644375
3|2|1|4,7,-5.6415459375
3|2|1|4,1,0.61391525625
3|2|1|4,3,-3.229968375
1|6|1|12,3,-11.248073845072835
1|6|1|12,6,-11.11419091273084
1|6|1|12,4,-12.70172199444678
1|6|1|12,5,-12.872088196716902
1|6|1|12,1,13.705693681258143
1|6|1|12,7,-11.020389882742915
1|6|1|12,2,7.6619886271469495
1|6|1|11,3,-11.240364108859168
1|6|1|11,4,0.5665998666843293
1|6|1|11,5,-11.709351791269574
1|6|1|10,3,-5.984775
1|6|1|10,2,-3.9871346334659545
1|6|1|10,1,12.534319031915869
1|6|1|10,5,-4.720660874999999
1|6|1|10,7,-5.482125691875
1|6|1|9,7,-10.9359505125
1|6|1|8,6,-7.52118525
1|6|1|7,2,-0.16550476720759413
2|6|0|6,1,0.705
8|4|1|5,5,-9.265989522885416
8|4|1|5,3,-8.96481760095293
8|4|1|5,1,-8.182382993013347
8|4|1|5,6,-8.911107640992
8|4|1|5,4,-8.51722563702605
8|4|1|5,7,-9.19092493270123
8|4|1|5,2,-8.301469184427047
8|4|1|4,4,-9.760287499512627
8|4|1|4,2,-7.887334071510345
8|4|1|4,3,-8.124438448831592
8|4|1|4,1,-7.926249699430343
8|4|1|4,7,-10.20108456160242
8|4|1|3,2,-9.460068490768593
8|4|1|3,3,-10.583251550641835
8|4|1|3,5,-6.5862675
8|4|1|3,7,-6.3998197875
8|4|1|3,1,-2.738875217843869
9|4|3|1,5,-9.855
9|4|3|1,7,-9.855
9|4|3|1,4,-11.3985
9|4|3|1,3,-11.3985
9|4|3|1,1,-11.3985
6|2|2|9,6,-12.793597362801641
6|2|2|9,2,2.8164076102717512
6|2|2|9,4,-5.1285237235303205
6|2|2|9,7,-12.230506147756904
6|2|2|9,3,-0.8916630410660948
6|2|2|9,1,-0.5493201668621867
6|2|2|9,5,-5.1314343827918805
6|2|2|8,5,-14.54397081323528
6|2|2|8,1,-3.526264452618098
6|2|2|8,3,-5.2470668498289275
6|2|2|8,2,-4.12984686439823
6|2|2|8,7,-15.324361508345067
6|2|2|8,4,-7.953600584367174
6|2|2|8,6,-15.055635478744067
7|2|2|7,3,-6.553718420373207
7|2|2|7,5,-11.298094091640497
7|2|2|7,7,-16.882268896839
7|2|2|7,6,-14.017070150790161
7|2|2|7,4,-6.388298423799636
7|2|2|7,2,-5.771872722788839
7|2|2|7,1,-6.498187046424073
9|4|2|6,5,-16.030478089012917
9|4|2|6,2,-6.956276317831059
9|4|2|6,3,-6.954717016137327
9|4|2|6,7,-13.750905292860706
9|4|2|6,6,-15.182157032384412
9|4|2|6,1,-4.524266754569425
9|4|2|6,4,-7.677030202129316
10|4|2|5,4,-9.272815588399586
10|4|2|5,2,-9.538250863322956
10|4|2|5,5,-12.60414246813752
10|4|2|5,1,-8.29601044629097
10|4|2|5,6,-17.915093488652246
10|4|2|5,3,-8.580292860464427
10|4|2|5,7,-14.206670310396202
11|4|2|4,6,-10.63462042553625
11|4|2|4,5,-13.550166531827166
11|4|2|4,3,-9.812860021637674
11|4|2|4,2,-9.762667523506897
11|4|2|4,4,-12.703805911611786
11|4|2|4,1,-9.760814861897734
11|4|2|4,7,-10.301848878797514
11|4|2|3,4,-12.293809500747114
11|4|2|3,3,-11.71684626614224
11|4|2|3,5,-11.938238392162672
11|4|2|3,7,-14.501982979204193
11|4|2|3,2,-12.325312820903974
11|4|2|3,1,-11.138944696367519
11|4|2|3,6,-11.325675539475
11|4|2|2,3,-12.519307002785174
11|4|2|2,1,-12.5269515838336
11|4|2|2,2,-12.435159801225183
11|4|2|2,7,-17.054502300000003
11|4|2|2,5,-14.667788250000001
11|4|2|2,4,-13.140529212869248
11|4|2|2,6,-15.191266275
13|4|2|1,4,-14.394695895
13|4|2|1,7,-14.13527985
13|4|2|1,6,-14.394695895
13|4|2|1,1,-14.394695895
13|4|2|1,3,-14.394695895
13|4|2|1,5,-14.394695895
13|4|2|1,2,-14.394695895
1|3|1|9,7,-3.015
1|3|1|9,2,-0.754275
1|3|1|9,6,-3.874275
1|3|1|9,1,0.28648027795761744
1|3|1|9,4,-3.874275
1|3|1|8,3,-3.015
1|3|1|8,4,-3.874275
1|3|1|8,7,-2.9518438218750003
1|3|1|7,4,-3.015
1|3|1|7,2,0.221600625
1|3|1|7,3,-3.229968375
1|3|1|6,2,-0.754275
1|3|1|6,5,-3.015
2|3|1|3,6,-3.015
2|3|1|3,5,-2.916675
2|3|1|3,3,-2.916675
2|3|1|2,1,0.345
2|3|1|2,5,-3.015
2|3|1|2,6,-4.297499999999999
5|2|2|1,6,-4.5
5|2|2|1,7,-4.5
5|2|2|1,1,-7.65
5|2|2|1,2,-7.65
4|5|1|11,1,11.975733070858377
4|5|1|11,2,7.590696980549053
4|5|1|11,5,4.868025291506182
4|5|1|11,4,4.370845013280039
4|5|1|11,6,-0.7210058366839323
4|5|1|11,7,0.4018825267625295
4|5|1|11,3,10.536088400913483
9|4|2|10,5,8.212188961300214
9|4|2|10,7,-0.02336077381798221
9|4|2|10,6,0.5797733879869755
9|4|2|10,2,10.856476165967688
9|4|2|10,1,12.243649772965947
9|4|2|10,3,11.081068657007698
9|4|2|10,4,10.620325474494901
10|4|2|9,4,8.58247200505045
10|4|2|9,3,7.558827636168222
10|4|2|9,2,8.934816886500183
10|4|2|9,1,11.466985188716986
10|4|2|9,6,1.9593536518227197
10|4|2|9,5,6.648944823581743
10|4|2|9,7,0.8013124060107917
11|4|2|8,4,6.384389850823265
11|4|2|8,7,-5.012780502868936
11|4|2|8,1,7.308950710808894
11|4|2|8,3,6.343430432156415
11|4|2|8,5,3.650269036506669
11|4|2|8,6,-2.708400947185309
11|4|2|8,2,10.61023312582168
12|4|2|7,4,3.6854247872967543
12|4|2|7,7,-9.617719650493655
12|4|2|7,1,3.2143633557734277
12|4|2|7,3,4.936726023186921
12|4|2|7,2,1.9687024580431165
12|4|2|7,5,-2.7020822829778766
12|4|2|7,6,-11.374834024851818
12|4|2|6,3,-4.08689809015819
12|4|2|6,7,-17.053573194708132
12|4|2|6,6,-16.826556465950716
12|4|2|6,2,-5.501373072763614
12|4|2|6,4,-7.06653836532897
12|4|2|6,5,-9.20944404052534
12|4|2|6,1,-0.3369440516498603
14|4|3|5,5,-11.890530215483997
14|4|3|5,1,10.121206035690038
14|4|3|5,6,-15.211955888482958
14|4|3|5,4,-4.235735185499984
14|4|3|5,3,-2.6898139224728466
14|4|3|5,7,-15.157571806020142
14|4|3|5,2,-2.858268175151688
14|4|3|4,6,-12.153016918094021
14|4|3|4,5,-14.415143988849884
14|4|3|4,7,-16.277505752502975
14|4|3|4,4,-11.611699644222732
14|4|3|4,3,-10.175063447952683
14|4|3|4,2,-4.2871541043043635
14|4|3|4,1,-9.587045432854469
14|4|3|3,1,-10.866569476303782
14|4|3|3,7,-15.977830792797924
14|4|3|3,4,-12.263378517442366
14|4|3|3,2,-10.888494754604178
14|4|3|3,3,-11.017468591258146
14|4|3|3,5,-11.51965633713705
14|4|3|3,6,-12.944237165953762
21|2|1|1,5,-14.999999999999998
21|2|1|1,7,-14.999999999999998
21|2|1|1,3,-14.999999999999998
21|2|1|1,6,-14.999999999999998
21|2|1|1,2,-14.999999999999998
21|2|1|1,1,-14.999999999999998
21|2|1|1,4,-14.999999999999998
2|5|1|11,3,1.4271746604909268
2|5|1|11,2,2.9336644992473597
2|5|1|11,4,-2.336084838988986
2|5|1|11,7,-2.29422874584124
2|5|1|11,1,11.40804615068957
2|5|1|11,5,-2.4489852190663948
2|5|1|11,6,-2.606113954028983
2|5|1|10,2,-3.174272532225822
2|5|1|10,3,-4.944715132093599
2|5|1|10,6,-3.015
2|5|1|10,7,-4.7964359745591185
2|5|1|10,1,8.430124040754098
2|5|1|10,4,-9.790682816944813
2|5|1|10,5,-9.813257633186925
3|5|2|9,2,3.643122742940564
3|5|2|9,5,-3.015
3|5|2|9,4,-2.7611197616011474
5|6|2|8,6,-3.015
5|6|2|8,2,2.8693618392485956
5|6|2|8,1,0.372474026352727
5|6|2|8,7,-5.554350961875
5|6|2|8,4,-7.197764487941095
5|6|2|8,3,0.0735025325905754
5|6|2|7,5,-15.475840067946958
5|6|2|6,7,-17.8839020463603
5|6|2|5,6,-10.692513702647572
5|6|2|4,1,-4.392498516418768
5|6|2|4,2,-1.360200040961605
11|3|2|3,2,-11.825193261595121
11|3|2|3,5,-13.498075307480562
11|3|2|3,7,-13.951612739407592
11|3|2|3,1,-11.42178218791092
11|3|2|3,6,-13.147182488050836
11|3|2|3,3,-11.823153681379486
11|3|2|3,4,-11.571567432201089
13|3|2|2,2,-13.15364117143795
13|3|2|2,7,-21.38239790738919
13|3|2|2,5,-14.170818
13|3|2|2,6,-18.620503854103507
13|3|2|2,3,-15.063419116778977
13|3|2|2,1,-13.099132035019172
13|3|2|2,4,-16.217565638123002
2|1|1|10,7,-12.48357866928538
2|1|1|10,1,-2.8509023363329513
2|1|1|10,4,-12.736305709406746
2|1|1|10,5,-12.409459035319923
2|1|1|10,3,-2.3274198109797615
2|1|1|10,6,-12.63855210761676
2|1|1|10,2,-2.847449012976186
2|1|1|3,4,-5.984775
2|1|1|3,6,-3.874275
2|1|1|2,7,-3.015
2|1|1|2,4,-4.297499999999999
2|1|1|2,1,0.10500000000000001
2|1|1|1,1,-4.5
2|1|1|1,2,-4.5
3|1|1|12,1,8.356229592781547
3|1|1|12,3,4.784210408869364
3|1|1|12,4,-2.6677562736460207
3|1|1|12,5,-6.297822933609321
3|1|1|12,7,-7.269501312602301
3|1|1|12,6,-5.181622034070517
3|1|1|12,2,4.678631123044747
4|1|1|11,4,2.9245179558479606
4|1|1|11,7,-9.749385096368814
4|1|1|11,2,5.848466044416028
4|1|1|11,5,-7.340297179975721
4|1|1|11,6,-10.347356791746188
4|1|1|11,3,1.942616473218431
4|1|1|11,1,1.9160706293361771
5|5|1|10,3,5.44898018330564
5|5|1|10,2,8.555266600081703
5|5|1|10,5,-2.1481604892850354
5|5|1|10,7,-2.6874433750733444
5|5|1|10,6,-2.7506261297101733
5|5|1|10,4,6.838417779202102
5|5|1|10,1,11.408031995589486
6|5|1|9,1,8.26929803144931
6|5|1|9,4,2.0026228379527815
6|5|1|9,5,-7.252050880585746
6|5|1|9,3,1.3510766271677102
6|5|1|9,7,-6.0077284100061314
6|5|1|9,2,5.329244915907689
6|5|1|9,6,-7.729211095476507
11|3|1|8,7,-10.4141494545086
11|3|1|8,5,-6.795829508324005
11|3|1|8,4,0.29257173032715644
11|3|1|8,1,4.657675341664321
11|3|1|8,2,1.0058908935435564
11|3|1|8,3,0.8544360578438173
11|3|1|8,6,-8.468151598071843
11|3|1|7,5,-5.827886951431309
11|3|1|7,3,-4.816928450302892
11|3|1|7,1,1.9949132819502862
11|3|1|7,6,-7.829806108721167
11|3|1|7,4,-4.565748711529269
11|3|1|7,2,-3.706408927668154
11|3|1|7,7,-16.29455697038143
12|3|1|6,4,-7.828090302645114
12|3|1|6,5,-14.943450499766644
12|3|1|6,6,-16.914942635758973
12|3|1|6,1,-4.6719975201597785
12|3|1|6,7,-18.191599635695972
12|3|1|6,2,-7.869198574595739
12|3|1|6,3,-7.793559393380892
13|3|1|5,7,-18.827398591247636
13|3|1|5,1,-7.553382648259197
13|3|1|5,2,-9.007346678629464
13|3|1|5,6,-19.451005061974712
13|3|1|5,4,-12.11532545045158
13|3|1|5,3,-9.328792993765667
13|3|1|5,5,-15.240664654343231
13|3|1|4,1,-10.314617053435095
13|3|1|4,4,-13.678012642954187
13|3|1|4,2,-10.651676707135508
13|3|1|4,6,-17.869532585275866
13|3|1|4,3,-10.574791099553089
13|3|1|4,5,-12.819116675731083
13|3|1|4,7,-17.84626505353537
16|2|2|2,3,-13.590247883301757
16|2|2|2,4,-16.05091432192752
16|2|2|2,7,-22.20279514578956
16|2|2|2,2,-13.499999995297815
16|2|2|2,5,-18.578074480529622
16|2|2|2,1,-13.499862215834385
16|2|2|2,6,-20.87967584347672
3|1|1|8,6,-4.928410401593439
3|1|1|8,2,-3.3396125460494406
3|1|1|8,4,-3.52279709520219
3|1|1|8,3,-3.376812316342088
3|1|1|8,1,-3.360455530968405
3|1|1|8,5,-6.354793463740261
3|1|1|8,7,-6.35514061220064
3|1|1|7,4,-2.911575
3|1|1|7,3,-0.6946925554281861
3|1|1|7,6,-4.986964131363452
3|1|1|7,7,-5.063668216875
3|1|1|7,2,0.5527151712116234
3|1|1|7,1,0.153200625
3|1|1|7,5,-4.980994093863452
4|4|2|6,5,-7.42170124125
4|4|2|6,7,-6.84207986625
4|4|2|6,6,-6.405196309515
4|4|2|5,3,-1.4515463250000002
4|4|2|5,5,-3.874275
4|4|2|5,2,0.35460165073467775
4|4|2|5,4,-4.720660874999999
6|6|2|2,1,0.705
12|3|3|1,6,-12.478950000000001
12|3|3|1,1,-13.235265
12|3|3|1,4,-12.478950000000001
12|3|3|1,3,-12.478950000000001
12|3|3|1,7,-12.478950000000001
12|3|3|1,2,-12.478950000000001
12|3|3|1,5,-12.478950000000001
3|3|1|9,4,-10.145392721971714
3|3|1|9,7,-10.338450134834291
3|3|1|9,1,2.0292194260489262
3|3|1|9,3,-5.068454133099748
3|3|1|9,2,-2.7526447054133714
3|3|1|9,6,-11.486888003779919
3|3|1|9,5,-9.783501007365498
8|4|2|4,2,-9.525391101111857
8|4|2|4,4,-9.85299321422675
8|4|2|4,5,-10.937666797285893
8|4|2|4,3,-8.83303939527627
8|4|2|4,1,-9.11044483492594
8|4|2|4,6,-11.721838818581375
8|4|2|4,7,-11.948514804765562
1|3|2|12,7,-4.145317392368917
1|3|2|12,2,10.230408251899169
1|3|2|12,4,-5.4192676547598495
1|3|2|12,1,9.192937667287717
1|3|2|12,3,-3.263799401879086
1|3|2|12,5,-3.8073193570708534
1|3|2|12,6,-3.509393858767509
1|3|2|11,5,-9.150557810469607
1|3|2|11,4,-7.744327816103245
1|3|2|11,3,-6.970227471312315
1|3|2|11,2,-0.28827790744269155
1|3|2|11,7,-2.442499968490566
1|3|2|11,6,-2.4484909975746247
1|3|2|11,1,9.029759535358796
1|3|2|10,2,1.2110510082603796
1|3|2|10,7,-3.015
1|3|2|10,6,-3.874275
1|3|2|10,3,-4.457491875
1|3|2|10,1,4.076163542493511
4|3|2|7,1,-4.651443154129404
4|3|2|7,3,-4.262591670975805
4|3|2|7,2,-4.514187908396582
4|3|2|7,6,-5.938913813513019
4|3|2|7,4,-4.839002724239906
4|3|2|7,7,-4.773489323925151
4|3|2|7,5,-4.662235100913492
7|3|2|1,1,-7.65
7|3|2|1,2,-7.65
7|3|2|1,4,-4.5
7|3|2|1,3,-4.5
7|3|2|1,5,-4.5
7|3|2|1,7,-7.65
7|3|2|1,6,-7.65
4|3|1|12,7,-3.015
4|3|1|12,6,-2.676047685320725
4|3|1|12,5,-1.1540757424299206
4|3|1|12,2,10.41711312462981
4|3|1|12,4,5.031808619413944
4|3|1|12,3,7.147106444468173
4|3|1|12,1,11.212580765733868
4|3|1|11,6,-4.40229229658061
4|3|1|11,2,7.321830159633069
4|3|1|11,5,-3.9388373282203277
4|3|1|11,1,10.441762483784007
4|3|1|11,7,-3.9312612492106527
4|3|1|11,3,7.711643030236962
4|3|1|11,4,0.7486026358527798
4|3|1|10,1,8.68300756470548
4|3|1|10,7,-9.051271001327075
4|3|1|10,4,-4.152895717199425
4|3|1|10,6,-9.100323148542682
4|3|1|10,2,2.737464808036991
4|3|1|10,3,1.7358665893626712
4|3|1|10,5,-6.179097979693874
7|3|1|9,1,5.011094194949958
7|3|1|9,6,-11.354423742041213
7|3|1|9,3,1.648994466673066
7|3|1|9,4,-2.5767655426248
7|3|1|9,5,0.2333074066793801
7|3|1|9,2,2.021377671169873
7|3|1|9,7,-9.383868626749223
10|3|2|8,3,1.9568293891531794
10|3|2|8,5,0.9326338729251671
10|3|2|8,4,-2.5085024131249396
10|3|2|8,1,7.059572191823743
10|3|2|8,2,3.3280705711180087
10|3|2|8,7,-11.001632576938222
10|3|2|8,6,-7.335406871857295
13|4|2|5,7,-15.416248087727944
13|4|2|5,6,-18.872006547224174
13|4|2|5,1,0.9568369346862138
13|4|2|5,5,-10.043289110365627
13|4|2|5,2,-8.465014094713718
13|4|2|5,3,-8.754289191464146
13|4|2|5,4,-7.675863212972166
13|4|2|4,7,-18.67682835258554
13|4|2|4,5,-12.984522000791623
13|4|2|4,1,-9.765634289502238
13|4|2|4,6,-13.449658641783563
13|4|2|4,2,-9.985071883735866
13|4|2|4,4,-10.219860681890259
13|4|2|4,3,-10.06266628538563
13|4|2|3,6,-13.664188543366448
13|4|2|3,3,-11.3473715526411
13|4|2|3,4,-11.915735864226209
13|4|2|3,1,-11.122314468409355
13|4|2|3,2,-11.391496107716668
13|4|2|3,7,-14.523441131868557
13|4|2|3,5,-11.996575542288422
13|4|2|2,3,-15.1022124048615
13|4|2|2,7,-16.0660526175
13|4|2|2,1,-12.690438654121882
13|4|2|2,6,-14.405110274999998
13|4|2|2,4,-14.026757774775
13|4|2|2,2,-12.691382423135918
13|4|2|2,5,-15.60279472275
14|4|3|1,1,-14.5762871265
14|4|3|1,4,-14.5762871265
14|4|3|1,2,-12.478950000000001
3|2|1|12,5,-4.9510327863152215
3|2|1|12,7,-2.4755751142588016
3|2|1|12,4,-3.3335458535738263
3|2|1|12,1,9.951413772431167
3|2|1|12,6,-3.657121199258623
3|2|1|12,2,7.594191266370734
3|2|1|12,3,7.450311865966432
4|3|2|9,5,-12.692058231516357
4|3|2|9,7,-12.635468396164246
4|3|2|9,4,-5.919170054738353
4|3|2|9,3,-6.367696331362905
4|3|2|9,1,2.1324090030856926
4|3|2|9,2,-0.5265847402542808
4|3|2|9,6,-11.865825836308373
4|3|2|8,4,-7.6783960473440125
4|3|2|8,2,-3.4980713922272075
4|3|2|8,1,-3.896265995526263
4|3|2|8,3,-4.423736683056586
4|3|2|8,6,-7.527031081788543
4|3|2|8,7,-5.4430662375
4|3|2|8,5,-5.407796709982429
6|5|2|1,3,-4.5
6|5|2|1,7,-4.5
5|1|1|1,3,-4.5
7|4|1|4,6,-10.775124284806228
7|4|1|4,4,-9.996083852630637
7|4|1|3,1,-3.923761112718412
7|4|1|3,2,-3.1349041478825606
11|3|2|2,6,-15.607239525
11|3|2|2,3,-13.102618527683832
11|3|2|2,4,-13.83319461075
11|3|2|2,5,-14.93738625
11|3|2|2,7,-13.040167499999999
11|3|2|2,1,-10.915917218060024
11|3|2|2,2,-12.958273834703549
11|3|2|1,2,-14.13527985
11|3|2|1,6,-13.7646855
11|3|2|1,4,-14.13527985
11|3|2|1,1,-14.13527985
11|3|2|1,7,-13.7646855
11|3|2|1,3,-14.13527985
11|3|2|1,5,-13.7646855
2|2|1|5,2,0.17850000000000002
2|2|1|5,3,-3.015
2|2|1|5,1,0.359817162553125
3|2|2|4,2,-0.634275
3|2|2|4,1,0.4333725
3|2|2|4,5,-3.015
9|3|3|1,7,-12.478950000000001
9|3|3|1,4,-12.478950000000001
4|1|1|6,4,-1.9118262152609997
4|1|1|6,6,-2.9765463750000003
4|1|1|6,3,0.41725958361092225
4|1|1|6,5,-2.794717723665
4|1|1|6,2,0.094606513125
6|2|1|3,4,-3.015
6|2|1|3,6,-3.874275
6|2|1|3,1,-1.33529137875
6|2|1|2,7,-3.015
6|2|1|2,6,-4.297499999999999
6|2|1|1,7,-4.5
6|2|1|1,6,-4.5
6|2|1|1,4,-4.5
6|2|1|1,3,-4.5
2|2|1|4,3,-5.0164875
2|2|1|2,3,-3.015
2|2|1|2,6,-4.297499999999999
2|2|1|1,4,-4.5
2|2|1|1,2,-4.5
3|2|2|11,6,-6.650138902645599
3|2|2|11,5,-6.557286710272917
3|2|2|11,2,6.215506035137961
3|2|2|11,4,-5.619440665946277
3|2|2|11,3,-1.4116319570643976
3|2|2|11,1,10.311990446628847
3|2|2|11,7,-6.888986390702473
3|2|2|10,5,-10.99056181281957
3|2|2|10,6,-10.592811026656996
3|2|2|10,2,4.203149585999535
3|2|2|10,7,-11.114134576099358
3|2|2|10,4,-11.067270113791457
3|2|2|10,1,0.8639567274993218
3|2|2|10,3,-5.620794908451429
5|4|2|7,5,-4.974699375
5|4|2|7,3,-6.292354839107207
5|4|2|7,2,-3.0247935169880096
5|4|2|7,6,-6.237169695737391
5|4|2|7,7,-7.315823999070557
5|4|2|7,4,-7.154112917653004
5|4|2|7,1,-4.99479700665386
5|4|2|6,4,-6.071017588968713
5|4|2|6,1,-4.463009367137337
5|4|2|6,7,-5.883478875
5|4|2|6,2,-4.653735376116116
5|4|2|6,5,-5.564730797036383
5|4|2|5,1,-4.700825461156755
5|4|2|5,4,-3.865746375
5|4|2|5,5,-5.4283132125
9|3|2|4,6,-11.536017865537309
9|3|2|4,2,-9.892291997480617
9|3|2|4,1,-10.56378388897224
9|3|2|4,7,-11.628754443985992
9|3|2|4,3,-10.573620686267358
9|3|2|4,4,-10.840860856224056
9|3|2|4,5,-13.368179192599115
9|3|2|3,4,-12.09927967323285
9|3|2|3,7,-15.1091121846375
9|3|2|3,6,-12.300202069166248
9|3|2|3,5,-12.0733571599875
9|3|2|3,3,-10.63982864559744
9|3|2|3,2,-9.479113633326335
9|3|2|3,1,-10.674007017120136
2|4|0|12,3,-2.078607931047916
2|4|0|12,7,-0.8758753867942171
2|4|0|12,6,-1.484376583595861
2|4|0|12,1,10.49205048427699
2|4|0|12,2,-0.8826699762481378
2|4|0|12,5,-1.0986966604169432
2|4|0|12,4,-1.109250927308644
2|4|0|11,7,-9.051751663050092
2|4|0|11,4,-7.267658563044609
2|4|0|11,1,9.405046636855642
2|4|0|11,2,-9.621527096481293
2|4|0|11,3,-7.451817075607005
2|4|0|11,5,-9.64934039472586
2|4|0|11,6,-7.788358022951033
2|4|0|10,2,-7.344937692812933
2|4|0|10,4,-7.346235250257788
2|4|0|10,3,-6.839390998271281
2|4|0|10,5,-7.197276069651946
2|4|0|9,4,-3.015
2|4|0|9,1,1.4428840897709814
2|4|0|9,6,-3.8365053749999998
2|4|0|9,7,-3.8365053749999998
2|4|0|9,2,-3.8365053749999998
2|4|0|8,3,-3.015
2|4|0|8,4,-2.882475
2|4|0|8,6,-2.882475
2|4|0|8,2,-2.882475
2|4|0|8,5,-2.882475
2|4|0|8,7,-2.882475
2|4|0|7,1,0.46499999999999997
2|4|0|7,7,-3.015
2|4|0|7,3,-3.874275
2|4|0|7,2,-4.720660874999999
2|4|0|7,5,-4.108404031875
2|4|0|7,4,-3.8365053749999998
6|3|1|6,2,-7.154387781587318
6|3|1|6,4,-9.375476058020187
6|3|1|6,7,-7.4531478958649995
6|3|1|6,3,-7.272373551337056
6|3|1|6,1,-7.015414901426734
6|3|1|6,6,-11.342429058423763
6|3|1|6,5,-8.32363088651255
7|7|1|5,4,-2.0055
7|7|1|4,1,0.8250000000000001
14|2|2|3,3,-12.24829345843756
14|2|2|3,7,-22.299884781882355
14|2|2|3,5,-16.850547138076116
14|2|2|3,4,-14.310207306855476
14|2|2|3,1,-12.03793709068982
14|2|2|3,6,-20.27000080185254
14|2|2|3,2,-12.074410235147111
16|4|2|1,1,-14.928786577350856
16|4|2|1,7,-14.898266539072651
16|4|2|1,5,-14.898266539072651
16|4|2|1,4,-14.898266539072651
16|4|2|1,3,-14.898266539072651
16|4|2|1,2,-14.928786577350856
16|4|2|1,6,-14.898266539072651
4|2|2|4,7,-3.015
4|2|2|4,4,-4.119168375
4|2|2|4,3,0.2875125
4|2|2|4,6,-2.9000174624999997
4|2|2|3,6,-3.874275
4|2|2|3,1,0.4034475
4|2|2|3,3,0.28912499999999997
4|2|2|3,7,-4.841279999999999
4|1|1|10,2,-1.4290709875700527
4|1|1|10,5,-12.744565299343613
4|1|1|10,6,-12.200913367637508
4|1|1|10,1,-1.3532896966789512
4|1|1|10,3,-1.3774086375527357
4|1|1|10,4,-0.9955568857358589
4|1|1|10,7,-12.439209094567447
8|4|1|7,7,-13.316988043710051
8|4|1|7,2,-5.368554975563824
8|4|1|7,1,-3.545068804592522
8|4|1|7,3,-5.3389148777949025
8|4|1|7,6,-10.178966467387859
8|4|1|7,5,-11.827660239991705
8|4|1|7,4,-7.270355379627622
8|4|1|6,1,-6.367073944021534
8|4|1|6,2,-8.555404519543073
8|4|1|6,7,-9.437932985330962
8|4|1|6,6,-11.340338871777183
8|4|1|6,3,-8.727317966157504
8|4|1|6,5,-11.617475469795806
8|4|1|6,4,-8.993301558454286
12|4|2|5,1,-8.70797111689848
12|4|2|5,6,-16.05152673535566
12|4|2|5,2,-8.110972217603141
12|4|2|5,5,-17.2611294764147
12|4|2|5,3,-8.674991156002381
12|4|2|5,7,-18.041696810506746
12|4|2|5,4,-9.167308559155867
17|3|2|3,1,-11.670396706786677
17|3|2|3,7,-22.49427065680426
17|3|2|3,3,-12.450024183523071
17|3|2|3,5,-15.475774162148094
17|3|2|3,4,-12.268371429955819
17|3|2|3,6,-22.494697571807805
17|3|2|3,2,-11.683512081327962
20|2|2|2,5,-24.298955683454718
20|2|2|2,7,-24.298873342615607
20|2|2|2,2,-13.499999999999996
20|2|2|2,3,-14.342856300367478
20|2|2|2,1,-13.499502329535723
20|2|2|2,6,-24.29991106491453
20|2|2|2,4,-24.299718486158977
20|2|2|1,4,-14.999999999999998
20|2|2|1,6,-14.999999999999998
20|2|2|1,1,-14.999999999999998
20|2|2|1,5,-14.999999999999998
20|2|2|1,2,-14.999999999999998
20|2|2|1,3,-14.999999999999998
20|2|2|1,7,-14.999999999999998
3|3|3|11,3,5.300416078661778
3|3|3|11,1,9.640831031057239
3|3|3|11,5,-2.005994052309806
3|3|3|11,6,-2.6981839514418136
3|3|3|11,4,-2.3286400457780245
3|3|3|11,7,-1.6471091283160488
3|3|3|11,2,11.514841698962876
3|3|3|10,4,-6.784517258219173
3|3|3|10,7,-5.207440815331633
3|3|3|10,2,9.081645616846478
3|3|3|10,5,-7.107060480613632
3|3|3|10,3,1.1736030006893141
3|3|3|10,6,-6.871618793108415
3|3|3|10,1,1.7602083598093838
3|3|3|9,5,-3.015
3|3|3|9,6,-3.874275
3|3|3|9,7,-4.720660874999999
3|3|3|9,3,0.5276749422079643
3|3|3|9,2,1.0174998233451813
3|3|3|9,4,-3.573428320082835
3|3|3|9,1,0.8316606489898396
3|3|3|8,7,-5.984775
3|3|3|8,1,-2.337519155164675
3|3|3|8,6,-2.9508750000000004
3|3|3|7,6,-3.015
3|3|3|7,3,-1.4431608749999998
3|3|3|6,7,-3.015
3|3|3|5,1,0.345
6|4|2|4,7,-3.015
6|4|2|4,6,-2.882475
6|4|2|4,5,-4.7114341875
6|4|2|4,3,-3.764766274683442
6|4|2|4,1,-3.0691939202686984
6|4|2|4,4,-3.0818834118750003
6|4|2|3,1,-1.545959672466375
6|4|2|3,7,-2.985075
6|4|2|3,3,-0.8207814637499999
10|2|2|2,3,-11.647121522364284
10|2|2|2,6,-13.040167499999999
10|2|2|2,7,-13.040167499999999
10|2|2|2,5,-13.374238545
10|2|2|2,1,-11.646258258707118
10|2|2|2,2,-11.493688368168991
10|2|2|2,4,-14.262267710147249
12|3|2|1,3,-14.898266539072651
12|3|2|1,7,-14.8546664843895
12|3|2|1,4,-14.898266539072651
12|3|2|1,6,-14.8546664843895
12|3|2|1,1,-14.898266539072651
12|3|2|1,5,-14.898266539072651
12|3|2|1,2,-14.898266539072651
1|4|1|12,1,12.333413821050197
1|4|1|12,6,-2.5664894512115928
1|4|1|12,5,-1.6172704891295673
1|4|1|12,3,-1.7900429717930504
1|4|1|12,4,-2.201298504393222
1|4|1|12,2,9.148198385778596
1|4|1|12,7,-1.647894061139985
5|3|1|11,5,-0.6568385252533178
5|3|1|11,3,4.808844817208525
5|3|1|11,1,10.591999065680131
5|3|1|11,4,4.236163090436104
5|3|1|11,7,-3.8246478906551804
5|3|1|11,6,-2.8466683688252505
5|3|1|11,2,8.204732768030066
5|3|1|10,7,-6.703546291679172
5|3|1|10,4,-3.146918440311658
5|3|1|10,2,4.459590195327322
5|3|1|10,6,-5.926856862937744
5|3|1|10,1,9.695311481791071
5|3|1|10,3,2.94241062823418
5|3|1|10,5,-7.366013311581005
5|3|1|9,2,0.9361795437949845
5|3|1|9,6,-12.237179284162282
5|3|1|9,1,-0.2734104301486373
5|3|1|9,3,-2.1770162883996838
5|3|1|9,7,-12.452457643660974
5|3|1|9,4,-7.938923864625311
5|3|1|9,5,-7.412434436873544
3|1|1|6,6,-2.9667993750000003
3|1|1|6,3,0.10500000000000001
3|1|1|6,5,-2.9667993750000003
3|1|1|6,4,-1.8271582786179517
3|1|1|6,7,-2.9667993750000003
3|1|1|6,1,0.13492500000000002
3|1|1|6,2,0.4322671620020487
3|1|1|4,7,-3.015
3|1|1|4,1,0.10500000000000001
3|1|1|4,3,-0.754275
3|1|1|3,4,-2.21048625
3|1|1|2,1,0.10500000000000001
4|2|1|1,2,-4.5
4|2|1|1,5,-4.5
4|1|1|5,1,0.47269702414687503
4|1|1|5,7,-3.015
4|1|1|5,3,0.13492500000000002
4|1|1|5,4,0.13492500000000002
4|1|1|5,5,-0.6696683296499999
4|1|1|5,6,-2.985075
7|2|2|1,4,-4.5
7|2|2|1,2,-7.65
7|2|2|1,3,-7.65
3|4|1|4,1,0.854625
7|2|2|3,1,-8.445107394172053
7|2|2|3,2,-5.471283696457499
7|2|2|3,6,-6.60720880125
7|2|2|3,5,-3.9158857874999997
7|2|2|3,4,-4.5399716625
7|2|2|3,3,-4.92234712872663
7|2|2|3,7,-4.2397875
11|4|2|1,3,-13.7646855
11|4|2|1,2,-13.7646855
11|4|2|1,5,-13.235265
11|4|2|1,6,-13.235265
11|4|2|1,1,-13.7646855
11|4|2|1,4,-13.235265
2|3|1|8,4,-6.5862675
2|3|1|8,7,-4.119168375
2|3|1|8,5,-4.119168375
2|3|1|8,3,-5.9186990503125
2|3|1|8,2,0.7837557665568801
2|3|1|8,6,-3.229968375
2|3|1|1,7,-4.5
2|3|1|1,5,-4.5
6|5|2|8,7,-3.874275
6|5|2|8,1,0.5117503361137341
6|5|2|8,2,3.0552975652929133
6|5|2|8,3,0.16526203955108354
6|5|2|8,6,-9.940752167399344
6|5|2|8,5,-3.2950759652943864
6|5|2|8,4,-5.017947650389549
6|5|2|5,2,-0.5554337328761589
8|5|0|4,4,-3.015
8|5|0|3,1,0.2836125
2|5|3|11,5,-10.628675049409729
2|5|3|11,7,0.24262438266954023
2|5|3|11,3,3.7109687968243055
2|5|3|11,6,-0.16164752534991222
2|5|3|11,4,-0.3254797182866813
2|5|3|11,1,12.630606416037166
2|5|3|11,2,3.598586114585705
2|5|3|10,5,-16.385264695806242
2|5|3|10,7,-17.038808466387376
2|5|3|10,6,-15.8701948960903
2|5|3|10,2,8.55127461240428
2|5|3|10,3,-3.753120705349474
2|5|3|10,4,-4.476107787756869
2|5|3|9,4,-10.90648244237367
2|5|3|9,3,-2.5380135314162877
2|5|3|8,1,-1.3387589299956453
2|5|3|8,6,-3.015
7|4|3|7,3,-4.773393335872211
7|4|3|7,1,-4.958635454169211
7|4|3|7,4,-6.5681592099377655
7|4|3|7,6,-8.11890355868888
7|4|3|7,2,-0.01698622189150334
7|4|3|7,5,-9.774962898343437
7|4|3|7,7,-13.544624255921153
10|4|3|6,5,-14.871137537038043
10|4|3|6,6,-15.167414618720505
10|4|3|6,2,-5.11209098349446
10|4|3|6,4,-8.772200934894379
10|4|3|6,7,-15.514385794246168
10|4|3|6,1,-1.320156957537534
10|4|3|6,3,-8.58500342876435
11|4|3|5,5,-10.471938011394704
11|4|3|5,4,-8.424623491369298
11|4|3|5,6,-8.717657710506264
11|4|3|5,3,-9.551294509495285
11|4|3|5,2,-8.108449684707374
11|4|3|5,7,-12.840630965463648
11|4|3|5,1,-5.2939436291211415
16|3|2|1,4,-14.999763336926948
16|3|2|1,3,-14.999834335848863
16|3|2|1,6,-14.999763336926948
16|3|2|1,2,-14.999834335848863
16|3|2|1,1,-14.999834335848863
16|3|2|1,5,-14.999763336926948
16|3|2|1,7,-14.999763336926948
8|3|2|3,1,-9.012857262779963
8|3|2|3,7,-10.64128759925625
8|3|2|3,3,-8.016179136315998
8|3|2|3,4,-9.568435780204124
8|3|2|3,6,-10.4447401875
8|3|2|3,5,-11.24650080247875
8|3|2|3,2,-9.094661533160911
11|2|2|2,4,-13.3559172
11|2|2|2,6,-15.191266275
11|2|2|2,2,-12.720934828917658
11|2|2|2,7,-13.0617765
11|2|2|2,3,-12.813335881570389
11|2|2|2,1,-11.919596974314992
11|2|2|2,5,-13.809602250000001
4|1|1|3,5,-3.015
4|1|1|3,4,0.169125
4|1|1|3,2,0.13492500000000002
4|1|1|2,4,-1.1774999999999998
6|4|2|6,1,-5.819843776761819
6|4|2|6,4,-5.770635966760688
6|4|2|6,5,-5.816217919983488
6|4|2|6,3,-6.122379918037391
6|4|2|6,6,-7.426042049674933
6|4|2|6,7,-7.560499487419428
6|4|2|6,2,-5.568814793928738
10|5|2|5,2,-7.406004895180837
10|5|2|5,4,-8.007679620460028
10|5|2|5,5,-9.514038139906397
10|5|2|5,3,-8.088740987396278
10|5|2|5,7,-8.331495974380218
10|5|2|5,1,-7.981470711208414
10|5|2|5,6,-9.222242008387397
12|6|1|3,2,-4.058439510018429
13|6|0|2,5,-3.015
13|6|0|1,2,-4.5
4|3|1|5,4,0.22076365970156253
4|3|1|5,6,-3.015
4|3|1|5,3,-2.5806310580878122
4|3|1|5,2,0.07856062125
4|3|1|5,7,-2.9500362396562503
2|3|2|9,1,-0.3732903808056254
2|3|2|9,6,-3.015
2|3|2|9,5,-2.893190821875
2|3|2|9,3,-3.208103637428485
5|3|2|8,7,-13.865301102761308
5|3|2|8,3,-3.8212327467161815
5|3|2|8,1,1.3696427845026353
5|3|2|8,6,-12.964981634201747
5|3|2|8,4,-9.054617172333739
5|3|2|8,5,-14.261902390159172
5|3|2|8,2,-4.129586051168841
8|3|1|4,1,-9.263999814822201
8|3|1|4,4,-9.407752752560237
8|3|1|4,6,-10.36286533004937
8|3|1|4,7,-9.527052324420909
11|4|1|3,1,-11.156207635114361
11|4|1|3,6,-12.107508160218305
11|4|1|3,5,-13.101477870817316
11|4|1|3,3,-13.62279048238904
15|3|2|2,5,-16.55136807929162
15|3|2|2,4,-15.830051197133638
15|3|2|2,6,-18.44650545975
15|3|2|2,3,-13.335399216086646
15|3|2|2,2,-13.148625830499817
15|3|2|2,7,-20.597128346508164
15|3|2|2,1,-13.099993543440652
7|2|2|5,6,-10.617225387711997
7|2|2|5,5,-9.391402800783538
7|2|2|5,4,-11.066270640650202
7|2|2|5,7,-11.338217516554444
7|2|2|5,2,-8.276583085101933
7|2|2|5,3,-8.425790687017333
7|2|2|5,1,-8.822942531818914
9|4|2|3,7,-12.554053777170001
9|4|2|3,1,-10.8236760225968
9|4|2|3,6,-14.951273382663299
9|4|2|3,4,-15.822942827198965
9|4|2|3,2,-9.29912898113531
9|4|2|3,3,-16.44461793976492
9|4|2|3,5,-14.868179977144523
9|4|2|2,5,-22.578040324840035
9|4|2|2,6,-22.717197256832705
9|4|2|1,4,-14.5762871265
9|4|2|1,2,-14.703400988550001
9|4|2|1,5,-14.5762871265
6|4|1|6,7,-12.928463741789113
6|4|1|6,1,-6.075746170226156
6|4|1|6,3,-4.952341102757848
6|4|1|5,3,-7.109047704288581
6|4|1|5,5,-7.680748022621874
6|4|1|5,1,-6.959358267301429
7|4|2|4,6,-6.156326189846812
7|4|2|4,7,-6.0302289375
7|4|2|4,5,-5.963827500000001
7|4|2|4,4,-8.681088328500376
7|4|2|4,2,-6.385180995195814
7|4|2|4,3,-8.110918319555397
7|4|2|3,3,-8.456743649231184
7|4|2|3,7,-6.8486625
7|4|2|3,6,-7.4191826249999995
7|4|2|3,2,-3.3660769499999996
8|4|2|2,6,-11.34342
8|4|2|2,7,-11.7833175
8|4|2|2,3,-11.273173369713394
8|4|2|2,5,-11.377597500000002
8|4|2|1,6,-7.65
8|4|2|1,2,-9.855
8|4|2|1,1,-9.855
8|4|2|1,4,-9.855
8|4|2|1,3,-9.855
8|4|2|1,7,-7.65
4|1|1|4,4,0.10500000000000001
4|1|1|4,6,-2.9667993750000003
5|1|1|3,7,-3.015
5|1|1|2,2,-2.0017499999999995
8|2|2|7,5,-13.603421266715255
8|2|2|7,2,-6.203001795798527
8|2|2|7,6,-14.394287913935585
8|2|2|7,3,-6.42031947457296
8|2|2|7,4,-6.8634586986297785
8|2|2|7,7,-17.089161980988983
8|2|2|7,1,-5.778093108981057
9|2|2|6,4,-8.49731924997895
9|2|2|6,5,-11.835515321627671
9|2|2|6,2,-7.4902435414680735
9|2|2|6,3,-7.960240275781361
9|2|2|6,6,-18.25498448424883
9|2|2|6,7,-16.170756569202606
9|2|2|6,1,-8.042123501134016
10|2|2|5,1,-10.850838134739906
10|2|2|5,5,-9.391652352074077
10|2|2|5,2,-8.751465905186478
10|2|2|5,4,-11.540909370358237
10|2|2|5,7,-18.517143831195742
10|2|2|5,6,-18.474682288156508
10|2|2|5,3,-9.238295343964948
4|1|1|9,4,-4.193812094870885
4|1|1|9,7,-14.822613346385788
4|1|1|9,1,-4.023298114785555
4|1|1|9,6,-14.45181437353325
4|1|1|9,3,-4.048886474757488
4|1|1|9,2,-3.7385725339886458
4|1|1|9,5,-9.63344201146587
6|2|1|6,1,-7.273489469581961
6|2|1|6,7,-12.668585087315263
6|2|1|6,6,-12.795430333739935
6|2|1|6,4,-8.49476514182579
6|2|1|6,3,-7.217004003453177
6|2|1|6,5,-9.701728302335615
6|2|1|6,2,-7.0010425391418085
9|4|2|4,3,-11.429039418851854
9|4|2|4,1,-9.33880330434919
9|4|2|4,2,-9.39640196863395
9|4|2|4,7,-12.373922305887213
9|4|2|4,5,-12.611755063893765
9|4|2|4,6,-11.12324729677147
9|4|2|4,4,-10.025380519920834
10|4|2|2,2,-11.07344234860643
10|4|2|2,5,-12.25326678225
10|4|2|2,4,-11.93716875
10|4|2|2,6,-13.040167499999999
1|3|0|5,1,-0.514275
4|4|2|9,2,1.386722650385359
4|4|2|9,7,-9.474514995571244
4|4|2|9,5,-7.265741839258245
4|4|2|9,4,-7.335804067320575
4|4|2|9,3,-0.9940888630738413
4|4|2|9,1,6.635871200607963
4|4|2|9,6,-10.362883961893642
10|2|2|7,3,-6.045400520568714
10|2|2|7,1,-3.8572261864655144
10|2|2|7,5,-6.593065907079188
10|2|2|7,7,-16.633041632032388
10|2|2|7,4,-6.675649246049354
10|2|2|7,2,-6.031216446139075
10|2|2|7,6,-16.487162035683742
12|4|2|4,6,-17.160081349699016
12|4|2|4,4,-10.634142638587509
12|4|2|4,7,-17.281408207013943
12|4|2|4,3,-10.18108438701316
12|4|2|4,5,-10.27954901054657
12|4|2|4,1,-9.89694886359808
12|4|2|4,2,-9.882159699124188
14|4|1|2,2,-12.693334304112174
14|4|1|2,1,-12.544992370472157
14|4|1|2,3,-11.438307268626522
14|4|1|2,7,-13.919962499999999
14|4|1|2,5,-12.580639610004974
14|4|1|2,6,-13.358621279186712
15|4|1|1,1,-14.792380691985
15|4|1|1,6,-14.703400988550001
15|4|1|1,4,-14.792380691985
15|4|1|1,5,-14.792380691985
15|4|1|1,2,-13.7646855
15|4|1|1,7,-13.7646855
15|4|1|1,3,-13.7646855
8|1|1|5,1,-7.559175364623161
8|1|1|5,4,-7.427272340937781
8|1|1|5,7,-8.622642678767267
8|1|1|5,5,-7.396031213253815
9|3|1|3,4,-11.339314587476249
9|3|1|3,7,-13.891233858749999
9|3|1|3,5,-14.709873557332124
9|3|1|3,3,-10.730667809152948
8|4|1|2,7,-7.30575
8|4|1|2,1,-4.3848224999999985
8|4|1|2,2,-4.81671075
8|4|1|2,4,-4.297499999999999
8|4|1|1,3,-9.855
5|3|3|6,1,-4.609468569141475
5|3|3|6,3,-7.409708470703064
5|3|3|6,7,-4.988800301848471
13|4|3|3,7,-12.474519071824304
13|4|3|3,2,-10.869811652446584
13|4|3|3,5,-12.276543467849962
13|4|3|3,6,-15.042168241846804
13|4|3|3,1,-10.883986115601212
13|4|3|3,4,-10.929165469451625
13|4|3|3,3,-10.954990904112323
13|4|3|2,2,-12.415869922300185
13|4|3|2,7,-12.60027
13|4|3|2,5,-13.040167499999999
13|4|3|2,6,-13.480065
13|4|3|2,1,-12.474816004880957
16|4|1|1,6,-14.928786577350856
16|4|1|1,2,-14.950150604145598
16|4|1|1,5,-14.928786577350856
16|4|1|1,4,-14.928786577350856
16|4|1|1,1,-14.950150604145598
16|4|1|1,7,-14.928786577350856
16|4|1|1,3,-14.950150604145598
3|3|2|8,4,-4.93443578515398
3|3|2|8,5,-3.874275
3|3|2|8,7,-3.835804538286563
3|3|2|8,1,-3.802195773385077
3|3|2|8,3,-4.439465577587156
3|3|2|8,2,-2.4906130252104544
3|3|2|8,6,-6.8890333403769475
3|3|2|7,7,-6.187836282024376
3|3|2|7,6,-4.896027070481251
3|3|2|7,5,-2.7708742835437503
3|3|2|7,1,-0.49819747594999564
3|3|2|7,2,-0.5836243368276697
3|3|2|6,1,0.8565814612499998
3|3|2|6,2,0.323325
3|3|2|6,3,0.2440904111390625
3|3|2|6,6,-4.119168375
3|3|2|6,5,-3.862467746912109
3|3|2|4,4,-3.015
3|3|2|4,7,-3.8559993749999997
3|3|2|4,2,0.4250803359375
3|3|2|4,5,-2.916675
3|3|2|3,6,-3.015
3|3|2|3,3,-2.9508750000000004
3|3|2|3,1,-0.6382874999999999
3|3|2|2,2,-0.8999999999999998
5|3|1|1,5,-4.5
5|3|1|1,1,-4.5
5|3|1|1,4,-4.5
5|4|1|11,1,11.76412764800427
5|4|1|11,4,6.567043641331733
5|4|1|11,7,-0.4389213735476027
5|4|1|11,3,7.23426299774056
5|4|1|11,6,-0.8678543217757351
5|4|1|11,2,8.056945539214558
5|4|1|11,5,-1.3197122740648637
9|3|3|10,1,11.951033485846148
9|3|3|10,4,6.948801800861006
9|3|3|10,2,8.737338909709129
9|3|3|10,7,0.7136177174410334
9|3|3|10,3,10.865442792480652
9|3|3|10,6,1.2574582067104598
9|3|3|10,5,6.11926760314268
12|3|3|9,7,0.5267499594126405
12|3|3|9,3,7.029545522533879
12|3|3|9,1,10.490746159376677
12|3|3|9,6,0.2481040230186493
12|3|3|9,2,11.662504351234587
12|3|3|9,4,9.401400055096287
12|3|3|9,5,10.527322597751958
12|3|3|8,7,-1.530290964201643
12|3|3|8,2,11.711889402861637
12|3|3|8,1,9.603819550597803
12|3|3|8,5,7.990636586386184
12|3|3|8,4,4.579939547528133
12|3|3|8,6,2.670533799584451
12|3|3|8,3,9.508475192810476
12|3|3|7,7,-10.484394184889895
12|3|3|7,5,-1.1818388119075074
12|3|3|7,1,5.769293863582242
12|3|3|7,2,10.24869400288134
12|3|3|7,3,4.176912126112216
12|3|3|7,6,-5.204862364990463
12|3|3|7,4,0.40678443192114155
12|3|3|6,2,0.8834043571977093
12|3|3|6,1,-3.1848747259517705
12|3|3|6,6,-15.461972437878195
12|3|3|6,3,-2.242151942226664
12|3|3|6,4,-4.213236230213847
12|3|3|6,5,-13.365754087381193
12|3|3|6,7,-15.900790788454621
17|3|1|4,2,-11.030225731295406
17|3|1|4,1,-10.856677732918696
17|3|1|4,6,-20.676791849763063
17|3|1|4,3,-10.989405187886987
17|3|1|4,4,-11.342813912481791
17|3|1|4,7,-21.296042903385683
17|3|1|4,5,-17.25805097560623
18|3|1|3,5,-22.287986254619753
18|3|1|3,4,-13.65473092389897
18|3|1|3,3,-13.609435639119209
18|3|1|3,2,-12.086643723295545
18|3|1|3,6,-22.49490547944004
18|3|1|3,1,-13.919538526493083
18|3|1|3,7,-22.49498376125877
6|1|1|10,1,-0.07174694833682865
6|1|1|10,5,-0.8008100659737349
6|1|1|10,2,0.8738524399050482
6|1|1|10,4,2.9741287587131375
6|1|1|10,7,-11.617636736630816
6|1|1|10,3,-0.5018992365812901
6|1|1|10,6,-9.74584218078219
7|6|1|9,5,-6.9381491080685755
7|6|1|9,2,10.398581356295397
7|6|1|9,4,-2.1309714007259113
7|6|1|9,6,-5.689146543701472
7|6|1|9,3,7.811003451312789
7|6|1|9,1,3.5923059306191214
7|6|1|9,7,-3.8199259991356835
8|7|1|8,1,12.724084004372132
8|7|1|8,5,-1.2071710918478495
15|3|3|7,3,11.019037845555626
15|3|3|7,7,0.6338546217637164
15|3|3|7,1,11.018714325949539
15|3|3|7,6,0.7392304011255023
15|3|3|7,5,5.730799935276625
15|3|3|7,4,7.905704274741049
15|3|3|7,2,11.187060444427846
17|3|3|6,3,7.58053242992938
17|3|3|6,7,0.1383163261395262
17|3|3|6,1,11.175178652478309
17|3|3|6,6,0.4468876593022972
17|3|3|6,2,9.904243621496637
17|3|3|6,5,0.3131476939215957
17|3|3|6,4,2.7442573334344544
18|3|3|5,7,-1.0526669190906595
18|3|3|5,3,3.2697075813860046
18|3|3|5,2,11.267499945380717
18|3|3|5,6,0.3831994255902126
18|3|3|5,4,-0.625830549337435
18|3|3|5,5,0.037616663613765255
18|3|3|5,1,8.562173249999997
18|3|3|4,4,-1.7052892571168825
18|3|3|4,3,5.265434686653068
18|3|3|4,7,-1.0282921075631453
18|3|3|4,5,0.38804193926553887
18|3|3|4,2,8.560986512835907
18|3|3|4,6,-1.3114730328620952
18|3|3|4,1,11.267499999244405
18|3|3|3,2,10.876311278483636
18|3|3|3,5,-6.529938585197255
18|3|3|3,4,-14.64459733003924
18|3|3|3,7,-18.7045659194649
18|3|3|3,1,1.3652203990617595
18|3|3|3,3,-2.7446730058778614
18|3|3|3,6,-11.451048384377197
21|3|1|2,1,10.649999999999997
21|3|1|2,7,-16.998074474777628
21|3|1|2,6,-19.49170760490597
21|3|1|2,4,-22.72040111772872
21|3|1|2,2,9.552298500435553
21|3|1|2,5,-22.64715801456904
21|3|1|2,3,-22.198159096195614
24|1|0|1,2,-14.999999999999998
24|1|0|1,1,9.999999999999998
24|1|0|1,4,-14.999999999999998
24|1|0|1,5,-14.999999999999998
24|1|0|1,3,-14.999999999999998
24|1|0|1,6,-14.999999999999998
24|1|0|1,7,-14.999999999999998
5|2|2|12,5,2.013528413804493
5|2|2|12,3,8.221835627670915
5|2|2|12,2,11.348795482131857
5|2|2|12,7,-1.0310546996295558
5|2|2|12,1,7.963431608704672
5|2|2|12,4,0.203228753611875
5|2|2|12,6,-1.449079154389612
6|2|2|11,3,8.422494351646955
6|2|2|11,4,9.828404362285378
6|2|2|11,6,-2.6955453029293412
6|2|2|11,1,8.823980998596387
6|2|2|11,7,-1.9963283871406596
6|2|2|11,5,2.826872805883271
6|2|2|11,2,9.337123722823216
7|2|2|10,4,4.210564353440475
7|2|2|10,1,10.063497554419229
7|2|2|10,3,6.1935406360246645
7|2|2|10,2,6.604807918891293
7|2|2|10,6,-7.2459000057921585
7|2|2|10,5,-3.452082445757732
7|2|2|10,7,-6.513471904790697
8|2|2|9,4,2.2943197503585835
8|2|2|9,3,1.269627159234047
8|2|2|9,7,-10.198592219928122
8|2|2|9,1,5.594485099593502
8|2|2|9,5,-1.2595189573696652
8|2|2|9,6,-10.422538863382913
8|2|2|9,2,1.0577606767921
8|2|2|8,2,-3.2209412612521655
8|2|2|8,4,-3.769331379203786
8|2|2|8,3,-3.0721170098296238
8|2|2|8,6,-14.006498438768924
8|2|2|8,1,-1.8165863507296793
8|2|2|8,5,-7.914775438454037
8|2|2|8,7,-14.723485089343736
14|2|2|5,7,-20.16574690945013
14|2|2|5,5,-13.44293039506455
14|2|2|5,1,-9.186710290695736
14|2|2|5,4,-9.576134280805832
14|2|2|5,3,-9.701371791064904
14|2|2|5,2,-9.450572534465655
14|2|2|5,6,-20.0252098531862
14|2|2|4,1,-10.828583360086359
14|2|2|4,4,-14.100322359174692
14|2|2|4,5,-12.28754694022793
14|2|2|4,6,-20.37846136104767
14|2|2|4,3,-10.873048840541475
14|2|2|4,2,-10.544840773828511
14|2|2|4,7,-21.40097133916499
16|2|1|3,4,-15.530426266014421
16|2|1|3,6,-21.462048239817193
16|2|1|3,5,-13.16828835578415
16|2|1|3,2,-12.439769306531677
16|2|1|3,3,-12.473529304441152
16|2|1|3,1,-12.368565883216771
16|2|1|3,7,-22.836836095099645
16|2|1|2,4,-14.490557897545912
16|2|1|2,6,-19.105676122995977
16|2|1|2,7,-19.672479558392823
16|2|1|2,3,-13.793685687059115
16|2|1|2,2,-13.864880768652831
16|2|1|2,1,-13.499999978888924
16|2|1|2,5,-17.200170272018585
2|3|1|9,7,-4.119168375
2|3|1|9,4,-7.613423353125
2|3|1|9,5,-6.8046434676119265
2|3|1|9,3,-2.6660103481059996
2|3|1|9,6,-5.663230646568497
2|3|1|9,2,-2.466897052634572
2|3|1|9,1,-1.1028538281824563
7|3|2|11,2,9.963589217108286
7|3|2|11,7,0.09397651944099195
7|3|2|11,1,12.025887497865623
7|3|2|11,3,8.739987523374635
7|3|2|11,6,3.870103850027957
7|3|2|11,4,5.724330541701416
7|3|2|11,5,5.271608837773504
9|3|1|10,7,-4.029771116966968
9|3|1|10,3,7.354270442930099
9|3|1|10,5,-1.8291245951247186
9|3|1|10,1,6.043412101778001
9|3|1|10,4,9.105385540893758
9|3|1|10,2,7.098189516363606
9|3|1|10,6,3.979283596523487
9|3|1|9,7,-7.521370845313397
9|3|1|9,3,3.777077477758566
9|3|1|9,4,-0.12810423889902367
9|3|1|9,6,-7.819810140054412
9|3|1|9,1,8.774093787025596
9|3|1|9,5,-0.8583835837154641
9|3|1|9,2,4.246136273974767
9|3|1|8,1,-2.840189017402442
9|3|1|8,3,1.4540086624463635
9|3|1|8,7,-11.957008193222363
9|3|1|8,6,-14.018617944686213
9|3|1|8,4,-2.173413158649613
9|3|1|8,5,-11.421354469739065
9|3|1|8,2,-2.762829490638169
12|2|1|7,5,-5.605261747937994
12|2|1|7,2,-5.2985243467746805
12|2|1|7,6,-7.904802022011058
12|2|1|7,4,-6.254489102082589
12|2|1|7,7,-16.908373265304547
12|2|1|7,1,-2.9120130405818907
12|2|1|7,3,-6.391499940196586
13|2|1|6,7,-19.03340790360699
13|2|1|6,4,-8.517948027594215
13|2|1|6,2,-7.931563797546346
13|2|1|6,1,-8.457821483551285
13|2|1|6,3,-8.52872659385295
13|2|1|6,5,-13.407490850344061
13|2|1|6,6,-17.47454012595615
13|2|1|5,6,-17.82448442941662
13|2|1|5,4,-9.829768213841191
13|2|1|5,3,-9.834468701430087
13|2|1|5,7,-19.961825758975234
13|2|1|5,1,-9.533112670288459
13|2|1|5,5,-11.959894725062885
13|2|1|5,2,-9.823008885466734
13|2|1|4,1,-11.601440125079952
13|2|1|4,7,-20.06773398621388
13|2|1|4,4,-11.12309828194526
13|2|1|4,6,-16.681258494961288
13|2|1|4,3,-11.024893666787865
13|2|1|4,5,-14.034682586527996
13|2|1|4,2,-11.12386569463166
15|2|1|3,7,-20.93706470815969
15|2|1|3,4,-12.421212024027437
15|2|1|3,1,-11.909026479730706
15|2|1|3,3,-12.367097419058245
15|2|1|3,6,-18.027734525321602
15|2|1|3,5,-12.899541316295723
15|2|1|3,2,-12.308509995501671
15|2|1|1,5,-14.898266539072651
15|2|1|1,1,-14.928786577350856
15|2|1|1,3,-14.898266539072651
15|2|1|1,2,-14.898266539072651
15|2|1|1,6,-14.898266539072651
15|2|1|1,4,-14.898266539072651
5|4|3|6,3,-5.082205916429398
5|4|3|6,2,-2.919970352338087
6|4|3|5,4,-9.015159412459456
6|4|3|5,3,-7.753024783415756
6|4|3|5,5,-8.640437928827344
6|4|3|5,2,-5.772599818148059
6|4|3|5,1,-5.411800845699174
6|4|3|3,4,-3.015
6|4|3|3,1,-3.3730355592555084
6|4|3|3,3,-4.03257405
6|4|3|2,6,-6.4079999999999995
6|4|3|1,4,-7.65
9|5|2|2,4,-11.530109999999999
9|5|2|2,1,-11.024097365971523
10|5|2|1,5,-7.65
10|5|2|1,4,-9.855
10|5|2|1,1,-9.855
10|5|2|1,2,-9.855
10|5|2|1,3,-9.855
6|2|2|5,1,-6.09262264708738
6|2|2|5,3,-6.122566339143615
6|2|2|5,4,-7.592537473398535
6|2|2|5,7,-7.540465691314886
6|2|2|5,6,-7.100828978826051
6|2|2|5,5,-7.47406717368931
6|2|2|5,2,-6.0084208352303525
8|2|2|4,1,-9.516813149624761
8|2|2|4,4,-11.181525734976882
8|2|2|4,3,-8.91221982767677
8|2|2|4,5,-12.040366327997164
8|2|2|4,2,-9.565766096778079
8|2|2|4,7,-12.226839522357295
8|2|2|4,6,-11.503945905358995
11|4|1|2,2,-12.912821015149177
11|4|1|2,3,-15.275088642383107
11|4|1|2,7,-15.443215478135706
11|4|1|2,4,-14.924005557904948
11|4|1|2,6,-12.958677063737866
11|4|1|2,5,-10.905152025
7|5|2|7,4,-6.8860044574280685
7|5|2|7,7,-6.898512289530794
7|5|2|7,5,-8.19160186099853
7|5|2|7,1,-3.558889233803728
7|5|2|7,3,-5.374871557159539
7|5|2|7,2,1.3522537267930363
7|5|2|7,6,-3.836283962030809
7|5|2|6,2,-8.36910675734979
7|5|2|6,6,-8.878815068543176
7|5|2|6,7,-9.482517688373708
7|5|2|6,5,-7.156087867443661
7|5|2|6,3,-8.486449663482409
9|5|1|5,2,-7.608434638108777
9|5|1|5,1,-7.152317813198991
9|5|1|5,4,-7.389092721588448
9|5|1|5,6,-9.275388433607368
9|5|1|5,7,-9.350488853368573
9|5|1|5,5,-10.098362171929002
10|5|2|4,4,-10.30408261796641
10|5|2|4,7,-11.092411675729672
10|5|2|4,1,-9.162123849447195
10|5|2|4,5,-10.455258368477624
10|5|2|4,6,-10.30238034992156
3|3|1|3,2,-0.754275
2|4|1|10,1,4.826033909990244
2|4|1|10,4,-5.8710599843477915
2|4|1|10,2,1.7161627475549945
2|4|1|10,7,-7.593996264659744
2|4|1|10,6,-7.729724544570444
2|4|1|10,5,-3.8290206841593752
2|4|1|10,3,-1.7195659460599488
6|3|3|9,5,-3.0410503492824636
6|3|3|9,6,-8.427143296033785
6|3|3|9,1,8.954761574532665
6|3|3|9,4,2.565146267631137
6|3|3|9,7,-9.192421778418469
6|3|3|9,3,3.445220624762911
6|3|3|9,2,4.9279503501873325
6|3|3|8,5,-9.88696931069014
6|3|3|8,2,0.4811404396172514
6|3|3|8,4,-5.274353813063906
6|3|3|8,7,-13.492889985231344
6|3|3|8,1,-0.48457807937909303
6|3|3|8,6,-12.050903789819722
6|3|3|8,3,-0.9533005025312832
6|3|3|7,5,-9.06152521344966
6|3|3|7,7,-7.42651425
6|3|3|7,2,-4.864439011206695
6|3|3|7,1,-1.6344748178346582
6|3|3|7,6,-8.36643511785444
6|3|3|7,3,-4.863122988020116
6|3|3|7,4,-5.027235963116432
6|3|3|6,3,-6.040838502951488
6|3|3|6,7,-8.726891131111499
6|3|3|6,2,-5.822582068230002
6|3|3|6,5,-5.998164049575076
6|3|3|6,6,-7.861825005083039
7|3|3|5,7,-9.372825681113653
7|3|3|5,2,-7.117786018267298
7|3|3|5,1,-7.404012685495703
7|3|3|5,4,-9.510753558406126
7|3|3|5,3,-7.21734766059974
7|3|3|5,6,-8.521086747160027
7|3|3|5,5,-8.817077175804844
7|3|3|4,6,-8.413923933344826
7|3|3|4,4,-9.87955079281453
7|3|3|4,3,-7.399626167297057
7|3|3|4,5,-10.046759916331776
7|3|3|3,3,-6.377118656624999
7|3|3|3,4,-7.935231
7|3|3|3,7,-6.5545106625
7|3|3|3,2,-6.906210119110096
8|3|3|2,1,-9.013360397140994
8|3|3|2,6,-7.30575
11|4|3|1,3,-14.394695895
11|4|3|1,7,-14.13527985
3|2|2|12,1,11.353430391573005
3|2|2|12,7,-2.460469469350916
3|2|2|12,5,-2.6776645681695497
3|2|2|12,2,9.592154966879972
3|2|2|12,4,-0.7305225016932937
3|2|2|12,3,7.208442258646432
3|2|2|12,6,-2.195230462141276
5|2|2|11,6,-4.232577016605702
5|2|2|11,2,8.215919610336876
5|2|2|11,1,9.94385859762487
5|2|2|11,3,7.152904026023892
5|2|2|11,7,-3.9102809327375607
5|2|2|11,4,6.488268693563899
5|2|2|11,5,7.0730744975216515
5|2|2|10,3,0.18870793595303414
5|2|2|10,7,-8.97573374710954
5|2|2|10,1,7.866256822179969
5|2|2|10,6,-9.750948893985298
5|2|2|10,4,2.897695537979372
5|2|2|10,2,3.647313191757981
5|2|2|10,5,-3.6912896922305145
8|2|1|8,3,-4.633832267304934
8|2|1|8,2,-4.802662872117793
8|2|1|8,1,-2.0575663277529532
8|2|1|8,6,-14.674251025896314
8|2|1|8,7,-15.359324042444182
8|2|1|8,5,-4.829138363068553
8|2|1|8,4,-4.549739946896301
2|5|1|12,5,0.8668642174419428
2|5|1|12,3,1.0214545310325138
2|5|1|12,7,0.2209329549416369
2|5|1|12,4,-0.9573781784295071
2|5|1|12,1,13.140544654684575
2|5|1|12,2,8.817821745944874
2|5|1|12,6,1.1193554788130053
3|6|0|10,4,-4.700148378256762
3|6|0|10,5,-3.8436475813834123
3|6|0|9,1,5.058994353469434
3|6|0|9,4,-3.015
10|3|2|5,6,-18.445129267309415
10|3|2|5,5,-14.77128563820477
10|3|2|5,7,-18.33482866005822
10|3|2|5,1,-11.041121335579756
10|3|2|5,3,-8.927642004494558
10|3|2|5,4,-9.054798941146888
10|3|2|5,2,-8.613145104679086
10|3|2|4,2,-10.14713186080466
10|3|2|4,5,-10.515104967752821
10|3|2|4,3,-10.113373902001758
10|3|2|4,6,-12.99845981515156
10|3|2|4,7,-10.308351303992623
10|3|2|4,4,-10.172083686171332
10|3|2|4,1,-9.889549372689395
3|1|1|9,1,-4.686293021153486
3|1|1|9,7,-12.12741214657743
3|1|1|9,2,-3.5326939261036205
3|1|1|9,5,-12.78403089927415
3|1|1|9,4,-6.693834576453348
3|1|1|9,6,-12.74661164785668
3|1|1|9,3,-5.78337372760059
4|3|1|6,4,-2.9765463750000003
4|3|1|6,2,-0.5214643462176909
4|3|1|6,6,-2.9765463750000003
4|3|1|6,3,-2.9765463750000003
4|3|1|6,1,-1.1407501262076123
4|3|1|6,7,-2.9301348375000003
4|3|1|6,5,-2.9765463750000003
4|3|1|4,3,-0.754275
4|3|1|4,1,0.7927304979375
4|3|1|4,5,-3.874275
7|4|2|8,2,1.0206496692796203
7|4|2|8,4,-6.279886801655692
7|4|2|8,6,-11.91038675578571
7|4|2|8,5,-11.210156217573946
7|4|2|8,7,-12.469422417732549
7|4|2|8,1,3.4257042076997584
7|4|2|8,3,-0.671007626397397
9|4|3|7,4,-1.5350599315420501
9|4|3|7,7,-13.766113663302528
9|4|3|7,6,-12.933256275229915
9|4|3|7,2,7.35423576121932
9|4|3|7,1,1.3673277698599686
9|4|3|7,3,-0.250827046511837
9|4|3|7,5,-3.5524043226136106
10|4|3|5,2,-7.922976346181734
10|4|3|5,7,-13.556478916338646
10|4|3|5,5,-8.54107811070772
10|4|3|5,1,-7.01159452961691
10|4|3|5,4,-12.696979736446854
10|4|3|5,6,-8.172528888298324
10|4|3|5,3,-8.21707395861794
14|4|3|2,1,-12.625038540093449
14|4|3|2,7,-13.919962499999999
14|4|3|2,2,-12.782452375828623
14|4|3|2,6,-12.969398025
2|4|1|6,4,-5.984775
2|4|1|6,6,-2.985075
2|4|1|5,4,-3.015
2|4|1|5,2,0.17850000000000002
2|4|1|4,7,-3.015
2|4|1|3,2,0.10500000000000001
3|4|3|2,1,-0.8174999999999999
8|4|3|1,1,-7.65
8|4|3|1,7,-7.65
9|3|2|6,5,-10.580776417802726
9|3|2|6,3,-7.556390932092556
9|3|2|6,7,-18.04673298149839
9|3|2|6,6,-17.156442327812375
9|3|2|6,4,-9.394280331258914
9|3|2|6,1,-6.851423680750123
9|3|2|6,2,-7.431918941914516
9|3|2|5,2,-8.344844826929519
9|3|2|5,1,-8.602708162584493
9|3|2|5,3,-8.78795678459352
9|3|2|5,5,-10.560606093025843
9|3|2|5,6,-14.245017198477328
9|3|2|5,4,-9.186375900458621
9|3|2|5,7,-11.375477906327518
11|3|1|4,7,-10.812409644227909
11|3|1|4,3,-10.834274771095812
11|3|1|4,2,-10.662622970170652
11|3|1|4,1,-10.08010411280553
11|3|1|4,5,-13.75536777041161
11|3|1|4,4,-10.227389236438507
11|3|1|4,6,-12.11439485802747
12|3|2|2,5,-15.737253855075
12|3|2|2,4,-15.94023864453
12|3|2|2,6,-16.096935606052497
12|3|2|2,7,-19.818705327504976
12|3|2|2,1,-13.015197453568026
12|3|2|2,2,-13.139843623672693
12|3|2|2,3,-15.876125426682604
5|4|2|8,6,-13.428140927732073
5|4|2|8,1,-0.7564561001225676
5|4|2|8,3,-4.513025174475358
5|4|2|8,7,-12.70566585025368
5|4|2|8,4,-7.951634289787027
5|4|2|8,5,-5.041599392808209
5|4|2|8,2,-3.056172628010722
8|4|3|5,1,-6.9241828268711405
8|4|3|5,3,-9.251361925766531
8|4|3|5,4,-7.070659706346305
8|4|3|5,7,-8.346548838842589
8|4|3|5,6,-9.952882634226007
8|4|3|5,2,-6.687114101388162
12|3|2|4,1,-10.070636769242412
12|3|2|4,2,-10.24657870452384
12|3|2|4,4,-11.694021533152139
12|3|2|4,3,-10.380331617094452
12|3|2|4,5,-16.837080722011834
12|3|2|4,6,-17.654733692456187
12|3|2|4,7,-18.431779249893275
15|2|2|3,2,-11.996018067592988
15|2|2|3,1,-12.07499506030374
15|2|2|3,6,-19.952142728575836
15|2|2|3,5,-14.69367228585201
15|2|2|3,4,-15.732744915147801
15|2|2|3,7,-22.813978828765308
15|2|2|3,3,-12.354683714157723
17|2|2|2,2,-13.499999999999996
17|2|2|2,3,-13.739844355462616
17|2|2|2,7,-24.02990651081165
17|2|2|2,1,-13.499998662619689
17|2|2|2,4,-14.027063562880672
17|2|2|2,5,-21.052967371037358
17|2|2|2,6,-21.04781855221317
6|3|3|3,4,-5.62513125
6|3|3|3,2,-3.2110224366386233
11|3|3|1,7,-9.855
11|3|3|1,3,-9.855
11|3|3|1,1,-11.3985
11|3|3|1,5,-9.855
11|3|3|1,6,-9.855
11|3|3|1,2,-11.3985
11|3|3|1,4,-9.855
6|3|3|2,7,-9.411525
5|2|2|5,3,-2.921856047063618
5|2|2|5,7,-2.917643821875
5|2|2|5,1,-3.1394181121683733
5|2|2|5,6,-5.299577145
5|2|2|5,2,-3.4606195327915064
5|2|2|5,5,-3.08500428459375
9|3|2|2,6,-12.052751175
9|3|2|2,4,-11.9152168725
9|3|2|2,7,-10.309275
9|3|2|2,5,-10.309275
9|3|2|2,1,-9.823424760930001
9|3|2|2,2,-10.067630787028508
9|3|2|2,3,-9.60079093725
5|2|2|4,2,-1.2198144524156582
5|2|2|4,6,-3.1957683750000005
5|2|2|4,7,-3.1957683750000005
5|2|2|4,3,-2.9148800025000003
5|2|2|4,5,-3.7776172181249996
5|2|2|9,4,-6.959764739215357
5|2|2|9,1,-2.0204756479746626
5|2|2|9,7,-13.529292790247846
5|2|2|9,6,-8.263734320109172
5|2|2|9,5,-10.241608882785052
5|2|2|9,3,-2.3320441413779585
5|2|2|9,2,-0.9482854838525576
7|4|2|7,6,-15.246241521166022
7|4|2|7,3,-5.486883722381396
7|4|2|7,1,-2.7734671810038414
7|4|2|7,4,-8.57112809072953
7|4|2|7,5,-10.673325065204002
7|4|2|7,7,-10.567486380063736
7|4|2|7,2,-4.926510258301904
7|4|2|5,6,-7.113258908951867
7|4|2|5,3,-8.026244477495016
7|4|2|5,4,-9.449483197331823
7|4|2|5,5,-8.967545276027462
7|4|2|5,7,-8.09073198996769
7|4|2|5,1,-6.832091033389799
7|4|2|5,2,-9.510052180944943
7|4|2|2,1,-6.0225608925
7|4|2|2,3,-5.621549999999999
7|4|2|2,6,-4.297499999999999
7|4|2|2,2,-1.0574999999999999
6|5|2|3,7,-6.3502875
6|5|2|2,4,-4.297499999999999
6|5|2|2,2,-1.0574999999999999
9|5|2|3,4,-15.823480643865286
14|3|2|1,5,-14.928786577350856
14|3|2|1,6,-14.898266539072651
14|3|2|1,7,-14.898266539072651
14|3|2|1,1,-14.928786577350856
14|3|2|1,3,-14.928786577350856
14|3|2|1,4,-14.928786577350856
14|3|2|1,2,-14.928786577350856
6|3|1|8,3,-3.8437294406049256
6|3|1|8,5,-12.355860724284195
6|3|1|8,1,-1.0006440004962265
6|3|1|8,7,-14.951851061401857
6|3|1|8,4,-5.675736086817644
6|3|1|8,2,-3.613153622107062
6|3|1|8,6,-14.84133900785178
7|3|2|7,6,-15.155238569974383
7|3|2|7,7,-16.50013189792087
7|3|2|7,5,-12.703473360965718
7|3|2|7,3,-6.083156575472686
7|3|2|7,2,-5.4671469349113595
7|3|2|7,4,-7.15578322948288
7|3|2|7,1,-4.606434953178101
11|2|2|4,7,-14.231344369798318
11|2|2|4,4,-11.177144166326096
11|2|2|4,6,-15.550155027135336
11|2|2|4,1,-9.946640841024514
11|2|2|4,5,-12.79992251599074
11|2|2|4,2,-10.506390341483634
11|2|2|4,3,-10.574938670019806
11|2|2|3,2,-12.082263931366544
11|2|2|3,4,-14.088580831707837
11|2|2|3,1,-11.56182044925717
11|2|2|3,7,-12.90486475125
11|2|2|3,3,-14.684708746527859
11|2|2|3,6,-14.74365451807267
11|2|2|3,5,-13.39053986159508
13|2|1|2,4,-13.101599163669144
13|2|1|2,3,-13.568911673427962
13|2|1|2,5,-14.099140108960215
13|2|1|2,6,-13.787993250000001
14|2|1|1,5,-14.5762871265
14|2|1|1,7,-14.394695895
14|2|1|1,2,-14.5762871265
14|2|1|1,1,-14.5762871265
14|2|1|1,6,-14.5762871265
14|2|1|1,3,-14.5762871265
14|2|1|1,4,-14.5762871265
2|4|0|6,3,-5.984775
2|4|0|6,6,-3.8365053749999998
2|4|0|6,4,-4.749448695962344
2|4|0|5,7,-3.015
2|4|0|5,3,-2.882475
2|4|0|5,1,1.223356310971875
2|4|0|4,1,-0.06877500000000003
6|1|1|3,1,-0.13613999999999987
4|2|1|7,2,-4.414683610973125
4|2|1|7,7,-7.332791592562888
4|2|1|7,6,-6.48995706055859
4|2|1|7,3,-4.464467416610998
4|2|1|7,5,-7.3636933397327295
4|2|1|7,1,-4.525655628299814
4|2|1|7,4,-4.923218691682749
14|3|3|3,5,-13.9430704929166
14|3|3|3,2,-11.290495149481039
14|3|3|3,6,-11.711787375602587
14|3|3|3,7,-15.371007030364144
14|3|3|3,4,-11.437688772428212
14|3|3|3,3,-11.516900790568801
14|3|3|3,1,-11.285316349171156
4|4|1|10,6,-6.48196978658315
4|4|1|10,1,8.198535799894461
4|4|1|10,3,4.567408064115065
4|4|1|10,7,-6.929366989546212
4|4|1|10,4,0.20460191276544593
4|4|1|10,5,-6.569271395366168
4|4|1|10,2,4.734291080274261
5|4|1|7,6,-7.4746522857026765
5|4|1|7,5,-5.6712071436340565
5|4|1|7,1,-4.4670704645344
5|4|1|7,3,-5.991286157451004
5|4|1|7,7,-7.399115434782563
5|4|1|7,4,-6.143262424367285
5|4|1|7,2,-5.580681600395107
5|4|1|6,7,-5.340468375
5|4|1|6,4,-5.713126108129687
5|4|1|6,2,-3.765052738308933
5|4|1|6,6,-3.360662416546875
5|4|1|6,5,-5.795312620051106
5|4|1|6,3,-3.5584924228436745
5|4|1|6,1,-4.0354773225364236
5|4|1|5,3,-1.7267152697509462
5|4|1|5,4,-3.874275
5|4|1|5,5,-3.874275
5|4|1|5,6,-2.9473053750000004
5|4|1|5,7,-2.9216214421875004
9|3|1|2,6,-14.643863999999999
9|3|1|2,4,-13.934641122524999
9|3|1|2,7,-6.2635724999999995
9|3|1|1,1,-12.478950000000001
9|3|1|1,6,-12.478950000000001
9|3|1|1,3,-12.478950000000001
6|3|3|5,1,-6.979601107996147
6|3|3|5,3,-8.378788017259547
6|3|3|5,4,-1.982525996515875
11|3|3|3,1,-11.038691613839848
11|3|3|3,6,-11.6590479247125
11|3|3|3,3,-13.6543514219372
11|3|3|3,2,-11.161913066248685
11|3|3|3,5,-13.704055879177652
7|2|2|4,6,-7.682651732521173
7|2|2|4,4,-7.646357805260818
7|2|2|4,3,-6.9712588238546935
7|2|2|4,7,-7.974553850076417
7|2|2|4,2,-7.245421331309156
7|2|2|4,1,-7.207164641910749
7|2|2|4,5,-3.9676607054659745
10|3|1|6,3,-7.750260902354486
10|3|1|6,6,-17.839087475316433
10|3|1|6,7,-17.717622496182784
10|3|1|6,2,-7.864121910075487
10|3|1|6,4,-9.465760151620398
10|3|1|6,5,-15.20831447462985
10|3|1|6,1,-6.6139952649906935
13|3|2|3,4,-12.483806586664503
13|3|2|3,7,-19.936098549724992
13|3|2|3,6,-15.86903417583252
13|3|2|3,3,-11.791211004872967
13|3|2|3,5,-14.939398378597309
13|3|2|3,2,-11.66764235999442
13|3|2|3,1,-11.467929413762475
14|3|2|2,1,-13.099802793410165
14|3|2|2,3,-13.229235539405115
14|3|2|2,6,-20.0490472133775
14|3|2|2,4,-13.433286037764994
14|3|2|2,2,-13.156060773313524
14|3|2|2,7,-17.300481948051008
14|3|2|2,5,-14.8058373675
4|2|2|11,7,-5.146142555739979
4|2|2|11,4,0.8108016119300432
4|2|2|11,2,9.946702892738411
4|2|2|11,6,-5.260975540823122
4|2|2|11,5,-5.10845147800983
4|2|2|11,1,7.006545905056927
4|2|2|11,3,5.719962773594704
12|3|3|5,4,-12.154468457735033
12|3|3|5,7,-18.816790882588496
12|3|3|5,2,-7.232159484569235
12|3|3|5,5,-14.081275782805584
12|3|3|5,1,-8.638888350194803
12|3|3|5,6,-16.40079867912332
12|3|3|5,3,-11.171284162112638
17|3|2|2,1,-13.099999999999996
17|3|2|2,7,-23.660475419826692
17|3|2|2,6,-23.68098499998999
17|3|2|2,5,-21.6332215900744
17|3|2|2,2,-13.406110387700698
17|3|2|2,3,-13.7481966828744
17|3|2|2,4,-15.386952549103768
20|2|1|1,2,-14.999999999999998
20|2|1|1,3,-14.999999999999998
20|2|1|1,5,-14.999999999999998
20|2|1|1,6,-14.999999999999998
20|2|1|1,7,-14.999999999999998
20|2|1|1,4,-14.999999999999998
20|2|1|1,1,-14.999999999999998
7|4|3|4,2,-2.921780403186358
7|4|3|4,1,-3.712207599363202
7|4|3|4,4,-4.437997875
7|4|3|4,5,-3.9142376999999997
7|4|3|4,3,-3.233707417819356
7|4|3|4,6,-6.4361145375
7|4|3|4,7,-3.1059001800000003
10|4|2|1,5,-11.3985
10|4|2|1,7,-9.855
10|4|2|1,6,-11.3985
10|4|2|1,4,-11.3985
10|4|2|1,2,-11.3985
5|1|1|7,4,-5.838733898413223
5|1|1|7,5,-11.295248648734255
5|1|1|7,2,-7.648351060309091
5|1|1|7,7,-9.289575559677303
5|1|1|7,1,-5.964347473736899
5|1|1|7,3,-6.016776776865575
5|1|1|7,6,-11.554760555100746
6|1|1|6,1,-5.690381517851451
6|1|1|6,2,-5.710707298577194
6|1|1|6,6,-5.567342881694014
6|1|1|6,4,-5.441559340950139
6|1|1|6,5,-6.295670316397224
6|1|1|6,3,-6.52032322164979
6|1|1|6,7,-6.201418205677451
7|3|1|5,5,-14.536135874966462
7|3|1|5,6,-13.34868156629834
7|3|1|5,3,-7.46175515111619
7|3|1|4,6,-7.5258065497719375
7|3|1|4,4,-8.712751813351092
7|3|1|4,7,-8.253866261896373
7|3|1|4,5,-7.755431576584106
7|3|1|4,2,-7.288851115834249
7|3|1|3,4,-5.923396237125
7|3|1|3,2,-3.46629865013455
7|3|1|2,1,-4.3271257499999995
7|3|1|2,4,-3.015
7|3|1|2,7,-4.297499999999999
4|1|1|8,1,-6.18928632876409
4|1|1|8,7,-11.993876386689193
4|1|1|8,6,-11.16629100420772
4|1|1|8,3,-5.165838004905327
4|1|1|8,5,-11.785527662625512
4|1|1|8,2,-5.2849467275371325
4|1|1|8,4,-5.1809156274797346
6|2|2|6,1,-7.339184734783281
6|2|2|6,5,-10.462380334682754
6|2|2|6,7,-10.15091797006659
6|2|2|6,3,-8.86451751184712
6|2|2|6,2,-6.564147796917794
6|2|2|6,6,-7.590815763657699
6|2|2|6,4,-9.22100883918659
8|2|2|5,3,-9.036234487999522
8|2|2|5,2,-8.369547508180727
8|2|2|5,6,-12.10822437252983
8|2|2|5,4,-9.24958294579351
8|2|2|5,5,-14.422891138604413
8|2|2|5,7,-12.27553142296357
8|2|2|5,1,-9.005170345724649
11|3|3|2,4,-12.250817925000002
11|3|3|2,2,-12.153103584684878
11|3|3|2,6,-14.07199725
11|3|3|2,1,-12.350763367359578
10|4|3|3,7,-10.03296457864125
10|4|3|3,4,-12.333640035128575
10|4|3|3,3,-12.425023576864875
10|4|3|3,6,-11.31531771465
10|4|3|3,5,-12.342998395908094
10|4|3|3,2,-9.996732315931766
10|4|3|3,1,-10.090653553844376
10|4|3|2,1,-10.992711233087793
10|4|3|2,4,-13.1338065
10|4|3|2,7,-11.566125
10|4|3|2,3,-10.419021610549487
14|4|2|1,3,-14.792380691985
14|4|2|1,1,-14.792380691985
14|4|2|1,7,-14.703400988550001
14|4|2|1,5,-14.703400988550001
14|4|2|1,4,-14.792380691985
14|4|2|1,2,-14.792380691985
14|4|2|1,6,-14.703400988550001
9|2|1|8,5,-10.060256664030973
9|2|1|8,6,-10.758790095844171
9|2|1|8,2,0.9000347237806188
9|2|1|8,1,-4.883880687746224
9|2|1|8,4,-4.966236018889813
9|2|1|8,7,-13.445244162987702
9|2|1|8,3,-5.010390272270626
10|2|1|7,2,-7.09456870277063
10|2|1|7,7,-17.117387670947323
10|2|1|7,5,-7.618743193812938
10|2|1|7,3,-6.942476824913752
10|2|1|7,1,-4.561951246431253
10|2|1|7,4,-6.989587923304313
10|2|1|7,6,-14.425020477362722
11|2|2|6,2,-7.177855726226991
11|2|2|6,3,-8.051374997231925
11|2|2|6,5,-14.401830559445218
11|2|2|6,7,-18.19043882983249
11|2|2|6,1,-7.811425765939953
11|2|2|6,4,-8.068907262773191
11|2|2|6,6,-17.668898059149043
13|2|2|5,1,-9.502399199155885
13|2|2|5,6,-19.55658821546535
13|2|2|5,7,-19.224429329564757
13|2|2|5,4,-9.886148321688722
13|2|2|5,2,-9.533582263476614
13|2|2|5,5,-13.384779009437757
13|2|2|5,3,-8.609009006529833
15|2|2|4,3,-11.061695181085856
15|2|2|4,1,-10.796670670111805
15|2|2|4,2,-10.768421357950716
15|2|2|4,4,-11.473201953852412
15|2|2|4,6,-18.788690251976536
15|2|2|4,7,-21.463830563134138
15|2|2|4,5,-13.5572900878933
9|4|4|1,7,-7.65
9|4|4|1,1,-7.65
5|2|2|6,3,-6.6563547627227635
5|2|2|6,1,-5.935460884429858
5|2|2|6,2,-6.556397008394797
5|2|2|6,7,-6.843722587875786
5|2|2|6,6,-8.908357388974572
5|2|2|6,4,-6.962453794920162
5|2|2|6,5,-7.008520707715206
5|3|2|1,1,-4.5
5|3|2|1,7,-4.5
5|3|2|1,4,-4.5
8|2|2|3,2,-7.933515401730528
8|2|2|3,1,-7.626888147403178
8|2|2|3,6,-8.6038129125
8|2|2|3,5,-9.186121694625
8|2|2|3,4,-9.3502905049383
8|2|2|3,3,-8.091332890581388
8|2|2|3,7,-8.890748775
4|9|1|11,5,2.3253473245607266
4|9|1|10,1,13.953765848513058
13|3|2|9,4,10.801393423531291
13|3|2|9,2,10.403756787683372
13|3|2|9,7,0.17583152405624375
13|3|2|9,3,10.585079634110112
13|3|2|9,1,11.573175398613087
13|3|2|9,5,8.884513385015728
13|3|2|9,6,0.41375984884895645
14|3|3|8,1,11.546114635060869
14|3|3|8,3,9.746873532017453
14|3|3|8,4,10.932946323006504
14|3|3|8,2,10.794969881892921
14|3|3|8,6,3.1107685101918303
14|3|3|8,5,4.739318746678338
14|3|3|8,7,0.758782626522469
17|4|2|7,4,2.639971891194611
17|4|2|7,1,11.156133386878897
17|4|2|7,7,0.5050397985270831
17|4|2|7,5,0.5926721535987308
17|4|2|7,6,0.5386149717555507
17|4|2|7,3,10.16087721118701
17|4|2|7,2,9.479914310047262
17|4|2|6,1,11.156903064349924
17|4|2|6,6,-1.178223143217608
17|4|2|6,7,0.5681607660770531
17|4|2|6,5,0.396928345610317
17|4|2|6,2,10.78307968409325
17|4|2|6,4,4.724658103440781
17|4|2|6,3,7.665260000962323
21|2|1|5,2,10.087499999999979
21|2|1|5,3,9.827209967910917
21|2|1|5,7,-0.44787318854549296
21|2|1|5,1,10.107499999999998
21|2|1|5,6,-0.44687161499223355
21|2|1|5,4,-0.4478749201807425
21|2|1|5,5,-0.44786499734222196
22|2|1|4,5,-0.31250000000026285
22|2|1|4,7,-0.31250000000388406
22|2|1|4,1,10.249999999999996
22|2|1|4,4,-0.3125000000000048
22|2|1|4,2,9.849999998782096
22|2|1|4,6,-0.312499999999998
22|2|1|4,3,-0.31249999999974676
22|2|1|3,6,-0.3125000000000054
22|2|1|3,7,-0.3125000000000054
22|2|1|3,2,9.849999999999993
22|2|1|3,3,-0.3125000000000054
22|2|1|3,1,10.249999999999996
22|2|1|3,5,-0.3125000000000043
22|2|1|3,4,-0.31250000000000394
22|2|1|2,6,-24.299999999999994
22|2|1|2,3,-24.299999999999994
22|2|1|2,7,-24.299999999999994
22|2|1|2,2,9.849999999999996
22|2|1|2,1,10.249999999999996
22|2|1|2,5,-24.299999999999994
22|2|1|2,4,-24.299999999999994
22|2|1|1,2,-14.999999999999998
22|2|1|1,5,-14.999999999999998
22|2|1|1,1,-14.999999999999998
22|2|1|1,3,-14.999999999999998
22|2|1|1,6,-14.999999999999998
22|2|1|1,4,-14.999999999999998
22|2|1|1,7,-14.999999999999998
5|3|2|2,1,0.345
5|3|2|2,7,-4.297499999999999
5|3|2|2,5,-4.297499999999999
8|5|2|1,5,-7.65
8|5|2|1,4,-7.65
6|2|1|5,5,-7.625786646343473
6|2|1|5,7,-8.695304493719505
6|2|1|5,6,-8.665693144855695
6|2|1|5,2,-5.499324473721785
6|2|1|5,4,-5.358534099537274
6|2|1|5,3,-4.547543636603014
7|2|1|4,1,-5.776385445581314
7|2|1|4,5,-5.9828724944414216
7|2|1|4,2,-5.349020359686181
7|4|2|9,1,6.454146186466404
7|4|2|9,5,-6.841798208211881
7|4|2|9,2,7.106981800164042
7|4|2|9,7,-6.892215151244827
7|4|2|9,3,3.9242689973967395
7|4|2|9,4,-0.12124980634697113
7|4|2|9,6,-6.436916778794061
2|3|2|6,1,-0.5486325658124999
8|3|3|4,7,-7.472247187500001
8|3|3|4,1,-7.408671564615192
8|3|3|4,2,-7.709232497856242
8|3|3|4,3,-7.482355447758115
8|3|3|4,6,-9.343711717760518
8|3|3|4,4,-8.368788728973975
8|3|3|3,3,-8.425078815819372
8|3|3|3,1,-7.771014879907827
8|3|3|3,2,-8.090815341310122
9|3|3|2,1,-10.459370876527437
9|3|3|2,7,-12.753848249999999
9|3|3|2,2,-10.657087854976444
7|3|3|2,5,-7.30575
7|3|3|2,3,-4.223999999999999
7|3|3|2,1,-4.93607325
7|3|3|2,6,-5.823675
7|3|3|1,1,-11.3985
7|2|1|5,4,-7.846143115584826
7|2|1|5,7,-8.02307040023825
7|2|1|5,3,-7.467665412001671
7|2|1|5,6,-9.760705606838812
7|2|1|5,5,-7.759757042528479
7|2|1|5,2,-7.558874185380196
7|2|1|5,1,-7.521911589649577
8|2|1|4,3,-8.450059279119916
8|2|1|4,5,-8.90960452123851
8|2|1|4,2,-7.921168541367687
8|2|1|4,6,-7.71095869555416
8|2|1|4,7,-9.275208713550946
8|2|1|4,4,-8.859491611390297
8|2|1|4,1,-7.670853173150166
7|2|1|2,6,-3.015
7|2|1|2,4,0.10500000000000001
7|2|1|1,1,-4.5
3|2|2|5,5,-3.1957683750000005
3|2|2|5,6,-2.942346375
5|4|2|1,1,-4.5
5|4|2|1,5,-4.5
5|4|1|4,7,-3.015
5|4|1|4,4,-3.874275
5|4|1|4,2,0.20555610496875004
5|4|1|3,6,-3.015
5|4|1|3,7,-3.2479875
5|4|1|2,1,-0.8174999999999999
5|4|1|2,7,-3.015
6|7|2|7,2,0.8368262155202201
6|7|2|7,7,-3.015
8|7|1|6,6,-13.47706813937849
8|7|1|5,1,-5.988814152313476
15|2|1|4,3,-11.162013275500422
15|2|1|4,4,-11.140745825824444
15|2|1|4,5,-11.429829018130246
15|2|1|4,6,-17.397825161466876
15|2|1|4,7,-21.471877751854755
15|2|1|4,2,-11.220050105031369
15|2|1|4,1,-10.95259174027122
17|2|1|2,7,-21.567376995690733
17|2|1|2,2,-13.885491551810425
17|2|1|2,6,-23.94308519762418
17|2|1|2,5,-17.64307627721805
17|2|1|2,1,-13.499999999999991
17|2|1|2,4,-14.087852256074669
17|2|1|2,3,-13.8154900395431
17|2|1|1,1,-14.99999998444831
17|2|1|1,7,-14.99999998444831
17|2|1|1,5,-14.99999998444831
17|2|1|1,2,-14.9999999777833
17|2|1|1,4,-14.9999999777833
17|2|1|1,6,-14.9999999777833
17|2|1|1,3,-14.9999999777833
9|4|4|2,7,-7.30575
14|3|2|4,4,-11.23205836546055
14|3|2|4,1,-10.286567566588984
14|3|2|4,2,-10.288603667482754
14|3|2|4,7,-20.96367835071318
14|3|2|4,3,-10.613608577894238
14|3|2|4,6,-20.144118532342144
14|3|2|4,5,-11.481271784363612
7|3|2|10,5,1.4232722953590264
7|3|2|10,6,-2.161746664475178
7|3|2|10,1,9.37514219037558
7|3|2|10,7,-3.5045122730808393
7|3|2|10,3,5.991613462865538
7|3|2|10,2,8.244515775237085
7|3|2|10,4,7.459578871826764
7|3|2|8,6,-12.855988102478856
7|3|2|8,3,-2.3873517693262034
7|3|2|8,5,-13.344958599371783
7|3|2|8,7,-13.858040701289251
7|3|2|8,1,-2.339879675867674
7|3|2|8,4,-6.611304696695749
7|3|2|8,2,-0.23069398797499985
4|6|2|8,4,-10.095363098774925
4|6|2|8,7,-7.581370716052376
4|6|2|7,2,-0.17896544740792372
4|6|2|7,3,-4.672001700372815
6|6|1|6,7,-3.015
6|6|1|6,5,0.10500000000000001
6|6|1|6,2,-0.06649483420149488
6|6|1|6,1,-0.2906564492352288
6|6|1|6,3,-2.9338507430962646
6|6|1|5,2,0.3022404628125
7|6|1|4,2,0.53370050625
7|6|1|4,3,-2.985075
8|6|2|3,1,-2.4900097293372676
6|2|1|9,6,-13.25479399398088
6|2|1|9,7,-13.103744606909261
6|2|1|9,5,-6.346455531477272
6|2|1|9,3,-2.382928999543821
6|2|1|9,4,-3.883630216270351
6|2|1|9,1,1.4714069849514684
6|2|1|9,2,-0.8885204567072252
6|2|1|8,1,-4.090391365138189
6|2|1|8,2,-5.182450438268959
6|2|1|8,5,-14.294812050132698
6|2|1|8,6,-15.9974715668538
6|2|1|8,3,-4.938292158009735
6|2|1|8,4,-5.006175409865412
6|2|1|8,7,-16.147594562633202
8|1|1|7,4,-7.072318675532208
8|1|1|7,1,-6.669656756470181
8|1|1|7,6,-16.109752129190074
8|1|1|7,3,-7.0918737411688175
8|1|1|7,7,-16.04142549745322
8|1|1|7,5,-7.039696739641009
8|1|1|7,2,-7.155822291704043
9|2|1|6,1,-7.848911992385892
9|2|1|6,6,-13.653316773411266
9|2|1|6,3,-8.145667099528362
9|2|1|6,7,-17.464194301895883
9|2|1|6,5,-12.739562207826157
9|2|1|6,2,-8.141529453038155
9|2|1|6,4,-8.166110836597555
7|3|3|8,1,7.432717709313188
7|3|3|8,7,-12.200741443851573
7|3|3|8,4,-2.6655206718551403
7|3|3|8,3,-0.029320673476006975
7|3|3|8,5,-11.16489678497335
7|3|3|8,2,-0.25974681618421314
7|3|3|8,6,-9.9525602148824
10|3|1|7,1,-5.7262863960159205
10|3|1|7,7,-16.313496711930764
10|3|1|7,6,-10.541382487252108
10|3|1|7,3,-6.189213805167435
10|3|1|7,4,-6.6529146760771
10|3|1|7,2,-5.0115962838969015
10|3|1|7,5,-10.913404864518425
8|6|1|9,7,-1.4692377446385738
8|6|1|9,1,11.536702853240401
8|6|1|9,3,6.047470260599274
8|6|1|9,5,3.3861240443853036
8|6|1|9,6,-0.6788566349254754
8|6|1|9,2,3.6714015159266884
8|6|1|9,4,5.487252958096327
8|6|1|8,1,10.261752278891292
8|6|1|8,2,4.119818647325124
8|6|1|8,3,2.8970620313764472
8|6|1|8,5,-5.4150331113223205
8|6|1|8,6,-7.432125125130339
8|6|1|8,7,-6.700121875027581
8|6|1|8,4,-7.2511415946764926
14|2|2|7,2,4.878556711480864
14|2|2|7,7,-12.60518741906229
14|2|2|7,1,1.072885491314255
14|2|2|7,5,-4.262306731222746
14|2|2|7,3,1.7203362403185996
14|2|2|7,6,-12.013036700012876
14|2|2|7,4,1.720175742904176
16|3|2|6,2,10.576319147842689
16|3|2|6,7,-5.923665458488269
16|3|2|6,4,10.009900226637402
16|3|2|6,6,-4.768576007436307
16|3|2|6,5,-0.48164750185933114
16|3|2|6,3,10.255773871675038
16|3|2|6,1,10.81793305434414
18|3|2|5,4,4.896663593960451
18|3|2|5,6,0.1958205510101297
18|3|2|5,1,10.814379782561234
18|3|2|5,3,10.675119543947817
18|3|2|5,2,10.742355893528618
18|3|2|5,5,0.18602818247455735
18|3|2|5,7,0.19676314777101456
19|3|2|4,1,10.852587499999995
19|3|2|4,7,0.29280822904959786
19|3|2|4,6,0.29006877088127225
19|3|2|4,3,7.739647206293116
19|3|2|4,5,0.2930886892187214
19|3|2|4,2,10.867499999911104
19|3|2|4,4,0.2912101059538595
5|4|2|12,5,-3.015
5|4|2|12,1,12.600123235834763
5|4|2|12,3,2.901803709287327
5|4|2|12,7,0.3549873477287955
5|4|2|12,2,3.626651407698694
5|4|2|12,6,0.6237957293730432
5|4|2|12,4,3.576442559347378
5|4|2|11,6,0.12603784981843785
5|4|2|11,7,-0.6090547795849135
5|4|2|11,4,8.536442545409388
5|4|2|11,1,10.963027914409253
5|4|2|11,5,2.764678801759463
5|4|2|11,2,11.378483215061875
5|4|2|11,3,10.969122827889011
5|4|2|10,1,10.670262067061394
5|4|2|10,4,1.7186054302588083
5|4|2|10,2,8.537431298342172
5|4|2|10,5,-4.257473019558508
5|4|2|10,3,8.354031300408431
5|4|2|10,6,-4.854390218560175
5|4|2|10,7,-4.12533777371469
9|3|2|9,2,9.71260662419991
9|3|2|9,4,6.517368644701755
9|3|2|9,7,-6.103777030653808
9|3|2|9,3,3.927994190076287
9|3|2|9,1,6.151535273143153
9|3|2|9,6,-1.4895784342247271
9|3|2|9,5,-1.5727299539130026
12|3|2|7,4,-0.8211027915489364
12|3|2|7,2,0.12864044790632578
12|3|2|7,1,7.835055116209807
12|3|2|7,3,0.3615564793682793
12|3|2|7,5,-7.199489509894709
12|3|2|7,6,-9.21276061038319
12|3|2|7,7,-13.187783958499226
16|2|1|5,3,-10.276500451226298
16|2|1|5,4,-11.394764816598288
16|2|1|5,5,-10.177552187908645
16|2|1|5,2,-10.211970590629932
16|2|1|5,6,-17.070004385306788
16|2|1|5,1,-5.8422581468284305
16|2|1|5,7,-20.566582135667847
17|2|1|4,7,-18.55429608403651
17|2|1|4,2,-11.355251552561858
17|2|1|4,5,-16.58509263606117
17|2|1|4,1,-11.191088219765943
17|2|1|4,4,-13.429784195407521
17|2|1|4,3,-11.382547499849004
17|2|1|4,6,-18.42805654988134
17|2|1|3,7,-22.874788605095333
17|2|1|3,3,-12.474794229486164
17|2|1|3,5,-18.40350606361676
17|2|1|3,1,-12.394284784104299
17|2|1|3,6,-22.77693124085232
17|2|1|3,4,-12.457589676390334
17|2|1|3,2,-12.469499779134198
5|2|2|3,2,-1.3906733624999998
5|2|2|3,6,-2.985075
5|2|2|3,4,-2.985075
5|2|2|3,5,-2.985075
8|2|1|1,1,-7.65
8|2|1|1,6,-4.5
9|2|2|3,4,-9.803745907081248
9|2|2|3,6,-10.466510774625
9|2|2|3,7,-10.82925151425
9|2|2|3,1,-9.975380934558823
9|2|2|3,3,-8.859681262648243
9|2|2|3,2,-10.077965729310819
9|2|2|3,5,-11.360921466565875
7|1|1|3,7,-5.4610875
7|1|1|2,5,-1.1774999999999998
7|1|1|2,2,-3.5279249999999998
8|5|3|4,7,-3.015
8|5|3|4,4,-3.874275
8|5|3|4,2,-2.0224286163773755
8|5|3|4,1,-2.0634241672007705
8|5|3|4,5,-3.55092305625
8|5|3|3,6,-5.0506875
8|5|3|3,4,-5.0164875
8|5|3|2,3,-4.11375
8|5|3|2,7,-3.015
10|5|3|1,2,-13.235265
11|4|3|4,5,-11.692440133591958
11|4|3|4,2,-9.162976490808262
11|4|3|4,1,-9.240359703440191
11|4|3|4,4,-11.765491913026286
11|4|3|4,3,-9.229954780874023
11|4|3|4,6,-10.221949099053498
11|4|3|4,7,-10.29829426735784
11|4|3|3,1,-10.788694243664356
11|4|3|3,5,-12.770047649020572
11|4|3|3,3,-11.24368908572023
11|4|3|3,2,-10.78844030399794
11|4|3|3,7,-12.43478689772223
11|4|3|3,4,-10.894907980043014
12|4|3|1,3,-14.394695895
12|4|3|1,5,-14.394695895
12|4|3|1,6,-14.394695895
12|4|3|1,1,-14.394695895
12|4|3|1,2,-14.394695895
7|4|1|5,2,-6.359335946581691
7|4|1|5,4,-7.941912612779738
7|4|1|5,3,-7.796226434413246
8|4|2|3,6,-13.191984375710488
8|4|2|3,7,-14.255677417486364
8|4|2|3,5,-13.369805093006887
8|4|2|3,4,-12.747963345185
2|4|1|12,6,-0.11270953792429639
2|4|1|12,3,3.177510816812039
2|4|1|12,7,-0.10603117063225115
2|4|1|12,5,-0.510502080706046
2|4|1|12,4,-0.559244483357714
2|4|1|12,2,10.98646143648146
2|4|1|12,1,9.842332440487292
6|2|2|10,5,-5.980375851321355
6|2|2|10,1,2.8236931474499407
6|2|2|10,4,1.0683816807559183
6|2|2|10,3,3.177496272052524
6|2|2|10,7,-8.079587133724798
6|2|2|10,6,-4.738005098308094
6|2|2|10,2,9.013362130899697
12|3|2|5,1,-8.901205155083675
12|3|2|5,3,-9.15391445173843
12|3|2|5,4,-13.221265432421175
12|3|2|5,7,-19.58706063646333
12|3|2|5,2,-8.975078423233779
12|3|2|5,5,-15.100016491137549
12|3|2|5,6,-17.890314684864286
17|2|2|3,2,-12.07572843390026
17|2|2|3,5,-16.549069464182733
17|2|2|3,6,-22.86688113835334
17|2|2|3,4,-12.761776254356777
17|2|2|3,7,-22.874998280337213
17|2|2|3,3,-12.458133500467849
17|2|2|3,1,-12.074628612469827
19|3|2|2,7,-19.4031367855013
19|3|2|2,1,-13.09999995604776
19|3|2|2,5,-21.517413144891425
19|3|2|2,2,-13.47794797947515
19|3|2|2,6,-20.490081727413482
19|3|2|2,4,-22.299759270415056
19|3|2|2,3,-18.62326298195472
19|3|2|1,3,-14.999834335848863
19|3|2|1,1,-14.999834335848863
19|3|2|1,6,-14.999834335848863
19|3|2|1,7,-14.999834335848863
19|3|2|1,5,-14.999834335848863
19|3|2|1,4,-14.999884035094205
19|3|2|1,2,-14.999834335848863
8|2|2|2,1,-7.2324716175
8|2|2|2,6,-6.4079999999999995
8|2|2|2,3,-6.535617749999999
8|2|2|2,2,-6.406074
5|1|1|9,4,-3.7769358669092026
5|1|1|9,1,-3.313468805268534
5|1|1|9,6,-15.14887472520608
5|1|1|9,3,-3.5146716335175854
5|1|1|9,5,-10.567325984749214
5|1|1|9,2,-3.0590939548870892
5|1|1|9,7,-14.619970004299091
12|2|2|1,6,-13.7646855
12|2|2|1,1,-14.13527985
12|2|2|1,4,-14.13527985
12|2|2|1,5,-14.13527985
12|2|2|1,3,-14.13527985
12|2|2|1,7,-13.7646855
12|2|2|1,2,-14.13527985
6|2|2|2,3,-0.7192499999999998
6|2|2|2,4,-4.297499999999999
6|2|2|2,2,-1.7977499999999997
8|3|3|7,1,-1.463787116687851
8|3|3|7,4,-5.818000642251434
8|3|3|7,7,-15.325257035149967
8|3|3|7,5,-9.996118336827108
8|3|3|7,3,-5.089831226963596
8|3|3|7,2,-4.401684045834461
8|3|3|7,6,-14.422126480086169
11|4|3|2,4,-11.61650148
11|4|3|2,2,-11.63532587878566
11|4|3|2,1,-11.621334841162772
12|5|3|1,5,-14.13527985
6|4|3|8,1,0.9279242454355997
6|4|3|8,3,-0.7253064084159389
6|4|3|8,4,-5.628271765702764
6|4|3|8,5,-4.791517467029412
6|4|3|8,2,5.412137884333119
6|4|3|8,6,-7.980240669486548
6|4|3|8,7,-3.0626194403137355
10|4|4|7,1,8.505802459996877
10|4|4|7,6,-3.9633407809876067
10|4|4|7,4,-0.5687310541666617
10|4|4|7,7,-7.325876494275921
10|4|4|7,5,-1.7182231899483682
10|4|4|7,3,0.22499999999999998
10|4|4|7,2,11.316552016786893
14|4|3|6,5,2.3578785058570126
14|4|3|6,1,11.741565834326588
14|4|3|6,3,11.281665919412912
14|4|3|6,6,-2.6510549419747846
14|4|3|6,7,-3.281176647725002
14|4|3|6,2,11.183944246492054
14|4|3|6,4,1.6947034352925292
18|3|2|4,5,-19.370251427691056
18|3|2|4,1,10.768943205650254
18|3|2|4,4,-17.73775729870009
18|3|2|4,2,10.735967733295398
18|3|2|4,7,-20.64510818172277
18|3|2|4,6,-20.345166357865942
18|3|2|4,3,9.782485398633957
18|3|2|3,5,-22.49499786670899
18|3|2|3,1,-13.950550426146133
18|3|2|3,3,-17.54811275830658
18|3|2|3,7,-22.49499921976225
18|3|2|3,6,-22.49496065841584
18|3|2|3,4,-20.4983987137642
18|3|2|3,2,-3.675062214779607
6|4|1|4,6,-2.882475
6|4|1|4,3,-1.807942951875
6|4|1|4,1,-3.5067186910139756
6|4|1|2,5,-6.4079999999999995
6|4|1|1,3,-7.65
8|2|2|6,1,-7.7544896046161345
8|2|2|6,3,-8.258796916994685
8|2|2|6,5,-13.368306821589275
8|2|2|6,4,-9.851073294290583
8|2|2|6,7,-14.544596915479499
8|2|2|6,6,-17.016997409326002
8|2|2|6,2,-7.691468943127989
10|3|3|3,1,-9.617216174244302
10|3|3|3,2,-9.237529423538628
10|3|3|3,7,-12.126441263130616
10|3|3|3,3,-9.561871921270194
10|3|3|3,6,-9.87749295116625
10|3|3|3,4,-10.899571184388208
13|3|3|2,5,-13.480065
13|3|3|2,3,-12.62488578995706
13|3|3|2,7,-16.00754625
13|3|3|2,4,-15.0007297995525
13|3|3|2,2,-12.70626805855261
13|3|3|2,6,-13.883469750000001
13|3|3|2,1,-12.732115495101617
8|5|2|3,1,-3.906301991115622
8|5|2|3,7,-5.382
13|2|2|2,6,-17.817737582249997
13|2|2|2,7,-14.35986
13|2|2|2,1,-13.457409133005239
13|2|2|2,5,-13.472276487134991
13|2|2|2,3,-13.482588871445257
13|2|2|2,4,-17.58099068667054
13|2|2|2,2,-13.455905448952233
13|2|2|1,6,-14.792380691985
13|2|2|1,3,-14.792380691985
13|2|2|1,2,-14.792380691985
13|2|2|1,1,-14.8546664843895
13|2|2|1,4,-14.792380691985
13|2|2|1,7,-14.792380691985
13|2|2|1,5,-14.792380691985
7|2|2|11,3,9.063086328462253
7|2|2|11,7,-2.068389250309754
7|2|2|11,5,3.051234000987419
7|2|2|11,6,-0.12322176931076101
7|2|2|11,4,7.658309874475549
7|2|2|11,1,9.634127374553533
7|2|2|11,2,10.653339454722264
8|4|3|10,1,11.844193980069445
8|4|3|10,6,5.139522889046056
8|4|3|10,2,12.51996863474878
8|4|3|10,5,1.0046468429322617
8|4|3|10,7,0.9483447737710811
8|4|3|10,4,10.905067724514495
8|4|3|10,3,11.45880754543637
12|4|3|9,5,6.8660552864148015
12|4|3|9,1,12.016448454289819
12|4|3|9,6,2.741890232930556
12|4|3|9,7,0.7009542829306433
12|4|3|9,4,8.537218629818137
12|4|3|9,2,10.137640650651035
12|4|3|9,3,7.604283704041912
12|4|3|8,4,11.521850844730986
12|4|3|8,1,11.53660843160273
12|4|3|8,5,6.224684356388918
12|4|3|8,7,0.5779801403060261
12|4|3|8,6,6.342636786121893
12|4|3|8,2,11.92752805526283
12|4|3|8,3,8.403531296700017
13|4|3|7,3,6.383966233620519
13|4|3|7,4,7.94121579338273
13|4|3|7,2,11.858619135464835
13|4|3|7,5,4.540488638500001
13|4|3|7,6,-0.420357711260365
13|4|3|7,1,10.563920463331215
13|4|3|7,7,-0.4552359581945772
18|3|1|5,4,8.09564679815154
18|3|1|5,2,10.221200687795823
18|3|1|5,6,-14.146508162068509
18|3|1|5,3,10.216012910012624
18|3|1|5,1,10.248260352602935
18|3|1|5,7,-13.793210999201253
18|3|1|5,5,-8.821901806426943
18|3|1|4,1,-10.921974444683347
18|3|1|4,3,-11.564208277870499
18|3|1|4,4,-12.017425721816489
18|3|1|4,6,-21.414290814578944
18|3|1|4,7,-21.484477796987495
18|3|1|4,2,-5.483412205555428
18|3|1|4,5,-20.92957082333718
21|2|1|3,4,-22.528797178440737
21|2|1|3,3,9.27213028443889
21|2|1|3,6,-22.874669328899916
21|2|1|3,5,-22.8748723701567
21|2|1|3,7,-22.87255606115922
21|2|1|3,2,10.087499999999993
21|2|1|3,1,10.110378652946988
21|2|1|2,7,-24.299999999999994
21|2|1|2,2,-13.899999999987147
21|2|1|2,1,-13.499999999999996
21|2|1|2,4,-24.299999999999994
21|2|1|2,3,-14.97020939298362
21|2|1|2,6,-24.299999999999994
21|2|1|2,5,-24.299999999999994
5|3|1|7,5,-8.008558125022052
5|3|1|7,2,-6.566864360991566
5|3|1|7,6,-9.87499536942066
5|3|1|7,3,-5.999871430371425
5|3|1|7,7,-9.106505055119406
5|3|1|7,4,-8.659484315605775
5|3|1|7,1,-6.995797238371858
5|3|1|6,1,-4.9579795798922754
5|3|1|6,7,-6.67500332106083
5|3|1|6,3,-5.06202019037284
5|3|1|6,5,-4.97856825
5|3|1|6,4,-5.100578927668915
5|3|1|6,2,-4.929530085338286
5|3|1|6,6,-4.87880735160285
8|2|1|5,4,-8.667968373206408
8|2|1|5,7,-9.315856435862631
8|2|1|5,3,-8.705491660009884
8|2|1|5,5,-14.259125096288834
8|2|1|5,2,-8.782764356283884
8|2|1|5,6,-12.571574080360673
8|2|1|5,1,-8.750051322910119
12|3|3|2,5,-13.520787675
12|3|3|2,1,-12.038736567589757
12|3|3|2,7,-14.51189475
12|3|3|2,6,-14.51189475
12|3|3|2,4,-14.846756056368227
12|3|3|2,3,-13.123845969865725
3|2|2|3,1,0.28912499999999997
2|4|2|9,1,-0.5223911186943822
11|3|3|5,1,-8.56989199492246
11|3|3|5,5,-12.193276470112234
11|3|3|5,7,-16.812445533514975
11|3|3|5,4,-10.351020475983228
11|3|3|5,6,-12.888725508031778
11|3|3|5,3,-8.572666059806634
11|3|3|5,2,-7.431299143276182
18|2|2|2,1,-13.499999999999973
18|2|2|2,2,-13.499999999999996
18|2|2|2,3,-13.892623518584934
18|2|2|2,5,-23.889289463741168
18|2|2|2,6,-24.29814477427299
18|2|2|2,7,-24.29979073390945
18|2|2|2,4,-15.199065122605155
6|2|1|12,4,10.553853756237688
6|2|1|12,6,-0.2416993619731741
6|2|1|12,1,3.032076323108184
7|3|1|11,7,-2.72042335406408
7|3|1|11,1,10.854250809518
7|3|1|11,6,-1.0478347153191077
7|3|1|11,4,3.574163479021279
7|3|1|11,5,2.1113992856213284
7|3|1|11,2,5.731314715719812
7|3|1|11,3,6.886648166134263
7|3|1|10,7,-5.228643157062623
7|3|1|10,3,5.236899513274256
7|3|1|10,4,2.688256964452552
7|3|1|10,2,5.366214933042038
7|3|1|10,5,1.7063476469855892
7|3|1|10,1,9.236702573461123
7|3|1|10,6,-5.620483450692237
9|3|3|5,7,-14.389492856989861
9|3|3|5,4,-9.8729277598067
9|3|3|5,6,-11.612818166492993
9|3|3|5,3,-9.16987847809178
9|3|3|5,5,-9.054156062597619
9|3|3|5,2,-8.328274444432688
9|3|3|5,1,-8.14066925399819
14|3|3|1,6,-14.13527985
14|3|3|1,5,-14.13527985
14|3|3|1,3,-14.13527985
14|3|3|1,1,-14.13527985
14|3|3|1,4,-14.13527985
14|3|3|1,7,-13.7646855
14|3|3|1,2,-14.13527985
6|2|2|4,4,-3.015
6|2|2|4,2,-3.0987600189030404
6|2|2|4,3,-2.941335441092049
6|2|2|4,5,-3.5176938569062504
6|2|2|4,6,-3.79953945
6|2|2|4,1,-3.6024872656596867
6|2|2|4,7,-3.6542168634374996
6|2|2|3,5,-3.3505875
6|2|2|3,4,-4.8381189693749995
6|2|2|3,7,-3.3163875000000003
3|1|1|1,6,-4.5
5|3|2|10,5,-3.283709799194742
5|3|2|10,2,6.3048152390698675
5|3|2|10,1,9.320503449293845
5|3|2|10,6,-7.823622954553232
5|3|2|10,3,6.578179363240468
5|3|2|10,4,0.6770573240929512
5|3|2|10,7,-5.931557100998522
13|4|3|4,5,-10.571145280579312
13|4|3|4,4,-11.590873910009662
13|4|3|4,2,-9.590525195340884
13|4|3|4,3,-11.482407143171244
13|4|3|4,6,-14.78323458625153
13|4|3|4,7,-14.28947082882058
13|4|3|4,1,-9.542648375437668
3|4|2|8,2,-1.573680175165579
3|4|2|8,1,0.01685981387823543
12|3|1|3,3,-11.624230956811207
12|3|1|3,5,-13.193401716028031
12|3|1|3,2,-11.712296269592706
12|3|1|3,1,-11.559117774878054
12|3|1|3,6,-16.821941284791908
12|3|1|3,4,-12.379736324886718
12|3|1|3,7,-13.159682155839207
8|4|4|7,7,-3.015
8|4|4|7,5,-3.874275
8|4|4|7,2,0.8503130603946856
8|4|4|7,3,0.5959203076248155
8|4|4|7,4,-3.693130199705998
8|4|4|7,1,4.777676143022656
8|4|4|6,5,-5.85451993458083
8|4|4|6,4,-3.2525479075814916
8|4|4|6,7,-5.530316208522044
8|4|4|6,1,-4.014621119827526
8|4|4|6,3,-2.9348673879230085
8|4|4|6,2,-3.51149350695041
8|4|4|5,1,-4.538233770317742
8|4|4|5,2,-7.396747339761066
8|4|4|5,3,-4.393952156462132
14|4|2|2,5,-15.351824947575
14|4|2|2,4,-14.409863982
14|4|2|2,6,-17.8031282235525
14|4|2|2,3,-13.341468152902015
14|4|2|2,2,-12.997028588367112
14|4|2|2,7,-15.3421511175
14|4|2|2,1,-12.699999669153996
6|4|2|9,4,2.204235489593715
6|4|2|9,7,-8.239971809059917
6|4|2|9,5,-6.464009756541026
6|4|2|9,2,4.208717612720034
6|4|2|9,3,4.614842154309125
6|4|2|9,6,-6.796383115004584
6|4|2|9,1,8.003619591473678
10|4|2|7,1,1.773931982082042
10|4|2|7,2,-2.4352789372445933
10|4|2|7,4,-5.196427779775913
10|4|2|7,3,-1.5330345425168868
10|4|2|7,7,-14.551779649834861
10|4|2|7,6,-14.577878882349278
10|4|2|7,5,-10.856663873882408
14|2|2|6,3,-5.785913921944899
14|2|2|6,4,-7.573734350284405
14|2|2|6,5,-7.917571452465691
14|2|2|6,2,-6.264513946983903
14|2|2|6,7,-18.588206312441212
14|2|2|6,6,-13.003033501938866
14|2|2|6,1,-0.6426511028739137
16|2|2|5,1,-4.765224220190832
16|2|2|5,6,-19.60661171171179
16|2|2|5,2,-8.078977901589992
16|2|2|5,4,-9.00109612467209
16|2|2|5,3,-8.895650711810461
16|2|2|5,7,-20.167642070563822
16|2|2|5,5,-13.030293983852356
18|2|2|4,6,-21.50455306840026
18|2|2|4,7,-21.432273762555603
18|2|2|4,5,-18.45547934284602
18|2|2|4,2,-5.0298854727901166
18|2|2|4,1,-10.591955344532401
18|2|2|4,3,-10.64599485017088
18|2|2|4,4,-10.681587656383359
18|2|2|3,1,-12.074999922547597
18|2|2|3,5,-17.491124529277897
18|2|2|3,2,-12.074346946541716
18|2|2|3,7,-22.874999422003174
18|2|2|3,3,-12.344603541384034
18|2|2|3,4,-15.993402057029899
18|2|2|3,6,-22.874987598185456
20|2|1|2,2,-13.899999999999983
20|2|1|2,4,-17.602429528884286
20|2|1|2,5,-24.299999999999994
20|2|1|2,3,-13.900034458082084
20|2|1|2,6,-24.299999999999994
20|2|1|2,7,-24.299999999999994
20|2|1|2,1,-13.499999999999996
5|5|2|7,5,-5.709282681106835
5|5|2|7,2,-4.5931311465112525
5|5|2|7,7,-5.764000543606835
5|5|2|6,1,-3.254241453472221
5|5|2|6,7,-6.229668375
5|5|2|6,6,-3.874275
5|5|2|6,4,-3.874275
5|5|2|6,3,0.41462933923190287
10|4|1|1,4,-13.7646855
8|3|1|7,3,-6.507909021893728
8|3|1|7,4,-9.780854420388371
8|3|1|7,7,-16.60904316496371
8|3|1|7,6,-14.839186053085504
8|3|1|7,2,-6.321745121859475
8|3|1|7,1,-5.182588756865175
8|3|1|7,5,-13.587169620102731
9|3|1|6,3,-7.75698944042642
9|3|1|6,4,-10.074277630571348
9|3|1|6,1,-7.091922668947375
9|3|1|6,5,-12.400533059727662
9|3|1|6,7,-16.570941048007768
9|3|1|6,6,-16.480771189113618
9|3|1|6,2,-7.590170001068357
10|4|3|4,6,-10.063136921578966
10|4|3|4,2,-9.176263058990125
10|4|3|4,3,-9.66337828758964
10|4|3|4,7,-9.266260126581829
10|4|3|4,1,-9.14121505956451
10|4|3|4,5,-11.14454301109407
10|4|3|1,5,-11.3985
10|4|3|1,3,-12.478950000000001
10|4|3|1,1,-12.478950000000001
7|5|3|7,4,-7.647605971720397
7|5|3|7,2,0.7320195135790006
8|5|3|6,1,-1.2538333500563439
8|5|3|6,7,-7.460206985581875
8|5|3|6,6,-8.450221713935118
8|5|3|6,3,-5.2573956312686345
8|5|3|6,5,-4.569775673555989
13|4|3|5,1,-5.3591037174496705
13|4|3|5,4,-7.400369833823898
13|4|3|5,2,-5.832885473375016
13|4|3|5,5,-10.853167181663558
13|4|3|5,3,-5.952862629875167
13|4|3|5,7,-8.367703264985899
13|4|3|5,6,-13.572712791027989
20|1|1|3,4,-19.228722486729975
20|1|1|3,3,-12.845611608011472
20|1|1|3,7,-23.254999998300647
20|1|1|3,6,-23.254999999999992
20|1|1|3,2,-12.854999986422861
20|1|1|3,5,-23.021234628715725
20|1|1|3,1,-12.732305104268846
21|1|1|2,1,-13.899999999999997
21|1|1|2,3,-13.899999999999997
21|1|1|2,5,-24.299999999999994
21|1|1|2,2,-13.899999999999997
21|1|1|2,4,-16.39330678988852
21|1|1|2,6,-24.299999999999994
21|1|1|2,7,-24.299999999999994
22|1|1|1,5,-14.999999999999998
22|1|1|1,6,-14.999999999999998
22|1|1|1,2,-14.999999999999998
22|1|1|1,3,-14.999999999999998
22|1|1|1,4,-14.999999999999998
22|1|1|1,7,-14.999999999999998
22|1|1|1,1,-14.999999999999998
6|3|1|5,1,-6.156492138941983
6|3|1|5,5,-6.547040303395562
6|3|1|5,2,-6.191950738568133
6|3|1|5,6,-7.434734295453751
6|3|1|5,4,-6.195084530153476
6|3|1|5,3,-6.38259068104033
6|3|1|5,7,-6.043964743161901
11|5|2|3,3,-9.153647898877608
11|5|2|3,7,-11.04678911848423
11|5|2|3,1,-9.506805238745452
11|5|2|3,4,-3.1481450224925633
12|5|2|2,2,-12.005303728451995
12|5|2|2,5,-13.9199625
12|5|2|2,4,-4.141005963635705
14|5|2|1,1,-14.13527985
14|5|2|1,7,-13.7646855
14|5|2|1,5,-14.13527985
14|5|2|1,6,-14.13527985
14|5|2|1,4,-14.13527985
11|2|1|4,7,-12.889740028891412
11|2|1|4,3,-10.928310819839975
11|2|1|4,2,-10.490494316313029
11|2|1|4,1,-10.317210011688504
11|2|1|4,5,-11.653477436946032
11|2|1|4,4,-10.549886417983405
11|2|1|4,6,-11.81624740996457
11|2|1|3,3,-11.225247587106594
11|2|1|3,6,-14.367123809628197
11|2|1|3,4,-10.856759710092863
11|2|1|3,7,-15.305923816623274
11|2|1|3,1,-11.126298175228582
11|2|1|3,5,-11.164262474965591
11|2|1|3,2,-11.154995261403084
12|2|1|2,5,-12.726021167325
12|2|1|2,7,-14.311471274999999
12|2|1|2,1,-11.919151007222691
12|2|1|2,6,-12.31395075
12|2|1|2,4,-11.713758764967759
12|2|1|2,2,-11.679909794272678
12|2|1|2,3,-11.504470372686582
13|4|1|1,2,-14.703400988550001
13|4|1|1,5,-14.703400988550001
13|4|1|1,7,-12.478950000000001
13|4|1|1,3,-12.478950000000001
13|4|1|1,1,-12.478950000000001
13|4|1|1,6,-12.478950000000001
2|3|2|8,1,-0.8577304985681695
7|2|1|10,7,-9.516089376856831
7|2|1|10,3,2.68689230935899
7|2|1|10,2,4.212505352882548
7|2|1|10,4,4.085934163324989
7|2|1|10,6,-4.097324045722439
7|2|1|10,1,6.666205828989653
7|2|1|10,5,2.622314411771418
7|2|1|9,5,-11.073753712122155
7|2|1|9,1,-2.246239574994627
7|2|1|9,3,1.5814044553042488
7|2|1|9,4,-2.1260759949479597
7|2|1|9,7,-12.783617373333177
7|2|1|9,6,-12.811478346109237
7|2|1|9,2,-2.5178065513572294
9|4|2|7,1,-4.30630756357567
9|4|2|7,7,-15.308631405880302
9|4|2|7,5,-12.25500665438953
9|4|2|7,6,-15.316778294744886
9|4|2|7,4,-5.988024867595622
9|4|2|7,3,-3.5559627556525935
9|4|2|7,2,-1.381306158862341
13|4|2|6,4,-5.7201499406960306
13|4|2|6,6,-13.881863289452276
13|4|2|6,5,-4.608584573814005
13|4|2|6,3,-0.8452994877251401
13|4|2|6,7,-15.260864612105747
13|4|2|6,2,-1.5195899764496235
13|4|2|6,1,4.678618133839988
14|4|2|5,1,-7.0801968711431025
14|4|2|5,4,-7.694672629318175
14|4|2|5,6,-17.47213452863286
14|4|2|5,7,-17.686457831603956
14|4|2|5,5,-13.617176554876423
14|4|2|5,3,-7.602429611424321
14|4|2|5,2,-2.2137306683713813
5|1|1|5,3,-1.8895896424868435
5|1|1|5,2,0.07861990794577434
5|1|1|5,5,-2.88323093775
5|1|1|5,4,-0.49370334911135355
8|5|2|5,7,-9.015419998610811
8|5|2|5,6,-9.948685816923694
8|5|2|5,1,-7.35381921378986
8|5|2|5,2,-7.775226235785162
10|5|1|3,6,-20.07004457889056
13|5|1|1,6,-13.235265
13|5|1|1,7,-13.235265
13|5|1|1,1,-13.7646855
5|4|1|1,1,-4.5
6|4|4|3,5,-5.3584875
6|4|4|2,1,-1.3897499999999998
2|3|3|11,3,4.39198923996074
2|3|3|11,5,-4.674613126303834
2|3|3|11,6,-5.499212206498346
2|3|3|11,4,-5.460262502761165
2|3|3|11,1,10.651594675660963
2|3|3|11,7,-3.855036888274704
2|3|3|11,2,8.637212691016238
4|3|2|4,2,0.28453837499999995
4|3|2|4,4,0.169125
4|3|2|4,5,-3.874275
1|3|2|9,6,-6.358626682640762
1|3|2|8,2,1.1749887701103496
3|5|1|7,2,-1.5752942233712939
3|5|1|7,5,-2.74302940782572
4|6|1|6,5,-3.015
4|6|1|6,2,0.10500000000000001
4|6|1|6,1,-0.9956136618028855
4|6|1|5,1,0.7744213723125
2|6|1|9,3,-7.319850091553434
2|6|1|9,6,-7.270569695658878
3|7|1|8,7,-3.015
3|7|1|7,1,0.8250000000000001
10|2|2|6,1,-7.692374512797905
10|2|2|6,6,-18.415011099103126
10|2|2|6,3,-8.053361412364197
10|2|2|6,7,-18.49821003792935
10|2|2|6,5,-11.21097206089962
10|2|2|6,4,-8.252872417960685
10|2|2|6,2,-7.925482940962091
12|2|2|5,1,-9.275252111523942
12|2|2|5,7,-19.87872068520808
12|2|2|5,6,-15.591273102187127
12|2|2|5,2,-9.282384727218735
12|2|2|5,3,-9.373912051433093
12|2|2|5,5,-13.40067917348361
12|2|2|5,4,-9.541019376563517
14|2|1|4,5,-14.518127393074021
14|2|1|4,1,-10.685531935936467
14|2|1|4,2,-11.080069765459939
14|2|1|4,3,-11.06594520604256
14|2|1|4,6,-21.006785478814137
14|2|1|4,7,-21.374341862831983
14|2|1|4,4,-11.117872494817899
5|5|2|5,4,-6.5548973896875005
5|5|2|5,7,-7.52929755721875
5|5|2|4,7,-7.239790963125
5|5|2|3,1,-1.835422141021436
5|5|2|3,4,-3.015
12|5|2|1,3,-12.478950000000001
12|5|2|1,2,-12.478950000000001
12|5|2|1,5,-11.3985
1|4|1|11,7,-3.015
1|4|1|11,5,-7.1679560980779655
1|4|1|11,1,8.099659447206271
1|4|1|11,3,-4.720660874999999
1|4|1|11,6,-8.070774246224184
1|4|1|11,2,4.417351453370104
1|4|1|11,4,-7.809422862899679
1|4|1|10,7,-7.129163184159375
1|4|1|10,3,-5.056012624834969
1|4|1|10,2,0.09430206278853313
1|4|1|9,7,-3.015
1|4|1|9,2,-0.5318544238124999
1|4|1|9,1,1.0288044136874999
1|4|1|8,7,-3.015
1|4|1|7,7,-3.015
1|4|1|6,6,-3.015
1|4|1|5,1,0.46499999999999997
5|3|3|4,1,-2.180818181856516
5|3|3|4,6,-3.015
8|4|3|3,6,-11.059419236027626
8|4|3|3,1,-9.513483916412172
8|4|3|3,4,-9.014682776761177
8|4|3|2,3,-8.9923841389275
2|6|1|12,4,1.3915265695892927
2|6|1|12,2,13.130113012073238
2|6|1|12,7,1.0260623177404828
2|6|1|12,3,7.46124408611905
2|6|1|12,6,0.3183606569739695
2|6|1|12,1,3.9456716280754485
2|6|1|12,5,0.939533919114576
2|6|1|11,2,9.543676672979439
2|6|1|11,6,-0.9608207616964279
2|6|1|11,1,11.967375571407201
2|6|1|11,5,-0.9487096476986796
2|6|1|11,7,-0.42234867671618714
2|6|1|11,3,9.499869361824002
2|6|1|11,4,-0.1206826864774598
3|6|1|10,4,-13.455242804379346
3|6|1|10,2,4.6832429316291435
3|6|1|10,7,-10.103170508686059
3|6|1|10,5,-11.028124944336415
3|6|1|10,3,0.6360156071200095
3|6|1|10,1,11.726323449033881
3|6|1|10,6,-11.617837056677265
3|6|1|9,4,-8.292562586644056
3|6|1|9,5,-10.549267210597414
3|6|1|9,6,-7.829344476123352
3|6|1|9,3,2.2407645475111293
3|6|1|8,5,-7.531958995336854
3|6|1|8,1,1.3659650288882899
3|6|1|8,6,-2.19025880049094
3|6|1|8,7,-2.2584910011212895
3|6|1|7,5,-3.015
3|6|1|7,1,-0.6645148293057563
3|6|1|6,1,0.7691250000000001
5|3|1|8,7,-14.2981607197457
5|3|1|8,6,-15.17405801740184
5|3|1|8,3,-3.9600350797435864
5|3|1|8,1,-3.205763142155035
5|3|1|8,5,-14.000926926509518
5|3|1|8,2,-4.37845255932455
5|3|1|8,4,-9.568295479389302
6|5|1|6,7,-15.053002664859815
6|5|1|6,3,-8.163052364226564
6|5|1|5,6,-11.313802380692023
6|5|1|5,3,-10.638648444215628
6|5|1|5,7,-11.926603732044317
6|5|1|4,7,-9.654729831397688
6|5|1|4,6,-10.870847537248586
6|5|1|4,3,-10.068723579992014
6|5|1|3,1,-6.646767171545933
6|5|1|3,3,-7.914132102412463
6|5|1|3,7,-7.8533410727677495
6|1|1|9,6,-14.850066652125989
6|1|1|9,5,-4.089843118992609
6|1|1|9,2,-3.568611937916917
6|1|1|9,1,-3.3038750966077104
6|1|1|9,7,-14.599953345612542
6|1|1|9,4,-3.4825751259001327
6|1|1|9,3,-2.478149017703474
6|1|1|8,1,-5.568591380491156
6|1|1|8,3,-5.551957763448837
6|1|1|8,7,-16.016636471698256
6|1|1|8,2,-5.533266075682404
6|1|1|8,5,-8.260540113760246
6|1|1|8,4,-5.296297340197165
6|1|1|8,6,-15.487681548711537
7|2|1|7,4,-6.737016957266914
7|2|1|7,2,-6.751781531839652
7|2|1|7,1,-5.878564907123013
7|2|1|7,7,-14.853906372091656
7|2|1|7,3,-6.715930989958252
7|2|1|7,5,-12.530161684509745
7|2|1|7,6,-16.97001802183951
3|5|2|6,6,-3.015
3|5|2|6,1,0.9228682124999998
3|5|2|5,7,-3.015
3|5|2|4,1,0.6337029375
10|4|1|2,7,-12.753848249999999
10|4|1|2,2,-9.933712154305884
4|4|3|10,5,-4.544240123848932
4|4|3|10,7,-5.482709382633093
4|4|3|10,3,6.028027644962689
4|4|3|10,4,0.03114035446783281
4|4|3|10,6,-4.081035542018666
4|4|3|10,1,9.756226830168664
4|4|3|10,2,11.283092918550535
4|4|3|9,3,-2.7256994878252496
4|4|3|9,1,8.747118637861341
4|4|3|9,5,-5.331373559776493
4|4|3|9,4,-2.882475
4|4|3|9,2,2.0505549113922683
4|4|3|9,7,-1.744994322568269
4|4|3|9,6,-4.745331943758734
5|4|3|8,1,-0.25931880109366445
5|4|3|8,6,-2.596721181062152
5|4|3|8,7,-3.499599354522578
5|4|3|8,2,0.7265579171745612
5|4|3|8,3,-0.6522840522866852
5|4|3|8,4,-0.7583857503826402
5|4|3|8,5,-3.6355724936705456
9|3|3|7,5,-4.598483045243531
9|3|3|7,4,-6.892462002532432
9|3|3|7,1,-3.540045523752452
9|3|3|7,3,-5.884803992498675
9|3|3|7,6,-13.13859905111891
9|3|3|7,7,-15.338959603326261
9|3|3|7,2,1.4910034481734065
6|5|3|1,1,-4.5
6|5|3|1,3,-4.5
7|3|3|10,2,10.041275347820514
7|3|3|10,1,11.200992648716706
7|3|3|10,3,9.002687969053923
7|3|3|10,7,-1.049518466855148
7|3|3|10,4,6.918764561575589
7|3|3|10,6,4.2799631909982905
7|3|3|10,5,4.374277258574842
10|3|2|9,5,4.82545280042144
10|3|2|9,7,-4.245614431831523
10|3|2|9,4,8.142775560446442
10|3|2|9,6,-0.45006214502028064
10|3|2|9,2,7.011857131387383
10|3|2|9,1,9.889777668444182
10|3|2|9,3,7.936998147711769
14|4|2|3,7,-17.423841549289463
14|4|2|3,5,-17.8464604853704
14|4|2|3,3,-11.27538907567869
14|4|2|3,1,-11.234231081915034
14|4|2|3,2,-11.31313844326926
14|4|2|3,6,-17.27055562244818
14|4|2|3,4,-11.546233667283579
15|4|2|1,4,-14.898266539072651
15|4|2|1,2,-14.898266539072651
15|4|2|1,5,-14.898266539072651
15|4|2|1,6,-14.898266539072651
15|4|2|1,1,-14.928786577350856
15|4|2|1,3,-14.898266539072651
4|3|2|10,7,-8.335865687258377
4|3|2|10,6,-8.508280768469096
4|3|2|10,2,4.265483089010476
4|3|2|10,4,-5.387209989772496
4|3|2|10,3,1.2143682124762099
4|3|2|10,5,-7.23524274286521
4|3|2|10,1,7.849584467353925
13|5|3|2,3,-6.69199093173675
15|5|3|1,1,-14.703400988550001
8|2|2|1,7,-7.65
5|4|3|9,1,6.834649377020937
5|4|3|9,2,7.671167866985919
5|4|3|9,5,-8.441783737692317
5|4|3|9,7,-6.7067955607768885
5|4|3|9,6,-7.306732852866266
5|4|3|9,3,4.4520900665831515
5|4|3|9,4,2.4929642511864
11|4|2|7,4,-0.5520313093002706
11|4|2|7,7,-14.354667571066361
11|4|2|7,1,8.426304664426434
11|4|2|7,2,-0.5165866147402807
11|4|2|7,3,0.07942010732223839
11|4|2|7,5,-11.23599480266982
11|4|2|7,6,-12.814722360154585
16|3|1|4,4,-11.662759505335467
16|3|1|4,5,-20.85453986424978
16|3|1|4,6,-19.381029460532147
16|3|1|4,3,-13.065970636475043
16|3|1|4,1,-10.4115739511839
16|3|1|4,7,-21.178236293555344
16|3|1|4,2,-10.946065982638537
17|3|1|3,5,-19.91313692276738
17|3|1|3,1,-11.887170644377928
17|3|1|3,7,-22.489446145845957
17|3|1|3,2,-12.094886186957723
17|3|1|3,6,-22.489642250297166
17|3|1|3,4,-12.13955820491558
17|3|1|3,3,-12.158823556832251
17|3|1|2,4,-16.62961570405564
17|3|1|2,2,-13.558410954971414
17|3|1|2,3,-13.619287738906866
17|3|1|2,7,-21.76393168529908
17|3|1|2,5,-20.724814571855717
17|3|1|2,1,-13.099999999999996
17|3|1|2,6,-18.646810673027048
18|3|1|1,1,-14.999980509778284
18|3|1|1,6,-14.999980509778284
18|3|1|1,3,-14.999980509778284
18|3|1|1,5,-14.999980509778284
18|3|1|1,4,-14.999980509778284
18|3|1|1,2,-14.999980509778284
18|3|1|1,7,-14.999980509778284
4|6|1|7,6,-5.6970675
5|6|1|5,1,0.7532006250000001
4|4|2|10,4,-1.5976474586550808
4|4|2|10,5,-6.3459704729057425
4|4|2|10,2,8.846767096004164
4|4|2|10,3,6.330282153638457
4|4|2|10,1,6.275684314220341
4|4|2|10,6,-5.939043732181351
4|4|2|10,7,-5.819579368750556
4|4|2|8,1,-1.399665569941261
4|4|2|8,2,-3.342349762463881
4|4|2|8,5,-5.581269635060261
4|4|2|8,4,-4.119168375
4|4|2|8,6,-7.922942435179141
4|4|2|8,3,-2.7552983769367527
4|4|2|8,7,-2.888139971211002
8|6|1|7,6,-12.987664678953417
8|6|1|7,2,-1.2337806982180866
8|6|1|7,1,3.457768984132273
8|6|1|7,5,-4.3338438052822665
8|6|1|7,4,-0.36768293029084465
8|6|1|6,1,-4.426916481264971
8|6|1|6,6,-8.02130738724986
8|6|1|6,4,-7.277693200183359
8|6|1|6,7,-6.551146145519432
8|3|1|2,7,-9.68085
8|3|1|2,5,-10.309275
8|3|1|2,2,-7.7456771908147495
8|3|1|1,7,-9.855
8|3|1|1,5,-11.3985
1|5|0|12,5,-0.07739819628585487
1|5|0|12,6,-0.22027525619385568
1|5|0|12,7,-0.4630787478611573
1|5|0|12,3,-0.4340227122411521
1|5|0|12,4,0.22558357050369865
1|5|0|12,2,-0.6320444116865883
1|5|0|12,1,12.2380421249035
1|5|0|11,1,11.014676596017173
1|5|0|11,2,-3.015
1|5|0|11,4,-3.874275
1|5|0|11,5,-4.720660874999999
1|5|0|11,6,-5.554350961875
8|6|3|8,2,2.114726826408677
8|6|3|8,1,12.265354657270713
8|6|3|8,4,-0.4111409120876162
8|6|3|8,5,-0.23909307228991458
8|6|3|8,3,3.83548065915961
8|6|3|8,7,-0.3520397226690049
8|6|3|8,6,-1.0290891333269938
11|6|2|7,3,12.050487418914654
11|6|2|7,5,-1.7180937514007377
11|6|2|7,7,-2.2805368596347444
11|6|2|7,6,-0.8592828063897299
11|6|2|7,2,2.9268524721107396
11|6|2|7,1,3.6606104421218517
12|6|2|6,1,12.442801571924113
12|6|2|6,6,-5.572238128450492
12|6|2|6,4,-3.7808891455129823
12|6|2|6,3,3.670060449461007
12|6|2|6,2,2.9067765555575407
12|6|2|6,5,-3.5108977832441655
12|6|2|6,7,-7.32192504149692
12|3|3|4,3,-13.04717453862264
12|3|3|4,4,-11.048455615439014
12|3|3|4,5,-14.122357735737435
12|3|3|4,1,-9.92423780749302
12|3|3|4,7,-15.534985838114677
12|3|3|4,6,-11.925840590578371
12|3|3|4,2,-9.894038502126152
8|3|1|3,7,-13.9544552409075
8|3|1|3,1,-8.897252387998128
4|3|2|12,7,-1.8830276508165282
4|3|2|12,3,7.016397682331399
4|3|2|12,1,11.381783563781322
4|3|2|12,2,7.912683377176962
4|3|2|12,6,-0.13232053424921902
4|3|2|12,5,-0.20345465050532863
4|3|2|12,4,3.718474549126924
4|3|2|11,6,-2.886224073722392
4|3|2|11,1,10.747532624823165
4|3|2|11,4,3.1351730205537858
4|3|2|11,2,8.326474909077698
4|3|2|11,5,-3.791594789714811
4|3|2|11,7,-4.196168294868673
4|3|2|11,3,8.601618312845932
7|2|2|9,3,-0.41333811070192183
7|2|2|9,6,-10.770864720327669
7|2|2|9,5,-8.200766992961075
7|2|2|9,2,0.16813216649236387
7|2|2|9,1,2.8407262142955596
7|2|2|9,4,0.08284144464808403
7|2|2|9,7,-12.649192638221725
9|2|2|8,1,-2.3543660940088125
9|2|2|8,5,-5.902721884849498
9|2|2|8,7,-14.953765643756482
9|2|2|8,2,0.44775320534966756
9|2|2|8,6,-9.207702365294667
9|2|2|8,4,-4.735977014102967
9|2|2|8,3,-3.590252602345891
11|2|2|7,5,-6.427955565718581
11|2|2|7,7,-17.079380731801734
11|2|2|7,4,-6.212930758938786
11|2|2|7,6,-8.995991459413226
11|2|2|7,3,-5.855038318206517
11|2|2|7,2,-5.601025855405365
11|2|2|7,1,-1.4267029003322929
12|2|2|6,3,-8.193140859190326
12|2|2|6,1,-7.816564587464355
12|2|2|6,6,-17.517729245721995
12|2|2|6,7,-17.886843635105578
12|2|2|6,5,-10.139506028804917
12|2|2|6,2,-6.838586908208859
12|2|2|6,4,-9.862724405381694
17|2|2|4,1,-10.264130504037695
17|2|2|4,7,-21.357302028773343
17|2|2|4,3,-11.021741398388592
17|2|2|4,5,-15.061428877497605
17|2|2|4,4,-11.128116589914692
17|2|2|4,6,-21.479572458641638
17|2|2|4,2,-10.949081736112534
19|2|2|3,1,-12.069521648234803
19|2|2|3,5,-22.874999998908685
19|2|2|3,2,-11.940819417225999
19|2|2|3,4,-15.671802083342026
19|2|2|3,7,-22.874999996891205
19|2|2|3,3,-12.691013719761068
19|2|2|3,6,-22.874999997075673
7|5|3|2,1,-0.6974999999999998
15|3|1|1,1,-14.982901657221941
15|3|1|1,3,-14.982901657221941
15|3|1|1,6,-14.975573796031343
15|3|1|1,4,-14.8546664843895
6|3|1|7,1,-5.660033208500345
6|3|1|7,5,-8.12685904433076
6|3|1|7,2,-6.29840379754842
6|3|1|7,6,-13.439589295585252
6|3|1|7,4,-9.948035316581459
6|3|1|7,7,-11.13129870425076
6|3|1|7,3,-7.749237202560053
13|2|2|4,1,-10.718468890111186
13|2|2|4,2,-10.448588627638092
13|2|2|4,6,-20.596193504305994
13|2|2|4,7,-21.055141347593874
13|2|2|4,5,-11.197734801054034
13|2|2|4,3,-10.922355280299579
13|2|2|4,4,-11.552386608969925
3|4|1|6,2,0.0053037581624999774
3|4|1|6,7,-3.015
7|2|2|2,1,-6.144682274999999
7|2|2|2,5,-7.30575
8|5|3|5,6,-9.724646351711367
8|5|3|5,3,-4.33118777366087
8|5|3|1,2,-4.5
8|5|3|1,1,-4.5
7|3|3|6,4,-9.88999387315873
7|3|3|6,3,-7.150614876897748
7|3|3|6,5,-7.920883681749816
7|3|3|6,6,-7.537885513928159
7|3|3|6,1,-6.3495327872544784
7|3|3|6,2,-6.621144728335914
7|3|3|6,7,-8.35861092497069
3|4|1|7,7,-6.562884008998125
3|4|1|5,4,-2.882475
7|1|1|6,1,-7.394904637141347
7|1|1|6,2,-7.007201150564743
7|1|1|6,5,-7.412600809801704
7|1|1|6,6,-7.459654810105027
7|1|1|6,4,-6.958242966360685
14|3|1|3,5,-14.098084774409969
14|3|1|3,3,-12.411389649162427
14|3|1|3,2,-12.091055482281503
14|3|1|3,7,-17.230196914200327
14|3|1|3,4,-14.182928752000766
14|3|1|3,1,-11.831615780139314
14|3|1|3,6,-14.766544630590476
8|5|2|2,2,-5.14117575
10|5|1|1,6,-7.65
9|4|2|5,3,-8.362912635340544
9|4|2|5,6,-12.785548127512714
9|4|2|5,2,-7.603916448272697
9|4|2|5,5,-11.927075224063708
9|4|2|5,4,-8.542353429170257
9|4|2|5,1,-8.41502449463689
9|4|2|5,7,-9.623761625532314
7|2|1|6,7,-12.87308640794771
7|2|1|6,1,-7.909347810886233
7|2|1|6,6,-13.797921944150302
7|2|1|6,3,-7.8678629431151546
7|2|1|6,4,-7.660651036937513
7|2|1|6,5,-7.871657704297446
7|2|1|6,2,-7.906804513232503
8|1|1|4,1,-2.6720524119240756
8|1|1|4,5,-3.0365187983070454
8|1|1|4,4,-1.8508139240354136
9|1|1|3,6,-3.015
9|1|1|3,7,-2.985075
9|1|1|3,5,-2.93997412393875
9|1|1|2,4,0.10500000000000001
9|1|1|2,2,-1.1774999999999998
10|1|1|1,5,-4.5
7|6|2|7,1,4.7932148837804505
7|6|2|7,4,-3.015
7|6|2|7,5,-6.715752083056941
13|3|3|6,6,-13.458050122444282
13|3|3|6,1,0.95459940894614
13|3|3|6,3,0.4782945414618236
13|3|3|6,4,-6.58520597399506
13|3|3|6,2,7.3025332770742795
13|3|3|6,5,-9.65960843425679
13|3|3|6,7,-15.162341097306392
13|3|3|5,2,-2.9801985460973697
13|3|3|5,3,-9.284047646176479
13|3|3|5,7,-17.796680579517396
13|3|3|5,5,-12.848089502481528
13|3|3|5,4,-8.33043946788103
13|3|3|5,6,-18.625670795085277
13|3|3|5,1,-8.360870270758593
23|1|1|1,1,-14.999999999999998
23|1|1|1,2,-14.999999999999998
23|1|1|1,3,-14.999999999999998
23|1|1|1,4,-14.999999999999998
23|1|1|1,5,-14.999999999999998
23|1|1|1,7,-14.999999999999998
23|1|1|1,6,-14.999999999999998
9|5|1|3,7,-6.951779999999999
9|5|1|2,4,-15.0837615
9|5|1|1,2,-12.478950000000001
16|3|2|5,3,-8.539988549847758
16|3|2|5,5,-16.177750097781388
16|3|2|5,7,-18.334205313738973
16|3|2|5,6,-18.099343079811643
16|3|2|5,4,-5.8635764281473115
16|3|2|5,1,2.739140050719892
16|3|2|5,2,-4.511446061825245
17|3|3|4,1,10.30801432984032
17|3|3|4,6,-16.02759181556502
17|3|3|4,7,-16.29730374222655
17|3|3|4,5,-17.399609372451895
17|3|3|4,3,6.442628794453305
17|3|3|4,2,11.19147757527473
17|3|3|4,4,-1.5798181469682318
20|3|1|3,4,-22.489649045766335
20|3|1|3,2,2.838699935758127
20|3|1|3,5,-22.41183089263826
20|3|1|3,6,-22.493677253361724
20|3|1|3,1,10.507499999999999
20|3|1|3,3,4.995406862590739
20|3|1|3,7,-22.491268451137955
20|3|1|2,6,-24.299970395437345
20|3|1|2,5,-24.29953487731523
20|3|1|2,2,-13.812482404283683
20|3|1|2,3,-13.905393646237435
20|3|1|2,4,-24.299942897132773
20|3|1|2,1,-13.099999999999996
20|3|1|2,7,-24.299688741795308
11|5|1|2,2,-6.194773274999999
12|6|1|1,1,-4.5
12|6|1|1,5,-4.5
10|2|1|3,6,-11.742709531323687
10|2|1|3,4,-9.684521688803212
10|2|1|3,2,-9.917217321945415
10|2|1|2,3,-10.064556519013575
10|2|1|2,4,-10.66883238709425
10|2|1|2,7,-13.409295525000001
14|2|2|1,4,-14.994135268427126
14|2|2|1,7,-14.991621812038751
14|2|2|1,3,-14.994135268427126
14|2|2|1,5,-14.994135268427126
14|2|2|1,1,-14.994135268427126
14|2|2|1,6,-14.792380691985
14|4|4|3,1,-9.502120522374819
14|4|4|3,2,-9.640228682956812
14|4|4|3,3,-10.577303951596589
14|4|4|3,5,-11.019947898635525
18|4|1|2,6,-20.368469113760717
18|4|1|2,2,-13.70371963011944
18|4|1|2,4,-19.635309394094445
18|4|1|2,3,-12.865199878293465
18|4|1|2,5,-19.595204136855
18|4|1|2,7,-21.63388003328924
18|4|1|2,1,-12.69999999999958
2|3|0|9,5,-11.494102645767303
2|3|0|9,3,-11.313735162220496
2|3|0|9,1,-2.0580787844632384
2|3|0|9,6,-3.874275
2|3|0|9,4,-3.9413133282358377
2|3|0|8,1,-3.250222204336273
2|3|0|8,6,-4.856041679450021
2|3|0|8,4,-4.734541193905744
2|3|0|8,2,-3.147211476027477
6|4|3|6,6,-13.043279975010542
6|4|3|6,4,-11.560204911131782
15|5|3|2,4,-14.2719911175
15|5|3|2,7,-12.753848249999999
15|5|3|2,1,-11.736648877137906
5|1|1|11,3,3.8307323708087475
5|1|1|11,4,7.306156536418083
5|1|1|11,7,-8.209890865632058
5|1|1|11,1,4.245423561741264
5|1|1|11,5,3.5640532361902357
5|1|1|11,6,-7.971064826651814
5|1|1|11,2,3.1625243624822637
7|1|1|9,5,-3.489192894352474
7|1|1|9,6,-6.628842604641811
7|1|1|9,2,-3.3211637040526596
7|1|1|9,7,-12.797512310903171
7|1|1|9,3,-2.809693403521524
7|1|1|9,1,-2.148464322737857
7|1|1|9,4,-2.6242555305238855
8|1|1|8,1,-5.1240454447763915
8|1|1|8,6,-12.312716202164385
8|1|1|8,7,-15.839467968385666
8|1|1|8,3,-5.832839724109071
8|1|1|8,4,-4.3945557752464905
8|1|1|8,2,-5.4883851292800285
8|1|1|8,5,-5.711504637685122
9|2|1|7,1,-5.540430452359419
9|2|1|7,7,-16.28608609110518
9|2|1|7,6,-13.834810534994997
9|2|1|7,4,-6.758454664577842
9|2|1|7,3,-6.835726098489756
9|2|1|7,2,-6.857785355437932
9|2|1|7,5,-12.886906219946278
19|4|1|1,5,-14.991621812038751
19|4|1|1,7,-14.991621812038751
19|4|1|1,3,-14.994135268427126
19|4|1|1,2,-14.994135268427126
19|4|1|1,4,-13.235265
5|2|1|11,1,9.539588376217171
5|2|1|11,7,-4.9650332727278474
5|2|1|11,5,0.5514931595325101
5|2|1|11,6,-5.63648959807474
5|2|1|11,4,5.185926281227686
5|2|1|11,3,5.947814949390685
5|2|1|11,2,5.870282951970296
10|5|1|9,4,4.254237350538681
10|5|1|9,6,1.5237826087866546
10|5|1|9,7,-0.5964761984770098
10|5|1|9,2,11.623107930665642
10|5|1|9,3,3.050502481385655
10|5|1|9,1,8.069154290208923
10|5|1|9,5,-0.3728627772933311
11|5|1|8,5,1.4075663320996878
11|5|1|8,6,-4.009197652681433
11|5|1|8,1,11.981181425688954
11|5|1|8,2,6.788543570181353
11|5|1|8,7,-0.8462899848437013
11|5|1|8,3,5.35965994767834
11|5|1|8,4,6.384072727893829
11|5|1|7,5,-1.0687480845075825
11|5|1|7,2,1.2324459947765554
11|5|1|7,7,-9.070090148723216
11|5|1|7,1,8.385439019170978
11|5|1|7,6,-6.784868550236841
11|5|1|7,4,-3.781613295493952
11|5|1|7,3,1.7334739271089195
11|5|1|6,7,-16.79184158042027
11|5|1|6,6,-16.853293150756244
11|5|1|6,1,-1.3405925018090958
11|5|1|6,5,-5.1918798290794355
11|5|1|6,2,-4.497401877012116
11|5|1|6,4,-4.77960493388524
11|5|1|6,3,-4.550840904448851
11|5|1|5,1,-6.49510669090676
11|5|1|5,2,-8.107774316900427
11|5|1|5,4,-14.693128551829375
11|5|1|5,6,-10.758599944758062
11|5|1|5,3,-11.698760107689596
11|5|1|5,7,-9.87413146672053
11|5|1|5,5,-9.720393854991844
4|5|0|8,7,-13.882748023125
4|5|0|7,5,-11.796471286875
4|5|0|6,7,-10.932328759835068
4|5|0|6,5,-8.182313874309374
4|5|0|5,6,-12.99838789677122
4|5|0|4,3,-9.382096048955626
4|5|0|3,1,-2.7669516386625004
16|2|1|4,6,-20.05202709625361
16|2|1|4,2,-11.307837425514299
16|2|1|4,5,-12.132640033579069
16|2|1|4,7,-21.65456269506046
16|2|1|4,4,-14.43185151874887
16|2|1|4,1,-11.022585451599905
16|2|1|4,3,-11.324226713463718
1|3|3|12,1,11.52416247391434
1|3|3|12,6,-2.4214968822337175
1|3|3|12,2,6.777510117854423
1|3|3|12,3,-1.0995745069944731
1|3|3|12,4,-1.2892405774965985
1|3|3|12,7,-1.3877462585159528
1|3|3|12,5,-1.542445929171052
4|4|3|11,1,13.10227836419891
4|4|3|11,6,0.4207708571971498
4|4|3|11,2,9.953768347427097
4|4|3|11,5,-0.20425016006454377
4|4|3|11,3,7.117249383297846
4|4|3|11,4,3.398756938245157
4|4|3|11,7,0.7832741787052423
8|3|3|10,3,11.888406619867416
8|3|3|10,5,8.381999543282701
8|3|3|10,4,7.263864829463545
8|3|3|10,7,0.09900387958862347
8|3|3|10,6,1.8837873117811652
8|3|3|10,1,11.036498685206412
8|3|3|10,2,11.173501830449272
10|6|4|9,2,10.951978594685192
10|6|4|9,7,-3.015
10|6|4|9,4,0.557679125815685
14|6|1|8,2,1.4427529467382427
14|6|1|8,1,11.759506292325002
15|6|1|7,3,11.385331695981133
16|6|1|6,2,0.10500000000000001
16|6|1|6,1,11.709852238693975
16|6|1|6,6,-3.015
16|6|1|6,5,0.3183185691654016
17|6|1|5,1,4.005749999999998
23|1|1|4,6,-0.6925000000000044
23|1|1|4,4,-0.6925000000000044
23|1|1|4,1,9.849999999999996
23|1|1|4,3,-0.6925000000000042
23|1|1|4,2,9.849999999999996
23|1|1|4,5,-0.6925000000000042
23|1|1|4,7,-0.6925000000000042
23|1|1|3,1,9.849999999999996
23|1|1|3,7,-0.6925000000000044
23|1|1|3,6,-0.6925000000000044
23|1|1|3,4,-0.6925000000000044
23|1|1|3,3,-0.6925000000000044
23|1|1|3,5,-0.6925000000000044
23|1|1|3,2,9.849999999999996
24|1|0|2,1,9.999999999999998
24|1|0|2,4,-0.5500000000000026
24|1|0|2,5,-0.5500000000000026
24|1|0|2,2,-0.5500000000000026
24|1|0|2,3,-0.5500000000000024
24|1|0|2,7,-0.5500000000000024
24|1|0|2,6,-0.5500000000000024
4|5|3|8,3,0.1696445956506172
4|5|3|8,1,0.1635310432224514
4|5|3|8,4,0.02568493931636373
5|5|3|7,4,-0.87703197520785
5|5|3|7,1,-1.7505877719911749
6|5|3|6,2,-2.1986194130016266
6|5|3|6,5,-3.015
9|5|4|5,1,-6.3002633166602555
14|4|1|4,1,-9.978136127596631
14|4|1|4,5,-14.505767359767516
14|4|1|4,7,-15.718310844473116
14|4|1|4,4,-17.05555234265803
14|4|1|4,2,-10.326039966777282
14|4|1|4,6,-15.633002179889465
14|4|1|4,3,-11.73092178473654
18|1|1|3,4,-12.69909800624016
18|1|1|3,1,-12.833719973811187
18|1|1|3,5,-13.313796351435233
18|1|1|3,3,-12.847474145999227
18|1|1|3,2,-12.837181778021112
18|1|1|3,7,-23.20001975985395
18|1|1|3,6,-21.76734752002237
19|1|1|2,1,-13.899999999999997
19|1|1|2,7,-24.298808726519454
19|1|1|2,2,-13.899999999999997
19|1|1|2,5,-19.592222180748326
19|1|1|2,4,-14.172138845814782
19|1|1|2,3,-13.899999999999997
19|1|1|2,6,-21.732994297833933
20|1|1|1,1,-14.999999999999998
20|1|1|1,4,-14.999999999999998
20|1|1|1,5,-14.999999999999998
20|1|1|1,6,-14.999999999999998
20|1|1|1,3,-14.999999999999998
20|1|1|1,7,-14.999999999999998
20|1|1|1,2,-14.999999999999998
3|5|2|12,1,13.455910784777181
3|5|2|12,5,0.25458610995852077
3|5|2|12,4,0.6160348293324985
3|5|2|12,2,3.9249554710512222
3|5|2|12,6,0.5815485449080633
3|5|2|12,7,0.7524131481353498
3|5|2|12,3,3.696614837046858
8|4|3|11,6,1.8081594632419025
8|4|3|11,3,11.961428097791746
8|4|3|11,1,3.651619884589365
8|4|3|11,4,0.5465030525291016
8|4|3|11,2,3.671773468120568
8|4|3|11,5,3.022242908406132
8|4|3|11,7,0.5530225454774115
8|4|3|9,6,-0.08588710277999978
8|4|3|9,2,12.032094290195419
8|4|3|9,1,10.058829251154163
8|4|3|9,4,5.388858951938117
8|4|3|9,7,-0.44229895812942144
8|4|3|9,5,2.160069984852769
8|4|3|9,3,6.901539726189114
8|4|3|8,3,1.7102906982799677
8|4|3|8,7,-8.979758864031272
8|4|3|8,2,6.131030210178842
8|4|3|8,6,-8.657130386138261
8|4|3|8,4,0.30469961476680507
8|4|3|8,5,-4.25696753163501
8|4|3|8,1,9.75302721603602
10|4|3|7,1,0.4549807376867254
10|4|3|7,2,5.0507932787373555
10|4|3|7,5,-6.941496167728063
10|4|3|7,6,-11.733346784335566
10|4|3|7,4,-4.256719098140369
10|4|3|7,3,-0.48217893635092446
10|4|3|7,7,-12.246823378867669
14|3|2|6,1,-2.497023466808581
14|3|2|6,4,-5.3325536150105535
14|3|2|6,5,-7.311512426652805
14|3|2|6,2,-1.9416257086626705
14|3|2|6,3,-5.517331118224211
14|3|2|6,7,-15.318923574988602
14|3|2|6,6,-11.760121705482344
17|2|2|5,1,-2.9800240827176627
17|2|2|5,3,1.1754618630823277
17|2|2|5,7,-19.720235668974095
17|2|2|5,5,-13.061170323210908
17|2|2|5,4,-8.092727767955681
17|2|2|5,6,-18.57123822054454
17|2|2|5,2,-3.0656319741816764
19|2|2|4,7,-18.70967940574007
19|2|2|4,5,-20.046920165222268
19|2|2|4,2,10.406474977127658
19|2|2|4,3,10.149430625842886
19|2|2|4,6,-18.919109095386293
19|2|2|4,1,10.356907251934835
19|2|2|4,4,-0.7092411813364805
12|4|1|3,4,-15.077266017375177
12|4|1|3,6,-15.691828337677475
12|4|1|3,2,-13.067218394106526
12|4|1|3,7,-16.537924428401894
12|4|1|3,5,-11.41814563530854
12|4|1|3,3,-9.775242574012859
1|3|1|5,1,0.45676346249999994
9|5|2|1,7,-11.3985
8|5|3|7,1,5.769929781585918
8|5|3|7,4,-0.6804939427599772
8|5|3|7,5,-2.392664394822787
8|5|3|7,7,-2.5220818754505605
8|5|3|7,3,0.47287897262448286
8|5|3|7,2,0.5431771815081271
8|5|3|7,6,-7.652688752150928
13|5|3|6,2,3.7964388473049357
13|5|3|6,1,12.118821268852288
13|5|3|6,3,-0.03227418506381471
13|5|3|6,4,-3.51974012565145
13|5|3|6,5,-0.04150657232866717
13|5|3|6,7,-0.29535547771703125
13|5|3|6,6,3.089068132692931
16|5|1|5,1,11.115116630941987
16|5|1|5,2,7.2408940361735885
16|5|1|5,3,7.933076385094177
16|5|1|5,4,1.1925853248691443
16|5|1|5,5,-6.244303712050167
16|5|1|5,7,-8.340012755378478
16|5|1|5,6,-11.941333967010028
21|1|1|4,3,9.572124999999996
21|1|1|4,6,-21.12494499825535
21|1|1|4,2,9.572124999999996
21|1|1|4,7,-22.20204007823973
21|1|1|4,1,9.72715470983492
21|1|1|4,5,-21.04099943165964
21|1|1|4,4,9.540739622074067
22|1|1|3,2,9.707499999999994
22|1|1|3,5,-23.254999999999992
22|1|1|3,3,9.691287292441377
22|1|1|3,1,9.707499999999994
22|1|1|3,4,-23.254999999999992
22|1|1|3,6,-23.254999999999992
22|1|1|3,7,-23.254999999999992
23|1|1|2,1,9.849999999999996
23|1|1|2,2,9.849999999999996
23|1|1|2,4,-24.299999999999994
23|1|1|2,7,-24.299999999999994
23|1|1|2,3,-24.299999999999994
23|1|1|2,6,-24.299999999999994
23|1|1|2,5,-24.299999999999994
2|3|0|12,7,-5.160193629890546
2|3|0|12,4,-3.3442643014361564
2|3|0|12,3,-4.711776709736958
2|3|0|12,2,-4.312042896830417
2|3|0|12,5,-3.569809363035254
2|3|0|12,6,-2.0235101463696594
2|3|0|12,1,10.674863621045606
2|3|0|11,1,6.283880593767106
2|3|0|11,7,-9.828063468316154
2|3|0|11,2,-20.011256455518215
2|3|0|11,6,-17.339761402988962
2|3|0|11,5,-14.899053863360985
2|3|0|11,3,-17.24047882516307
2|3|0|11,4,-20.09535821879009
5|6|2|9,7,-3.8732556121670823
5|6|2|9,2,4.097013730347559
5|6|2|9,3,2.862319262773735
5|6|2|9,5,-4.6226053229934845
5|6|2|9,6,-4.657956049928181
5|6|2|9,1,12.023592591133799
5|6|2|9,4,-1.7315882275170078
13|5|1|6,2,-2.755692161941587
13|5|1|6,1,7.199475314586526
13|5|1|6,4,-3.521389948998107
13|5|1|6,3,-5.143454135038827
13|5|1|6,7,-15.11793871491618
13|5|1|6,5,-10.174701444870328
13|5|1|6,6,-15.209159816543707
14|5|1|5,2,-7.888849505850774
14|5|1|5,7,-11.252138198015667
14|5|1|5,3,-9.523582735522588
14|5|1|5,4,-8.308082608145437
14|5|1|5,5,-11.275595895991106
14|5|1|5,1,-8.31047833594966
14|5|1|5,6,-9.768431755150594
15|5|1|4,1,-10.097503242230534
15|5|1|4,3,-9.618151601001923
15|5|1|4,4,-13.283109728790821
15|5|1|4,5,-15.201477516301512
15|5|1|4,2,-10.17449783166968
15|5|1|4,6,-14.62890946818631
15|5|1|4,7,-13.4729604808286
20|2|1|3,7,-22.874999999999993
20|2|1|3,3,-12.474956806823991
20|2|1|3,4,-12.48011143109387
20|2|1|3,1,-12.454999998800668
20|2|1|3,2,-12.455381227018059
20|2|1|3,5,-22.87499999999579
20|2|1|3,6,-22.87499999999577
15|3|1|4,1,-10.498676573675153
15|3|1|4,4,-10.959133550106278
15|3|1|4,2,-10.738308049049627
15|3|1|4,7,-21.001646325070894
15|3|1|4,5,-14.6308108158066
15|3|1|4,6,-20.666517104453558
15|3|1|4,3,-10.87426063243966
19|2|1|2,3,-13.898328548561919
19|2|1|2,4,-17.020335796321433
19|2|1|2,1,-13.499999999999996
19|2|1|2,2,-13.899999967364552
19|2|1|2,7,-24.299999982848018
19|2|1|2,5,-15.124300462887637
19|2|1|2,6,-24.299991634487796
7|4|3|9,1,9.847033429281964
7|4|3|9,3,8.524412390406408
7|4|3|9,2,8.994844247911882
7|4|3|9,7,-5.205503465099508
7|4|3|9,4,4.002359819286809
7|4|3|9,5,1.836945569550431
7|4|3|9,6,-3.370535756278903
11|5|3|8,1,12.140789008996467
11|5|3|8,3,10.227531782166517
11|5|3|8,4,10.478416742970325
11|5|3|8,2,2.8723221876090004
11|5|3|8,6,0.15236706764990832
11|5|3|8,7,0.26704046306795165
11|5|3|8,5,1.3627295790566647
16|3|2|7,6,0.24902009050360158
16|3|2|7,1,10.571241332312676
16|3|2|7,5,2.9908620012175184
16|3|2|7,7,0.22993689662805414
16|3|2|7,2,10.574838770026409
16|3|2|7,3,10.817976862203407
16|3|2|7,4,9.997748832027552
17|3|2|6,4,9.71065096589236
17|3|2|6,5,2.2063853827724564
17|3|2|6,2,10.636812410185362
17|3|2|6,3,10.606690667014083
17|3|2|6,1,10.749763790644376
17|3|2|6,7,0.23974859190624856
17|3|2|6,6,0.18406190928670838
21|2|1|4,3,9.807725898302106
21|2|1|4,2,10.087499999999993
21|2|1|4,6,-0.44781715111645504
21|2|1|4,5,-0.4458267362283348
21|2|1|4,7,-0.4478749236196088
21|2|1|4,4,-0.4478344938530943
21|2|1|4,1,10.107499999999998
23|2|0|1,7,-14.988031160055359
23|2|0|1,5,-14.982901657221941
23|2|0|1,1,9.999999999999998
23|2|0|1,2,-14.950150604145598
23|2|0|1,4,-14.950150604145598
23|2|0|1,6,-14.988031160055359
23|2|0|1,3,-14.994135268427126
7|2|1|8,5,-7.628523873316684
7|2|1|8,7,-15.639580618476145
7|2|1|8,3,-4.5040083569852545
7|2|1|8,4,-4.3309601184736035
7|2|1|8,1,-4.765264169203304
7|2|1|8,2,-5.200068920748112
7|2|1|8,6,-10.91891928195361
8|2|1|7,1,-5.445031454709346
8|2|1|7,2,-6.884721720611317
8|2|1|7,7,-16.716133977270847
8|2|1|7,4,-6.925079777471583
8|2|1|7,5,-10.158186527838312
8|2|1|7,3,-6.67299343074679
8|2|1|7,6,-16.79903281988001
10|1|1|6,1,-8.497638226491643
10|1|1|6,4,-8.485625844559577
10|1|1|6,3,-8.46844965730998
10|1|1|6,7,-11.393749897656804
10|1|1|6,6,-11.081370008591733
10|1|1|6,5,-8.465970274268676
10|1|1|6,2,-8.45024750438036
12|3|1|2,4,-17.09482226071231
16|4|2|6,1,11.422640266648315
16|4|2|6,3,11.038219513000953
16|4|2|6,5,1.131373480581055
16|4|2|6,7,0.6759826038041041
16|4|2|6,6,0.6514485993337855
16|4|2|6,2,11.013844052436426
16|4|2|6,4,7.184464162218504
20|2|1|5,5,-0.5737723944151837
20|2|1|5,4,6.879734991036268
20|2|1|5,3,9.952208031037223
20|2|1|5,2,9.952183252759676
20|2|1|5,7,-0.5684351117370687
20|2|1|5,6,-0.561530544065038
20|2|1|5,1,9.984858004208744
20|2|1|4,1,9.972126719651193
20|2|1|4,5,-21.68048257231505
20|2|1|4,4,-0.15283271509308616
20|2|1|4,7,-21.156642335082413
20|2|1|4,3,7.659101890825802
20|2|1|4,6,-21.08871025453832
20|2|1|4,2,9.97204291841492
22|1|1|2,5,-24.299999999999994
22|1|1|2,1,-13.899999999999997
22|1|1|2,4,-24.299999999999994
22|1|1|2,7,-24.299999999999994
22|1|1|2,3,-13.900001986443407
22|1|1|2,2,-13.899999999999997
22|1|1|2,6,-24.299999999999994
5|4|3|5,6,-9.985097527468044
5|4|3|4,1,-4.3417807458798965
5|4|3|4,3,-4.4022675
5|4|3|4,4,-3.015
15|4|3|1,6,-13.7646855
15|4|3|1,5,-13.7646855
15|4|3|1,1,-13.7646855
15|4|3|1,2,-13.7646855
15|4|3|1,7,-9.855
10|4|1|4,6,-19.108440330226607
10|4|1|4,4,-13.390192571733012
10|4|1|4,1,-9.417194134499315
10|4|1|4,3,-8.761977160728565
10|4|1|4,5,-12.207561798450255
10|4|1|4,2,-8.699382775178007
10|4|1|3,4,-13.235272045544068
10|4|1|3,3,-15.412044987784206
10|4|1|3,7,-14.949346324468616
10|4|1|3,6,-15.77715344332546
10|4|1|3,5,-14.947837513754829
3|7|1|10,1,12.541370998713427
3|7|1|10,6,-2.5857573408579837
3|7|1|10,3,0.10500000000000001
3|7|1|10,4,-0.743746596082239
3|7|1|10,7,-0.36850917276531747
3|7|1|10,5,-0.36850917276531747
11|3|3|7,7,-12.973600821865993
11|3|3|7,6,-12.359055503922042
11|3|3|7,3,-0.4058220739754326
11|3|3|7,4,0.1543417899272408
11|3|3|7,5,-1.6967719583320868
11|3|3|7,2,0.4611980250133909
11|3|3|7,1,5.585750556779802
11|3|3|6,2,-2.962139640890513
11|3|3|6,1,-6.025904950438562
11|3|3|6,3,-5.810182862009524
11|3|3|6,5,-9.040377385656416
11|3|3|6,6,-17.249047965893258
11|3|3|6,4,-5.153268178327756
11|3|3|6,7,-17.192030940690024
10|5|1|7,6,-12.122227311643432
10|5|1|7,5,-12.167051275616942
10|5|1|7,7,-13.413405923550153
10|5|1|7,3,-2.172862917490731
10|5|1|7,1,4.49539899563163
10|5|1|7,2,-2.2389522346632784
10|5|1|7,4,-4.026904664740705
10|5|1|6,3,-6.298536425471366
10|5|1|6,2,-6.397817313473402
10|5|1|6,6,-7.979022369508569
10|5|1|6,5,-8.133079002834851
10|5|1|6,1,-4.377398824612983
10|5|1|6,4,-8.843283390220364
10|5|1|6,7,-13.161422108323858
11|5|2|5,1,-7.964137222641156
11|5|2|5,5,-12.24605557277229
11|5|2|5,3,-8.136870804987058
11|5|2|5,6,-10.721721937532784
11|5|2|5,2,-7.481473047921995
11|5|2|5,4,-8.017685419952581
11|5|2|5,7,-9.602166643578753
19|2|1|3,7,-22.874999999995797
19|2|1|3,2,-12.455839866755685
19|2|1|3,6,-22.874999999994
19|2|1|3,3,-12.474996327733857
19|2|1|3,5,-14.120948077508187
19|2|1|3,4,-12.47432098316115
19|2|1|3,1,-12.415887296500525
8|5|2|9,7,-2.192979190307034
8|5|2|9,2,11.421494412368752
8|5|2|9,4,6.152247626798674
8|5|2|9,6,-1.7752262575332152
8|5|2|9,3,7.7375341960885455
8|5|2|9,5,5.953673969882072
8|5|2|9,1,9.374852104185878
8|5|2|8,4,3.0138602993476757
8|5|2|8,2,4.727978483752261
8|5|2|8,5,-6.9081869758855925
8|5|2|8,6,-8.570735122144011
8|5|2|8,7,-8.971078152722882
8|5|2|8,1,9.447022011413983
8|5|2|8,3,4.418520885296747
9|5|2|7,4,-2.8937364612585723
9|5|2|7,1,3.3755358548852303
9|5|2|7,6,-8.070429035775728
9|5|2|7,3,-1.3633636984049213
9|5|2|7,7,-12.050189479056518
9|5|2|7,2,-0.41222255320236123
9|5|2|7,5,-6.298338563452794
10|5|3|6,1,3.6699678367508417
10|5|3|6,3,-4.090053659003894
10|5|3|6,7,-4.428250875
10|5|3|6,5,-7.770869206877931
10|5|3|6,4,-6.415869929939831
10|5|3|6,6,-4.608477948875723
10|5|3|6,2,-3.698321025336011
10|2|2|8,1,1.6915166094856429
10|2|2|8,5,-2.6920894076321313
10|2|2|8,6,-8.464576469084866
10|2|2|8,3,-1.2096104679802098
10|2|2|8,4,-2.323473118739545
10|2|2|8,7,-12.357515505459718
10|2|2|8,2,-1.3200560700692876
12|2|2|7,1,-4.572502394879881
12|2|2|7,4,-6.329691267206653
12|2|2|7,7,-15.941427653548146
12|2|2|7,2,-3.896093858228118
12|2|2|7,6,-13.825997355849776
12|2|2|7,3,-1.923145187367647
12|2|2|7,5,-9.320823691827268
15|2|2|5,1,-8.534528748753154
15|2|2|5,4,-9.684316075325812
15|2|2|5,7,-19.079320144973675
15|2|2|5,2,-9.622458485851464
15|2|2|5,5,-12.42655891240681
15|2|2|5,6,-18.22369797297075
15|2|2|5,3,-8.3628536323757
3|3|0|11,7,-6.5945041069501915
3|3|0|11,1,9.100250062325966
3|3|0|11,5,-5.495660406905668
3|3|0|11,2,-8.278442240210644
3|3|0|11,6,-5.456780173040215
3|3|0|11,4,-5.992048651507112
3|3|0|11,3,-5.143636591148629
3|3|0|10,7,-10.305788828629625
3|3|0|10,4,-10.672947245079119
3|3|0|10,3,-10.300662745782482
3|3|0|10,1,3.6648097101525234
3|3|0|10,2,-5.33965805624283
3|3|0|10,5,-2.702423815926654
3|3|0|10,6,-4.851514213857099
3|3|0|7,1,0.37492499999999995
3|3|0|7,5,-3.015
2|6|1|8,1,2.4068098300151592
8|4|2|7,4,-7.754011940585811
8|4|2|7,6,-14.758897758747276
8|4|2|7,5,-12.016817449656687
8|4|2|7,1,-0.7364531437292736
8|4|2|7,2,-4.182050620438881
8|4|2|7,3,-3.9656127297155788
8|4|2|7,7,-14.398504469883786
11|4|2|5,1,-6.6917806132710105
11|4|2|5,6,-12.288857030556112
11|4|2|5,2,-9.214045470422827
11|4|2|5,7,-18.42972429134901
11|4|2|5,4,-8.940802866531486
11|4|2|5,5,-11.776328819473358
11|4|2|5,3,-8.672283286538814
4|3|3|7,3,-4.802160698385581
4|3|3|7,5,-4.627162136549948
4|3|3|7,6,-6.092133224846991
4|3|3|7,1,-3.5916573230850943
4|3|3|6,6,-5.984775
4|3|3|6,1,-2.4666636535218034
4|3|3|5,7,-3.015
4|3|3|5,4,-3.874275
4|3|3|4,5,-3.015
4|3|3|4,4,-2.9928234375000002
4|3|3|3,1,0.07781250000000003
4|3|3|3,2,-0.21683653125
7|1|1|7,1,-6.796943419396038
7|1|1|7,7,-14.812599303319429
7|1|1|7,5,-6.701931888431965
7|1|1|7,3,-6.751026480975592
7|1|1|7,6,-14.14016553723696
7|1|1|7,2,-6.785440132610946
7|1|1|7,4,-6.54641703638689
19|2|1|1,4,-14.999999999999998
19|2|1|1,3,-14.999999999999998
19|2|1|1,7,-14.999999999999998
19|2|1|1,6,-14.999999999999998
19|2|1|1,1,-14.999999999999998
19|2|1|1,5,-14.999999999999998
19|2|1|1,2,-14.999999999999998
9|6|2|7,5,-8.616174631684126
9|6|2|7,6,-10.584794974468078
9|6|2|7,3,5.168063957920598
9|6|2|7,7,-5.711515151405398
9|6|2|7,4,-3.1277307612536185
9|6|2|7,1,2.1197636164756317
9|6|2|7,2,1.6181881534221796
9|6|2|6,4,-6.636996356403072
9|6|2|6,1,-2.876580750337813
9|6|2|6,7,-5.176022681559467
9|6|2|6,6,-5.763199722618489
9|6|2|6,3,-4.3328118452955415
10|6|2|5,7,-12.995617253212934
10|6|2|5,4,-13.014960277475133
10|6|2|5,6,-13.452239022667426
10|6|2|4,3,-8.721793041430978
10|6|2|4,7,-9.066428839004011
12|6|2|3,1,-10.274212042798002
12|6|2|3,7,-11.404020158707903
2|4|3|9,1,0.581600625
11|4|3|6,1,-3.474046677436196
11|4|3|6,6,-14.493332620752316
11|4|3|6,7,-14.753098794465817
11|4|3|6,2,3.68802367463753
11|4|3|6,3,-4.447616014974921
11|4|3|6,4,-3.347350015580137
11|4|3|6,5,-7.345755995620973
15|4|2|5,6,-16.88606220899249
15|4|2|5,1,8.9426735661883
15|4|2|5,5,-8.848942934994808
15|4|2|5,2,-3.2276024298216863
15|4|2|5,3,-5.661936473593604
15|4|2|5,7,-18.38062231877629
15|4|2|5,4,-9.63661577346288
15|4|2|4,1,-8.38560854291397
15|4|2|4,7,-20.411063271869995
15|4|2|4,4,-12.555539102471709
15|4|2|4,6,-20.499712108448307
15|4|2|4,2,-9.840657753163063
15|4|2|4,3,-10.379475606371052
15|4|2|4,5,-19.579737205417267
11|5|3|3,4,-12.025132248554812
11|5|3|3,6,-11.582736747297838
11|5|3|3,1,-9.596609401185916
12|5|3|2,4,-11.901515766250501
13|5|4|1,1,-7.65
13|5|4|1,4,-4.5
8|4|2|8,1,9.055530279437233
8|4|2|8,5,-8.913441978612333
8|4|2|8,3,1.4805677009490583
8|4|2|8,2,1.7019876089513946
8|4|2|8,4,-5.137687345659546
8|4|2|8,6,-9.837253660937012
8|4|2|8,7,-7.997046881957187
21|3|1|1,1,-14.999999907468974
21|3|1|1,5,-14.99999986781282
21|3|1|1,7,-14.99999986781282
21|3|1|1,2,-14.999999907468974
21|3|1|1,6,-14.99999986781282
21|3|1|1,3,-14.99999986781282
21|3|1|1,4,-14.99999986781282
1|6|0|12,4,0.08894922520416096
1|6|0|12,2,-11.882595194083517
1|6|0|12,6,-17.289629922331155
1|6|0|12,5,0.9850189577564648
1|6|0|12,7,0.3104430145228262
1|6|0|12,1,12.904180592251036
1|6|0|12,3,0.6462703855532477
1|6|0|11,2,-16.429612803381467
1|6|0|11,7,-16.43673406892553
1|6|0|11,3,-16.608643060471586
1|6|0|11,6,-15.81249836741524
1|6|0|11,5,-13.986834205848329
1|6|0|11,1,11.649978490062686
1|6|0|11,4,-7.602529727014273
1|6|0|10,2,-7.895905076620902
1|6|0|10,3,-7.9126585995551215
1|6|0|10,7,-7.726888162550084
1|6|0|10,6,-7.6487058968822925
1|6|0|9,3,-5.984775
1|6|0|9,1,0.8668272802408066
1|6|0|9,6,-4.720660874999999
1|6|0|9,5,-5.3131309875
1|6|0|9,7,-5.797654678125
1|6|0|9,4,-6.36183984380406
1|6|0|9,2,-6.835235964248623
1|6|0|8,4,-14.987332967037531
1|6|0|7,4,-9.759463618269564
1|6|0|7,3,-10.607113420326517
1|6|0|6,3,-7.344746681023688
1|6|0|6,5,-5.500695920078841
1|6|0|5,1,1.6691600154079707
6|6|1|4,4,0.10500000000000001
7|6|1|3,3,-2.910458391010787
8|6|2|2,6,-3.015
8|6|2|1,1,-4.5
13|4|3|1,1,-13.7646855
13|4|3|1,7,-13.235265
13|4|3|1,4,-13.7646855
13|4|3|1,6,-13.235265
14|6|1|1,7,-12.478950000000001
14|6|1|1,5,-12.478950000000001
12|3|3|3,5,-11.753856114911223
12|3|3|3,2,-11.079936041209871
12|3|3|3,1,-11.091258659265403
12|3|3|3,3,-13.9774124145153
12|3|3|3,4,-13.385803327291695
7|6|4|5,1,-1.4841671909143166
8|2|1|3,1,-7.181252664952308
8|2|1|3,6,-7.812819495000001
10|1|1|2,1,-3.4764749999999998
11|1|1|1,3,-12.478950000000001
5|5|0|9,1,4.197928709658841
14|4|1|5,1,-6.75537888223347
14|4|1|5,5,-16.574025953776854
14|4|1|5,4,-9.318649594898503
14|4|1|5,7,-19.23884231253738
14|4|1|5,3,-8.864328613472077
14|4|1|5,2,-8.81940642764952
14|4|1|5,6,-18.907534334646886
18|2|1|4,1,-11.330962703564055
18|2|1|4,5,-14.54932932834501
18|2|1|4,4,-12.448405470933439
18|2|1|4,7,-21.776260797676603
18|2|1|4,2,-11.450931863637178
18|2|1|4,6,-20.121627088438725
18|2|1|4,3,-11.336646493243867
2|3|2|11,1,9.837608099868024
2|3|2|11,5,-5.46559908145076
2|3|2|11,7,-4.920987182027851
2|3|2|11,6,-4.463782010658803
2|3|2|11,2,6.089505997777679
2|3|2|11,4,-4.70222323898833
2|3|2|11,3,3.829067369870099
9|5|3|6,1,-4.614713175140219
9|5|3|6,4,-6.997487262954655
9|5|3|6,5,-4.894464406939836
9|5|3|6,6,-4.996309236055892
9|5|3|6,2,-2.6230519136504244
9|5|3|6,7,-4.756844447227953
9|5|3|6,3,-2.343642361814612
14|4|4|5,1,12.083336653079282
14|4|4|5,5,0.10500000000000001
14|4|4|5,3,-3.5930887738836734
14|4|4|5,6,-5.385954038801821
14|4|4|5,7,-5.836556699068873
14|4|4|5,2,3.54029973620464
14|4|4|5,4,2.994505137722977
18|4|1|4,2,9.856840998332498
18|4|1|4,5,-17.991743704933047
18|4|1|4,1,10.773874802443881
18|4|1|4,7,-18.626939635159395
18|4|1|4,6,-17.921032470430657
18|4|1|4,3,10.558025088708757
18|4|1|4,4,-13.200242280608789
19|4|1|3,1,10.907499999999999
19|4|1|3,2,5.583597738412667
19|4|1|3,6,-13.172450293961791
19|4|1|3,3,4.709188705084778
19|4|1|3,5,-11.27860096892612
19|4|1|3,4,-11.278260734044373
19|4|1|3,7,-13.088442886648153
15|4|1|3,1,-11.356043097361045
15|4|1|3,6,-14.118227613903912
15|4|1|3,4,-13.441388667492529
15|4|1|3,3,-12.743981158439231
15|4|1|3,2,-11.677046983712698
15|4|1|3,5,-14.443160234856428
15|4|1|3,7,-15.67683218919345
3|5|1|11,3,3.4057259997163785
3|5|1|11,1,12.283478244089064
3|5|1|11,5,-0.6601579926191308
3|5|1|11,7,-1.2918446962969297
3|5|1|11,2,10.59928710255788
3|5|1|11,6,-0.7626172086651168
3|5|1|11,4,0.9952729115035901
4|5|2|10,1,12.06713394299137
4|5|2|10,7,-1.9898151794285182
4|5|2|10,4,0.8464096309533047
4|5|2|10,6,-1.7996385875350995
4|5|2|10,5,0.5422108840055326
4|5|2|10,2,8.996382820793212
4|5|2|10,3,6.086857751018666
9|2|2|9,1,7.280271879389702
9|2|2|9,5,-1.9752309496740046
9|2|2|9,4,3.7536336028358956
9|2|2|9,7,-8.444104851345887
9|2|2|9,3,3.272230722670701
9|2|2|9,2,9.470547205145127
9|2|2|9,6,-0.9864544193807436
11|2|2|8,7,-11.726529558547453
11|2|2|8,1,4.9296316965010645
11|2|2|8,4,2.0841565840131553
11|2|2|8,2,3.541114607019976
11|2|2|8,6,-0.7013207342988628
11|2|2|8,5,-1.4896300197658916
11|2|2|8,3,0.4003745545817823
10|3|3|6,4,-8.903149353528597
10|3|3|6,2,-6.769163989295724
10|3|3|6,6,-16.546191060188196
10|3|3|6,7,-16.220637443357703
10|3|3|6,5,-8.752575632875269
10|3|3|6,3,-6.093405286368327
10|3|3|6,1,-4.007490721787979
7|5|2|8,1,2.160883612971925
7|5|2|8,7,-7.585943514029804
7|5|2|8,3,2.593405700845792
7|5|2|8,6,-6.970617876773182
7|5|2|8,4,0.012736104863274922
7|5|2|8,5,-7.286579690672698
7|5|2|8,2,5.731765485988393
1|4|3|12,7,-0.5426828281216454
1|4|3|12,3,-0.24400532271940595
1|4|3|12,4,-0.47609480519004294
1|4|3|12,1,12.086943572857049
1|4|3|12,2,3.6830496076919315
1|4|3|12,5,0.006065460028522485
1|4|3|12,6,-0.051928835016014925
1|4|3|11,1,10.780678644943773
1|4|3|11,4,-3.015
1|4|3|11,5,-3.874275
1|4|3|11,6,-4.4734354181267815
1|4|3|11,7,-4.762279613850389
5|4|1|12,5,-0.2326798173567991
5|4|1|12,4,3.1024423173980797
5|4|1|12,6,-0.018933270825759685
5|4|1|12,1,6.272112255289434
5|4|1|12,2,11.524148973166803
5|4|1|12,3,5.99007648099396
5|4|1|12,7,0.34787966648557356
9|2|2|10,2,11.10152576806421
9|2|2|10,7,-3.350374942479172
9|2|2|10,3,8.6903560287768
9|2|2|10,4,8.272937744087018
9|2|2|10,5,2.6815254719526855
9|2|2|10,6,-1.6703030686983362
9|2|2|10,1,8.49068000864867
11|2|2|9,1,7.1664076563393095
11|2|2|9,6,-2.410385836752891
11|2|2|9,3,9.279424872923812
11|2|2|9,4,6.81596551586775
11|2|2|9,2,6.753771203635144
11|2|2|9,5,1.0692662751713913
11|2|2|9,7,-4.436517314426309
13|2|1|8,1,0.9487889081875864
13|2|1|8,2,4.461276755407931
13|2|1|8,4,0.23026263973699534
13|2|1|8,5,-2.2189151530093314
13|2|1|8,3,0.26016581032213804
13|2|1|8,7,-9.86045382545274
13|2|1|8,6,-9.397269024477385
15|1|1|7,6,-11.101604941609747
15|1|1|7,5,-4.9546328304697616
15|1|1|7,1,-5.212433359472624
15|1|1|7,2,-5.320661114790795
15|1|1|7,3,-6.023242647938422
15|1|1|7,4,-5.817513823231981
15|1|1|7,7,-5.409171026581078
15|1|1|6,7,-18.679430658468437
15|1|1|6,3,-6.4362632133339055
15|1|1|6,6,-12.090608666073475
15|1|1|6,2,-9.103053512128621
15|1|1|6,5,-9.349035893157597
15|1|1|6,1,-9.091957047378814
15|1|1|6,4,-9.223698818245042
15|1|1|5,3,-10.43287177383403
15|1|1|5,5,-10.798017327538435
15|1|1|5,6,-18.79615177824634
15|1|1|5,7,-16.169414010809437
15|1|1|5,4,-10.388550285474377
15|1|1|5,1,-10.38155475978592
15|1|1|5,2,-10.393708816847415
21|2|2|2,2,10.249999999999996
21|2|2|2,4,-24.005387990485573
21|2|2|2,5,-23.892149567030657
21|2|2|2,7,-24.203644316308793
21|2|2|2,3,-23.52891601781239
21|2|2|2,1,10.180482134685345
21|2|2|2,6,-24.180800864836424
6|4|1|8,1,4.281261395383961
6|4|1|8,7,-10.28487581633339
6|4|1|8,2,-3.3294558411549864
6|4|1|8,6,-12.491803526285487
6|4|1|8,4,-6.139408389088299
6|4|1|8,3,-6.425305317871935
6|4|1|8,5,-9.435721016590497
6|1|1|4,6,-2.9765463750000003
6|1|1|4,2,-0.30615489091875
8|3|2|9,7,-7.813999363742375
8|3|2|9,5,1.8625081150850673
8|3|2|9,3,5.003313194297289
8|3|2|9,4,3.9510695279848744
8|3|2|9,2,5.249364220925044
8|3|2|9,6,-2.0403679602857423
8|3|2|9,1,8.761232516491754
11|2|1|7,4,-6.489665420730147
11|2|1|7,2,-6.702774779806319
11|2|1|7,5,-10.293376237270564
11|2|1|7,3,-6.851449765453255
11|2|1|7,7,-17.4442949851312
11|2|1|7,1,-3.6556709814067343
11|2|1|7,6,-15.540393127843137
11|2|1|2,1,-11.142760648814429
11|2|1|2,5,-10.995231734999999
11|2|1|2,2,-10.55411252906175
11|2|1|2,7,-10.597223775
11|2|1|2,4,-10.688193587381136
13|3|1|1,2,-14.998591877949353
5|2|1|12,6,-3.1933377168750003
5|2|1|12,2,10.818699400469239
5|2|1|12,3,2.63024363861495
5|2|1|12,7,-0.5248912176021322
5|2|1|12,4,2.508276181769463
5|2|1|12,1,2.7677557647731725
5|2|1|12,5,-0.87497243388776
13|3|3|7,4,4.083801462153102
13|3|3|7,2,5.478045901009644
13|3|3|7,1,11.302486914249767
13|3|3|7,6,-4.959906835556178
13|3|3|7,7,-5.586740983695588
13|3|3|7,3,8.39344030323654
13|3|3|7,5,-2.0149981778213393
14|3|3|4,1,-9.945455549152097
14|3|3|4,6,-18.733179492459367
14|3|3|4,7,-16.26205838615182
14|3|3|4,3,-10.379423601651787
14|3|3|4,4,-10.50395476126131
14|3|3|4,5,-17.2443401089343
14|3|3|4,2,-8.901600846928464
10|2|1|4,1,-10.29133294565996
10|2|1|4,5,-12.120590812865297
10|2|1|4,7,-11.014624994295772
10|2|1|4,3,-10.412934348896375
10|2|1|4,4,-10.308102004022695
10|2|1|4,2,-10.32608282864541
10|2|1|4,6,-11.71836433851874
12|1|1|3,5,-10.393493868364915
13|1|1|2,1,-9.875001417315708
13|1|1|2,2,-8.592584918377499
14|1|1|1,2,-11.3985
14|1|1|1,1,-11.3985
14|1|1|1,3,-4.5
5|6|3|12,1,5.790912082787103
11|4|3|11,2,10.019540013505988
14|4|2|10,4,10.89773719876659
14|4|2|10,3,3.405551889049695
15|4|2|9,7,-1.081853532896496
15|4|2|9,2,11.06207750315236
15|4|2|9,4,3.1521561819721575
15|4|2|9,6,0.34425688137942734
15|4|2|9,1,5.5952340517696735
15|4|2|9,3,3.4044476907918657
15|4|2|9,5,0.11554096562655863
15|4|2|8,2,11.206079000515961
15|4|2|8,6,-0.033448963632977946
15|4|2|8,1,9.339630214729228
15|4|2|8,4,3.2841536285461266
15|4|2|8,7,0.6267445341326504
15|4|2|8,5,5.581080940558445
15|4|2|8,3,10.10446651981549
17|4|2|5,1,11.188413173830048
17|4|2|5,6,0.5984856755766885
17|4|2|5,2,10.710433256253095
17|4|2|5,7,0.5601017075178636
17|4|2|5,5,0.5488025589775776
17|4|2|5,3,10.558568385308769
17|4|2|5,4,6.162027538574971
9|6|2|5,3,-10.528083615004952
9|6|2|5,7,-17.389057087860238
11|6|2|4,1,-8.088168819764004
11|6|2|4,5,-8.06379204167546
11|6|2|4,3,-8.149761049683045
7|5|1|6,1,-6.161167442818137
7|5|1|6,7,-6.591712738682997
7|5|1|6,4,-6.32293645787512
7|5|1|6,5,-5.032067461878623
8|4|3|7,1,-2.9184339480032087
8|4|3|7,6,-6.719857385333853
8|4|3|7,4,-4.671957366933398
8|4|3|7,2,1.20993310553608
8|4|3|7,7,-7.874227756591106
8|4|3|7,5,-10.863031437924139
8|4|3|7,3,-2.3759477068168247
12|2|1|4,1,-10.447287886119652
12|2|1|4,2,-10.875921211977198
12|2|1|4,7,-17.09794126991896
12|2|1|4,6,-14.469911589205534
12|2|1|4,3,-10.891446019728404
12|2|1|4,5,-11.861947874228791
12|2|1|4,4,-10.80297973036026
10|2|1|1,2,-14.13527985
12|2|1|6,7,-18.870921255237608
12|2|1|6,5,-10.03662801383588
12|2|1|6,1,-7.721564403425316
12|2|1|6,4,-8.463760851611358
12|2|1|6,2,-8.486621279425393
12|2|1|6,3,-8.428974437068467
12|2|1|6,6,-17.842358477937577
12|2|1|5,1,-9.066240286862227
12|2|1|5,6,-18.030040481974897
12|2|1|5,5,-13.508365742720713
12|2|1|5,2,-9.736450740097172
12|2|1|5,3,-9.914406348391546
12|2|1|5,7,-19.97129385469351
12|2|1|5,4,-9.76474240904709
14|1|1|4,1,-11.306470315566258
14|1|1|4,5,-12.767348823010595
14|1|1|4,7,-15.782379956313603
14|1|1|4,2,-10.960718185856983
14|1|1|4,6,-15.820790859846285
14|1|1|4,3,-11.287396756245789
14|1|1|4,4,-11.293758437320886
8|4|2|9,5,-0.8458220419994982
8|4|2|9,1,10.657684628742714
8|4|2|9,4,4.045529767306727
8|4|2|9,2,7.9921246327797135
8|4|2|9,7,-5.797688886789746
8|4|2|9,3,6.197236382322199
8|4|2|9,6,-5.442535885208972
6|6|1|7,7,-5.6970675
6|6|1|7,2,-5.244685377756445
6|6|1|7,1,-0.7182860232629571
7|6|6|5,5,0.10500000000000001
8|6|6|4,4,0.10500000000000001
9|6|6|3,5,-3.015
9|6|6|2,2,0.705
15|6|1|1,1,-4.5
3|3|3|12,3,4.776426232537396
3|3|3|12,1,8.148905389617074
3|3|3|12,7,0.26994158257856893
3|3|3|12,6,0.2581522409730674
3|3|3|12,5,-0.019812573661759453
3|3|3|12,4,0.22226110341043945
3|3|3|12,2,12.028497248963063
4|7|3|11,5,-3.5095174789917336
4|7|3|11,2,12.389034356822664
4|7|3|11,4,0.03780427964090389
4|7|3|10,1,13.836289495845499
4|7|3|10,4,0.10500000000000001
13|3|2|7,3,1.2646650211844304
13|3|2|7,6,-4.242641803909086
13|3|2|7,7,-9.176239520456878
13|3|2|7,2,4.079030730308373
13|3|2|7,5,0.5528348816589401
13|3|2|7,1,7.634403547067675
13|3|2|7,4,2.1151247208587747
19|2|1|4,6,-21.816731301796803
19|2|1|4,3,-11.467061525024356
19|2|1|4,2,-11.469478063218396
19|2|1|4,1,-10.570800513142881
19|2|1|4,4,-14.019636624743377
19|2|1|4,7,-21.841959883759895
19|2|1|4,5,-13.913312267072289
19|1|1|1,4,-14.999999999999998
19|1|1|1,2,-14.999999999999998
19|1|1|1,6,-14.999999999999998
19|1|1|1,5,-14.999999999999998
19|1|1|1,7,-14.999999999999998
19|1|1|1,3,-14.999999999999998
19|1|1|1,1,-14.999999999999998
11|3|1|5,1,-8.78434282525108
11|3|1|5,3,-9.159051196332207
11|3|1|5,6,-14.057406873087006
11|3|1|5,4,-9.359639403520468
11|3|1|5,7,-13.924467773834431
11|3|1|5,2,-10.38531955507742
11|3|1|5,5,-12.325522129714344
17|3|1|1,1,-14.998591877949353
17|3|1|1,4,-14.997988397070504
17|3|1|1,2,-14.998591877949353
17|3|1|1,7,-14.997988397070504
17|3|1|1,3,-14.997988397070504
17|3|1|1,5,-14.997988397070504
17|3|1|1,6,-14.997988397070504
15|3|1|2,1,-13.09999347139402
15|3|1|2,5,-14.693601630075
15|3|1|2,3,-13.262648593698339
15|3|1|2,7,-16.419036472181496
15|3|1|2,6,-20.80062926847553
15|3|1|2,4,-13.336362406458182
15|3|1|2,2,-13.408533252039842
18|2|2|1,3,-14.999999999999998
18|2|2|1,7,-14.999999999999998
18|2|2|1,1,-14.999999999999998
18|2|2|1,6,-14.999999999999998
18|2|2|1,5,-14.999999999999998
18|2|2|1,4,-14.999999999999998
18|2|2|1,2,-14.999999999999998
12|4|1|1,5,-14.928786577350856
12|4|1|1,7,-14.928786577350856
4|5|2|7,5,-10.587536428971902
4|5|2|6,1,-3.1661853620795495
9|3|3|8,1,4.317846479694152
9|3|3|8,3,0.9342508295922398
9|3|3|8,6,-7.9015571230051735
9|3|3|8,5,3.9343181582501145
9|3|3|8,2,10.564295063241941
9|3|3|8,4,3.3719355565147935
9|3|3|8,7,-9.032373306881018
12|4|3|7,6,-4.726510149934904
12|4|3|7,3,5.335468769908281
12|4|3|7,7,-3.982519365275369
12|4|3|7,2,8.20940793343047
12|4|3|7,1,11.538297705296616
12|4|3|7,4,6.153751251953635
12|4|3|7,5,4.532705798201538
17|5|2|2,1,-12.29975330203876
3|3|2|5,7,-3.874275
3|3|2|5,5,-2.973571041796875
3|3|2|5,4,-2.973571041796875
9|4|2|9,1,11.106576349510195
9|4|2|9,7,-2.9489327711359175
9|4|2|9,2,9.370161473797639
9|4|2|9,6,-3.1640144943108703
9|4|2|9,4,7.254361012606422
9|4|2|9,5,2.5760038143284225
9|4|2|9,3,8.469700641376566
13|2|2|8,3,7.159412379786086
13|2|2|8,1,9.12770421607859
13|2|2|8,5,0.09560310493100355
13|2|2|8,6,2.8485267652709405
13|2|2|8,7,-6.937165622271534
13|2|2|8,2,6.579756313210246
13|2|2|8,4,5.3289840534812365
15|4|2|7,6,1.167560688307443
15|4|2|7,5,4.9443738992682515
15|4|2|7,1,11.272239988244642
15|4|2|7,4,10.268173660846713
15|4|2|7,2,11.074190312887568
15|4|2|7,7,0.6267864149061215
15|4|2|7,3,8.994088986383936
15|4|2|6,6,-5.832720800944768
15|4|2|6,3,10.98254109017095
15|4|2|6,7,-4.303865451555057
15|4|2|6,5,1.2713762462867138
15|4|2|6,1,11.363981196450114
15|4|2|6,2,10.939952577446128
15|4|2|6,4,8.194459858191744
3|4|2|4,3,0.10500000000000001
4|5|2|3,4,-3.015
4|5|2|2,1,-0.6974999999999998
8|4|1|9,6,-5.9081301293372634
8|4|1|9,7,-5.34769089630096
8|4|1|9,1,10.76536972410832
8|4|1|9,4,2.697988082872669
8|4|1|9,3,5.297036027481177
8|4|1|9,2,4.521696590768066
8|4|1|9,5,2.0549521946212863
8|4|1|8,1,5.833161122647202
8|4|1|8,6,-11.568419249297705
8|4|1|8,4,-2.680268044326974
8|4|1|8,5,-8.759199776144872
8|4|1|8,3,-0.9550506552382396
8|4|1|8,2,0.860909226649699
8|4|1|8,7,-12.162868008830964
16|3|1|3,5,-16.127356111845785
16|3|1|3,3,-11.995262813814437
16|3|1|3,7,-20.824947110595105
16|3|1|3,6,-20.877048115641504
16|3|1|3,4,-12.428557519876307
16|3|1|3,2,-12.061590081015998
16|3|1|3,1,-11.59577890343147
9|7|1|9,6,1.7655651433147916
9|7|1|9,7,0.6363320839024507
9|7|1|9,5,0.6313788409910758
9|7|1|8,2,0.17850000000000002
9|7|1|8,1,12.263040317966977
9|7|1|8,6,-1.9529820393250044
9|7|1|8,3,2.6146465364819025
9|7|1|8,7,-0.8175587411569358
9|7|1|8,4,3.231502502597808
10|7|1|7,1,8.951905269917242
19|3|2|3,6,-22.480223365486726
19|3|2|3,4,-22.48430071666131
19|3|2|3,7,-22.428651951856665
19|3|2|3,3,5.551258070443632
19|3|2|3,5,-22.2556999377655
19|3|2|3,1,10.887499998718589
19|3|2|3,2,10.606662479319125
4|3|3|8,2,-3.1151773535701235
4|3|3|8,6,-3.874275
4|3|3|8,3,-3.2012650967139624
4|3|3|8,1,-3.1809101152430928
4|3|3|8,5,-3.3306156387708343
4|3|3|8,4,-3.776753657411647
4|3|3|8,7,-6.408176960080509
20|1|1|2,4,-17.041160832858086
20|1|1|2,5,-20.31876151919055
20|1|1|2,7,-24.299999999998185
20|1|1|2,3,-13.899999999999997
20|1|1|2,1,-13.899999999999997
20|1|1|2,6,-24.29999999999998
20|1|1|2,2,-13.899999999999997
21|1|1|1,6,-14.999999999999998
21|1|1|1,1,-14.999999999999998
21|1|1|1,3,-14.999999999999998
21|1|1|1,5,-14.999999999999998
21|1|1|1,4,-14.999999999999998
21|1|1|1,7,-14.999999999999998
21|1|1|1,2,-14.999999999999998
5|3|2|12,4,0.21113414503122677
5|3|2|12,1,12.19650709755198
5|3|2|12,7,-0.4869880678713131
5|3|2|12,6,2.0630471993314856
5|3|2|12,3,5.076725458514693
5|3|2|12,5,0.2182224086922222
5|3|2|12,2,7.6204129219847845
6|3|2|11,2,9.686593960729198
6|3|2|11,6,2.0307251368224337
6|3|2|11,4,7.785798708961592
6|3|2|11,7,-1.2269229116444997
6|3|2|11,1,12.311382077758
6|3|2|11,3,8.974868796728456
6|3|2|11,5,5.980232572716901
8|3|1|10,5,-3.128534505086924
8|3|1|10,6,-1.981776970305956
8|3|1|10,1,7.66816470930714
8|3|1|10,4,6.771312908164144
8|3|1|10,2,6.969798715291081
8|3|1|10,7,-4.45765260266648
8|3|1|10,3,9.014744793225464
8|3|1|9,6,-8.993369704273054
8|3|1|9,7,-8.835102864525533
8|3|1|9,1,4.818886314139291
8|3|1|9,3,2.549829293614979
8|3|1|9,5,-2.279974810189548
8|3|1|9,2,1.0965393886998032
8|3|1|9,4,1.7195991144778042
8|3|1|8,7,-14.371570180109918
8|3|1|8,1,1.9753239307769217
8|3|1|8,2,-3.173490376982479
8|3|1|8,3,-1.836204865591887
8|3|1|8,5,-10.78351327674477
8|3|1|8,6,-13.919102979562307
8|3|1|8,4,-5.361318904498349
9|3|1|5,2,-9.39986671696684
9|3|1|5,5,-9.686642803993074
9|3|1|5,1,-8.536363320997172
9|3|1|5,4,-12.223999583905389
9|3|1|5,6,-11.068364713177793
9|3|1|5,3,-8.726261806736629
9|3|1|5,7,-10.317371582630887
10|3|1|4,4,-10.974543913889457
10|3|1|4,6,-10.609727648840561
10|3|1|4,1,-10.027935523267194
10|3|1|4,3,-10.1180730073992
10|3|1|4,7,-13.649818034630734
10|3|1|4,2,-10.096737258545305
10|3|1|4,5,-11.073995618479831
11|4|2|6,2,-2.874175633712757
11|4|2|6,3,-6.745591815703556
11|4|2|6,1,-6.028754563562469
11|4|2|6,5,-8.261132356341212
11|4|2|6,7,-17.401015969007357
11|4|2|6,4,-6.398307636045913
11|4|2|6,6,-15.578002348733618
13|4|4|5,4,-14.195699431729153
13|4|4|5,3,-3.8017095223287782
13|4|4|5,2,1.7417594964406948
14|4|4|4,3,-5.631426108506583
14|4|4|4,1,-0.8066809137389812
14|4|4|4,6,-5.655618106632618
16|4|4|3,5,-17.296255418123152
16|4|4|2,3,-10.5051819
16|4|4|2,2,-10.720047586324206
17|4|4|1,4,-11.3985
13|2|1|1,5,-14.792380691985
13|2|1|1,7,-12.478950000000001
13|2|1|1,3,-12.478950000000001
13|2|1|1,1,-13.235265
13|2|1|1,2,-13.235265
5|4|3|11,1,8.625250686938234
5|4|3|11,5,-1.9752766486297983
5|4|3|11,4,9.557603802328616
5|4|3|11,3,8.634943180808012
5|4|3|11,2,13.068473429993059
5|4|3|11,7,0.9099370164963485
5|4|3|11,6,1.0497304395232019
9|4|3|10,3,8.904705541084217
9|4|3|10,2,5.500111661488258
9|4|3|10,5,10.2422902215228
9|4|3|10,6,1.125526462534477
9|4|3|10,4,6.822228851885082
9|4|3|10,7,1.1857014237532215
9|4|3|10,1,12.446009212587963
11|5|3|9,6,-2.394332877586381
11|5|3|9,7,1.5433108836885845
11|5|3|9,3,12.214807106006681
11|5|3|9,4,3.6007781143286706
11|5|3|9,2,8.03970663310282
11|5|3|9,5,0.5662931267751296
11|5|3|9,1,9.21976477392972
12|5|3|7,6,-1.4820039523222868
12|5|3|7,2,5.5598440933052355
12|5|3|7,4,8.939220419888587
12|5|3|7,5,4.713269692647138
12|5|3|7,3,10.478901477831673
12|5|3|7,1,12.146936083451118
12|5|3|7,7,-0.5598652140198066
12|5|3|6,1,4.667391026606651
12|5|3|6,6,-5.568336348173391
12|5|3|6,4,1.2799639503104825
12|5|3|6,7,-8.976079802058527
12|5|3|6,2,10.405474486130883
12|5|3|6,5,-4.2204285996935145
12|5|3|6,3,5.982729790198558
17|3|1|5,7,-18.26297840985516
17|3|1|5,3,-7.891545774803209
17|3|1|5,1,-5.992881249763109
17|3|1|5,2,-7.78132310119199
17|3|1|5,6,-14.13877852811111
17|3|1|5,5,-14.937424084659455
17|3|1|5,4,-7.959239705904379
2|5|4|11,1,0.585
2|5|4|11,2,13.219169982824756
2|5|4|11,6,-3.015
2|5|4|11,7,-1.0050635135771102
2|5|4|11,3,-0.9328227112681587
7|5|2|10,3,12.143789692621334
7|5|2|10,7,0.5761066097513439
7|5|2|10,4,7.128101713400099
7|5|2|10,5,3.1210810807832523
7|5|2|10,1,11.445823644795084
7|5|2|10,2,11.095309238239278
7|5|2|10,6,1.0445667056686483
9|5|2|9,2,12.337159752247944
9|5|2|9,6,-0.1649202059570374
9|5|2|9,1,10.114502914617034
9|5|2|9,7,-1.0461801535864343
9|5|2|9,4,7.828333681995851
9|5|2|9,3,10.106777376802622
9|5|2|9,5,1.5407581154479635
19|2|1|6,1,9.925382372244428
19|2|1|6,3,9.825906533165666
19|2|1|6,4,9.477936965559858
19|2|1|6,6,-0.5999591209621357
19|2|1|6,5,1.6119303598286066
19|2|1|6,2,9.832727638233168
19|2|1|6,7,-0.6299868842823702
21|1|1|5,4,4.747762053990993
21|1|1|5,2,9.572124999999996
21|1|1|5,7,-0.9425453918179083
21|1|1|5,5,-0.9201608421583926
21|1|1|5,1,9.572135159952621
21|1|1|5,3,9.572124999999996
21|1|1|5,6,-0.9554000724402092
22|1|1|4,1,9.707499999999994
22|1|1|4,5,-0.827875000000006
22|1|1|4,7,-0.827875000000006
22|1|1|4,2,9.707499999999994
22|1|1|4,3,9.676827271575032
22|1|1|4,4,-0.8278750000000058
22|1|1|4,6,-0.8278750000000058
9|5|2|5,1,-7.444526711072228
9|5|2|5,2,-8.514061259248512
9|5|2|5,6,-8.635102878776054
9|5|2|5,3,-7.664662319909058
20|4|1|1,1,-14.792380691985
20|4|1|1,3,-14.703400988550001
20|4|1|1,6,-14.703400988550001
20|4|1|1,7,-14.703400988550001
20|4|1|1,4,-14.792380691985
20|4|1|1,5,-14.703400988550001
20|4|1|1,2,-14.703400988550001
11|3|3|4,1,-9.91541719771934
11|3|3|4,4,-12.20634177071713
11|3|3|4,5,-12.030879461094647
11|3|3|4,7,-13.482720205285611
11|3|3|4,3,-10.884535306794584
11|3|3|4,2,-9.626914316819262
11|3|3|4,6,-14.30394593174477
16|4|0|1,1,-4.5
9|1|1|6,4,-8.134355001158532
9|1|1|6,5,-8.209047165641064
9|1|1|6,6,-8.254373037275073
9|1|1|6,7,-11.043002077145637
9|1|1|6,3,-8.153672610813697
9|1|1|6,2,-8.139575509045674
9|1|1|6,1,-7.350844417485572
10|3|1|5,1,-11.140717261462743
10|3|1|5,6,-13.27852010889854
10|3|1|5,7,-14.33794813514148
10|3|1|5,4,-9.655602396805921
10|3|1|5,5,-10.372655432780785
10|3|1|5,2,-8.858483164762484
10|3|1|5,3,-9.093887796776443
13|2|1|3,1,-12.761998490777808
13|2|1|3,7,-20.106399408182877
13|2|1|3,6,-17.140462643451542
13|2|1|3,3,-12.34442478448824
13|2|1|3,4,-12.379333787571017
13|2|1|3,2,-12.37342480335541
13|2|1|3,5,-14.003358941004173
18|1|1|1,4,-14.999999999103476
18|1|1|1,2,-14.999999999103476
18|1|1|1,3,-14.999999999103476
18|1|1|1,1,-14.999999999103476
18|1|1|1,6,-14.999999999103476
18|1|1|1,5,-14.999999999103476
18|1|1|1,7,-14.999999999103476
6|2|1|10,1,8.481012673668491
6|2|1|10,4,1.488327518274729
6|2|1|10,6,-8.195625981553174
6|2|1|10,7,-7.389741139775922
6|2|1|10,3,1.4713778308241579
6|2|1|10,2,2.4095760225660428
6|2|1|10,5,-3.996721215556066
8|2|1|9,1,5.781191357992996
8|2|1|9,3,-1.6066481874378353
8|2|1|9,4,-1.3517984228086213
8|2|1|9,2,-1.4327697373859212
8|2|1|9,5,-4.64618050739747
8|2|1|9,6,-8.876397662832002
8|2|1|9,7,-12.588749106720286
5|3|3|10,1,10.697686377901757
5|3|3|10,2,8.478056989724617
5|3|3|10,4,2.8692969473245085
5|3|3|10,7,-4.395277924995985
5|3|3|10,6,-5.208733845070794
5|3|3|10,3,7.424469591139912
5|3|3|10,5,-3.792495661484469
8|3|3|9,1,11.680776369962881
8|3|3|9,4,7.350155721555635
8|3|3|9,7,-6.106056302410613
8|3|3|9,6,-4.98602363105839
8|3|3|9,3,6.0973941880387965
8|3|3|9,5,0.5791779936336767
8|3|3|9,2,7.489831196916037
15|2|2|6,1,-1.5416873676737386
15|2|2|6,4,-5.141652713344904
15|2|2|6,7,-16.827145856963256
15|2|2|6,5,-6.16689079980182
15|2|2|6,3,-0.7290516305377319
15|2|2|6,6,-12.504580241775157
15|2|2|6,2,0.25948146499200764
17|2|1|5,6,-16.652360895510213
17|2|1|5,5,-10.754373921165977
17|2|1|5,1,-0.2302213350559974
17|2|1|5,7,-20.55652272198032
17|2|1|5,3,-10.224567928471098
17|2|1|5,2,-10.155856365600577
17|2|1|5,4,-10.187725175221146
1|5|0|10,5,-11.791353324375
1|5|0|9,7,-10.356170737500001
1|5|0|8,4,-5.984775
1|5|0|8,2,-6.608545486875
1|5|0|7,3,-4.9204706452078515
1|5|0|7,2,-4.757675698641091
1|5|0|6,1,1.8777153778819677
7|7|2|2,1,-0.4574999999999997
4|4|2|7,6,-11.509199264941875
4|4|2|7,3,-1.6909868958550882
4|4|2|4,3,-5.984775
4|4|2|4,1,-0.6391683749999998
4|4|2|3,6,-5.984775
4|4|2|2,7,-3.015
4|4|2|2,5,-4.297499999999999
4|4|2|1,1,-4.5
4|4|2|1,4,-4.5
9|4|2|8,6,-7.486964678831276
9|4|2|8,1,4.6031617094262725
9|4|2|8,5,-2.4787920231018177
9|4|2|8,7,-9.97399343256275
9|4|2|8,2,7.306695864019802
9|4|2|8,4,3.0145274889812894
9|4|2|8,3,3.405653876466787
9|3|2|11,7,-0.47567638687895875
9|3|2|11,5,-3.182076281740779
9|3|2|11,6,2.059476750473505
9|3|2|11,1,6.107950466732824
9|3|2|11,3,11.540156521140222
9|3|2|11,4,7.531236200099011
9|3|2|11,2,7.286661112635034
9|3|2|10,1,9.679396186695802
9|3|2|10,7,-0.912953994580791
9|3|2|10,4,8.963715977230567
9|3|2|10,5,9.074114466647957
9|3|2|10,3,9.772288002735559
9|3|2|10,6,6.597545018971653
9|3|2|10,2,11.660299846839257
12|2|2|9,1,7.884624282805
12|2|2|9,2,8.188090259580685
12|2|2|9,5,5.366958438678459
12|2|2|9,6,0.03931596864789644
12|2|2|9,7,-3.3392774738918893
12|2|2|9,3,9.2989059609753
12|2|2|9,4,5.154401926054113
14|2|2|8,6,-1.003483934580064
14|2|2|8,7,-3.0006056459813535
14|2|2|8,3,8.826084059688522
14|2|2|8,1,8.056803361021892
14|2|2|8,4,7.934670995340807
14|2|2|8,2,10.571205926563069
14|2|2|8,5,5.548721743219065
9|4|1|5,5,-14.166975974702012
9|4|1|5,4,-14.378618282037161
9|4|1|5,3,-7.921022571387954
9|4|1|5,2,-14.28006969288091
9|4|1|4,1,-9.413281067392967
9|4|1|4,6,-12.3767214618439
9|4|1|4,5,-11.778373055801406
9|4|1|4,4,-12.573387883076855
3|4|3|8,6,-4.954471689982782
3|4|3|7,1,0.6000993333937499
3|4|3|7,3,0.10500000000000001
13|4|1|2,4,-17.57817289999906
13|4|1|2,6,-17.79699854045993
14|4|1|1,1,-14.928786577350856
14|4|1|1,4,-14.898266539072651
14|4|1|1,5,-14.898266539072651
1|4|0|4,1,0.5740125
1|4|0|4,7,-3.015
7|3|1|1,1,-4.5
7|3|1|1,7,-4.5
11|5|2|6,1,-0.7164512755214238
11|5|2|6,6,-9.719092054138537
11|5|2|6,2,-4.004024612822289
11|5|2|6,7,-13.071997721307698
11|5|2|6,5,-5.051372785451413
11|5|2|6,4,-4.256982954592648
11|5|2|6,3,-4.315894182073799
11|2|2|5,1,-9.176376279341692
11|2|2|5,4,-9.486372726218486
11|2|2|5,2,-9.373746986797197
11|2|2|5,5,-11.045184640429648
11|2|2|5,3,-9.488005242648674
11|2|2|5,6,-19.58101352449288
11|2|2|5,7,-19.710507526719415
15|5|1|2,6,-22.647692305019927
15|5|1|2,4,-16.866697809755866
15|5|1|2,5,-14.716971021156928
15|5|1|1,2,-14.8546664843895
15|5|1|1,7,-14.394695895
14|3|2|3,1,-11.465069129605903
14|3|2|3,3,-12.074343978633028
14|3|2|3,2,-11.687410775115453
14|3|2|3,5,-13.896027322696341
14|3|2|3,4,-12.093747173949524
14|3|2|3,6,-18.474421280909446
14|3|2|3,7,-21.213842066439774
9|4|1|8,1,6.646710462879459
9|4|1|8,2,0.8555024248634923
9|4|1|8,5,-7.8838555287877865
9|4|1|8,3,2.009221388484013
9|4|1|8,6,-8.574882433117681
9|4|1|8,4,-0.9135207993859835
9|4|1|8,7,-9.87245723080074
16|3|1|6,3,-3.0425436383400433
16|3|1|6,6,-14.615608807065659
16|3|1|6,7,-17.212970556363725
16|3|1|6,5,-4.4447358840255236
16|3|1|6,2,-2.242394980019663
16|3|1|6,4,-7.956975327295417
16|3|1|6,1,9.411231095124798
19|3|1|2,1,-13.099999999999996
19|3|1|2,2,-13.892488061301199
19|3|1|2,7,-24.17219460340737
19|3|1|2,3,-13.887843069289996
19|3|1|2,6,-24.29221518777839
19|3|1|2,5,-24.28233806983411
19|3|1|2,4,-18.747174077417707
4|6|2|10,1,11.797409777803349
4|6|2|10,5,-3.015
4|6|2|10,7,-1.2490731347087203
4|6|2|10,4,-0.48066033224194554
4|6|2|10,6,-1.4302798390616602
4|6|2|10,2,5.577362611803115
4|6|2|10,3,7.815562414907137
13|3|1|7,6,-9.711424361007793
13|3|1|7,7,-13.652556876621848
13|3|1|7,2,-3.3376516320384098
13|3|1|7,3,-0.8046507326247382
13|3|1|7,5,-7.942243698026234
13|3|1|7,1,8.91371267325303
13|3|1|7,4,-3.436557932179309
13|3|1|6,2,-8.126541305271319
13|3|1|6,5,-7.0366445519174246
13|3|1|6,4,-13.573662101748411
13|3|1|6,6,-14.632880212170452
13|3|1|6,7,-18.45037934838069
13|3|1|6,1,-1.1720754405807388
13|3|1|6,3,-6.7346688373086065
14|3|1|5,1,-9.255394389900037
14|3|1|5,6,-18.81237049081017
14|3|1|5,4,-10.322928773207442
14|3|1|5,3,-9.78441570266875
14|3|1|5,2,-9.713996695797917
14|3|1|5,5,-10.227369845708923
14|3|1|5,7,-19.927365998889563
12|5|2|7,4,0.4257462394836815
12|5|2|7,1,9.211416776265356
12|5|2|7,3,6.490112552313773
12|5|2|7,5,-2.0535311757905967
12|5|2|7,2,11.645298182638768
12|5|2|7,7,-3.586313880161537
12|5|2|7,6,-3.891590067173132
13|5|2|6,7,-10.674091859063665
13|5|2|6,1,5.070959787822118
13|5|2|6,5,-3.7075329296994366
13|5|2|6,4,-3.0884228716923694
13|5|2|6,3,4.823723435666744
13|5|2|6,6,-9.420880801351338
13|5|2|6,2,4.63306851758797
13|5|2|5,1,-1.9842352861722534
13|5|2|5,3,-9.226869731960619
13|5|2|5,7,-13.460074207867011
13|5|2|5,6,-14.464908033836727
13|5|2|5,4,-7.347815639578906
13|5|2|5,2,-7.417074831044228
13|5|2|5,5,-8.458530330286795
2|3|0|10,6,-16.7466288097305
2|3|0|10,2,-10.786466656496009
2|3|0|10,5,-17.128222542842966
2|3|0|10,7,-6.02082377501962
2|3|0|7,1,-0.9254617429778942
2|3|0|7,2,-3.015
6|4|1|10,6,-2.1993582702276635
6|4|1|10,2,7.369072034822002
6|4|1|10,7,-4.766092192266302
6|4|1|10,3,3.946129302594554
6|4|1|10,5,-2.424975289338361
6|4|1|10,1,9.40340402003419
6|4|1|10,4,4.00080747810995
8|4|3|6,4,-8.588402582141676
8|4|3|6,5,-8.848496686510515
8|4|3|6,1,-6.480230154759863
8|4|3|6,2,-7.372917201548519
8|4|3|6,6,-12.248873222260267
8|4|3|6,3,-6.569474070171853
8|4|3|6,7,-7.396882543976629
9|4|4|5,3,-5.785748632197766
9|4|4|5,1,-5.629783572464213
9|4|4|5,5,-5.566603168156262
12|4|4|4,6,-19.49017030263083
12|4|4|3,5,-10.640249970887721
12|4|4|3,2,-10.314467726351612
12|4|4|3,6,-11.3187541208625
12|4|4|2,1,-5.3823668310525
12|4|4|2,2,-5.809727448051007
12|4|4|2,3,-6.234822675
12|4|4|2,6,-7.30575
12|4|4|2,5,-6.1518225
12|4|4|2,4,-4.82017575
8|3|3|1,1,-7.65
8|3|3|1,3,-4.5
4|5|1|7,1,-4.144209242664694
2|7|0|10,1,0.7958183156250002
17|3|2|4,1,6.755818873416547
17|3|2|4,4,-11.508386410076547
17|3|2|4,2,-9.820837459747878
17|3|2|4,5,-20.8291681408902
17|3|2|4,7,-19.16917093423509
17|3|2|4,3,-9.87050475196244
17|3|2|4,6,-20.95741740179401
7|6|1|5,1,-2.7472469580499075
7|6|1|5,4,-2.985075
4|4|3|8,1,1.4913738982595595
4|4|3|8,3,-0.5123388409309043
8|5|2|7,1,-2.201821151445908
8|5|2|7,7,-9.401846320098949
8|5|2|7,3,-2.2156179541989744
8|5|2|7,6,-10.811797128557686
8|5|2|7,4,-4.595181829060969
8|5|2|7,5,-8.533166610932389
8|5|2|7,2,-2.0650857390685085
16|4|2|4,4,-10.530864415004421
16|4|2|4,2,-4.2014537519039905
16|4|2|4,1,2.199345971029653
16|4|2|4,7,-20.72575572296113
16|4|2|4,3,-11.110034302163452
16|4|2|4,6,-20.51718888671888
16|4|2|4,5,-15.825081988079752
17|4|2|3,1,-10.834175247455132
17|4|2|3,3,-13.508450451774213
17|4|2|3,2,-11.201321064615035
17|4|2|3,4,-17.0886193634344
17|4|2|3,6,-20.83662800794577
17|4|2|3,7,-21.04067101609602
17|4|2|3,5,-17.008973833726156
5|3|3|3,5,-3.015
5|3|3|2,5,-3.015
5|3|3|1,1,-4.5
12|4|1|4,6,-11.215017054223289
12|4|1|4,1,-9.751914641148067
12|4|1|4,2,-9.999574645816718
12|4|1|4,3,-10.045768855655274
12|4|1|4,5,-13.584980110920807
12|4|1|4,7,-11.127684452854231
6|5|3|7,1,2.7121312778070865
6|5|3|7,7,-2.916675
18|3|3|2,1,-13.099783670127879
18|3|3|2,2,-13.079665471104493
18|3|3|2,3,-14.973830111442973
18|3|3|2,7,-15.373631417399999
18|3|3|2,5,-15.63905294384175
3|4|1|8,1,-1.027075653189571
3|4|1|8,3,-3.854982031875
3|4|1|8,7,-4.442969454187501
6|6|2|6,1,-2.290534447703515
6|6|2|6,2,-1.273576574666139
16|3|3|1,4,-14.394695895
16|3|3|1,2,-14.394695895
16|3|3|1,1,-14.394695895
16|3|3|1,6,-14.13527985
16|3|3|1,5,-14.13527985
16|3|3|1,7,-13.235265
12|4|4|6,7,-9.427077371362781
12|4|4|6,1,8.974433631673717
12|4|4|6,4,-0.3766350030787011
12|4|4|6,5,-4.627956376305907
12|4|4|6,6,-4.355053853162411
12|4|4|6,3,1.3999874272448851
12|4|4|6,2,3.1117855767804157
12|4|4|5,7,-15.093253934606249
12|4|4|5,3,-15.264036959900714
12|4|4|5,5,-17.79162612848932
12|4|4|5,4,-9.333791769987897
13|5|3|4,2,-7.805592339968409
13|5|3|4,4,-10.288051415550026
13|5|3|4,1,-8.458398425938643
16|5|2|3,1,-10.671446640479957
16|5|2|3,6,-12.157642341027419
16|5|2|3,5,-10.84638414542097
16|5|2|3,2,-10.660014857843779
16|5|2|3,3,-10.858537985268633
16|5|2|3,4,-11.329056077162061
16|5|2|3,7,-14.260354799384134
6|5|3|5,6,-3.015
6|5|3|4,6,-3.015
6|5|3|3,7,-3.015
6|5|3|2,7,-4.297499999999999
12|2|1|1,6,-13.7646855
12|2|1|1,7,-13.7646855
12|2|1|1,4,-13.7646855
4|4|2|12,1,12.308145899316367
4|4|2|12,7,-2.803996156825547
4|4|2|12,2,3.526784900594199
4|4|2|12,3,3.746341158897197
4|4|2|12,6,0.8874616407136852
4|4|2|12,5,0.5063096970839626
4|4|2|12,4,3.7424831530557396
8|2|2|11,3,10.46156479918535
8|2|2|11,1,6.373796103687244
8|2|2|11,6,3.842155250424165
8|2|2|11,5,6.857899887367658
8|2|2|11,7,-0.17023876031689195
8|2|2|11,4,7.109282237183587
8|2|2|11,2,7.746462143454832
9|5|2|10,6,1.6723316371603414
9|5|2|10,3,8.916770741542104
9|5|2|10,1,8.204777591476509
9|5|2|10,4,7.886051963884021
9|5|2|10,2,3.695568023632845
9|5|2|10,5,4.149887979370041
9|5|2|10,7,0.6412555819373034
9|5|2|8,1,11.060603695181545
9|5|2|8,2,6.941948226011376
9|5|2|8,7,-5.108426284926682
9|5|2|8,6,-7.425045423218804
9|5|2|8,4,5.9052843314214245
9|5|2|8,3,6.722542732238175
9|5|2|8,5,-0.07104094872600575
14|3|1|7,1,-2.365998488544246
14|3|1|7,4,1.399851994088567
14|3|1|7,5,-1.8349459069324054
14|3|1|7,3,5.474644410368425
14|3|1|7,7,-7.6849130007128
14|3|1|7,6,-12.322708454858315
14|3|1|7,2,-1.66944879359591
17|2|1|6,1,-4.768727245436042
17|2|1|6,4,-5.293603219259139
17|2|1|6,5,-10.082335130514444
17|2|1|6,2,4.465187955561387
17|2|1|6,6,-16.518667467787516
17|2|1|6,7,-15.148495360739691
17|2|1|6,3,-4.415489368279259
19|2|1|5,1,10.036563430811686
19|2|1|5,7,-18.980368303482045
19|2|1|5,6,-16.23928293366545
19|2|1|5,5,-1.9921930432336183
19|2|1|5,4,5.45064050837531
19|2|1|5,2,9.83586253817988
19|2|1|5,3,9.829422079439116
16|4|1|2,7,-15.448241197575
16|4|1|2,6,-15.865629142500001
16|4|1|2,3,-14.559867257058745
16|4|1|2,2,-12.88113932475265
16|4|1|2,4,-12.761320955285402
16|4|1|2,1,-12.699859737620171
16|4|1|2,5,-12.796390018907985
9|1|1|4,1,-8.211442438091158
8|2|2|10,1,7.18715163450783
8|2|2|10,3,8.854930912337986
8|2|2|10,4,5.226949506707607
8|2|2|10,6,-4.483028170103985
8|2|2|10,2,7.39714935958532
8|2|2|10,5,2.299220010748904
8|2|2|10,7,-3.9274894871705817
10|2|2|9,1,5.658019815893363
10|2|2|9,2,5.0200454031552315
10|2|2|9,7,-4.747066847831491
10|2|2|9,3,7.725765693931645
10|2|2|9,5,5.733348878090105
10|2|2|9,6,1.9263423444202012
10|2|2|9,4,3.930164237911331
12|2|2|8,1,5.434702615386507
12|2|2|8,2,3.4103020943056914
12|2|2|8,7,-8.368753408617295
12|2|2|8,5,0.47414126106167265
12|2|2|8,6,-7.187936732384525
12|2|2|8,3,2.1011249112187156
12|2|2|8,4,2.83506530055665
16|2|1|6,1,-6.34235206607054
16|2|1|6,4,-2.471528688820185
16|2|1|6,3,-0.9253421236318196
16|2|1|6,2,-6.437836798007806
16|2|1|6,6,-16.79345458806416
16|2|1|6,7,-18.024517251976008
16|2|1|6,5,-10.948941306307741
18|2|2|5,1,10.243466564255739
18|2|2|5,4,8.65858606177882
18|2|2|5,2,10.259519526943317
18|2|2|5,7,-13.546274305531798
18|2|2|5,6,-10.815168679431562
18|2|2|5,3,10.204618950463285
18|2|2|5,5,-6.976879295522523
8|5|1|6,2,-6.2313212634467305
8|5|1|6,1,-5.974280662421805
8|5|1|6,4,-8.273340995097925
8|5|1|6,7,-7.732203784460067
8|5|1|6,6,-7.82571334312998
10|5|1|4,1,-9.322846840783141
10|5|1|4,5,-14.432369035212783
10|2|1|5,1,-8.745735942759273
10|2|1|5,6,-18.250079556749125
10|2|1|5,5,-13.740233670822185
10|2|1|5,3,-9.312108468578252
10|2|1|5,7,-15.794174756285479
10|2|1|5,2,-9.34379879408892
10|2|1|5,4,-9.27288430999538
9|5|1|8,1,2.6209570757571163
9|5|1|8,3,3.4216945891978714
9|5|1|8,5,1.046109580026751
9|5|1|8,7,-6.7114763748057245
9|5|1|8,6,-4.68389739716265
9|5|1|8,2,4.69641579248996
9|5|1|8,4,0.2511792040760432
14|3|3|7,3,10.63315608472232
14|3|3|7,5,1.75580773844311
14|3|3|7,1,11.058068983386697
14|3|3|7,2,11.263174530436377
14|3|3|7,4,10.767310304211398
14|3|3|7,7,-2.586788682506709
14|3|3|7,6,0.1070735202230626
16|4|3|6,1,11.535662112814226
16|4|3|6,3,5.805743753872756
16|4|3|6,6,-0.916829109607887
16|4|3|6,7,0.5698252022437801
16|4|3|6,4,5.294263874722983
16|4|3|6,5,0.5734924805096822
16|4|3|6,2,7.591899572932063
20|3|1|5,5,-0.06587891365190618
20|3|1|5,3,10.394946707360564
20|3|1|5,2,10.455568206443365
20|3|1|5,6,-0.06634304208348536
20|3|1|5,4,-0.06768933582675964
20|3|1|5,7,-0.06752134794346501
20|3|1|5,1,10.507499999999999
20|3|1|4,1,10.507499999999999
20|3|1|4,3,3.758662328383947
20|3|1|4,5,-0.07184408123176317
20|3|1|4,6,-0.06491361300282983
20|3|1|4,4,-0.06684737240353089
20|3|1|4,2,10.465899310319264
20|3|1|4,7,-0.06773557874549473
11|5|2|4,1,-9.439671414525744
11|5|2|4,3,-11.08008099975959
16|3|3|3,5,-11.83472584425375
16|3|3|3,7,-19.881857713831533
16|3|3|3,1,-11.294919893346265
16|3|3|3,6,-16.615258590792127
16|3|3|3,4,-15.884213077885443
16|3|3|3,2,-11.29492320260595
16|3|3|3,3,-12.73299274779296
5|1|1|6,7,-7.3940126308996845
5|1|1|6,6,-7.575680520924843
5|1|1|6,5,-5.691849888576035
5|1|1|6,1,-4.073111642500422
16|3|3|2,1,-13.093586447049024
16|3|3|2,3,-14.373934412151671
16|3|3|2,7,-14.883338024999999
16|3|3|2,6,-13.59946575
16|3|3|2,5,-15.714744300000001
16|3|3|2,4,-15.450017197552501
16|3|3|2,2,-13.094822991779491
4|5|2|9,1,7.009696080693275
4|5|2|9,6,-3.1143178836197114
4|5|2|9,3,1.8435832685214624
4|5|2|9,4,0.14075174222638373
4|5|2|9,2,2.4554278291127396
4|5|2|9,5,-2.6017100886208175
6|3|3|4,6,-5.526175131739114
6|3|3|4,4,-4.459428539401875
9|4|1|2,3,-6.1386225
9|4|1|2,6,-7.934175
9|4|1|2,2,-6.43553355
9|4|1|2,4,-7.7162475
1|6|3|12,1,14.03304132219553
1|6|3|12,3,-3.015
7|4|3|11,2,12.611603677683995
7|4|3|11,5,-0.13678661771888567
7|4|3|11,3,2.84806998926332
7|4|3|11,7,0.7900494334380642
7|4|3|11,4,3.461857631595129
7|4|3|11,6,0.9347079505306612
7|4|3|11,1,3.750856683683735
10|4|2|10,6,4.222637968582016
10|4|2|10,1,11.920581288311066
10|4|2|10,3,8.874226029360859
10|4|2|10,7,0.8094305037828257
10|4|2|10,2,7.676338236498507
10|4|2|10,5,10.640100460357205
10|4|2|10,4,8.835480342787402
10|4|2|6,1,-5.719804194515255
10|4|2|6,7,-17.547147157605107
10|4|2|6,2,-7.566665853412474
10|4|2|6,4,-7.568675820244116
10|4|2|6,3,-6.8378795761894855
10|4|2|6,6,-16.81286175602075
10|4|2|6,5,-14.20985139784464
2|4|3|12,2,12.952001460878915
2|4|3|12,7,0.8964092207673897
2|4|3|12,3,2.798217856771755
2|4|3|12,1,3.7782372652666893
2|4|3|12,5,0.49032168382760943
2|4|3|12,4,0.4444648637881837
2|4|3|12,6,1.0188278730374751
5|4|4|11,3,12.590082306662667
5|4|4|11,5,0.4572046946504542
5|4|4|11,4,3.7429473782765315
5|4|4|11,1,6.438269778165315
5|4|4|11,7,1.1310671266822871
5|4|4|11,6,0.5306745379823548
5|4|4|11,2,4.014612844152152
7|5|4|10,4,11.001722765841842
7|5|4|10,7,0.31847286325312824
7|5|4|10,3,0.690158424086715
7|5|4|10,6,1.206415164508147
7|5|4|10,5,6.206400754903218
7|5|4|10,1,3.9794055532332964
7|5|4|10,2,3.9256712370779296
8|5|4|9,1,13.124083596782704
8|5|4|9,5,0.5376140425568777
8|5|4|9,4,5.960384838559986
8|5|4|9,3,6.594453716018533
8|5|4|9,2,8.549030926815481
8|5|4|9,7,1.5310822017513948
8|5|4|9,6,0.5773841053319895
13|5|1|8,7,-0.18346763024154392
13|5|1|8,6,-1.317959885709804
13|5|1|8,4,8.35583050083327
13|5|1|8,1,3.536006914307649
13|5|1|8,3,3.2913893164603523
13|5|1|8,5,3.3351328960791977
13|5|1|7,1,3.76844051378428
13|5|1|7,3,2.072035028705522
13|5|1|7,7,-5.880172874733496
13|5|1|7,6,-4.004851771473531
13|5|1|7,5,0.6879516167498227
13|5|1|7,2,7.553010069631181
13|5|1|7,4,3.8938635755363187
18|1|1|6,2,-6.413520086894476
18|1|1|6,5,-7.365414412639418
18|1|1|6,6,-6.443899853513445
18|1|1|6,3,-0.4474350924523307
18|1|1|6,1,-5.199772209269603
18|1|1|6,7,-16.316010199571988
18|1|1|6,4,-5.783749707835338
19|1|1|5,1,-8.40520258440229
19|1|1|5,4,-10.216470202820146
19|1|1|5,6,-14.431878688864087
19|1|1|5,2,-9.474877520350121
19|1|1|5,7,-20.8545106949524
19|1|1|5,3,-9.919705428556886
19|1|1|5,5,-9.65247570868297
20|1|1|4,1,-11.856746200759028
20|1|1|4,3,-8.933709690198294
20|1|1|4,6,-22.204580716109962
20|1|1|4,2,-11.854852758227285
20|1|1|4,7,-22.208032439075097
20|1|1|4,4,-13.315284253879877
20|1|1|4,5,-18.91865853981863
21|1|1|3,1,-12.660579347994194
21|1|1|3,6,-23.254999999999992
21|1|1|3,5,-23.254999999999992
21|1|1|3,3,-12.854999999999995
21|1|1|3,4,-13.505800433807954
21|1|1|3,2,-12.854999999999995
21|1|1|3,7,-23.254999999999992
7|5|1|5,1,-7.178172297639503
11|4|1|7,6,-10.536771551966076
11|4|1|7,7,-14.460487121163657
11|4|1|7,1,7.153371852397516
11|4|1|7,4,-3.8060428151720638
11|4|1|7,2,-3.4934177705613374
11|4|1|7,3,-3.6777546320782792
11|4|1|7,5,-9.594209601265252
11|4|1|6,2,-7.152279129163364
11|4|1|6,4,-8.445734611657812
11|4|1|6,5,-9.51771637921405
11|4|1|6,3,-6.532558746718724
11|4|1|6,1,-4.605117633722369
11|4|1|6,7,-16.39675102877622
11|4|1|6,6,-7.302353470121255
15|3|1|5,1,-3.9527819817855487
15|3|1|5,6,-17.564561303089175
15|3|1|5,3,-9.540765083593426
15|3|1|5,2,-9.620189648169838
15|3|1|5,5,-13.430183730868693
15|3|1|5,4,-12.467214398275996
15|3|1|5,7,-16.662985702844363
11|3|1|6,4,-11.730522232070147
11|3|1|6,6,-15.827289411436205
11|3|1|6,7,-18.351652690045885
11|3|1|6,1,-6.726870660927482
11|3|1|6,5,-13.308453055333151
11|3|1|6,2,-8.019823119060007
11|3|1|6,3,-8.13955303493722
12|3|1|5,4,-11.503947809009542
12|3|1|5,1,-8.877760379473427
12|3|1|5,5,-14.919001793401634
12|3|1|5,7,-17.67335847666394
12|3|1|5,6,-18.527284328285052
12|3|1|5,2,-9.329396139084817
12|3|1|5,3,-9.37894779305686
16|5|1|1,1,-14.999517014136629
16|5|1|1,3,-14.394695895
11|5|3|2,1,-11.723578448541552
7|3|1|6,1,-7.355655958440463
7|3|1|6,2,-7.345293744764345
7|3|1|6,6,-14.755495498896229
7|3|1|6,4,-9.399841794039766
7|3|1|6,7,-11.225808524016223
7|3|1|6,5,-15.729743372278325
7|3|1|6,3,-7.084838814461759
5|5|1|5,2,-3.2631959156067927
7|5|1|3,5,-7.212447900000001
7|5|1|3,7,-5.879097
7|5|1|2,1,-4.731716025
7|5|1|2,3,-3.83925
14|5|2|3,6,-14.993643415607654
14|5|2|3,3,-12.62690089553431
14|5|2|3,7,-13.382350504053559
14|5|2|3,4,-13.032399921054369
14|5|2|3,2,-10.883283393083314
14|5|2|3,1,-10.679036248288545
14|5|2|3,5,-12.458828678286757
14|5|2|2,1,-12.295160064605904
14|5|2|2,4,-14.263906855737677
14|5|2|2,3,-12.743191117499999
14|5|2|2,7,-14.908906102500001
14|5|2|2,2,-12.471313183086744
19|4|2|1,5,-14.96510542290192
19|4|2|1,7,-14.950150604145598
19|4|2|1,3,-14.96510542290192
19|4|2|1,2,-14.928786577350856
19|4|2|1,1,-14.928786577350856
9|4|1|3,1,-10.8522642433881
12|6|2|2,1,-8.294069969893183
12|6|2|2,6,-9.68085
1|4|0|3,1,0.46499999999999997
5|5|1|2,7,-3.015
5|5|1|1,1,-4.5
5|5|2|10,6,-2.4175168194359578
5|5|2|10,1,13.011015848972303
5|5|2|10,2,10.0835911022298
5|5|2|10,3,8.445600411969995
5|5|2|10,7,-2.0141868645809646
5|5|2|10,5,-1.2589391623728339
5|5|2|10,4,-1.3404715304500952
5|5|2|9,1,4.9277077395550934
5|5|2|9,2,6.489093735779649
5|5|2|9,3,0.7299527826441148
5|5|2|9,5,-2.179642753158803
5|5|2|9,4,1.5451089949672314
5|5|2|9,7,-6.255931144131212
5|5|2|9,6,-7.613586582860468
16|4|3|2,1,-12.66281750771781
16|4|3|2,6,-15.3703233
16|4|3|2,2,-12.703885246178976
16|4|3|2,5,-15.01452549225
20|3|2|1,6,-14.99966190989564
20|3|2|1,7,-14.999517014136629
20|3|2|1,1,-14.99966190989564
20|3|2|1,3,-14.994135268427126
20|3|2|1,5,-14.994135268427126
13|2|2|7,1,-2.2063864837731413
13|2|2|7,2,4.131759864193886
13|2|2|7,3,-2.4612443119660283
13|2|2|7,4,-4.183463603629838
13|2|2|7,5,-2.56703156491448
13|2|2|7,7,-15.03272906514058
13|2|2|7,6,-13.338644967659409
15|3|2|6,2,-0.05838016289189607
15|3|2|6,4,2.2964526005585233
15|3|2|6,1,1.90186210264467
15|3|2|6,5,-7.117034518518682
15|3|2|6,6,-13.59720499332194
15|3|2|6,3,7.728695704077766
15|3|2|6,7,-13.945677494578712
17|3|2|5,1,10.913518336698182
17|3|2|5,4,7.132836443181057
17|3|2|5,7,-13.199813538527009
17|3|2|5,6,-15.066376222068255
17|3|2|5,2,10.629832169935561
17|3|2|5,3,10.610501669526894
17|3|2|5,5,-12.56748229694494
4|4|2|11,2,10.193569246111462
4|4|2|11,6,-1.205124870341381
4|4|2|11,4,-0.15683532832198915
4|4|2|11,3,9.664202153609423
4|4|2|11,1,12.008977096214885
4|4|2|11,7,-0.902227297540187
4|4|2|11,5,-0.6121595462819871
6|4|2|10,6,-3.540049274779894
6|4|2|10,7,-2.225031830505996
6|4|2|10,3,8.582654862792022
6|4|2|10,5,5.723516363785139
6|4|2|10,2,10.61967097107641
6|4|2|10,4,6.713782823621104
6|4|2|10,1,8.801821704032768
7|6|2|8,1,10.780177930166605
7|6|2|8,5,-3.843034702128328
7|6|2|8,3,4.956209243321507
7|6|2|8,4,1.681386242514294
7|6|2|8,6,-3.289637953040873
7|6|2|8,7,1.7758277410782106
7|6|2|8,2,4.929450948428179
13|4|2|7,4,2.835084158146077
13|4|2|7,6,1.7345863317015695
13|4|2|7,2,4.8991869718306456
13|4|2|7,1,10.343404192529121
13|4|2|7,7,-4.201710900992873
13|4|2|7,3,5.218186630554122
13|4|2|7,5,-5.097568836145829
14|4|2|6,6,-12.288783574410289
14|4|2|6,2,9.552648300504906
14|4|2|6,3,1.1584323850371847
14|4|2|6,5,-3.0181040770340153
14|4|2|6,1,0.7581795976237014
14|4|2|6,7,-12.298231487545733
14|4|2|6,4,-0.14271735576165856
7|4|4|7,4,-2.4989413905038367
7|4|4|7,5,-7.698012127680267
7|4|4|7,7,-4.65233171984189
7|4|4|6,1,-5.669446008293885
14|5|3|3,1,-9.232141636366732
14|5|3|3,6,-10.519658221586202
11|3|1|1,6,-14.96510542290192
13|3|1|2,1,-13.03507453559499
13|3|1|2,7,-14.35986
2|5|2|10,1,8.150020493062126
17|3|3|3,1,-11.044421172877646
17|3|3|3,2,-12.447599293032606
17|3|3|3,3,-13.52919664804382
17|3|3|3,7,-19.31442557425114
17|3|3|3,4,-12.806851698924584
17|3|3|3,5,-21.124540665511045
17|3|3|3,6,-19.786656909790192
13|2|1|7,4,0.7442680096900891
13|2|1|7,1,-3.623447712950971
13|2|1|7,2,-5.215337002726247
13|2|1|7,3,-4.246713192229708
13|2|1|7,6,-14.445956504822437
13|2|1|7,7,-16.56842942958499
13|2|1|7,5,-8.49821210035864
14|2|1|6,3,-8.10332747108351
14|2|1|6,2,-8.571381686089975
14|2|1|6,7,-18.78362880587222
14|2|1|6,4,-7.9442893754478225
14|2|1|6,6,-14.85661330307026
14|2|1|6,5,-11.122516999297403
14|2|1|6,1,-5.29514905891272
4|5|1|8,5,-11.080046541905073
4|5|1|8,2,-4.820940498801145
4|5|1|8,6,-10.743839629120675
4|5|1|8,4,-10.921395797823468
15|3|3|5,5,-13.455416179299684
15|3|3|5,7,-17.322888841974944
15|3|3|5,6,-15.929768347836468
15|3|3|5,3,6.394644672448516
15|3|3|5,1,-0.17518365723462548
15|3|3|5,4,-4.606215277790901
15|3|3|5,2,-4.239615351831468
12|7|2|5,1,10.23840353791662
15|4|2|2,2,-12.709860932170313
15|4|2|2,5,-14.573197838302498
15|4|2|2,7,-15.521704080075
15|4|2|2,3,-12.827820416312246
15|4|2|2,6,-19.8802919936682
15|4|2|2,1,-12.699920299003862
15|4|2|2,4,-12.713562047053022
17|4|1|1,4,-14.975573796031343
17|4|1|1,6,-14.96510542290192
17|4|1|1,1,-14.975573796031343
17|4|1|1,5,-14.96510542290192
17|4|1|1,3,-14.975573796031343
17|4|1|1,7,-14.96510542290192
17|4|1|1,2,-14.975573796031343
11|4|3|7,1,10.915793836744509
11|4|3|7,5,-3.3196230743427426
11|4|3|7,2,5.471608325021782
11|4|3|7,6,-7.829851126883896
11|4|3|7,4,1.6256469393374409
11|4|3|7,3,5.571100099959354
11|4|3|7,7,-10.610449797422001
15|5|2|6,1,11.592554954783356
15|5|2|6,4,7.596964899684966
15|5|2|6,3,6.230976754342903
15|5|2|6,2,9.168401532860262
15|5|2|6,5,0.5307455238482504
15|5|2|6,7,0.5361821149629569
15|5|2|6,6,-0.3763797717144943
8|5|3|8,6,-4.416398707543447
8|5|3|8,4,-0.350257946498977
8|5|3|8,5,-1.1680423372226065
8|5|3|8,7,-2.8762523630726213
8|5|3|8,3,6.803451819491203
8|5|3|8,1,7.9741776663763755
8|5|3|8,2,10.575456994659275
2|3|2|12,1,9.51380616806683
2|3|2|12,6,-2.0200296778270665
2|3|2|12,3,3.2794847332327643
2|3|2|12,2,10.989791240078933
2|3|2|12,5,-0.9231601282174196
2|3|2|12,7,-1.6972178602330712
2|3|2|12,4,-1.5070012847750842
17|4|3|1,1,-11.3985
17|4|3|1,5,-11.3985
17|4|3|1,6,-11.3985
17|4|3|1,2,-11.3985
17|4|3|1,4,-11.3985
17|4|3|1,3,-4.5
11|1|1|5,1,-9.586004954145869
11|1|1|5,7,-10.066183373339367
11|1|1|5,5,-9.593874498971388
11|1|1|5,2,-9.580241507939302
11|1|1|5,4,-9.627910741333706
11|1|1|5,3,-9.596894388341315
11|1|1|5,6,-11.274252951437699
12|1|1|4,2,-10.785952885426607
12|1|1|4,7,-11.524589155873421
12|1|1|4,4,-10.958180593664588
12|1|1|4,6,-10.942329232045573
12|1|1|4,5,-10.193910999630598
7|1|1|8,4,-5.677159878872251
7|1|1|8,3,-5.617086200730299
7|1|1|8,7,-15.840671745780599
7|1|1|8,6,-14.77115652792463
7|1|1|8,1,-5.017336494455957
7|1|1|8,5,-5.658854209372782
7|1|1|8,2,-5.582386197170788
5|5|1|9,1,8.702526277466486
5|5|1|9,2,3.7081668453234613
5|5|1|9,3,2.267699657172025
5|5|1|9,7,-7.627497085464572
5|5|1|9,4,-1.5761435239400938
5|5|1|9,6,-8.19961596650459
5|5|1|9,5,-3.735034085651435
10|3|3|8,5,3.847599826352325
10|3|3|8,2,5.110982410859704
10|3|3|8,3,5.125167716210541
10|3|3|8,4,4.533603348054364
10|3|3|8,1,9.826776385850525
10|3|3|8,6,-7.075126863562731
10|3|3|8,7,-7.266494681289494
15|4|3|5,1,11.729684097017833
15|4|3|5,7,-10.263745439468911
15|4|3|5,3,8.669642204227435
15|4|3|5,6,-11.747934349342948
15|4|3|5,4,0.801131518850513
15|4|3|5,2,11.114719628111628
15|4|3|5,5,-8.581594147593027
6|4|3|10,1,10.907557633134106
6|4|3|10,6,-0.630079572564804
6|4|3|10,5,4.283582553266962
6|4|3|10,3,10.813425508482151
6|4|3|10,4,4.788120981356602
6|4|3|10,7,-0.7815594526745506
6|4|3|10,2,12.530984158308996
10|4|1|9,1,11.453585878534048
10|4|1|9,5,1.4178701108299916
10|4|1|9,2,7.306567566318878
10|4|1|9,3,6.992289961696527
10|4|1|9,4,-0.15247347567838565
10|4|1|9,7,-0.7262609715966868
10|4|1|9,6,-3.0015723356559305
14|3|1|8,1,10.525215044099212
14|3|1|8,3,6.031449700644018
14|3|1|8,4,7.713416133973707
14|3|1|8,2,6.820843075494037
14|3|1|8,5,-2.7115225060625314
14|3|1|8,6,-1.5830579888320966
14|3|1|8,7,-5.062585246819572
17|4|1|7,1,10.757361505173396
17|4|1|7,3,8.556838020325026
17|4|1|7,5,0.06011585087346523
17|4|1|7,7,0.1383093134821906
17|4|1|7,4,8.855291430060124
17|4|1|7,2,6.958580992042462
17|4|1|7,6,0.2032517513261972
21|1|1|6,1,9.572484675854703
21|1|1|6,4,8.487815762763121
21|1|1|6,2,9.570841312353894
21|1|1|6,6,-0.9326035383648462
21|1|1|6,5,-0.955232804901059
21|1|1|6,3,9.572050997961735
21|1|1|6,7,-0.9465813053524245
22|1|1|5,1,9.707499999999994
22|1|1|5,5,-0.8278749999996159
22|1|1|5,3,9.707499249784181
22|1|1|5,4,-0.8278749999881256
22|1|1|5,2,9.707499999966549
22|1|1|5,7,-0.8278749999986081
22|1|1|5,6,-0.8278749999941846
21|2|2|3,3,-0.35178396052546934
21|2|2|3,7,-0.31332212864106634
21|2|2|3,1,10.249999999999996
21|2|2|3,2,10.150687875208387
21|2|2|3,4,-0.3123820157279037
21|2|2|3,5,-0.31246002872105344
21|2|2|3,6,-0.30948892749242585
21|2|2|1,1,-14.99999999999994
21|2|2|1,4,-14.99999999999994
21|2|2|1,5,-14.999999999999915
21|2|2|1,2,-14.99999999999994
21|2|2|1,7,-14.999999999999915
21|2|2|1,3,-14.99999999999994
21|2|2|1,6,-14.999999999999915
6|5|1|8,1,1.3583858172297
6|5|1|8,2,-1.5280092469746789
6|5|1|8,6,-7.85442630478252
6|5|1|8,3,-0.505001914621535
6|5|1|8,7,-6.068941224510013
6|5|1|8,5,-5.9325053232240705
6|5|1|8,4,-2.436158443832828
12|3|1|7,4,-4.006079912191939
12|3|1|7,5,-6.921270310539525
12|3|1|7,2,-3.7538602238596597
12|3|1|7,6,-12.012276401114478
12|3|1|7,7,-15.151460621887164
12|3|1|7,3,-4.34795492827414
12|3|1|7,1,0.029820426476617534
10|6|2|8,1,12.338175039945277
10|6|2|8,6,0.44006319319710074
10|6|2|8,7,0.17238820823623305
10|6|2|8,2,6.301252212689942
10|6|2|8,3,3.048037570595849
10|6|2|8,4,3.033289598401867
10|6|2|8,5,-0.5378143903101825
16|2|2|7,1,10.212380459376229
16|2|2|7,6,1.4157725496085516
16|2|2|7,7,-4.70172125828635
16|2|2|7,5,10.074023929699276
16|2|2|7,4,4.330528730649895
16|2|2|7,2,10.145785505096676
16|2|2|7,3,10.4921341056236
18|2|2|6,7,-0.18288087440978248
18|2|2|6,6,-0.14499134207584108
18|2|2|6,2,10.28448727317079
18|2|2|6,4,9.694870782363836
18|2|2|6,1,10.359841792295681
18|2|2|6,5,2.5694457809584685
18|2|2|6,3,10.18652189331341
18|4|1|3,3,-15.419494332252357
18|4|1|3,2,-11.864340046419773
18|4|1|3,5,-22.07562431056846
18|4|1|3,7,-22.055599349452976
18|4|1|3,4,-16.782612117586325
18|4|1|3,6,-22.058754461452935
18|4|1|3,1,-11.369301865368461
19|4|1|2,3,-16.103232078376433
19|4|1|2,5,-18.828860934719284
19|4|1|2,7,-17.284771596506044
19|4|1|2,1,-12.699944916668755
19|4|1|2,2,-12.83289337724346
19|4|1|2,6,-17.903023879024506
19|4|1|2,4,-18.45602228234641
6|5|2|9,1,10.125568549228943
6|5|2|9,4,4.129599236576989
6|5|2|9,7,-5.194606115221799
6|5|2|9,6,-4.9579808566748165
6|5|2|9,5,-5.141245823305764
6|5|2|9,2,5.119380309730509
6|5|2|9,3,5.577770853924273
9|4|3|8,1,10.30152770613915
9|4|3|8,7,-7.18064310569006
9|4|3|8,6,-2.007677495160126
9|4|3|8,2,6.157279691493686
9|4|3|8,4,6.1624539161646705
9|4|3|8,5,0.37741437993581206
9|4|3|8,3,8.156364916548185
11|5|3|5,1,-6.343685586696858
11|5|3|5,5,-8.893627440608274
11|5|3|5,2,-3.391191339136312
11|5|3|5,7,-9.613989434879722
13|5|2|1,1,-14.928786577350856
13|5|2|1,6,-4.5
12|5|2|3,1,-10.571871858699255
12|5|2|3,2,-9.506122637287096
12|5|2|3,6,-11.682192246735116
12|2|1|3,1,-10.685110975105555
12|2|1|3,3,-11.80471876240776
12|2|1|3,4,-11.965225782702918
12|2|1|3,2,-11.807359346312742
12|2|1|3,6,-14.520089859746097
13|2|2|6,1,-4.463073871592219
13|2|2|6,5,-8.272990575569516
13|2|2|6,2,-7.5854996428936
13|2|2|6,7,-18.328846525571176
13|2|2|6,6,-15.6805114017577
13|2|2|6,4,-7.175905397332914
13|2|2|6,3,-8.06178520622938
13|4|1|5,1,-9.024606236906905
13|4|1|5,7,-16.77353799953663
13|4|1|5,5,-10.041591737545298
13|4|1|5,2,-8.61547343293621
13|4|1|5,4,-14.30939162475133
13|4|1|5,3,-13.177770128978745
13|4|1|5,6,-17.000819383904364
19|1|1|3,6,-20.134996237095386
19|1|1|3,2,-12.854940380737911
19|1|1|3,3,-12.830574780898793
19|1|1|3,4,-15.954085310981782
19|1|1|3,5,-18.165065258780473
19|1|1|3,7,-23.254997511268336
19|1|1|3,1,-12.854512204417187
16|4|1|3,1,-11.509296655692271
16|4|1|3,7,-15.910763338060413
16|4|1|3,2,-11.662725833101042
16|4|1|3,6,-14.856456644294173
16|4|1|3,4,-15.569359631369345
16|4|1|3,5,-17.451659995946276
16|4|1|3,3,-11.635463752267786
6|3|3|10,1,8.91423258675134
6|3|3|10,3,7.736337069207376
6|3|3|10,4,2.4601352910334793
6|3|3|10,5,-0.20560616012560096
6|3|3|10,6,-0.4741536823013207
6|3|3|10,7,-2.825766501630795
6|3|3|10,2,9.896358047075033
8|6|1|5,1,-6.104109654098476
8|6|1|5,2,-2.8279272282891643
3|5|0|9,5,-11.99348524397802
3|5|0|8,1,-2.0510825743299543
3|5|0|8,7,-3.015
8|5|1|7,1,1.0247574302740463
8|5|1|7,4,-3.6690205898866037
8|5|1|7,7,-4.109388263840679
8|5|1|7,2,-3.24971664373313
8|5|1|7,5,-5.804055943603649
8|5|1|7,6,-4.400354935104894
8|5|1|7,3,-3.2504075331438864
5|5|2|8,1,2.354213385378712
5|5|2|8,2,-0.4955971312705305
5|5|2|8,6,-6.7896159039576975
5|5|2|8,7,-6.656767748191253
5|5|2|8,4,-3.688123454586779
5|5|2|8,5,-9.079019627659079
5|5|2|8,3,-0.4239953303557783
15|4|1|5,1,0.09327578816494775
15|4|1|5,5,-9.26162965121748
15|4|1|5,7,-19.005192044481138
15|4|1|5,3,-8.637755143404181
15|4|1|5,4,-9.576995129837595
15|4|1|5,2,-8.532950842799893
15|4|1|5,6,-18.59673128983115
7|1|1|10,1,0.7163758204702912
7|1|1|10,7,-9.931551914014777
7|1|1|10,6,-5.092562936022506
7|1|1|10,3,0.3043226563667411
7|1|1|10,4,0.761389739253373
7|1|1|10,2,3.429736434948623
7|1|1|10,5,1.0933029711375826
8|1|1|9,1,-2.7372877717991586
8|1|1|9,7,-12.844044930906076
8|1|1|9,6,-7.609966906468542
8|1|1|9,2,-2.606045139084771
8|1|1|9,4,-2.7143356717051557
8|1|1|9,5,-2.4256931701019155
8|1|1|9,3,1.6949701284755516
9|1|1|8,3,-4.960034475050755
9|1|1|8,1,-5.599926951198497
9|1|1|8,5,-5.273035954169864
9|1|1|8,2,-4.153922029132405
9|1|1|8,7,-11.995544530416646
9|1|1|8,6,-11.488906426971571
9|1|1|8,4,-5.102666531734563
10|1|1|7,6,-10.389545781247522
10|1|1|7,1,-7.053582083267645
10|1|1|7,3,-6.171813660112371
10|1|1|7,5,-7.718997514608908
10|1|1|7,4,-7.1225262108109675
10|1|1|7,7,-15.194257888368895
10|1|1|7,2,-7.153952130155591
15|5|2|1,3,-12.478950000000001
15|5|2|1,2,-12.478950000000001
3|5|2|10,7,-6.491452652407404
3|5|2|10,3,7.065923858903776
3|5|2|10,1,9.126775022187354
3|5|2|10,4,-2.2557692255609276
3|5|2|10,5,-4.803269868202006
3|5|2|10,6,-4.109872003730368
3|5|2|10,2,6.117763625664439
3|5|2|8,1,0.450561172631343
3|5|2|8,4,-3.015
9|4|3|5,1,-7.974196674942728
9|4|3|5,3,-8.805998193139159
9|4|3|5,4,-8.214596899080432
9|4|3|5,6,-9.96691925686469
9|4|3|5,7,-8.411091875924479
9|4|3|5,5,-8.22823495971994
9|4|3|5,2,-8.795115819872725
4|3|3|11,1,11.785166530696136
4|3|3|11,3,9.103759417156976
4|3|3|11,2,9.723304951552015
4|3|3|11,4,6.791183451388636
4|3|3|11,6,-0.7779129074046864
4|3|3|11,7,-1.4618770978208653
4|3|3|11,5,2.382871594340361
15|5|3|5,6,-12.992796582410925
15|5|3|5,7,-8.676412301366017
15|5|3|5,4,-1.587663200993704
15|5|3|5,1,11.987047561310192
15|5|3|4,7,-8.39359894561875
15|5|3|4,5,-9.089482129239375
15|5|3|4,3,-0.7920147606712078
15|5|3|4,4,-9.053950938124514
15|5|3|4,6,-8.328672237116137
15|5|3|4,2,11.654482201187994
15|5|3|3,3,-12.996900181023234
15|5|3|3,6,-20.30265266668307
6|4|4|8,7,-11.450692495107205
6|4|4|8,1,7.142517220030806
6|4|4|8,5,-2.3134512175179305
6|4|4|8,2,0.9883381702741288
6|4|4|7,1,-2.204812575080357
8|3|2|10,1,10.102891512320031
8|3|2|10,2,8.655685576611905
8|3|2|10,6,0.3895990882830038
8|3|2|10,5,8.690429432576803
8|3|2|10,3,8.769400618372156
8|3|2|10,4,5.4703047979171835
8|3|2|10,7,-2.020865006822495
9|6|2|8,1,12.215994831996632
9|6|2|8,6,-5.887941844159
9|6|2|8,7,-5.418606524054379
9|6|2|8,5,1.43210435171454
9|6|2|8,3,8.206698161218737
9|6|2|8,4,4.3786782903651185
9|6|2|8,2,5.351895197799641
15|3|2|7,2,10.689572340029997
15|3|2|7,3,11.004726635173382
15|3|2|7,6,1.9424300798664274
15|3|2|7,5,3.7781613764095123
15|3|2|7,4,3.80117841838116
15|3|2|7,1,10.673997757578048
15|3|2|7,7,-4.630118160337381
19|3|2|5,1,10.863061249999996
19|3|2|5,7,0.2908553562942767
19|3|2|5,6,0.282633333057282
19|3|2|5,2,10.867499999628771
19|3|2|5,4,0.2853565200997107
19|3|2|5,5,0.28259142038586454
19|3|2|5,3,10.454519302741382
23|2|0|2,1,9.999999999999998
23|2|0|2,7,-0.5505025777718482
23|2|0|2,5,-0.5561024799581719
23|2|0|2,4,-0.5518352296029568
23|2|0|2,2,-0.5500819105554793
23|2|0|2,3,-0.5499958525580563
23|2|0|2,6,-0.5499957489669929
12|5|1|3,3,-7.5635189752361685
13|5|1|2,3,-11.497375292592771
13|5|1|2,7,-13.0617765
13|5|1|2,5,-12.12542325
13|5|1|2,4,-13.410105224544994
13|5|1|2,1,-11.682891800358053
8|6|3|5,1,-1.9198482860879387
14|3|1|4,1,-10.131525008396585
14|3|1|4,5,-14.512636450388825
14|3|1|4,7,-20.185496431641234
14|3|1|4,2,-10.778195462186034
14|3|1|4,4,-11.018443998157304
14|3|1|4,6,-17.86794308590102
14|3|1|4,3,-10.769406347306253
17|1|1|3,1,-12.82051579665816
17|1|1|3,6,-18.042517720416427
17|1|1|3,4,-12.785140747475877
17|1|1|3,2,-12.799799138786534
17|1|1|3,5,-15.245058991618569
17|1|1|3,7,-21.004121237536246
17|1|1|3,3,-12.824841456738765
18|1|1|2,1,-13.89999999999995
18|1|1|2,2,-13.899999999999997
18|1|1|2,3,-13.899999999999997
18|1|1|2,6,-21.817292853513997
18|1|1|2,4,-13.899999999999997
18|1|1|2,5,-17.790470189663957
18|1|1|2,7,-24.235180218011543
14|4|4|6,7,-2.7572049519575397
14|4|4|6,3,11.66699868008617
14|4|4|6,4,3.248544080065723
14|4|4|6,6,0.41002632312171555
14|4|4|6,1,6.040886944816393
14|4|4|6,2,3.545706684763956
14|4|4|6,5,0.40319020587482496
10|4|1|7,1,4.274546771875409
10|4|1|7,6,-9.062347294703889
10|4|1|7,2,-2.08560283224115
10|4|1|7,3,-4.354964433593635
10|4|1|7,7,-13.563335037301174
10|4|1|7,4,-4.97535688695372
10|4|1|7,5,-12.080640001623749
15|4|3|4,7,-14.61989341748499
15|4|3|4,4,-9.022459101090304
15|4|3|4,5,-17.359072690685032
15|4|3|4,1,-8.600558070964782
15|4|3|4,3,-8.595001362156236
15|4|3|4,6,-15.780316481767107
15|4|3|4,2,-0.7490525951943652
15|4|3|3,5,-13.890477537387941
15|4|3|3,7,-12.280960179869963
15|4|3|3,1,-10.863142497469163
15|4|3|3,4,-11.796478648103832
15|4|3|3,6,-11.50977348605876
15|4|3|3,2,-10.889251919188906
15|4|3|3,3,-11.058846449127081
6|2|2|12,1,11.761432858812972
6|2|2|12,3,3.33313877939227
6|2|2|12,5,3.4367993122742946
6|2|2|12,4,3.35401642898015
8|4|2|11,1,12.28160842329599
8|4|2|11,7,0.00507989759507943
8|4|2|11,2,3.07311909940154
8|4|2|11,3,6.252268183083365
8|4|2|11,4,3.872515617764934
8|4|2|11,6,0.4313556794582995
8|4|2|11,5,4.119662767155595
12|4|2|10,1,11.501088052323265
12|4|2|10,2,2.433734157802612
12|4|2|10,7,0.2863799072205165
12|4|2|10,5,2.500140489578781
12|4|2|10,6,0.23433207305118095
12|4|2|10,3,3.5352831583462696
16|2|2|9,1,10.385994830733303
16|2|2|9,4,5.243375367398399
16|2|2|9,6,5.910594396013594
16|2|2|9,2,6.769540880601208
16|2|2|9,7,-0.10411850302712164
16|2|2|9,3,6.870673910645992
16|2|2|9,5,4.4495073063480515
18|2|1|8,6,-3.015
18|2|1|8,1,9.972150134185217
18|2|1|8,3,8.109708219338655
18|2|1|8,7,-0.559282477711009
18|2|1|8,2,5.07455271010469
18|2|1|8,4,7.463510692180524
18|2|1|8,5,-0.18920494146118738
18|2|1|7,1,9.674169101368223
18|2|1|7,6,1.4378908371224508
18|2|1|7,3,9.784287462064604
18|2|1|7,2,9.711122777787907
18|2|1|7,7,-0.5825861565750788
18|2|1|7,4,9.062587092088556
18|2|1|7,5,6.883523565151338
20|1|1|6,5,5.093147994818651
20|1|1|6,7,-1.0603240003389607
20|1|1|6,1,9.113511319271048
20|1|1|6,3,9.444048558253886
20|1|1|6,6,-1.0286222918932806
20|1|1|6,2,9.451133544500648
20|1|1|6,4,8.945351953176944
7|5|1|7,1,-1.7606492885563094
7|5|1|7,7,-6.636181892048295
7|5|1|7,3,-4.342299652074657
7|5|1|7,6,-4.5505841941746965
7|5|1|7,4,-3.1203821804151453
7|5|1|7,2,-3.5255267567670154
7|5|1|7,5,-4.510291693682158
16|3|3|4,2,-9.123555076784978
16|3|3|4,3,-9.54144263285933
16|3|3|4,4,-11.065074949924199
16|3|3|4,1,0.22978478568195904
16|3|3|4,5,-20.363038789254585
16|3|3|4,7,-20.105360154924778
16|3|3|4,6,-20.5712870391965
19|4|2|3,3,-26.45415801285344
19|4|2|3,7,-25.985424656659116
19|4|2|3,6,0.27314921116654756
19|4|2|3,4,-26.97580589281647
19|4|2|2,6,-24.221452279810684
19|4|2|2,7,-23.236131066987156
19|4|2|2,5,-23.33117888275784
19|4|2|2,1,11.04382806820188
19|4|2|2,2,1.6784999999999999
19|4|2|2,4,-7.261005963635705
19|4|2|2,3,-7.261005963635705
14|4|4|2,1,-12.454236322482258
10|4|4|6,5,-14.378946804043974
10|4|4|6,2,0.10759844961333886
10|4|4|6,4,-2.0225794446579353
10|4|4|6,3,-1.2789923340457068
10|4|4|6,1,-1.3120057183571463
10|4|4|6,6,-4.784304359142726
10|4|4|6,7,-4.905571202366148
11|4|4|5,3,-9.511399025665568
11|4|4|5,4,-9.170754857146658
11|4|4|5,1,-6.0985087353268
11|4|4|5,7,-7.550765190815794
11|4|4|5,5,-8.545824255629281
13|4|4|4,6,-19.402608188878514
13|4|4|4,5,-18.715260182503858
13|4|4|3,1,-9.648758397601814
13|4|4|3,4,-12.54636715874981
4|3|3|10,1,6.535968320720456
4|3|3|10,2,9.680446049917158
4|3|3|10,5,-3.7975241778785627
4|3|3|10,6,-5.52789777333393
4|3|3|10,4,2.8348612698933406
4|3|3|10,7,-6.878139406649787
4|3|3|10,3,5.792062477036882
10|1|1|8,1,-5.3271754292227795
10|1|1|8,2,-5.032265770458239
10|1|1|8,5,-5.3567608249198155
10|1|1|8,6,-10.873979572774346
10|1|1|8,3,-3.6514043994236136
10|1|1|8,7,-14.334822412702911
10|1|1|8,4,-5.330676121119678
10|3|3|7,1,1.7998075687828978
10|3|3|7,3,-3.151533427120531
10|3|3|7,2,4.781913372642611
10|3|3|7,5,-3.780007790268233
10|3|3|7,7,-14.019630434022483
10|3|3|7,6,-14.163598531581744
10|3|3|7,4,-0.18690189189536377
11|3|3|8,1,11.380028486017643
11|3|3|8,2,8.088220483958276
11|3|3|8,3,5.276439151214647
11|3|3|8,5,2.339895000477146
11|3|3|8,4,6.242478833015063
11|3|3|8,6,-5.105830070132255
11|3|3|8,7,-5.156355458731399
3|5|2|7,5,-3.874275
9|3|3|9,1,9.540206953053643
9|3|3|9,6,-1.4065893702239702
9|3|3|9,5,8.21201564560039
9|3|3|9,4,9.253687604186345
9|3|3|9,2,10.618145484286272
9|3|3|9,3,8.529202334261667
9|3|3|9,7,-2.5765129763671752
12|3|2|8,3,6.402766256967621
12|3|2|8,1,6.5649413980358915
12|3|2|8,6,-2.442478447524299
12|3|2|8,7,-4.8307978373705796
12|3|2|8,5,5.3563924068544795
12|3|2|8,2,10.137107581586775
12|3|2|8,4,7.256446296720156
14|3|2|7,1,6.896372137600295
14|3|2|7,5,4.183378979050876
14|3|2|7,6,-5.369981185619042
14|3|2|7,7,-8.841909185856403
14|3|2|7,3,9.094039847714733
14|3|2|7,4,2.9122128215863743
14|3|2|7,2,6.147419226789157
17|2|2|6,2,10.308735602927227
17|2|2|6,4,8.703354400858741
17|2|2|6,7,-5.821808193316068
17|2|2|6,1,10.438180012878899
17|2|2|6,3,10.154609593316504
17|2|2|6,6,-6.324875090322661
17|2|2|6,5,2.161177747427481
19|2|2|5,1,10.35212500053384
19|2|2|5,5,-0.17496224386196785
19|2|2|5,6,-0.20530889294817928
19|2|2|5,2,10.352824111194225
19|2|2|5,4,4.25420338200736
19|2|2|5,3,10.313130602818672
19|2|2|5,7,-0.2121367470427174
6|7|2|6,4,-3.015
6|7|2|5,4,-3.015
6|7|2|4,4,-3.015
6|7|2|3,4,-5.061375
6|7|2|2,3,0.2625
8|7|2|1,4,-4.5
5|4|3|10,2,12.388332329379807
5|4|3|10,1,10.307537058110807
5|4|3|10,6,-2.749129330069128
5|4|3|10,4,7.528518165932641
5|4|3|10,3,10.374172493163483
5|4|3|10,7,-2.282112339272459
5|4|3|10,5,1.4888890031183362
8|5|3|9,1,12.087825349387378
8|5|3|9,7,-0.11610429565420427
8|5|3|9,6,-0.5247990828151847
8|5|3|9,5,3.986534140852661
8|5|3|9,3,10.996079514883165
8|5|3|9,2,10.04968952849495
8|5|3|9,4,8.804199910728535
13|4|3|8,1,11.942456475848005
13|4|3|8,2,11.266048094102324
13|4|3|8,3,10.85008796989985
13|4|3|8,6,1.0947898300818812
13|4|3|8,7,1.103734269360796
13|4|3|8,4,8.694746825248217
13|4|3|8,5,8.080165894085125
17|3|1|7,1,10.414466938103551
17|3|1|7,3,9.646056802713781
17|3|1|7,7,-0.21044356595276867
17|3|1|7,2,9.609185145062721
17|3|1|7,4,7.865128493527974
17|3|1|7,5,7.452162190140815
17|3|1|7,6,0.1942185374662484
20|2|1|6,5,-0.5397538141378221
20|2|1|6,2,9.952155526457295
20|2|1|6,7,-0.5743295906383656
20|2|1|6,1,9.972125000160338
20|2|1|6,4,9.126888755992523
20|2|1|6,3,9.952074059044033
20|2|1|6,6,-0.5419008171994486
13|3|1|3,1,-11.753556886637861
13|3|1|3,5,-12.487049463904748
13|3|1|3,3,-11.596233641347197
13|3|1|3,4,-14.403008530705556
13|3|1|3,6,-13.698626003781127
13|3|1|3,7,-14.427498175574623
13|3|1|3,2,-11.649536076891305
5|3|3|9,1,2.4536503934604577
5|3|3|9,6,-9.964841475850477
5|3|3|9,3,0.004262866612086302
5|3|3|9,4,-4.150246337677668
5|3|3|9,7,-8.878919013873778
5|3|3|9,2,5.901621017724183
5|3|3|9,5,-3.2819436218270677
10|5|3|7,1,9.553585587642615
10|5|3|7,6,-7.553894483960829
10|5|3|7,2,6.48936197637757
10|5|3|7,7,-5.1091329594057555
10|5|3|7,5,1.0828975445659705
10|5|3|7,3,5.374884872379052
10|5|3|7,4,3.013202705040228
18|2|1|5,1,-8.6627172187488
18|2|1|5,6,-17.613760227059448
18|2|1|5,2,-9.950115241673023
18|2|1|5,3,-2.483787147898216
18|2|1|5,5,-11.46489015706495
18|2|1|5,7,-20.124627373423476
18|2|1|5,4,-10.11402382786435
14|2|1|5,1,-8.566591181149457
14|2|1|5,2,-9.941763874743177
14|2|1|5,7,-20.165749791638486
14|2|1|5,4,-9.898273035511156
14|2|1|5,6,-17.301679454751184
14|2|1|5,3,-9.94618778273778
14|2|1|5,5,-10.56147470236867
16|1|1|4,1,-11.576889888855035
16|1|1|4,5,-15.409647132258481
16|1|1|4,7,-21.524910460101516
16|1|1|4,2,-11.602702982926985
16|1|1|4,4,-11.602206705426019
16|1|1|4,3,-11.399239108698152
16|1|1|4,6,-18.74053722778339
20|4|1|2,1,11.04999999999761
20|4|1|2,6,-7.1692418310525
20|4|1|2,2,0.9599999999999999
20|4|1|2,5,-7.1692418310525
20|4|1|2,4,-7.1692418310525
20|4|1|2,3,-7.20546928173675
2|5|1|9,6,-11.08906758893281
2|5|1|8,1,-1.7526330331702504
2|5|1|8,5,-3.015
2|5|1|8,4,-2.985075
13|5|1|3,1,-10.750761894739687
13|5|1|3,3,-11.430464659364102
13|5|1|3,4,-12.105522442636218
13|5|1|3,2,-10.876032164971924
13|5|1|3,5,-11.224186566155415
3|5|2|11,1,13.048569522145378
3|5|2|11,3,4.190851159795385
3|5|2|11,2,11.048460019371033
3|5|2|11,5,-1.1189889035867568
3|5|2|11,4,-0.3443812731300569
3|5|2|11,6,-0.7329776484153758
3|5|2|11,7,-0.22840732631608818
8|5|2|10,5,7.369424976094368
8|5|2|10,1,12.583232222058628
8|5|2|10,6,2.0316199004374744
8|5|2|10,4,7.742969047309846
8|5|2|10,2,11.043515272818667
8|5|2|10,7,1.0237122194364332
8|5|2|10,3,11.590045925645086
10|5|2|7,1,9.767788969269358
10|5|2|7,2,0.9094674382652558
10|5|2|7,7,-10.914612461483577
10|5|2|7,5,-7.430861855727398
10|5|2|7,4,-5.379969479478774
10|5|2|7,6,-10.484090085290363
10|5|2|7,3,0.044706678620080265
21|3|1|4,3,0.05609300398578478
21|3|1|4,7,0.06657773436238387
21|3|1|4,1,10.649999999999997
21|3|1|4,6,0.06684578283417036
21|3|1|4,2,9.022710147906214
21|3|1|4,4,0.06717953924576882
21|3|1|4,5,0.0655932904581425
21|3|1|3,1,10.649999999999997
21|3|1|3,3,0.05119486838419285
21|3|1|3,4,0.06656505080582376
21|3|1|3,7,0.06194108474999582
21|3|1|3,6,0.06477613152749563
21|3|1|3,5,0.06616530444847055
21|3|1|3,2,9.571761879734996
8|5|1|4,1,-8.747004185294841
17|3|3|1,6,-14.394695895
17|3|3|1,2,-14.5762871265
17|3|3|1,5,-14.394695895
17|3|3|1,4,-14.394695895
17|3|3|1,3,-14.5762871265
17|3|3|1,1,-14.5762871265
17|3|3|1,7,-14.394695895
7|4|2|10,7,-1.2723978351969876
7|4|2|10,3,10.107152030805626
7|4|2|10,1,10.138625324675546
7|4|2|10,2,11.109525942058234
7|4|2|10,5,1.207801820047211
7|4|2|10,4,5.432239715043691
7|4|2|10,6,-0.39013046635592175
12|5|2|4,1,-9.019877568435943
12|5|2|4,4,-11.084795900332535
12|5|2|4,2,-9.432499105008377
12|5|2|4,3,-11.880431667870349
12|5|2|4,7,-10.077892208156321
12|5|2|4,5,-10.037270524575264
12|5|2|4,6,-11.910305196110915
7|3|2|12,1,11.759863004222986
7|3|2|12,7,0.03765839133137234
7|3|2|12,4,3.2518192240135915
7|3|2|12,6,3.435716801482739
7|3|2|12,3,3.710309583921797
7|3|2|12,2,3.5610717196547865
10|2|2|11,4,2.363841920353064
10|2|2|11,1,11.13388388721891
10|2|2|11,7,0.08774857127868926
11|2|2|10,1,11.085846362126533
11|2|2|10,7,-0.7543246740824592
11|2|2|10,3,5.523658692890654
11|2|2|10,4,5.54608361188488
11|2|2|10,2,7.028329240662613
11|2|2|10,5,4.724762597004737
11|2|2|10,6,2.7791856885643718
13|2|2|9,1,9.433342220321483
13|2|2|9,6,1.5803977727340417
13|2|2|9,3,10.06983085241922
13|2|2|9,7,-2.161266180344988
13|2|2|9,5,3.1858169132444023
13|2|2|9,2,10.224357481736883
13|2|2|9,4,9.333871885781964
16|2|2|6,7,-12.702740827243
16|2|2|6,5,-5.030518506998155
16|2|2|6,2,0.00988747368683951
16|2|2|6,6,-14.201399150106333
16|2|2|6,1,-0.6707090480220077
16|2|2|6,4,-0.23035124511316085
16|2|2|6,3,1.8783301970737019
3|3|0|6,2,-3.015
3|3|0|5,1,-0.5033157168750001
3|5|1|12,1,12.976611650969321
3|5|1|12,4,0.7082936405576232
3|5|1|12,7,0.320251107238005
3|5|1|12,2,3.5842532640466263
3|5|1|12,5,0.7230723336197423
3|5|1|12,3,2.402120835227006
3|5|1|12,6,0.6360389615590908
8|3|3|11,1,12.251909946011413
8|3|3|11,7,0.11825892643493424
8|3|3|11,6,0.310358887466309
8|3|3|11,2,3.549124923247946
8|3|3|11,3,6.122185766594217
8|3|3|11,4,3.5425969941599917
8|3|3|11,5,0.385057755518201
11|3|3|10,1,11.85264745120428
11|3|3|10,4,5.52688975288015
11|3|3|10,7,3.5247645346550587
11|3|3|10,6,-0.0936447103738681
11|3|3|10,2,5.3234398546430395
11|3|3|10,5,5.964826582300105
11|3|3|10,3,9.56140029569155
14|3|3|9,2,11.193990577885351
14|3|3|9,1,2.4645606079401783
14|3|3|9,7,0.6782644931751051
14|3|3|9,4,7.128452054381027
14|3|3|9,5,4.107317364498411
14|3|3|9,3,4.500867485050968
14|3|3|9,6,0.5051463768842227
17|3|3|8,4,2.9552814860034573
17|3|3|8,7,0.16063149364821694
17|3|3|8,1,11.132150138142885
17|3|3|8,2,3.339637499996354
17|3|3|8,5,0.15821155260580094
17|3|3|8,6,0.1576876731201773
17|3|3|8,3,3.2477250117847345
17|3|3|7,1,11.148402870344206
17|3|3|7,3,5.62553352617627
17|3|3|7,2,9.822524651131804
17|3|3|7,4,3.427671487010974
17|3|3|7,6,0.4142553299442645
17|3|3|7,7,0.4064371951860021
17|3|3|7,5,0.3712222552970153
20|3|2|6,1,10.649999999999997
20|3|2|6,2,5.3376856134450295
20|3|2|6,3,0.04375802721277532
20|3|2|6,5,0.03442499999999768
20|3|2|6,7,0.03442499999999768
20|3|2|6,4,0.03442499999999768
20|3|2|6,6,0.03442499999999768
23|2|0|5,1,9.999999999999998
23|2|0|5,2,-0.5506962282337892
23|2|0|5,5,-0.5492864878175205
23|2|0|5,6,-0.5487205321730728
23|2|0|5,7,-0.5491043725211517
23|2|0|5,4,-0.5499638582007026
23|2|0|5,3,-0.546269773099333
7|5|3|10,1,-0.27427500000000005
7|5|3|10,4,7.710010896969587
7|5|3|10,6,1.2830328307551249
7|5|3|10,3,8.157044234683699
7|5|3|10,7,1.037824373994983
7|5|3|10,5,1.3595298979481731
7|5|3|10,2,12.608705443227068
13|3|3|8,7,0.59755569494497
13|3|3|8,4,10.810670812443092
13|3|3|8,3,10.352213436099731
13|3|3|8,5,7.980934324853333
13|3|3|8,1,11.642691626218644
13|3|3|8,2,11.17342331591327
13|3|3|8,6,3.428072791828941
20|2|2|3,4,-22.86838357130892
20|2|2|3,2,10.416249999999994
20|2|2|3,6,-22.857792765801808
20|2|2|3,3,10.087256815039222
20|2|2|3,1,10.487499999999994
20|2|2|3,7,-22.864221823175903
20|2|2|3,5,-22.847997095133337
10|5|4|6,1,9.674184104101936
10|5|4|6,4,1.511251378101592
10|5|4|6,3,2.54523664677426
15|5|2|5,6,-9.088035173143586
15|5|2|5,7,-13.602416409669264
15|5|2|5,3,6.176561212277111
15|5|2|5,4,-4.641015383882337
15|5|2|5,2,11.655443690781429
15|5|2|5,1,7.794087515854842
15|5|2|5,5,-6.529795235635715
15|5|2|4,1,2.553337712917667
15|5|2|4,6,-17.096337796154263
15|5|2|4,3,-8.377680204083703
15|5|2|4,7,-9.714156563550251
15|5|2|4,2,-8.555341599449385
15|5|2|4,5,-12.967664361514263
15|5|2|4,4,-12.592256771836231
19|3|1|4,6,-18.36634999574035
19|3|1|4,5,-20.503653730518725
19|3|1|4,2,10.333623418996904
19|3|1|4,7,-20.692534792935064
19|3|1|4,4,-3.3114428279793158
19|3|1|4,3,10.209238135753758
19|3|1|4,1,10.52673750001887
19|3|1|3,7,-22.49499999952142
19|3|1|3,2,-12.063255438471744
19|3|1|3,3,-12.77132685792924
19|3|1|3,5,-22.494999999892723
19|3|1|3,6,-22.49499999017545
19|3|1|3,1,-10.761988546297289
19|3|1|3,4,-21.288144475679594
10|4|3|8,1,11.355069130006097
10|4|3|8,3,6.106715459220082
10|4|3|8,7,-3.5823400959723717
10|4|3|8,4,7.1999005930864985
10|4|3|8,2,9.56727422471578
10|4|3|8,5,8.176817013720788
10|4|3|8,6,-1.6204443449149704
17|4|2|4,5,-18.538945331065623
17|4|2|4,4,2.127485890128258
17|4|2|4,1,11.155413054443672
17|4|2|4,7,-16.93615966038605
17|4|2|4,3,5.548123111098084
17|4|2|4,2,9.855431099136496
17|4|2|4,6,-15.629587012928827
6|1|1|5,1,-3.932844393573401
6|1|1|5,6,-5.004990536765625
12|4|3|2,6,-23.278712653473494
5|3|3|5,4,-6.193689244770956
2|5|1|7,3,-2.9415000000000004
3|5|1|6,1,1.0739027966068393
12|4|4|1,3,-9.855
12|4|4|1,7,-9.855
6|6|1|11,3,12.269778341115444
7|7|1|10,1,13.114884232596136
7|7|1|10,4,3.6758436242973156
7|7|1|10,2,3.8115398592256313
7|7|1|10,6,0.6580149846839006
14|2|2|9,1,10.357579268211278
14|2|2|9,7,-0.5877718005986563
14|2|2|9,2,8.216320407297308
14|2|2|9,5,8.52574905423445
14|2|2|9,6,4.65654776080455
14|2|2|9,3,10.787591748435592
14|2|2|9,4,10.235387964048934
16|2|2|8,5,6.30440937682881
16|2|2|8,4,10.229015522967856
16|2|2|8,1,10.67967144740963
16|2|2|8,7,-0.028017180794830027
16|2|2|8,6,5.82176579086501
16|2|2|8,2,10.229721741454721
16|2|2|8,3,10.131825800365382
17|2|2|7,1,10.197745602772894
17|2|2|7,3,10.2730241729219
17|2|2|7,2,10.144200793554605
17|2|2|7,4,9.641477048001882
17|2|2|7,7,-0.09875331731362728
17|2|2|7,5,0.7573964368687227
17|2|2|7,6,0.44203993524921387
19|2|2|6,7,-0.2004809833624921
19|2|2|6,1,10.390564222456753
19|2|2|6,3,10.313336373689456
19|2|2|6,2,10.352144006603421
19|2|2|6,6,-0.19256117276031975
19|2|2|6,4,9.666252907595679
19|2|2|6,5,-0.20613306484334
17|4|1|4,3,-10.36772985327573
17|4|1|4,6,-20.851537132000498
17|4|1|4,2,-9.510784438055289
17|4|1|4,4,-18.086371985335713
17|4|1|4,5,-18.26401521120641
17|4|1|4,7,-20.964234212210688
17|4|1|4,1,-7.60938568400406
6|7|1|9,2,0.10500000000000001
6|7|1|9,1,11.859426980178661
6|7|1|9,5,-1.5000984561620556
6|7|1|9,4,1.4907648318299167
6|7|1|9,3,7.299849848882017
6|7|1|9,6,-0.1761822382814593
6|7|1|9,7,-0.5116047894233235
7|7|1|8,1,9.687464817780828
7|7|1|8,5,-1.8382563897030544
7|7|1|8,3,1.7405293226379466
13|4|2|8,2,11.029393082039112
13|4|2|8,4,10.458330743365641
13|4|2|8,3,10.08913975143936
13|4|2|8,7,0.11557317587310831
13|4|2|8,6,2.5941731877108687
13|4|2|8,1,11.587407181159238
13|4|2|8,5,7.175164964488221
12|4|2|9,1,11.329887559418298
12|4|2|9,5,7.583661215882342
12|4|2|9,6,1.3578500078947935
12|4|2|9,2,9.508651439156617
12|4|2|9,3,7.552927309309286
12|4|2|9,4,8.428567258677093
12|4|2|9,7,0.5983786049518567
16|2|1|8,4,5.0481679611668095
16|2|1|8,2,9.914300494903337
16|2|1|8,3,6.428990581346575
16|2|1|8,1,5.121152850710628
16|2|1|8,5,8.371523861514799
16|2|1|8,7,-2.9443864536539293
16|2|1|8,6,0.705732584175939
17|2|1|7,1,9.710393976928847
17|2|1|7,3,9.898380799027835
17|2|1|7,6,-2.6627253156889465
17|2|1|7,5,6.178189152719197
17|2|1|7,4,9.605552111065169
17|2|1|7,7,-4.963357153851161
17|2|1|7,2,9.531248002916056
19|1|1|6,1,9.389289852792906
19|1|1|6,4,8.578589773527296
19|1|1|6,6,-10.695753462401862
19|1|1|6,5,9.28197826467121
19|1|1|6,7,-16.324405455825
19|1|1|6,2,9.224644503187976
19|1|1|6,3,9.18953889224784
20|1|1|5,3,9.44352560832234
20|1|1|5,5,-5.416472927201328
20|1|1|5,1,9.481060693997666
20|1|1|5,7,-19.90133709794185
20|1|1|5,2,9.44384460132511
20|1|1|5,6,-19.862578621270735
20|1|1|5,4,9.3797041171421
17|3|3|5,1,11.165321673870146
17|3|3|5,7,0.5274755355150211
17|3|3|5,5,0.4831992561250211
17|3|3|5,2,10.926857550009434
17|3|3|5,3,9.838619054645779
17|3|3|5,6,0.5446854131415223
17|3|3|5,4,10.40402343918341
20|3|2|4,1,10.649999999999997
20|3|2|4,4,-0.2612692994936817
20|3|2|4,7,-1.2971488505773443
20|3|2|4,5,-1.746222936769628
20|3|2|4,2,7.104689999999998
20|3|2|4,3,0.044331071004031906
20|3|2|4,6,0.06360809648273692
23|2|0|3,7,-0.55122064613137
23|2|0|3,4,-0.5500096800105784
23|2|0|3,2,-0.5499999999987041
23|2|0|3,3,-0.549999999998676
23|2|0|3,5,-0.5499970235674204
23|2|0|3,1,9.999999999999998
23|2|0|3,6,-0.5491043725211517
9|4|3|9,4,10.114529458513656
9|4|3|9,6,0.22819614256287318
9|4|3|9,3,11.110597760415196
9|4|3|9,7,0.1444958345507804
9|4|3|9,2,11.122769837933472
9|4|3|9,5,7.659596439153638
9|4|3|9,1,11.933371710581302
13|4|3|6,2,10.254086539452933
13|4|3|6,4,0.2197218887532868
13|4|3|6,7,-6.94092195017605
13|4|3|6,6,-6.273820310489223
13|4|3|6,5,-5.447167037415917
13|4|3|6,1,3.126500705850837
13|4|3|6,3,2.542370714053736
16|4|1|5,5,-12.351472093196435
16|4|1|5,6,-17.032583260872283
16|4|1|5,1,6.417370966484279
16|4|1|5,7,-18.53126404537714
16|4|1|5,2,-5.824178903059713
16|4|1|5,4,-7.131064651675292
16|4|1|5,3,-7.941641221317353
16|4|1|4,7,-18.488933529444264
16|4|1|4,2,-10.33324209461547
16|4|1|4,5,-17.241912477488107
16|4|1|4,3,-13.22907283132042
16|4|1|4,4,-13.080824774238895
16|4|1|4,1,-10.23565938485629
16|4|1|4,6,-19.728075082490005
3|4|3|11,1,11.676926858515754
3|4|3|11,2,10.26138154819726
3|4|3|11,6,-0.880877231493893
3|4|3|11,3,8.958389581986363
3|4|3|11,5,-0.48879891894663097
3|4|3|11,4,0.4501776628414829
3|4|3|11,7,0.13327768115013125
7|4|1|10,1,11.339041553713024
7|4|1|10,4,7.047216835541188
7|4|1|10,6,-2.399380716810615
7|4|1|10,5,0.5479092447291065
7|4|1|10,3,7.521347494816016
7|4|1|10,2,7.60830150456299
7|4|1|10,7,-1.2577146606959273
11|4|3|9,4,8.99394466969776
11|4|3|9,6,1.073946570837745
11|4|3|9,5,9.397731148578131
11|4|3|9,7,0.7727756166713211
11|4|3|9,3,11.911889601109324
11|4|3|9,2,9.6884606804971
11|4|3|9,1,11.163654294317213
17|3|2|7,2,10.629572547205623
17|3|2|7,6,0.22661228485841162
17|3|2|7,3,10.637750761824673
17|3|2|7,5,1.9828717421541528
17|3|2|7,4,10.054605092241772
17|3|2|7,1,10.748741365573135
17|3|2|7,7,0.18425415715342686
19|3|1|6,1,10.372125311661822
19|3|1|6,2,10.319771147658471
19|3|1|6,5,-0.17485671907721698
19|3|1|6,6,-0.18604021522412828
19|3|1|6,3,10.32929601560851
19|3|1|6,7,-0.18101410365692677
19|3|1|6,4,7.204363535859143
10|2|1|8,1,-4.285078301480116
10|2|1|8,3,-3.605296658402139
10|2|1|8,2,-4.21556635485734
10|2|1|8,6,-10.345625434300647
10|2|1|8,5,-10.198094975422473
10|2|1|8,7,-13.764204296546916
10|2|1|8,4,0.9810795707324886
12|4|1|7,1,7.986986096766376
12|4|1|7,7,-12.30623559007015
12|4|1|7,2,-1.0512051574152657
12|4|1|7,4,-6.048174167283541
12|4|1|7,6,-9.521294374317902
12|4|1|7,3,-1.5690138778103235
12|4|1|7,5,-8.919775924658177
4|2|2|12,1,11.057924186113759
4|2|2|12,6,-0.706830621839177
4|2|2|12,2,8.183234711293347
4|2|2|12,4,6.337031765641502
4|2|2|12,7,-1.4078830081870546
4|2|2|12,3,7.160821659144687
4|2|2|12,5,-1.3062583684163698
6|2|1|11,7,-5.062038462248438
6|2|1|11,4,5.226609194469783
6|2|1|11,5,-0.23416255000213315
6|2|1|11,6,-3.8941844472532243
6|2|1|11,1,6.702400604702467
6|2|1|11,3,7.901151947701679
6|2|1|11,2,7.545396667211543
9|6|1|9,2,12.10686718721779
9|6|1|9,5,-3.2455734216424954
9|6|1|9,3,3.351116480498341
9|6|1|9,1,1.4566737685345543
9|6|1|9,7,0.26311857559321444
9|6|1|9,6,0.21995972398470087
9|6|1|9,4,3.9428286321005803
10|6|1|8,1,12.340427318917293
10|6|1|8,7,-3.2827276973000514
10|6|1|8,2,3.2860900600209013
10|6|1|8,4,5.696798479170159
10|6|1|8,3,2.822172315504189
10|6|1|8,5,-3.36482255749031
10|6|1|8,6,-4.645434328958186
16|4|2|7,1,11.34964668997876
16|4|2|7,6,0.4929207670341891
16|4|2|7,5,0.8978965235361285
16|4|2|7,4,4.282787494482542
16|4|2|7,2,9.810949268006835
16|4|2|7,7,0.5555120023251843
16|4|2|7,3,11.045955376310888
10|2|1|6,7,-17.627998235206842
10|2|1|6,4,-8.49551819938084
10|2|1|6,6,-15.121651077713373
10|2|1|6,1,-7.7247301777471575
10|2|1|6,5,-9.43263763345994
10|2|1|6,2,-8.429277710594738
10|2|1|6,3,-8.450062341283392
14|3|1|2,5,-14.9022536175
14|3|1|2,7,-16.176273723051008
14|3|1|2,1,-13.09986338485169
14|3|1|2,4,-15.778692829865882
14|3|1|2,2,-13.257914149521028
14|3|1|2,3,-13.34957626489797
14|3|1|2,6,-13.72277352544699
14|3|1|1,6,-14.999960224037313
17|1|1|2,1,-13.89999997747221
17|1|1|2,3,-13.899999971871523
17|1|1|2,7,-17.409580835672493
17|1|1|2,4,-13.899999977759038
17|1|1|2,2,-13.899998088930245
17|1|1|2,5,-15.030396186333366
17|1|1|2,6,-17.636484033383926
11|4|4|7,1,12.219793166745783
11|4|4|7,6,-2.2875285120651676
11|4|4|7,3,3.549564709498228
11|4|4|7,5,4.831102867834687
11|4|4|7,7,-2.3737784179598163
11|4|4|7,4,1.0937620385486597
11|4|4|7,2,3.7452579857797343
15|4|3|6,1,11.69421680956916
15|4|3|6,5,0.4474156898940268
15|4|3|6,4,6.24932798580331
15|4|3|6,3,10.939067701876933
15|4|3|6,7,1.0075250313438489
15|4|3|6,2,10.19810637124876
15|4|3|6,6,0.9571559114911813
15|2|2|7,7,-8.5673289618057
15|2|2|7,6,-5.346809421025483
15|2|2|7,3,9.788016571326915
15|2|2|7,5,0.923950001716626
15|2|2|7,4,1.389037237775307
15|2|2|7,2,4.6691558423838835
15|2|2|7,1,4.92814089131085
12|3|1|4,6,-18.570608375744534
12|3|1|4,4,-12.013179452387574
12|3|1|4,3,-10.341391044586874
12|3|1|4,7,-13.619667965558442
12|3|1|4,1,-9.937337701842994
12|3|1|4,2,-10.313449938110292
12|3|1|4,5,-11.946772219734859
9|3|1|7,4,-7.823730147847424
9|3|1|7,5,-9.526448724278103
9|3|1|7,1,-4.490988647047889
9|3|1|7,6,-15.570773629562966
9|3|1|7,2,-5.600835524176519
9|3|1|7,7,-16.49477636754748
9|3|1|7,3,-6.050717170495393
11|4|1|5,4,-9.258331238132405
11|4|1|5,7,-17.258577631691217
11|4|1|5,6,-16.37553147570661
11|4|1|5,1,-8.613756922134549
11|4|1|5,5,-9.902843087094617
11|4|1|5,2,-8.69443680996125
11|4|1|5,3,-8.705512423644768
11|4|1|4,3,-7.135392501356913
11|4|1|4,5,-13.277088571935218
11|4|1|4,6,-13.980261088431295
11|4|1|4,1,-9.716855760694818
11|4|1|4,4,-10.000915569543023
11|4|1|4,7,-10.415009337156196
11|4|1|4,2,-10.194560895278066
5|4|3|3,5,-5.3584875
5|4|3|2,1,-1.3897499999999998
1|8|1|12,1,13.571009148154408
1|8|1|12,7,-3.015
1|8|1|12,6,-1.7677531038565968
1|8|1|12,3,-1.0065992634999714
9|5|3|11,1,11.787281932637553
9|5|3|11,2,3.57552607511224
9|5|3|11,3,3.2274870362431223
14|4|3|10,6,-1.2500283850093612
14|4|3|10,5,3.0294072075339082
14|4|3|10,2,11.135450304055329
14|4|3|10,7,0.24333844934044802
14|4|3|9,1,11.88498174887643
14|4|3|9,6,0.39349395472671195
14|4|3|9,7,0.2594810385956787
14|4|3|9,2,7.657734660866502
14|4|3|9,5,3.1928237051587076
14|4|3|9,3,3.252473281111095
14|4|3|9,4,3.281185647892102
18|3|2|8,1,10.752225320020926
18|3|2|8,5,0.052029012838860564
18|3|2|8,3,6.78749176313752
18|3|2|8,6,0.11039671358114131
18|3|2|8,7,0.11208142505321564
18|3|2|8,2,8.183647070130947
18|3|2|8,4,5.269383749994932
21|2|1|7,1,10.107499999999995
21|2|1|7,2,8.715947858607468
21|2|1|7,6,-0.38270770791489794
21|2|1|7,4,-0.4335971490188049
21|2|1|7,7,-0.4446062025425409
21|2|1|7,5,-0.44320601553272004
21|2|1|7,3,9.433287150489651
23|1|1|6,1,9.815100479448247
23|1|1|6,4,-1.023062682885753
23|1|1|6,3,-0.685790436029485
23|1|1|6,6,-0.6645551271525851
23|1|1|6,2,9.849999999999996
23|1|1|6,7,-0.6917106265084172
23|1|1|6,5,-0.6645551271525042
24|1|0|5,5,-0.5500000003197674
24|1|0|5,4,-0.5500000000000009
24|1|0|5,3,-0.5499996498256856
24|1|0|5,7,-0.5499939256477941
24|1|0|5,2,-0.5499913223539906
24|1|0|5,1,9.999999999999998
24|1|0|5,6,-0.45756150000000206
24|1|0|4,1,9.999999999999998
24|1|0|4,4,-0.5500000000000026
24|1|0|4,2,-0.5500000000000024
24|1|0|4,7,-0.5500000000000024
24|1|0|4,5,-0.5500000000000023
24|1|0|4,6,-0.5500000000000014
24|1|0|4,3,-0.5500000000000024
7|5|3|3,1,0.3520125
16|5|2|1,6,-14.994135268427126
11|5|3|4,1,-8.850291668879334
15|4|4|3,1,-11.31255987283229
15|4|4|3,2,-4.152677751797901
7|7|2|1,1,-4.5
9|4|1|1,2,-11.3985
9|4|1|1,1,-4.5
13|5|3|1,4,-14.394695895
13|5|3|1,2,-4.5
13|3|2|8,7,-3.195424707149958
13|3|2|8,5,8.905248364374811
13|3|2|8,4,7.821089493417
13|3|2|8,6,3.283239737450052
13|3|2|8,3,7.568485577856352
13|3|2|8,1,10.776211741044115
13|3|2|8,2,8.858986942592546
15|5|2|3,1,-9.59342318969735
15|5|2|3,6,-12.57982455091748
15|5|2|3,3,-12.730169501251627
15|5|2|3,2,-10.88445101276716
15|5|2|3,4,-11.076370396548807
15|5|2|3,5,-11.084849391947737
10|4|1|6,1,-5.78108539891766
10|4|1|6,4,-8.135325650716767
10|4|1|6,3,-7.45352956827252
10|4|1|6,7,-13.530652364736202
10|4|1|6,5,-10.33454668649664
10|4|1|6,2,-7.047837578761974
10|4|1|6,6,-11.787237691703265
15|3|1|6,5,-9.837501564687416
15|3|1|6,2,-5.311025356670682
15|3|1|6,3,-6.313137678747578
15|3|1|6,7,-16.251131488082365
15|3|1|6,4,-4.703301258064668
15|3|1|6,6,-8.789580659598823
15|3|1|6,1,1.9796034245817828
1|5|2|12,1,9.545544482943765
1|5|2|12,3,-2.6575939600141107
1|5|2|12,4,-1.7376671226104832
1|5|2|12,5,-1.2064942589095704
1|5|2|12,6,-1.3617873389137698
1|5|2|12,7,-0.7224145092627038
1|5|2|12,2,12.105100332429753
6|3|3|11,1,12.249292605716525
6|3|3|11,3,9.496412375457766
6|3|3|11,6,0.14722468330837102
6|3|3|11,4,10.019560215695169
6|3|3|11,2,5.993880502177943
6|3|3|11,7,-0.33931406794840063
6|3|3|11,5,4.7837199850181635
10|3|3|9,4,8.370296225809325
10|3|3|9,1,9.651267260659822
10|3|3|9,5,6.49853958852419
10|3|3|9,7,-1.3963520773922715
10|3|3|9,2,11.612897638650368
10|3|3|9,6,0.32987804651401587
10|3|3|9,3,9.685959227458346
16|4|3|5,1,11.592791655268162
16|4|3|5,7,-0.4155091736534098
16|4|3|5,6,0.5789293824336073
16|4|3|5,5,0.5264910766586626
16|4|3|5,4,5.850663651943695
16|4|3|5,2,10.159175282756081
16|4|3|5,3,8.754843089753656
21|3|0|2,2,-23.692678180957632
21|3|0|2,6,-23.680685518254137
21|3|0|2,7,-23.560345819742302
21|3|0|1,1,-14.792380691985
21|3|0|1,7,-14.792380691985
21|3|0|1,3,-14.792380691985
21|3|0|1,2,-14.792380691985
21|3|0|1,5,-14.792380691985
21|3|0|1,6,-14.792380691985
21|3|0|1,4,-14.792380691985
1|5|1|12,4,0.3891760886367209
1|5|1|12,1,11.753055601824139
1|5|1|12,6,0.5794022524038508
1|5|1|12,3,0.33105033550082624
1|5|1|12,7,0.09373473799345172
1|5|1|12,2,10.829906945261612
1|5|1|12,5,0.1322425918745631
1|5|1|11,1,10.255280931066125
1|5|1|11,7,-3.015
1|5|1|11,6,-2.3609279574972133
1|5|1|11,3,-2.2055417481027413
1|5|1|11,2,1.9043081887241098
5|5|3|6,1,0.691579250690625
9|5|1|7,7,-14.05304098170835
9|5|1|7,1,3.37981362722575
9|5|1|7,5,-6.445834290822834
9|5|1|7,3,-1.941115307174378
9|5|1|7,6,-9.360430770883292
9|5|1|7,4,-2.6546837982683464
9|5|1|7,2,-2.008454901058373
9|5|1|6,1,-1.5514125840264585
9|5|1|6,4,-8.06578267166104
9|5|1|6,6,-7.154350183596085
9|5|1|6,5,-6.710902152583912
9|5|1|6,7,-7.8155094209193585
9|5|1|6,3,-6.075239095895146
14|5|2|5,1,9.715935758936393
14|5|2|5,5,-4.585989548321367
14|5|2|5,2,-4.306559126195004
14|5|2|5,4,-5.437365756936877
14|5|2|5,6,-5.467846838508195
14|5|2|5,3,-6.740104826704152
14|5|2|5,7,-12.060254881652517
11|6|4|6,2,10.726135511199733
11|6|4|6,1,4.021723121546551
15|6|2|5,1,12.00659634267965
11|2|1|6,7,-18.841855396866617
11|2|1|6,2,-8.48461134413204
11|2|1|6,4,-8.361153973521537
11|2|1|6,3,-8.44220655707979
11|2|1|6,1,-8.418429428917294
11|2|1|6,6,-17.633516335165112
11|2|1|6,5,-12.35315127192452
5|6|3|10,1,13.489028564844821
5|6|3|10,2,4.110990069033619
5|6|3|10,4,3.6317184894723393
5|6|3|10,3,3.667607712748913
7|6|3|5,1,-2.226200378008185
12|4|2|8,1,8.20916544061092
12|4|2|8,3,6.5522983159903605
12|4|2|8,5,3.439211206022356
12|4|2|8,4,8.645675510677853
12|4|2|8,2,10.655386677859573
12|4|2|8,6,-0.7781832785944673
12|4|2|8,7,-1.7601759441647928
20|2|2|4,1,10.48701676606059
20|2|2|4,7,-0.08687500184148413
20|2|2|4,5,-0.08687524495959988
20|2|2|4,2,10.487499999999994
20|2|2|4,4,-0.08687500639980797
20|2|2|4,6,-0.08687642915300009
20|2|2|4,3,10.081336150839055
2|4|3|10,1,6.853611344294432
6|4|3|9,3,5.756046295855828
6|4|3|9,4,5.660301299549391
6|4|3|9,2,7.099948375828598
6|4|3|9,5,-1.6628842092199776
6|4|3|9,6,-4.505707793900076
6|4|3|9,7,-6.727818210976826
6|4|3|9,1,11.370371596522553
7|6|1|2,2,0.10500000000000001
8|6|0|1,1,-4.5
8|4|3|4,1,-7.391188946311996
8|4|3|4,3,-11.398254227019553
8|4|3|4,2,-8.544297988973966
8|4|3|4,7,-11.026062047873213
6|5|1|10,1,12.632524359602597
6|5|1|10,6,0.4707907864804756
6|5|1|10,5,1.9667026063378368
6|5|1|10,4,6.528365700880354
6|5|1|10,2,9.658996640114134
6|5|1|10,3,8.651493652297845
6|5|1|10,7,-0.6344896984340431
16|3|3|6,1,11.25314917150199
16|3|3|6,7,0.5908873843332494
16|3|3|6,2,11.056925828788739
16|3|3|6,3,11.072986297320204
16|3|3|6,6,0.5938926854530051
16|3|3|6,4,9.226275624508993
16|3|3|6,5,0.7947062747005961
19|3|1|5,1,10.40117502938136
19|3|1|5,5,-0.16114357755146622
19|3|1|5,7,-0.1364528753719312
19|3|1|5,4,2.7657852944013506
19|3|1|5,3,10.332291345934962
19|3|1|5,6,-0.1658544842104515
19|3|1|5,2,10.332141968819677
10|6|0|3,1,-0.4656446249999999
6|1|1|7,7,-9.665561463787622
6|1|1|7,1,-6.71499395490974
6|1|1|7,3,-6.80079241617942
6|1|1|7,4,-6.344441827909758
6|1|1|7,5,-6.874626756614787
6|1|1|7,2,-6.551541542625316
6|1|1|7,6,-7.5657742363766385
7|1|1|5,1,-3.984404791375715
7|1|1|5,4,-4.255329297978345
17|1|1|4,7,-21.86493865985042
17|1|1|4,6,-17.799882060570503
17|1|1|4,2,-11.74694013572578
17|1|1|4,3,-11.758588246219338
17|1|1|4,1,-11.53144542074625
17|1|1|4,4,-11.703988546776323
17|1|1|4,5,-13.204410644360694
2|4|3|11,1,12.020347183785214
2|4|3|11,3,-1.5551736828011782
2|4|3|11,7,-1.7309924997336836
2|4|3|11,4,-1.020896235438322
2|4|3|11,2,3.962439430081972
2|4|3|11,5,-1.1630694755014588
2|4|3|11,6,-0.8563795993090773
10|3|1|9,2,7.106657513087288
10|3|1|9,3,5.7427580456179275
10|3|1|9,7,-5.950740018065255
10|3|1|9,1,4.2911864833705105
10|3|1|9,4,5.4161412960451
10|3|1|9,6,-3.680518540572443
10|3|1|9,5,2.8063485545374562
9|4|1|7,2,-4.890281052946557
9|4|1|7,1,4.09781440982835
9|4|1|7,6,-14.84958384983631
9|4|1|7,5,-10.810021398982862
9|4|1|7,3,-6.255171874949064
9|4|1|7,4,-6.501593892675783
9|4|1|7,7,-16.026306267430837
10|5|2|6,1,2.5343635592182867
10|5|2|6,2,-4.308700165225773
10|5|2|6,3,-6.786877731913288
10|5|2|6,4,-8.718479196828635
10|5|2|6,5,-5.717170822000375
10|5|2|6,6,-12.61934820541217
10|5|2|6,7,-13.664840879799687
17|4|1|2,1,-12.699999999999564
17|4|1|2,3,-14.293887372824999
17|4|1|2,7,-14.385734331052499
17|4|1|2,4,-14.580503428382475
17|4|1|2,2,-12.848664137979556
17|4|1|2,6,-13.465386031868931
17|4|1|2,5,-15.938248622923025
2|6|1|10,1,7.413405169373891
2|6|1|10,4,-4.9551568464417395
15|1|1|3,6,-19.284888975595134
15|1|1|3,5,-12.495937875722273
15|1|1|3,2,-12.54311501691392
15|1|1|3,4,-12.558500327555722
15|1|1|3,1,-12.53350758780338
15|1|1|3,7,-15.263048417967434
15|1|1|3,3,-12.51268973237325
15|1|1|2,1,-13.851042206018017
15|1|1|2,5,-13.85387958410338
15|1|1|2,3,-13.845785596760814
16|1|1|1,1,-14.982901657221941
16|1|1|1,4,-14.982901657221941
16|1|1|1,7,-14.982901657221941
6|5|3|10,1,13.199602750747296
6|5|3|10,5,1.8939023367918253
6|5|3|10,4,7.274030946016695
6|5|3|10,6,1.2534080949075896
6|5|3|10,3,9.497572527488337
6|5|3|10,2,9.78846339447633
6|5|3|10,7,0.7584169846466438
11|4|2|9,6,5.885784381061337
11|4|2|9,7,-0.30945070119033424
11|4|2|9,5,2.3775583057597194
11|4|2|9,4,10.133602419053707
11|4|2|9,2,10.609479858739586
11|4|2|9,1,11.26469922371257
11|4|2|9,3,9.966572436706857
14|3|1|6,1,-6.004255428455071
14|3|1|6,5,-8.525140932227687
14|3|1|6,3,-4.497062954023935
14|3|1|6,4,-8.506022533068379
14|3|1|6,6,-15.038562285114367
14|3|1|6,2,-7.445164247759176
14|3|1|6,7,-17.17446134566487
8|4|2|10,1,11.156089859163668
8|4|2|10,7,-0.3280708251277701
8|4|2|10,3,9.579909243816632
8|4|2|10,2,11.19584998364574
8|4|2|10,4,9.326074007974997
8|4|2|10,5,-0.07969682851605897
8|4|2|10,6,3.592059998544576
12|3|2|9,7,-0.6884083603912134
12|3|2|9,2,10.483841448062485
12|3|2|9,5,10.65448844663988
12|3|2|9,4,10.525170391066876
12|3|2|9,6,0.29541477902441576
12|3|2|9,1,10.383000658526498
12|3|2|9,3,11.292661732635109
14|5|2|4,1,-8.704507873054204
14|5|2|4,4,-13.792565858549375
14|5|2|4,5,-9.992813726629917
14|5|2|4,3,-10.96449800668683
14|5|2|4,2,-9.523693013963745
14|5|2|4,7,-11.902974799984296
14|5|2|4,6,-13.92187735688872
6|4|3|12,6,2.7090039863127937
6|4|3|12,4,8.647043201026804
6|4|3|12,1,3.844294893097132
6|4|3|11,1,12.8058281241611
6|4|3|11,3,9.632029438401693
6|4|3|11,6,1.2236567612331177
6|4|3|11,5,6.614095881377221
6|4|3|11,7,0.2610141052888671
6|4|3|11,4,2.6449329697419945
6|4|3|11,2,3.9412205670035734
17|4|1|5,1,10.938519441288989
17|4|1|5,4,-2.6036701697235274
17|4|1|5,2,10.26323397612696
17|4|1|5,5,-11.616800728724046
17|4|1|5,3,2.5647539489619287
17|4|1|5,7,-12.839710425842885
17|4|1|5,6,-15.304046614985053
21|2|2|4,1,10.232684013616055
21|2|2|4,7,-0.31743739062289444
21|2|2|4,4,-0.31258638643364955
21|2|2|4,6,-0.31249999200314027
21|2|2|4,3,-0.31249995222906585
21|2|2|4,2,10.249999999999996
21|2|2|4,5,-0.3123778180922371
20|3|2|3,3,-10.502658409908275
20|3|2|3,5,-3.467102079673631
20|3|2|3,7,-7.291650755355065
20|3|2|3,1,10.649999999999997
20|3|2|3,4,-4.818963050771872
20|3|2|3,6,-0.46630918302858215
20|3|2|3,2,8.527282499999904
20|3|2|2,7,-24.23221536134096
20|3|2|2,4,-24.22923504761841
20|3|2|2,6,-12.382236035762896
20|3|2|2,1,10.649999999999997
20|3|2|2,2,7.787860660624141
20|3|2|2,5,-12.308372926057007
20|3|2|2,3,-13.695745031736749
3|4|3|4,1,0.5500874625
8|5|3|10,7,1.4576762981666067
8|5|3|10,4,9.67055983292251
8|5|3|10,2,6.437859630134257
8|5|3|10,5,5.198577148732656
8|5|3|10,1,12.789672100655196
8|5|3|10,3,5.6747020949468645
8|5|3|10,6,0.8895077487467633
13|5|3|8,1,12.190041253400299
13|5|3|8,4,7.65305693587615
13|5|3|8,7,1.049927358841391
13|5|3|8,3,6.083454525984925
13|5|3|8,6,0.019737486478006105
13|5|3|8,5,0.8725668885504989
13|5|3|8,2,7.924956176492365
18|3|3|7,1,11.267494465509108
18|3|3|7,4,0.1962374999999394
18|3|3|7,3,3.138847888759829
18|3|3|7,2,3.380249999999999
18|3|3|7,5,0.19612149136195445
18|3|3|7,6,0.19574169006213307
18|3|3|7,7,0.19623634659479147
21|3|1|6,1,10.649999999999997
21|3|1|6,4,0.020249920790447715
21|3|1|6,7,0.020249999999998634
21|3|1|6,6,0.044347499999997014
21|3|1|6,5,0.020249999999998634
21|3|1|6,3,0.044347499999997014
21|3|1|6,2,5.023492442396749
2|5|2|11,1,12.392512216611525
2|5|2|11,3,4.50911312629722
2|5|2|11,2,4.656206087543849
2|5|2|11,7,-2.034124320803455
2|5|2|11,4,-1.616881338761527
2|5|2|11,5,-1.5710032036670094
2|5|2|11,6,-1.136336943597208
10|4|1|8,1,6.4551734617899355
10|4|1|8,6,-8.882221059607623
10|4|1|8,7,-9.633983431490496
10|4|1|8,5,-5.882443311805068
10|4|1|8,3,2.996673427882828
10|4|1|8,4,2.445044214120239
10|4|1|8,2,3.2372544677532877
14|4|3|7,5,7.699689118800478
14|4|3|7,7,1.0570472424773292
14|4|3|7,6,1.018588782542873
14|4|3|7,1,10.604864570225658
14|4|3|7,4,10.143693105127563
14|4|3|7,3,10.960021031097398
14|4|3|7,2,11.65936459498581
6|4|4|4,1,-1.2500216828766173
11|4|4|1,5,-7.65
15|3|3|6,4,9.56634139067728
15|3|3|6,7,-5.651733461332245
15|3|3|6,1,11.28611751323218
15|3|3|6,3,6.49459777967215
15|3|3|6,6,-5.69141529480549
15|3|3|6,5,2.0037481978799643
15|3|3|6,2,11.01805726213832
11|5|2|7,2,7.9662029045687115
11|5|2|7,7,-9.598906907984286
11|5|2|7,3,1.4026676208776845
11|5|2|7,1,5.021370784553342
11|5|2|7,5,-3.8816622083228935
11|5|2|7,6,-6.236083723837236
11|5|2|7,4,-0.4862753873786918
8|4|4|8,1,7.124443967425084
8|4|4|8,2,8.664591886957659
8|4|4|8,3,6.405750470451094
8|4|4|8,7,-4.453778287104332
8|4|4|8,5,-1.4335765670850036
8|4|4|8,6,0.11280417694516198
8|4|4|8,4,-0.018761587521046952
12|5|2|6,1,7.538235058667456
12|5|2|6,6,-11.205445036859615
12|5|2|6,2,-1.355430851988319
12|5|2|6,3,0.8847707987517821
12|5|2|6,4,0.16972656856334667
12|5|2|6,5,-14.2599102429143
12|5|2|6,7,-11.768242899564001
17|4|1|3,1,-11.60440400570353
17|4|1|3,3,-12.048917662986295
17|4|1|3,4,-13.095153507068543
17|4|1|3,5,-17.203152489764264
17|4|1|3,6,-19.89849607897297
17|4|1|3,7,-20.06453483407092
17|4|1|3,2,-11.710895372280104
4|5|1|9,1,3.9074924008096072
4|5|1|9,2,1.6416999056668644
4|5|1|9,5,-12.65375712808234
4|5|1|9,3,2.76688497746217
4|5|1|9,6,-12.29338621195188
4|5|1|9,4,-6.837672519251245
4|5|1|9,7,-9.935172778286413
7|5|4|8,1,12.885868227547137
7|5|4|8,6,-1.7386487088469458
7|5|4|8,7,-1.8979285119270015
7|5|4|8,4,2.541766795702775
7|5|4|8,3,3.016749884847237
13|5|2|2,1,-12.288133050727032
13|5|2|2,4,-13.696691436127498
16|4|3|4,1,11.533325432559682
16|4|3|4,5,-10.687541486195883
16|4|3|4,7,-16.271394540273494
16|4|3|4,4,-7.536269601175498
16|4|3|4,3,8.639687727119785
16|4|3|4,2,3.4578165262500002
16|4|3|4,6,-13.366864912807682
13|4|1|3,1,-11.34481781819207
13|4|1|3,6,-13.468383191952
13|4|1|3,5,-13.813725283391289
7|6|2|6,5,-12.595902240962994
7|6|2|5,5,-12.478953491015382
7|6|2|5,2,-6.305051133979795
7|6|2|4,1,-7.132645994669931
2|9|3|11,5,-4.792935031875
2|9|3|10,1,4.94598258361309
11|4|3|8,3,9.793455985904766
11|4|3|8,1,10.162140762191024
11|4|3|8,6,0.17509755668978563
11|4|3|8,7,-0.731934124453912
11|4|3|8,5,8.979546563838142
11|4|3|8,2,12.016718549373957
11|4|3|8,4,3.7322372668659773
13|1|1|4,1,-11.077291043565275
13|1|1|4,4,-11.093154002841544
13|1|1|4,7,-12.742843754696958
13|1|1|4,5,-11.063627824905872
13|1|1|4,6,-12.50259401022544
13|1|1|4,2,-11.129100341522891
13|1|1|4,3,-11.14937054688502
14|1|1|3,1,-12.497222887815001
14|1|1|3,3,-12.528865123030082
14|1|1|3,4,-12.551278397500802
14|1|1|3,7,-13.42183415905949
14|1|1|3,5,-12.452378626259833
14|1|1|3,6,-14.543784168698146
14|1|1|3,2,-12.46304893982206
7|6|3|8,1,11.008526791206782
7|6|3|8,4,2.764312795101889
7|6|3|8,2,2.930142977932378
7|6|3|8,5,-0.9315549330940622
7|6|3|8,6,-1.5032232425212342
7|6|3|8,3,-1.0302931755641331
14|5|1|3,1,-10.914767097018382
10|5|2|8,1,11.456172981792673
10|5|2|8,2,8.680225528904668
10|5|2|8,7,-4.27536821186326
10|5|2|8,4,8.118024894464073
10|5|2|8,6,-1.495887415345328
10|5|2|8,5,-2.875479263737129
10|5|2|8,3,6.006915627094017
18|4|2|1,1,-14.8546664843895
18|4|2|1,4,-14.8546664843895
18|4|2|1,5,-14.8546664843895
18|4|2|1,7,-14.792380691985
18|4|2|1,6,-14.8546664843895
12|1|1|6,1,-8.826494832628514
12|1|1|6,6,-11.640475481298557
12|1|1|6,2,-7.673267495124906
12|1|1|6,3,-8.894304749793301
12|1|1|6,4,-8.825003033706345
12|1|1|6,5,-8.819444593606752
12|1|1|6,7,-16.515639968015936
10|1|1|5,2,-7.76774370836981
10|1|1|5,5,-8.974237215692385
10|1|1|5,1,-8.950836274029674
10|1|1|5,7,-10.637245214662672
10|1|1|5,4,-8.960346903622897
9|5|1|4,1,-9.162508760035562
10|6|3|9,1,12.73374258508827
10|6|3|9,2,2.045488966779397
10|6|3|9,6,0.5950599912500564
10|6|3|9,5,3.694277465699074
10|6|3|9,4,3.7057466236536936
10|6|3|9,7,0.5893450247649007
10|6|3|9,3,3.70826002417837
16|3|3|8,1,11.075928614235579
16|3|3|8,2,7.248216208928668
16|3|3|8,5,0.3798090941254089
16|3|3|8,3,7.309542007904982
16|3|3|8,7,0.32643930397863896
16|3|3|8,4,2.4384189449612115
16|3|3|8,6,0.14443703775381225
19|3|1|7,1,6.932821124999996
19|3|1|7,3,10.332126901820718
19|3|1|7,2,6.788205103723902
19|3|1|7,7,-0.1461539484716599
19|3|1|7,6,-0.13208087417817915
19|3|1|7,5,-0.14744372505224101
19|3|1|7,4,4.124592763988639
22|1|1|6,3,9.676827271189072
22|1|1|6,7,-0.8652474717290427
22|1|1|6,2,9.702077885444618
22|1|1|6,5,-0.8276484209829642
22|1|1|6,6,-0.8278483432052299
22|1|1|6,4,-0.8265268770926358
22|1|1|6,1,9.707499999999994
23|1|1|5,1,9.849999999999996
23|1|1|5,7,-0.6924999999710318
23|1|1|5,4,-0.6924999745829219
23|1|1|5,3,-0.6924999822080466
23|1|1|5,6,-0.6924998941396024
23|1|1|5,2,9.849999913197083
23|1|1|5,5,-0.6924999481284074
14|4|2|7,1,11.424642390641216
14|4|2|7,2,10.849738673975176
14|4|2|7,7,-2.4563230932009685
14|4|2|7,5,1.9608957433921983
14|4|2|7,4,10.139092093401908
14|4|2|7,3,9.730368982713783
14|4|2|7,6,0.12223767931967422
13|4|1|4,1,-10.02267981373866
13|4|1|4,5,-12.616711699316845
13|4|1|4,6,-15.652520378977641
13|4|1|4,4,-12.341512181981853
13|4|1|4,7,-10.569058409413543
13|4|1|4,2,-9.770479586624349
13|4|1|4,3,-9.985671964380666
3|5|0|7,1,0.585
8|6|2|6,7,-8.49780891737216
8|6|2|6,3,-8.157873745206
8|6|2|5,6,-8.965813724193321
8|6|2|5,2,-4.264424471951413
8|6|2|5,5,-8.059192244668655
8|6|2|4,1,-7.745418498261438
15|2|1|5,1,-9.904944807454626
15|2|1|5,7,-20.0902253901658
15|2|1|5,6,-19.572588588604308
15|2|1|5,2,-10.122563038914594
15|2|1|5,5,-15.609948056233495
15|2|1|5,4,-10.043342356292992
15|2|1|5,3,-10.109807031157843
13|5|2|3,4,-14.527566340376007
13|5|2|3,3,-12.942691456044281
13|5|2|3,2,-11.256725471122694
13|5|2|3,6,-12.18323166706986
13|5|2|3,7,-13.68964351184917
13|5|2|3,5,-16.445169673596748
13|5|2|3,1,-10.811439164238603
5|6|1|10,2,11.280718744587215
5|6|1|10,6,-1.730969895487208
5|6|1|10,3,7.782500036559732
5|6|1|10,4,-0.8681303815311594
5|6|1|10,1,3.3258714506474356
5|6|1|10,5,0.7741838701494437
5|6|1|10,7,-0.9612013395624891
6|6|3|9,1,12.631075201219934
6|6|3|9,6,-0.5701614982933337
6|6|3|9,5,-0.1859403091894249
6|6|3|9,3,4.00203566244356
6|6|3|9,7,0.5614912084027504
6|6|3|9,2,3.8618831777589353
6|6|3|9,4,3.748484652517411
16|4|1|6,4,9.175751953390288
16|4|1|6,2,10.19904208471263
16|4|1|6,5,-0.9042004890059507
16|4|1|6,1,10.84057598140132
16|4|1|6,3,9.460068347259423
16|4|1|6,6,-10.751406136902542
16|4|1|6,7,-8.033964110609917
9|4|1|6,7,-15.897064645408852
9|4|1|6,2,-7.22601644265096
9|4|1|6,1,-7.156446889878214
9|4|1|6,3,-8.705894318367127
9|4|1|6,5,-7.7773149832437305
9|4|1|6,4,-9.152359347309044
9|4|1|6,6,-10.62552017938505
10|4|2|8,1,5.486064162896823
10|4|2|8,6,-4.227020958947933
10|4|2|8,5,-2.6064761752631287
10|4|2|8,3,4.094483311447204
10|4|2|8,4,3.6824407601023292
10|4|2|8,2,8.86077114091252
10|4|2|8,7,-6.817994515680388
12|5|1|5,1,-6.97296026254476
12|5|1|5,6,-8.858331075950224
12|5|1|5,7,-12.302868773781178
12|5|1|5,3,-8.545874706620506
12|5|1|5,2,-8.39390128157612
12|5|1|5,4,-9.43594954402951
12|5|1|5,5,-8.855359672349024
18|4|2|2,1,-12.699999999999996
18|4|2|2,5,-17.621451572215726
18|4|2|2,2,-12.714823043633867
18|4|2|2,3,-12.706082500575
18|4|2|2,7,-17.78957069913675
18|4|2|2,4,-15.4993184912025
18|4|2|2,6,-17.850786384737724
6|4|4|9,1,11.636137988529377
6|4|4|9,3,5.666414434258472
6|4|4|9,7,-6.3860080931345165
6|4|4|9,6,-4.008685239121672
6|4|4|9,4,1.3503411354537094
6|4|4|9,5,1.3247267588031997
6|4|4|9,2,3.429466702269306
16|4|2|5,1,11.1377753964865
16|4|2|5,4,-0.9694268722441226
16|4|2|5,3,10.982103398965998
16|4|2|5,2,11.039527089942556
16|4|2|5,6,-12.160493345856976
16|4|2|5,5,-0.8010094279463775
16|4|2|5,7,-10.806872304752131
11|5|4|7,1,12.63993464885456
11|5|4|7,2,6.298207816303237
11|5|4|7,7,0.5047814690755007
11|5|4|7,3,3.431528300044581
11|5|4|7,5,2.9162089407994896
11|5|4|7,4,3.660216341924461
11|5|4|7,6,0.28329381301650364
20|2|2|5,7,-0.08687500284813046
20|2|2|5,1,10.452587499999995
20|2|2|5,2,10.487499999999994
20|2|2|5,4,-0.08687499782095578
20|2|2|5,6,-0.08687510108185588
20|2|2|5,3,7.9502964513180725
20|2|2|5,5,-0.08687501060594993
3|6|2|9,3,-6.75622046896851
3|6|2|9,7,-9.395848848660378
4|8|2|10,1,13.605951834621097
12|5|2|9,1,11.989531981988742
12|5|2|9,2,4.072897334578408
12|5|2|9,4,3.215947631532194
12|5|2|9,6,5.900093069704027
12|5|2|9,7,0.6299179729354085
12|5|2|9,3,7.664240483704752
12|5|2|9,5,0.4591275771626446
17|2|2|8,1,10.268288774073255
17|2|2|8,4,8.681248186330228
17|2|2|8,5,8.390001465924616
17|2|2|8,2,10.315276317960512
17|2|2|8,6,-0.11148335221545097
17|2|2|8,7,-0.17551714171997937
17|2|2|8,3,10.219056452872165
19|2|2|7,1,10.397698050292483
19|2|2|7,4,6.796511836301994
19|2|2|7,7,-0.20191799004146613
19|2|2|7,2,10.271256173336186
19|2|2|7,6,-0.20251758258815641
19|2|2|7,3,10.238509759250176
19|2|2|7,5,-0.20060798410202527
21|2|1|6,4,-0.44780672419842316
21|2|1|6,6,-0.44787534903738513
21|2|1|6,2,10.087499999643672
21|2|1|6,5,-0.44777947386142103
21|2|1|6,7,-0.447871528697843
21|2|1|6,3,10.079920085300918
21|2|1|6,1,10.107500000000048
22|2|0|2,1,10.249999999999996
22|2|0|2,5,-9.579750749999999
22|2|0|2,3,-10.754163330074999
22|2|0|2,7,-6.2635724999999995
22|2|0|2,6,-7.248579948051008
22|2|0|2,4,-6.9379353675
22|2|0|2,2,-11.194060830075
8|7|3|6,1,5.768867126787166
8|7|3|6,5,-3.015
16|4|3|3,7,-17.329161381042745
16|4|3|3,2,-13.662220448127067
16|4|3|3,4,-17.969345798351377
16|4|3|3,5,-18.20091194496046
16|4|3|3,6,-17.901821978678615
16|4|3|3,1,-6.3303446815504
6|5|1|7,5,-13.54750500527155
6|5|1|7,1,-1.8241608028332579
6|5|1|7,2,-5.285081845734977
6|5|1|7,6,-7.295135772223686
6|5|1|7,4,-5.218408513841878
7|5|1|4,5,-7.179901481249999
7|5|1|4,3,-4.271911249105679
7|5|1|4,7,-3.9309294375
12|1|1|1,1,-9.855
7|6|1|8,2,-4.678660801521661
7|6|1|8,3,-4.010211478135868
7|6|1|8,7,-8.69995919364406
7|6|1|8,6,-9.656144971087336
7|6|1|8,4,-9.317091602353504
7|6|1|8,5,-7.238722670107542
7|6|1|8,1,7.085093043946969
10|6|2|6,1,3.646224272727507
10|6|2|6,2,-1.990777537914942
10|6|2|6,5,-4.397780571417487
10|6|2|6,3,-4.463514044322127
10|6|2|6,6,-8.630378648748973
10|6|2|6,7,-5.209330010477879
10|6|2|6,4,-2.5514272281904113
2|7|1|12,1,13.872724446424295
2|7|1|12,2,1.7169468114586608
2|7|1|12,6,0.016551413588366336
2|7|1|12,7,0.8563254504412354
2|7|1|12,3,3.1300107221425812
2|7|1|12,5,0.9328463400547813
2|7|1|12,4,0.8517059649057535
9|5|2|11,5,9.803205669997366
9|5|2|11,2,0.42279356249999994
9|5|2|11,3,3.5726809965069526
10|5|2|10,1,12.292376441830084
10|5|2|10,4,0.06514679648078125
10|5|2|10,6,0.7446482830966555
10|5|2|10,5,3.496821142221168
10|5|2|10,2,6.112456905826518
10|5|2|10,7,0.8210126727866827
10|5|2|10,3,3.574146315785942
15|3|2|9,1,8.963238415203115
15|3|2|9,4,8.1044855652476
15|3|2|9,5,3.211902913580926
15|3|2|9,6,1.7467916318741532
15|3|2|9,3,11.048706705882568
15|3|2|9,7,0.3122500014769585
15|3|2|9,2,7.162440705372472
20|2|1|7,1,9.972136115132509
20|2|1|7,2,9.90117028804818
20|2|1|7,5,-0.5639748992005552
20|2|1|7,3,9.760289481240072
20|2|1|7,7,-0.5577863142099496
20|2|1|7,4,9.383347306042683
20|2|1|7,6,-0.5590607704616782
24|1|0|3,1,9.999999999999998
24|1|0|3,5,-0.5500000000000026
24|1|0|3,7,-0.5500000000000024
24|1|0|3,2,-0.5500000000000024
24|1|0|3,4,-0.5500000000000024
24|1|0|3,3,-0.5500000000000024
24|1|0|3,6,-0.5500000000000024
19|3|3|4,1,10.649999999999913
19|3|3|4,7,-3.015
19|3|3|4,6,0.020249999938732444
19|3|3|4,4,0.020249999998267754
19|3|3|4,5,0.020249999999998634
19|3|3|4,2,3.1949999999998635
22|3|0|3,4,-0.5845881657181358
22|3|0|3,1,9.999999999999998
22|3|0|3,3,-0.16500000000000073
22|3|0|3,6,-0.16500000000000073
22|3|0|3,7,-0.16500000000000073
22|3|0|3,2,-0.16500000000000073
22|3|0|3,5,-0.16500000000000073
22|3|0|2,1,9.999999999999998
22|3|0|2,3,-0.22135381217549988
22|3|0|2,5,-0.1926133679659948
22|3|0|2,6,-0.16504496598388058
22|3|0|2,4,-0.1650107963327299
22|3|0|2,2,-0.16500000603024745
12|3|2|10,1,11.375397313609536
12|3|2|10,5,0.8673470723097768
12|3|2|10,7,0.3155388965842172
12|3|2|10,6,-0.022385341051638894
12|3|2|10,4,5.659581347248687
12|3|2|10,2,5.778124089576934
12|3|2|10,3,8.371699546536464
15|2|2|9,1,9.357242978425814
15|2|2|9,2,10.522346744568166
15|2|2|9,5,1.4767309053616469
15|2|2|9,4,8.063965777948624
15|2|2|9,3,7.843737632669802
15|2|2|9,7,0.03320275706716734
15|2|2|9,6,1.62288950395186
17|2|1|8,1,9.914835987533966
17|2|1|8,6,3.623457095084739
17|2|1|8,7,-0.539510557070294
17|2|1|8,2,8.243100205040374
17|2|1|8,5,5.004274882198153
17|2|1|8,4,8.121437898574571
17|2|1|8,3,7.382671458124097
19|2|1|7,1,9.874835597466216
19|2|1|7,6,-0.6442605144189383
19|2|1|7,7,-0.6724843060434003
19|2|1|7,5,0.4884067520383404
19|2|1|7,3,9.253141760005242
19|2|1|7,4,9.436130218495833
19|2|1|7,2,9.707668990345676
16|3|3|5,5,-4.428434069574264
16|3|3|5,3,9.968286295980352
16|3|3|5,4,-5.391194955344979
16|3|3|5,1,11.022095564984278
16|3|3|5,2,11.304252663473948
16|3|3|5,6,-11.128800946880247
16|3|3|5,7,-9.804232292610429
8|2|1|10,5,-2.1910725408361715
8|2|1|10,2,3.1669532993091156
8|2|1|10,7,-5.9393955472348114
8|2|1|10,1,4.995399230160519
8|2|1|10,6,-6.572673363967558
8|2|1|10,3,7.398291280009593
8|2|1|10,4,4.5951287540133325
9|2|1|9,1,7.283224417363096
9|2|1|9,5,-5.199672184390883
9|2|1|9,3,-0.10167548729697029
9|2|1|9,4,1.2721884755179538
9|2|1|9,6,-10.93579496152265
9|2|1|9,7,-11.186318993551753
9|2|1|9,2,1.3131884704391394
6|5|2|10,1,11.078849099432487
6|5|2|10,3,11.593548537156611
6|5|2|10,7,-1.2474434386951223
6|5|2|10,5,1.8300806092310544
6|5|2|10,2,8.460716531857184
6|5|2|10,4,2.5421506010355825
6|5|2|10,6,-0.23252358125543066
2|3|3|10,2,5.39271091007604
2|3|3|10,1,1.4045389687265069
2|3|3|10,4,-2.8000719049247946
2|3|3|10,3,-2.8771706824245364
2|3|3|10,5,-2.485363249323873
2|3|3|10,7,-2.6015417892970496
2|3|3|10,6,-2.3662216367363413
7|5|3|8,2,9.326957420773116
7|5|3|8,5,-2.8317626785092536
7|5|3|8,3,4.858585747824824
7|5|3|8,4,-4.382533266885156
7|5|3|8,1,2.1474899646171166
7|5|3|8,7,-4.108550117194741
7|5|3|8,6,-6.172942711430366
5|5|1|7,4,-14.535434556587312
5|5|1|7,6,-14.614367626248404
5|5|1|7,7,-7.906609956008648
5|5|1|7,3,-4.8817747421279565
5|5|1|6,1,-6.043255606456867
5|5|1|6,6,-7.548500131319055
15|2|1|6,1,-3.5361595955046132
15|2|1|6,3,-7.970202565314106
15|2|1|6,2,-7.207984901967115
15|2|1|6,5,-7.714285123555787
15|2|1|6,7,-18.744122097850994
15|2|1|6,6,-17.817603169923622
15|2|1|6,4,-7.62515444989983
17|1|1|5,1,-10.658324576964825
17|1|1|5,4,-9.315593430596884
17|1|1|5,7,-17.29150386802469
17|1|1|5,3,-10.739802251454794
17|1|1|5,6,-20.32863227200736
17|1|1|5,5,-18.199328183065045
17|1|1|5,2,-10.294914133677706
15|4|1|2,2,-13.651694345080157
15|4|1|2,7,-14.9757165
15|4|1|2,5,-15.932578891741725
15|4|1|2,3,-13.637864647420859
15|4|1|2,1,-12.613865643376831
15|4|1|2,6,-16.02267255
15|4|1|2,4,-12.961231212712466
2|4|4|12,1,13.58703769711176
2|4|4|12,4,-2.882475
2|4|4|12,5,0.5931101675189719
6|4|2|11,1,12.262171837430461
6|4|2|11,6,-0.04704543185360319
6|4|2|11,2,10.657811393993367
6|4|2|11,3,10.278391008076914
6|4|2|11,5,4.75333442785444
6|4|2|11,4,8.071907477950703
6|4|2|11,7,0.7507013324577115
10|2|1|10,1,9.065083266169276
10|2|1|10,3,2.7244758198066843
10|2|1|10,5,3.4567022947492974
10|2|1|10,2,2.784891046859499
10|2|1|10,4,3.036490937093269
10|2|1|10,6,-1.2841652359470108
10|2|1|10,7,-0.8850294280336553
14|3|2|8,1,10.753031006359898
14|3|2|8,5,5.060853190636026
14|3|2|8,2,10.999430785656752
14|3|2|8,4,10.718284292893722
14|3|2|8,6,2.4134745563608586
14|3|2|8,7,0.06336842758074156
14|3|2|8,3,10.745758785376283
21|4|0|1,1,5.1
21|4|0|1,2,-4.5
2|5|2|12,1,12.721243748807273
2|5|2|12,6,0.3741284266520818
2|5|2|12,2,3.692005646535572
2|5|2|12,7,0.40058027796922974
2|5|2|12,5,0.45835464343974264
2|5|2|12,3,6.757005753713331
2|5|2|12,4,0.4817989247269816
7|4|2|11,3,12.20799488081317
7|4|2|11,6,0.6379569055497676
7|4|2|11,2,3.4838547351987885
7|4|2|11,4,6.157157458701159
7|4|2|11,1,3.65271504488308
7|4|2|11,7,0.7936631869722864
7|4|2|11,5,3.1176029813666717
12|1|1|5,1,-9.990624071208194
12|1|1|5,5,-9.964643388510327
12|1|1|5,7,-11.823520573379074
12|1|1|5,6,-10.193304675629443
12|1|1|5,3,-10.001737713919582
12|1|1|5,2,-9.770073818535302
12|1|1|5,4,-9.971999699946153
9|4|4|6,1,2.2436327972212062
5|3|3|12,1,12.472462520593465
5|3|3|12,7,0.509107839817055
5|3|3|12,5,0.4257227568143365
8|3|2|11,1,11.055199506824863
8|3|2|11,4,3.990312701240139
8|3|2|11,6,-0.27467647322204075
8|3|2|11,2,12.035410104741581
8|3|2|11,3,9.80815448612143
8|3|2|11,7,0.09246643910377265
8|3|2|11,5,7.208678569896858
11|4|1|10,2,11.39255050015304
11|4|1|10,7,0.15064994118579128
11|4|1|10,5,3.3984982642000987
12|4|1|9,1,11.697343761185865
12|4|1|9,3,3.3455160258227474
12|4|1|9,7,-0.2408487489322846
12|6|2|1,1,-13.235265
7|5|3|4,4,0.10500000000000001
8|5|4|3,6,-7.640270662500001
8|5|4|2,1,-5.393326275
11|4|4|6,1,4.742367146078406
11|4|4|6,4,-4.734994571318874
11|4|4|6,2,-0.9802498028602221
11|4|4|6,7,-4.551245996137727
11|4|4|6,5,-4.790687394567406
11|4|4|6,3,2.590040136067175
11|4|4|6,6,-4.935373901346318
5|3|3|11,1,11.981097391771158
5|3|3|11,2,9.269700506507894
5|3|3|11,3,9.92660162159388
5|3|3|11,4,8.387270798879886
5|3|3|11,6,-0.5882668329144398
5|3|3|11,7,-0.4436991483574821
5|3|3|11,5,4.333936367946683
8|6|1|10,1,12.76863731036836
8|6|1|10,3,2.9376557086009867
8|6|1|10,2,3.33278698084717
14|3|2|9,1,11.050079295443604
14|3|2|9,7,0.007505497386207899
14|3|2|9,2,10.57674273149901
14|3|2|9,6,3.626366750266813
14|3|2|9,5,8.192307599501898
14|3|2|9,4,10.474572991984278
14|3|2|9,3,10.632281007048944
17|3|2|8,1,10.723367684636196
17|3|2|8,5,1.8175345683155648
17|3|2|8,6,0.1689783988394276
17|3|2|8,4,8.822696175278764
17|3|2|8,2,9.745520430686483
17|3|2|8,7,0.1456326379960938
17|3|2|8,3,9.937379436550604
13|4|4|6,1,12.093298880394961
13|4|4|6,2,3.6802782739594004
13|4|4|6,5,-6.793740673350545
13|4|4|6,4,3.510306366379338
13|4|4|6,6,-4.20041171373607
13|4|4|6,7,-5.325776048499858
13|4|4|6,3,3.534566291738066
4|4|0|5,1,0.49890632353125003
16|5|2|2,1,-12.299885600562222
16|5|2|2,5,-15.0949471133025
16|5|2|2,6,-15.407746480289251
16|5|2|2,4,-12.730520467708542
16|5|2|2,3,-9.488112966431043
12|4|1|6,1,-6.729689104569633
12|4|1|6,7,-16.90032117079439
12|4|1|6,4,-7.678657229553224
12|4|1|6,5,-13.426717668108811
12|4|1|6,3,-8.704248333957118
12|4|1|6,2,-6.026221996529269
12|4|1|6,6,-15.97046133201551
4|6|1|10,1,12.857037113314918
4|6|1|10,7,-1.6466177204469348
4|6|1|10,6,-2.238980170484372
4|6|1|10,3,8.687723433282548
4|6|1|10,2,8.229170700680344
4|6|1|10,4,-0.36406614763484413
4|6|1|10,5,-1.9463662199059262
18|1|1|4,1,-11.794845906868293
18|1|1|4,4,-11.798046932401459
18|1|1|4,3,-11.791593377496469
18|1|1|4,5,-12.54546817256597
18|1|1|4,7,-22.081489866993905
18|1|1|4,2,-11.790504022119727
18|1|1|4,6,-21.70251317867492
11|3|3|9,1,11.913420079125538
11|3|3|9,7,-0.10790341604366574
11|3|3|9,6,1.5118440599077712
11|3|3|9,3,10.967401719390685
11|3|3|9,5,10.388468111775948
11|3|3|9,4,11.088941527945575
11|3|3|9,2,10.805506661087382
2|5|1|6,1,0.49727594728125
16|6|2|1,3,-9.855
17|3|1|6,1,10.557458376335505
17|3|1|6,3,10.143346336044093
17|3|1|6,5,-1.290423510347554
17|3|1|6,2,10.184892070309537
17|3|1|6,4,9.988691290726821
17|3|1|6,6,-7.9643602661769375
17|3|1|6,7,-10.566475834755064
11|2|1|8,1,-2.3874313426961487
11|2|1|8,2,1.7954648613165796
11|2|1|8,5,-7.106779691093952
11|2|1|8,6,-13.861515701621379
11|2|1|8,3,-1.9970152936009469
11|2|1|8,7,-14.068565931997377
11|2|1|8,4,-2.2648128693563043
12|5|2|5,1,-1.6590109224296379
12|5|2|5,4,-9.94764880096479
12|5|2|5,3,-7.472303125100281
12|5|2|5,2,-7.691077284654853
12|5|2|5,5,-10.795986880338882
12|5|2|5,6,-12.440978009268303
12|5|2|5,7,-13.533200309506686
8|6|5|9,1,6.699524752109685
14|5|2|8,1,11.52122215546838
14|5|2|8,7,0.8819644511184844
14|5|2|8,3,3.872134583274935
14|5|2|8,6,0.809894103183424
14|5|2|8,2,3.5233316201903695
14|5|2|8,5,5.834740299291082
14|5|2|8,4,6.289316876224778
7|4|1|9,1,8.539325647614842
7|4|1|9,6,-6.23306734735729
7|4|1|9,7,-8.293549730427973
7|4|1|9,3,5.573260603890901
7|4|1|9,2,4.569384849480606
7|4|1|9,4,-0.946362403691543
7|4|1|9,5,-0.21859382790110637
11|1|1|8,4,-4.763604223999306
11|1|1|8,7,-9.393777378810242
11|1|1|8,1,0.37450700735001397
11|1|1|8,3,-3.677374663475378
11|1|1|8,5,-4.47433557675161
11|1|1|8,6,-6.3817311929867815
11|1|1|8,2,-4.505332248592422
12|1|1|7,3,-6.84989667869804
12|1|1|7,6,-9.905366384179043
12|1|1|7,2,-6.913735287459788
12|1|1|7,5,-7.043673432620239
12|1|1|7,4,-7.306527146671014
12|1|1|7,7,-10.720429179541329
12|1|1|7,1,-6.52864218035319
13|1|1|6,1,-8.764438268040513
13|1|1|6,2,-8.888775354190665
13|1|1|6,5,-8.919083642009138
13|1|1|6,4,-8.86399463741951
13|1|1|6,7,-14.91451114206189
13|1|1|6,6,-17.05643626188533
13|1|1|6,3,-9.009789474072074
19|1|1|4,1,-11.730385796290589
19|1|1|4,5,-12.137397570905506
19|1|1|4,7,-22.12632941043939
19|1|1|4,4,-12.01905041829731
19|1|1|4,6,-19.735538132455765
19|1|1|4,3,-11.84739974816224
19|1|1|4,2,-11.827708074444363
7|6|3|7,1,10.070039024955758
7|6|3|7,4,0.22561619024331725
11|1|1|6,1,-8.200754854433743
11|1|1|6,4,-8.496162203960957
11|1|1|6,5,-8.5626313138639
11|1|1|6,7,-12.84564306801752
11|1|1|6,2,-8.714215808591845
11|1|1|6,6,-15.868197162305806
11|1|1|6,3,-8.711409138166463
10|3|2|10,1,10.850473285101222
10|3|2|10,2,10.579818552509119
10|3|2|10,7,0.28294412484052944
10|3|2|10,3,11.222490050966279
10|3|2|10,6,5.019019646405232
10|3|2|10,5,7.752096397013918
10|3|2|10,4,10.464499844504454
6|5|3|8,1,8.03687560652968
6|5|3|8,3,0.10500000000000001
6|5|3|8,6,-2.3555432176767384
6|5|3|8,5,-2.7588042563784936
6|5|3|8,4,-3.6394669241693274
6|5|3|8,7,-2.9435731277627704
5|6|1|9,2,7.627401250031296
5|6|1|9,6,-3.8752408959508156
5|6|1|9,7,-3.8647709001248254
5|6|1|9,4,0.4629291217650433
5|6|1|9,5,-1.2635595341822374
5|6|1|9,1,6.711034951353472
5|6|1|9,3,5.237535517942627
6|6|1|8,1,4.488894665701506
6|6|1|8,3,0.5856633147617103
6|6|1|8,2,0.4787625698246244
6|6|1|8,7,-3.1943576250000003
6|6|1|8,6,-3.2987391551724468
6|6|1|8,5,-4.231573157699321
6|6|1|8,4,0.43308517148482384
18|2|2|8,1,10.271959210128063
18|2|2|8,6,-0.12532304985908382
18|2|2|8,3,8.491771028122022
18|2|2|8,4,4.271233350213052
18|2|2|8,7,-0.16026877075360765
18|2|2|8,5,2.1290606251034663
18|2|2|8,2,9.030727791035844
20|2|2|7,4,-0.9665558623075194
20|2|2|7,7,-0.0899495721630863
20|2|2|7,3,7.035187499210922
20|2|2|7,6,-0.05707687501034426
20|2|2|7,2,10.107499999998142
20|2|2|7,5,-0.05707687500000527
20|2|2|7,1,7.680689249999997
20|2|2|6,1,10.487499999999994
20|2|2|6,4,-0.08794897675116299
20|2|2|6,6,-0.08628593841733775
20|2|2|6,2,10.342339500479508
20|2|2|6,5,-0.08336939181635537
20|2|2|6,3,9.56817434295872
20|2|2|6,7,-0.088886712295866
22|2|1|5,1,10.249999999999996
22|2|1|5,3,-0.31250001539891786
22|2|1|5,4,-0.3124999766096533
22|2|1|5,5,-0.3124999999618895
22|2|1|5,2,9.849999746577831
22|2|1|5,7,-0.31249999606586304
22|2|1|5,6,-0.31249971576760527
16|5|1|2,1,-12.299999999915485
16|5|1|2,5,-14.047661580074998
16|5|1|2,3,-12.418387958554094
16|5|1|2,6,-12.379077063737867
16|5|1|2,2,-12.374150214806997
16|5|1|2,4,-12.390659972102423
16|5|1|2,7,-12.843826144320257
6|6|2|9,1,11.439014468540742
6|6|2|9,7,-0.9135595142438978
6|6|2|9,2,5.360054509753651
6|6|2|9,3,6.64580662405942
6|6|2|9,4,0.522591033556401
6|6|2|9,5,0.1162575320619248
6|6|2|9,6,-1.602221069066577
12|5|2|8,1,11.845722967734558
12|5|2|8,2,8.107256432239733
12|5|2|8,6,3.939461392968181
12|5|2|8,4,7.322261917323472
12|5|2|8,3,11.261829583552215
12|5|2|8,7,-0.6463933896170543
12|5|2|8,5,9.18375812538482
15|5|2|2,1,-12.299999874496944
11|6|2|5,2,-7.106089642723861
13|6|2|4,1,-7.718681284656087
13|6|2|4,3,-8.581840948149624
3|6|1|11,1,13.212524231059907
3|6|1|11,7,0.5039689836981734
3|6|1|11,2,11.514729979894787
3|6|1|11,6,0.5923557856353425
3|6|1|11,4,-0.4812441179137962
3|6|1|11,5,1.0191219198661758
3|6|1|11,3,5.770021430243396
9|2|1|10,1,5.162181784269943
9|2|1|10,6,-4.9006646995726895
9|2|1|10,3,4.104609131998256
9|2|1|10,7,-3.327280026716392
9|2|1|10,2,5.86433717850827
9|2|1|10,4,7.827037615353225
9|2|1|10,5,-0.645380390289927
5|5|0|8,1,0.1266730346084215
10|4|4|8,5,2.015811434701725
10|4|4|8,2,12.23324760419329
10|4|4|8,1,9.360911991555206
10|4|4|8,6,0.6052804707237028
10|4|4|8,3,7.447802888671277
10|4|4|8,7,-0.5820153207980905
10|4|4|8,4,2.965675974446139
5|10|3|8,1,1.185
15|5|1|7,1,11.047648427079803
15|5|1|7,2,5.580188257995947
15|5|1|7,7,0.21502716208121786
15|5|1|7,5,5.583966022568852
15|5|1|7,4,5.577460717981436
15|5|1|7,6,0.1595199111968661
15|5|1|7,3,3.2596989518836277
19|3|2|6,1,10.816249999999995
19|3|2|6,4,0.28310040416024596
19|3|2|6,2,10.867193090943521
19|3|2|6,7,0.2925088686616838
19|3|2|6,6,0.2922856117900511
19|3|2|6,3,9.34956381232789
19|3|2|6,5,0.2902270688027384
10|5|1|8,1,8.31467567678853
10|5|1|8,4,0.40717438449143106
10|5|1|8,2,3.8576773048560677
10|5|1|8,7,-3.482907413917542
10|5|1|8,3,5.269525227872773
10|5|1|8,6,-3.446411077810957
10|5|1|8,5,-4.311070742901056
6|6|1|10,6,0.2272631212461902
6|6|1|10,4,2.0851218553200885
6|6|1|10,7,0.26555183946415156
6|6|1|10,2,11.220121650462376
6|6|1|10,1,6.4467675133958675
6|6|1|10,5,4.851365001131201
6|6|1|10,3,4.521223704187793
6|6|1|9,1,11.529503249410217
6|6|1|9,2,4.497662964013479
6|6|1|9,3,1.302000403770573
6|6|1|9,4,0.5598786344866061
6|6|1|9,7,-1.2790288520504978
6|6|1|9,6,-0.6611045408309612
6|6|1|9,5,-0.20908818357574332
8|5|4|7,1,6.425395451031583
8|5|4|7,7,-3.3868326124180883
8|5|4|7,3,3.447745917236112
8|5|4|7,2,3.8745477210613095
1|6|2|12,1,14.246025701667156
1|6|2|12,6,-3.015
1|6|2|12,4,-1.912807399973388
1|6|2|12,7,-1.912807399973388
1|6|2|12,3,-1.3144764685813128
7|4|1|11,1,1.0690196145257105
7|4|1|11,2,11.948311960521533
7|4|1|11,6,0.17771463304611163
7|4|1|11,4,3.0167607904222824
11|3|2|10,1,11.389724394369175
11|3|2|10,5,1.5534379515730332
11|3|2|10,4,7.164576323680372
11|3|2|10,6,0.10452767782434208
11|3|2|10,3,8.599968898624903
11|3|2|10,2,8.680126496601686
11|3|2|10,7,0.8077148646653622
16|3|1|8,1,10.361642631304655
16|3|1|8,2,6.861223063434393
16|3|1|8,4,3.174824872979675
16|3|1|8,3,3.164167700628582
16|3|1|8,6,3.0495293954359326
16|3|1|8,5,4.702789788499025
16|3|1|8,7,0.03132840264225294
9|4|4|8,2,9.788445731710633
9|4|4|8,6,-0.17082761004132196
9|4|4|8,1,7.551282960514923
9|4|4|8,4,0.5999490561863778
9|4|4|8,5,2.28340742833544
9|4|4|8,7,-3.389959919029294
9|4|4|8,3,8.639068062171386
18|4|2|3,1,11.270392869663027
18|4|2|3,5,-16.30412248694817
18|4|2|3,7,-14.408084415160323
18|4|2|3,6,-19.513192042846494
18|4|2|3,4,-20.293734531136685
18|4|2|3,2,8.449771050364554
18|4|2|3,3,-1.5907214347156442
9|6|3|7,1,8.833407149272679
9|6|3|7,4,1.1315040495197244
9|6|3|7,3,2.395011959772019
9|6|3|7,7,-3.334679062731974
9|6|3|7,5,-2.0949823676797075
9|6|3|7,6,-1.781563678215688
9|6|3|7,2,3.6497029288585114
18|2|1|6,1,9.757879074482428
18|2|1|6,5,-1.3016047946256752
18|2|1|6,6,-13.53510345211752
18|2|1|6,4,-2.8519782351196037
18|2|1|6,3,9.805462141794429
18|2|1|6,2,9.740175701020384
18|2|1|6,7,-13.459008178032766
4|5|2|11,2,12.458637468984772
4|5|2|11,4,2.1217972919352865
4|5|2|11,3,9.196542462584112
4|5|2|11,1,11.483863809574267
4|5|2|11,7,-0.0018578546373431148
4|5|2|11,5,0.5141021610099757
4|5|2|11,6,-0.0080654738185338
10|3|1|8,4,-3.014833157529747
10|3|1|8,5,-6.970430069223122
10|3|1|8,6,-13.240746426416381
10|3|1|8,7,-12.24897795634744
10|3|1|8,1,5.873768663094137
10|3|1|8,2,-1.0537331127691296
10|3|1|8,3,-1.524339363786748
15|4|4|4,1,10.88620318887846
15|4|4|4,4,-5.767950579303431
11|5|2|8,1,12.373860862728373
11|5|2|8,2,8.79328209136987
11|5|2|8,5,6.1502480279110365
11|5|2|8,3,7.193345029023389
11|5|2|8,6,0.5847953175988703
11|5|2|8,4,7.199092967156652
11|5|2|8,7,-2.6741947286860746
4|4|0|10,1,7.324772175845307
4|4|0|10,2,-4.619328260394976
4|4|0|10,7,-2.6296258284835856
12|5|1|6,1,3.3728580424627044
12|5|1|6,4,-7.358138529512942
12|5|1|6,2,-5.624142271856819
12|5|1|6,7,-13.378698821176798
12|5|1|6,6,-13.172539107909374
12|5|1|6,5,-11.26878785653393
12|5|1|6,3,-5.684650883650459
9|1|1|9,1,0.9226693180862404
9|1|1|9,2,-1.5081829007021408
9|1|1|9,5,-2.312334553245334
9|1|1|9,7,-6.908459219795189
9|1|1|9,6,-2.9718141940595535
9|1|1|9,4,-1.8619602835517952
9|1|1|9,3,-1.3305345783174904
14|4|1|6,1,-4.845806626125931
14|4|1|6,6,-13.815632500094777
14|4|1|6,2,0.8189756648108522
14|4|1|6,5,-4.733971539279635
14|4|1|6,4,-4.000333184860112
14|4|1|6,7,-15.14192531478008
14|4|1|6,3,-5.430092767435697
2|3|3|12,3,-0.8481941032593017
2|3|3|12,1,11.647409779449776
2|3|3|12,7,-3.65103904648485
2|3|3|12,2,6.297225804004667
2|3|3|12,6,0.15669882160998583
2|3|3|12,5,-0.846294008639587
2|3|3|12,4,-0.16727412455825535
9|7|4|9,1,7.143180891827582
16|4|2|8,1,11.061187765562739
16|4|2|8,4,2.5195816070756836
16|4|2|8,7,0.263423047549656
16|4|2|8,6,0.33618029007930206
16|4|2|8,3,8.357050514704298
16|4|2|8,5,3.5169323072608023
16|4|2|8,2,9.720329636115817
5|4|3|7,1,-0.48046211985394627
13|5|3|5,1,6.464821588632536
13|5|3|5,2,-0.842991733909749
13|5|3|5,4,-3.361198623720615
13|5|3|5,6,-2.864471880354431
13|5|3|5,5,-5.40683936947519
13|5|3|5,7,-8.670942838500043
13|5|3|5,3,1.5111834573802898
10|1|1|4,1,-7.3798499898998795
10|1|1|4,6,-7.418031567545279
10|1|1|4,5,-7.281494707739409
10|1|1|4,7,-8.381543235181809
10|1|1|4,2,-6.989475002807778
1|7|1|12,1,13.533237658611991
1|7|1|12,4,-1.9499810464704517
1|7|1|12,6,0.24589760957222329
1|7|1|12,5,-1.2653984870452701
1|7|1|12,3,-0.10628207479208618
1|7|1|12,7,1.0970895945618475
1|7|1|12,2,4.0193592684679125
12|2|2|10,1,10.865526137583753
12|2|2|10,4,1.2717168348775327
12|2|2|10,5,4.890685461461727
12|2|2|10,7,-0.08181135893396653
12|2|2|10,2,5.531005078297516
12|2|2|10,3,5.511593964620547
12|2|2|10,6,2.2122292088095943
22|3|0|1,1,9.999999992742545
22|3|0|1,3,-4.5
22|3|0|1,4,-4.5
22|3|0|1,7,-4.5
19|3|3|3,1,10.649999999999997
19|3|3|3,5,-1.6059044250000005
19|3|3|3,4,-0.47597745136483327
19|3|3|3,2,3.1949999997566576
19|3|3|3,3,-0.3434596338890586
19|3|3|3,6,-0.2382029505587921
19|3|3|3,7,-0.10835773693271235
7|6|2|9,7,-1.778614281498282
7|6|2|9,2,11.514128095987699
7|6|2|9,6,-0.48494355720079046
7|6|2|9,1,9.891322262948208
7|6|2|9,4,4.232119382471536
7|6|2|9,3,7.80644642397371
7|6|2|9,5,1.9311032414493918
13|5|3|7,6,-0.052584956796429605
13|5|3|7,4,5.389982023055382
13|5|3|7,2,8.854642017345403
13|5|3|7,5,2.1343575366128675
13|5|3|7,1,12.102491135224742
13|5|3|7,7,0.4088918368872786
13|5|3|7,3,5.995502720352718
11|3|1|9,1,10.31317545163198
11|3|1|9,3,6.593840064411866
11|3|1|9,6,3.947028792440146
11|3|1|9,4,3.722814004986853
11|3|1|9,5,-1.1632274730287708
11|3|1|9,7,-3.2681174280098864
11|3|1|9,2,5.6119068799284
14|1|1|5,1,-9.853833647866367
14|1|1|5,6,-19.059175249677903
14|1|1|5,2,-10.31187783567337
14|1|1|5,5,-10.27626136364035
14|1|1|5,7,-18.8586672552838
14|1|1|5,4,-10.296421321185115
14|1|1|5,3,-10.202084810549376
10|4|4|5,1,-7.045721058395769
10|4|4|5,7,-8.668052995099039
10|4|4|5,2,-6.924776352924736
9|6|1|8,1,10.970733223217671
9|6|1|8,6,-1.7224910168577297
9|6|1|8,7,-1.292554009909421
9|6|1|8,5,2.4554524634216164
9|6|1|8,2,1.1547024885282848
9|6|1|8,4,3.481170810988989
9|6|1|8,3,-0.9442808471414639
15|2|1|7,1,-2.593209284207624
15|2|1|7,5,-1.2577493037453247
15|2|1|7,3,2.7833570604952422
15|2|1|7,4,-2.8515947861641444
15|2|1|7,2,-1.2272774933737194
15|2|1|7,7,-11.428180197862705
15|2|1|7,6,-5.227326679599149
2|4|2|12,1,11.567454407911638
2|4|2|12,4,0.0697913006856612
2|4|2|12,3,3.73077878558548
2|4|2|12,5,-0.4528043809317396
2|4|2|12,2,11.154994316969718
2|4|2|12,6,0.05658926902791262
2|4|2|12,7,-0.06719914999712698
1|4|2|12,1,10.519798566166651
1|4|2|12,5,-1.1137453268263926
1|4|2|12,4,-1.1358220439100388
1|4|2|12,2,9.591315394488996
1|4|2|12,7,-1.336508034920776
1|4|2|12,6,-1.361697929955819
1|4|2|12,3,-1.306166853756496
8|5|1|8,1,7.15402153690953
8|5|1|8,7,-9.04203331506185
8|5|1|8,5,-5.629481771493213
8|5|1|8,2,2.284616099170016
8|5|1|8,4,-3.556245529291147
8|5|1|8,3,0.2667311816155918
8|5|1|8,6,-8.406095479151316
15|5|1|5,6,-13.324516503441695
15|5|1|5,3,-3.1532483779075386
15|5|1|5,7,-13.234763632892564
15|5|1|5,1,6.793526731974982
15|5|1|5,2,-5.992760852049546
15|5|1|5,5,-12.539518946786501
15|5|1|5,4,-9.61656757986922
16|5|1|3,1,-10.845723298571667
16|5|1|3,3,-14.186392410537586
16|5|1|3,2,-11.269422128528134
16|5|1|3,5,-14.277993527237179
16|5|1|3,7,-14.279823498801996
16|5|1|3,4,-14.4331673267972
16|5|1|3,6,-12.792441479165433
13|5|2|4,1,-7.235774669166385
13|5|2|4,5,-10.014445783609691
13|5|2|4,6,-10.869063777796542
13|5|2|4,4,-11.386469608764962
13|5|2|4,2,-11.470946329882219
13|5|2|4,7,-10.276033387708337
13|5|2|4,3,-12.032551900204691
15|5|1|6,1,11.348162806568617
15|5|1|6,5,-2.667229563029285
15|5|1|6,4,-0.8786248908955239
15|5|1|6,2,5.60974993383223
15|5|1|6,6,-5.9647956831653755
15|5|1|6,7,-4.3025282637964
15|5|1|6,3,8.446227507263291
3|4|3|10,1,10.953828904027842
3|4|3|10,5,-3.2778402384118297
3|4|3|10,4,-2.6717702379349997
3|4|3|10,6,-3.3310984082290815
3|4|3|10,3,-2.0510126161180344
3|4|3|10,2,5.48522546059578
3|4|3|10,7,-2.677489108666717
6|5|4|10,1,13.204397045159428
6|5|4|10,5,-1.7072786087207807
6|5|4|10,7,0.6536589092011226
6|5|4|10,6,0.4203550707067478
6|5|4|10,2,4.03753199163287
6|5|4|10,4,3.7083487233079957
6|5|4|10,3,3.562363946735259
13|4|4|7,1,11.932461482395748
13|4|4|7,5,-1.2287841031555855
13|4|4|7,4,2.5916270980091114
13|4|4|7,2,6.12036418202059
13|4|4|7,6,0.7668508328329938
13|4|4|7,7,1.0998002492564338
13|4|4|7,3,5.801543925286721
8|4|4|9,1,10.601003366149317
8|4|4|9,4,2.5636071621944736
8|4|4|9,3,9.769930922594328
8|4|4|9,2,10.77515256363126
8|4|4|9,7,-0.2813000126759495
8|4|4|9,6,2.055209601970752
8|4|4|9,5,6.21107591631434
14|5|3|6,1,11.952215678498435
14|5|3|6,7,-0.7065694812537211
14|5|3|6,5,0.5064015444441581
14|5|3|6,6,0.3551403159923566
14|5|3|6,4,2.6899886148930348
14|5|3|6,3,2.838476576249999
14|5|3|6,2,6.057069854385393
19|4|2|5,1,11.04999999997859
19|4|2|5,2,2.5960004999999993
19|4|2|5,3,0.1342499977782028
23|2|0|4,1,9.999999999999998
23|2|0|4,4,-0.5693229798327876
23|2|0|4,5,-0.5677778553382871
23|2|0|4,6,-0.554269093999232
23|2|0|4,2,-0.558712820118631
23|2|0|4,7,-0.550455170127651
23|2|0|4,3,-0.5510250571061766
5|5|1|8,1,5.169075115525213
5|5|1|8,5,-3.6837728230847806
5|5|1|8,7,-5.14808302867747
5|5|1|8,6,-6.174698180695249
5|5|1|8,3,-5.361497039949809
5|5|1|8,2,-1.593169484525424
5|5|1|8,4,-6.128782178412295
7|5|2|9,1,11.305438944047173
7|5|2|9,5,-3.5971846781596817
7|5|2|9,6,-3.812202970302611
7|5|2|9,7,-4.738884373079297
7|5|2|9,2,8.091658361706108
7|5|2|9,3,7.893140078849658
7|5|2|9,4,7.036099029997724
4|5|1|10,7,-5.0353451602823736
4|5|1|10,6,-3.904515757984381
4|5|1|10,3,3.5660556137121104
4|5|1|10,4,1.3481063281260082
4|5|1|10,2,6.082685575345919
4|5|1|10,1,11.907652721390754
4|5|1|10,5,-2.8609386345464887
5|7|2|9,1,11.966727939100586
5|7|2|9,2,1.3982160450457963
5|7|2|9,3,3.1289882931987334
12|6|2|7,1,12.254576547623738
12|6|2|7,4,3.5177266109801204
12|6|2|7,7,-0.06247921039765227
12|6|2|7,5,-1.0982382355966716
12|6|2|7,6,0.5457621224662066
12|6|2|7,3,3.567951350921875
10|4|4|9,1,12.432403966368108
10|4|4|9,3,3.8460661653474633
10|4|4|9,5,-1.7550703976992514
10|4|4|9,4,3.6110874540161513
10|4|4|9,6,1.2239498391784298
10|4|4|9,2,6.372875776449371
10|4|4|9,7,0.7280295649559578
14|4|2|8,1,11.467405253977429
14|4|2|8,2,11.082871479899815
14|4|2|8,5,5.998813443057111
14|4|2|8,3,11.108660361331664
14|4|2|8,4,10.86976462613476
14|4|2|8,6,1.8344015938912357
14|4|2|8,7,0.7378056892469875
15|5|3|6,5,-12.913181844181802
15|5|3|6,3,2.8535501197712847
15|5|3|6,6,-6.661535552981216
15|5|3|6,2,11.888279526057238
15|5|3|6,7,-4.615818691275097
15|5|3|6,1,3.5799850030805334
15|5|3|6,4,3.5442359672129995
20|3|1|6,1,10.507499999999999
20|3|1|6,4,-0.07427524512890187
20|3|1|6,3,7.508005648100921
20|3|1|6,7,-0.06449753129857114
20|3|1|6,6,-0.07599935398716379
20|3|1|6,5,-0.08880361141579005
20|3|1|6,2,10.176861216213554
7|5|1|10,1,12.64869666010988
7|5|1|10,2,3.187223965873465
7|5|1|10,7,-0.4037589665894325
7|5|1|10,5,3.0358978500101377
7|5|1|10,3,7.65309251238215
7|5|1|10,4,5.2978014532941495
7|5|1|10,6,-0.033618225276674
15|3|1|7,1,10.227792257992462
15|3|1|7,2,4.597069450923277
15|3|1|7,3,2.8477394267235407
15|3|1|7,5,-2.5681190136944587
15|3|1|7,6,-1.5069025164275096
15|3|1|7,7,-9.62676610266564
15|3|1|7,4,1.7724879080056821
18|3|1|6,1,10.511130188530469
18|3|1|6,4,10.168224809365807
18|3|1|6,3,10.18047123487728
18|3|1|6,6,-0.22147887155526008
18|3|1|6,7,-0.21196088706967608
18|3|1|6,5,6.262511606247132
18|3|1|6,2,10.116185988767183
4|5|1|12,1,13.044800600935474
4|5|1|12,5,-1.5745917786573531
4|5|1|12,7,0.6016963061751811
4|5|1|12,3,3.6562359873800743
4|5|1|12,2,6.14706942569723
4|5|1|12,4,3.8521500879149264
4|5|1|12,6,0.47452386661061374
9|3|3|11,1,11.947826525628711
9|3|3|11,7,0.31450726346323526
9|3|3|11,2,3.730660099616303
9|3|3|11,4,3.518497999947369
12|3|3|10,1,11.470142875549946
12|3|3|10,5,3.151171223286793
12|3|3|10,4,3.3129634167696893
12|3|3|10,3,5.83710061083509
12|3|3|10,7,0.5652552605915827
12|3|3|10,6,0.5668599839707248
12|3|3|10,2,3.447638149356282
12|5|3|4,1,-8.183981424314043
12|5|3|4,2,-8.659902873820519
7|5|1|9,1,9.506179129925927
7|5|1|9,3,3.730479272757246
7|5|1|9,5,-3.721130452466426
7|5|1|9,6,0.37147228005331945
7|5|1|9,4,4.643266235876374
7|5|1|9,7,-5.214987776411736
7|5|1|9,2,6.484446737159468
4|4|1|12,1,12.690161108709976
4|4|1|12,6,-0.11076003019776888
4|4|1|12,5,0.2281751627901274
4|4|1|12,4,2.1196201464792894
4|4|1|12,7,0.5924686176301994
4|4|1|12,3,2.263920333527758
4|4|1|12,2,6.0381253908907695
7|8|1|8,1,10.485903361601522
13|6|2|6,1,11.895336314198094
13|6|2|6,6,-1.1053802998695583
13|6|2|6,4,2.6875790906352965
13|6|2|6,3,5.699008484879323
13|6|2|6,2,3.6188827270306128
13|6|2|6,5,-0.06737303379085784
13|6|2|6,7,0.2180308725100854
7|4|3|10,1,12.10029523939039
7|4|3|10,4,6.466889126085942
7|4|3|10,7,0.5106814170707655
7|4|3|10,2,10.811366766666035
7|4|3|10,5,6.898205305207515
7|4|3|10,3,9.051973724617952
7|4|3|10,6,-0.3574354236611805
7|4|4|9,1,11.76453943507871
7|4|4|9,3,7.699868957762904
7|4|4|9,5,-0.6098598612904256
7|4|4|9,7,-1.132345674285957
7|4|4|9,2,6.638424696123691
7|4|4|9,6,-0.8402346371568932
7|4|4|9,4,8.75419426092944
19|4|0|2,1,-4.102008254999998
16|3|1|5,1,-4.72380878646921
16|3|1|5,4,-10.0324642243866
16|3|1|5,5,-11.880124845788508
16|3|1|5,7,-20.291512340862553
16|3|1|5,3,-10.71900647331555
16|3|1|5,6,-15.195023518977157
16|3|1|5,2,-8.700318252855789
9|5|4|10,1,12.03948134243164
9|5|4|10,3,1.7223863707621787
9|5|4|10,7,0.28175634439559827
9|5|4|10,4,0.6349314314136271
14|5|2|9,1,11.492114659733517
14|5|2|9,7,0.28483667583368477
14|5|2|9,3,3.39990532593749
14|5|2|9,2,3.3694496765839377
14|5|2|9,5,0.34560006234850904
14|5|2|9,6,0.2940564252443943
19|2|1|8,3,9.825783243693975
19|2|1|8,1,4.875690084396162
19|2|1|8,4,6.445965792455278
19|2|1|8,7,-0.43462897354895275
19|2|1|8,6,-0.35318122175314515
19|2|1|8,5,6.454437026468836
19|2|1|8,2,6.459410558308129
15|4|3|7,1,11.47791250007563
15|4|3|7,7,0.9078926072257709
15|4|3|7,3,9.865359553413768
15|4|3|7,2,9.676106693629922
15|4|3|7,4,4.0371979591815474
15|4|3|7,6,0.739284124153502
15|4|3|7,5,4.977940743719019
11|1|1|7,1,-7.572863758340456
11|1|1|7,7,-15.851576732702487
11|1|1|7,2,-7.332280640246576
11|1|1|7,4,-7.417451519071928
11|1|1|7,3,-7.375382347239639
11|1|1|7,5,-7.383171157032287
11|1|1|7,6,-14.344958993933538
10|4|3|9,1,11.417172225801908
10|4|3|9,2,11.05285067391818
10|4|3|9,5,10.274998940862629
10|4|3|9,4,10.841292598326461
10|4|3|9,6,2.6053497845470632
10|4|3|9,3,12.108081073479871
10|4|3|9,7,0.5187127235477093
16|3|3|7,1,11.131863178144545
16|3|3|7,3,11.019284580993073
16|3|3|7,6,0.6960511645801448
16|3|3|7,7,0.6334327551818477
16|3|3|7,4,10.263846524663588
16|3|3|7,5,4.298785914971415
16|3|3|7,2,10.941138958544368
1|2|2|9,1,-1.2107101892689895
15|4|1|4,1,-10.562494080046024
15|4|1|4,3,-11.431922631839038
15|4|1|4,2,-10.420599448700727
15|4|1|4,6,-17.373005426822683
15|4|1|4,7,-17.330348288522654
15|4|1|4,5,-17.85548053240394
15|4|1|4,4,-12.129664825938109
3|4|3|9,1,3.682825041371851
3|4|3|9,6,-3.874275
16|3|2|8,1,10.430611702736995
16|3|2|8,4,10.237837305067847
16|3|2|8,6,2.419338159641324
16|3|2|8,3,10.527063605509927
16|3|2|8,2,10.72116975794338
16|3|2|8,5,7.089524658290206
16|3|2|8,7,0.25081669061579714
12|5|1|1,1,-11.3985
12|5|1|1,2,-9.855
12|5|1|1,3,-9.855
9|5|2|6,2,-5.921446177296884
9|5|2|6,4,-6.689087049223406
9|5|2|6,6,-7.004434251402538
9|5|2|6,5,-8.468421556033912
9|5|2|6,7,-8.219303918445288
9|5|2|6,1,-1.3099646632834931
9|5|2|6,3,-6.1146562562831
10|5|3|3,1,-8.74877414277706
10|5|3|3,7,-9.050432406901018
10|5|2|9,4,9.357369995251682
10|5|2|9,7,0.6314251333545071
10|5|2|9,2,10.874475813736678
10|5|2|9,1,12.387263426568229
10|5|2|9,6,0.384206892531496
10|5|2|9,5,4.573760659648855
10|5|2|9,3,9.885981861735331
7|6|1|7,1,2.9472876394098524
7|6|1|7,3,-3.2393567196114965
7|6|1|7,6,-4.248577064860763
7|6|1|7,7,-4.330532343082833
11|4|4|8,1,12.201129438233732
11|4|4|8,6,-0.10684813648223934
11|4|4|8,5,0.37221554505343357
11|4|4|8,2,8.159079277920926
11|4|4|8,4,9.083607814644843
11|4|4|8,3,8.05248110767115
11|4|4|8,7,0.49156488803711207
18|2|2|7,1,10.291476227586179
18|2|2|7,4,10.191628639041145
18|2|2|7,6,-0.1591069938161607
18|2|2|7,2,10.229355017710217
18|2|2|7,3,10.222331423071111
18|2|2|7,7,-0.18665109330824273
18|2|2|7,5,0.16388070016695133
9|4|1|9,1,10.958428070309022
9|4|1|9,3,6.872640576392557
9|4|1|9,7,-4.237173461399516
9|4|1|9,5,0.03768583385180069
9|4|1|9,4,3.4121697247773475
9|4|1|9,2,5.595626772924154
9|4|1|9,6,-1.0411639782070132
1|5|2|11,1,10.618753495006032
2|3|3|9,1,1.7917921576706843
15|4|1|7,1,10.96080947270592
15|4|1|7,5,5.572610932335282
15|4|1|7,6,-2.316405400825878
15|4|1|7,7,-1.9926610520653822
15|4|1|7,3,6.926527364693491
15|4|1|7,4,7.223533902116551
15|4|1|7,2,7.118961368179015
12|6|1|5,1,-5.443151701583912
12|6|1|5,4,-8.391364614555878
12|6|1|5,5,-7.73882336829807
12|6|1|5,2,-4.5105302487230565
5|5|3|9,5,-4.704709775975284
5|5|3|9,2,9.764527481101068
5|5|3|9,7,-1.8390003763671343
5|5|3|9,1,3.938727468600697
5|5|3|9,3,2.41994507510568
5|5|3|9,6,-1.1812539934870752
5|5|3|9,4,-1.598189102764952
5|5|3|8,1,2.0514586946288635
5|5|3|8,5,-3.159908666355683
5|5|3|8,6,-3.2897181367474175
5|5|3|8,3,1.8371558382637259
5|5|3|8,2,3.963357163946601
5|5|3|8,7,-2.6637611889490063
5|5|3|8,4,-0.257929412878862
8|6|2|9,1,11.118427503644819
8|6|2|9,3,10.202946126990543
8|6|2|9,4,7.564465229791422
8|6|2|9,6,0.468678139566168
8|6|2|9,5,-0.48797162753873696
8|6|2|9,7,0.3931510680680336
8|6|2|9,2,9.74810575697471
17|4|3|6,1,11.667418589086182
17|4|3|6,4,0.3101533547756281
17|4|3|6,5,0.3102374999816236
17|4|3|6,2,3.494249663008506
17|4|3|6,6,0.3102374999999982
17|4|3|6,7,0.31023281863301033
21|3|1|5,1,10.649999999999997
21|3|1|5,5,0.061801467336491105
21|3|1|5,3,0.059558692499995985
21|3|1|5,7,0.06477613152749563
21|3|1|5,6,0.06360875932499571
21|3|1|5,4,0.06360875932499571
21|3|1|5,2,9.27828713794904
11|6|2|8,1,12.514107624893796
11|6|2|8,2,8.607287730387569
11|6|2|8,4,6.155060025944348
11|6|2|8,3,3.678961234258489
11|6|2|8,5,0.40434403332442626
11|6|2|8,6,0.10601389658423166
11|6|2|8,7,0.48115924334330906
3|5|3|11,1,12.851424803699045
3|5|3|11,5,-3.015
3|5|3|11,4,3.2227705035080034
3|5|3|11,3,3.6289108576612445
3|5|3|11,6,0.5767075031879779
3|5|3|11,7,0.5734031386592423
3|5|3|11,2,7.892759924840466
14|4|3|8,1,11.704649641477936
14|4|3|8,7,0.857938913521148
14|4|3|8,6,0.9348934404743988
14|4|3|8,3,10.860849481479145
14|4|3|8,4,7.46611732935191
14|4|3|8,2,10.72734496186073
14|4|3|8,5,3.028669076882867
18|3|2|7,1,9.83849416617118
18|3|2|7,3,10.56005034635449
18|3|2|7,4,10.075165736410725
18|3|2|7,7,0.18244857240846277
18|3|2|7,5,0.19153892159157118
18|3|2|7,6,0.17542260906779636
18|3|2|7,2,10.73561027821623
21|2|2|6,1,10.249999999999996
21|2|2|6,3,-0.45137285989379744
21|2|2|6,5,-0.36777742968540883
21|2|2|6,4,-0.28676473303253963
21|2|2|6,7,-0.29448499687500507
21|2|2|6,2,9.960462869774998
21|2|2|6,6,-0.23746875000000406
16|5|2|6,1,11.572775547263916
16|5|2|6,2,1.868545124999999
16|5|2|6,4,3.341846760028405
16|5|2|6,3,5.437119061913327
16|5|2|6,7,0.8023430376048832
16|5|2|6,6,0.7079376863544953
16|5|2|6,5,0.5476391744185867
14|5|1|1,1,-14.898266539072651
14|5|1|1,7,-14.703400988550001
11|2|1|9,1,7.754883238230635
11|2|1|9,6,0.39251683553402206
11|2|1|9,3,3.08805927078925
11|2|1|9,5,-0.23956813997062776
11|2|1|9,4,3.0508685580177097
11|2|1|9,7,-7.244500537087099
11|2|1|9,2,2.9326031658110874
15|3|2|8,7,0.23267966583355887
15|3|2|8,5,9.736871894861675
15|3|2|8,1,10.84139247091461
15|3|2|8,6,1.3951403070141606
15|3|2|8,3,10.609593949796157
15|3|2|8,2,11.098034940111033
15|3|2|8,4,10.595903630421331
9|5|3|9,5,9.809520152693615
9|5|3|9,2,11.280341665775229
9|5|3|9,3,11.24470921932862
9|5|3|9,7,1.2868819170995371
9|5|3|9,6,1.5409275202158494
9|5|3|9,1,12.700487725323057
9|5|3|9,4,9.668968251016398
10|5|3|8,5,0.41993285073450026
10|5|3|8,1,12.45554671179602
10|5|3|8,3,8.49698970105895
10|5|3|8,7,-0.8432430652797067
10|5|3|8,6,0.1793964560655233
10|5|3|8,2,10.68687291352485
10|5|3|8,4,9.054956591530205
11|5|3|7,4,8.293489297297308
11|5|3|7,1,9.375134048255372
11|5|3|7,3,9.15885875720192
11|5|3|7,7,-3.1426781981578973
11|5|3|7,2,11.832133442286533
11|5|3|7,6,-1.877229672083357
11|5|3|7,5,-2.3782629394143013
13|6|3|6,1,12.405074916770927
13|6|3|6,4,-1.9748427969007032
13|6|3|6,5,-1.2265014960383014
13|6|3|6,7,-0.2920648459098166
20|3|0|2,1,-12.125768107562651
20|4|0|1,1,-14.928786577350856
13|4|1|8,1,10.343672053542068
13|4|1|8,6,5.211470461992386
13|4|1|8,5,-1.7017192338094373
13|4|1|8,3,5.396501117595349
13|4|1|8,7,-4.252162899662708
13|4|1|8,2,3.7976363734002865
13|4|1|8,4,2.6273379077100976
17|1|1|7,1,2.5281002326290527
17|1|1|7,7,-5.729496737608994
17|1|1|7,4,-1.0447838684420139
17|1|1|7,2,-0.9863663647512715
17|1|1|7,6,-9.459504752782976
17|1|1|7,3,-2.164302761112303
17|1|1|7,5,-0.9803250815542666
14|6|2|4,1,-8.841878988371484
18|4|2|4,1,11.287499999999994
18|4|2|4,2,4.656032240476826
18|4|2|4,6,0.3398805339603387
18|4|2|4,4,0.42731978259535164
18|4|2|4,7,0.4422412185623059
18|4|2|4,5,0.34329173385243195
18|4|2|4,3,-2.3865107738988085
6|6|3|8,1,12.504603481138002
6|6|3|8,3,2.768028818371219
12|4|4|7,6,-3.806434003022086
12|4|4|7,1,12.153027935404241
12|4|4|7,5,2.811731591628795
12|4|4|7,2,6.26545638750612
12|4|4|7,3,7.405105657908546
12|4|4|7,7,0.9002234251364227
12|4|4|7,4,7.858062449546235
6|4|4|10,1,12.42017631765909
6|4|4|10,7,-0.3108717720202998
6|4|4|10,3,4.067832727507364
6|4|4|10,4,3.1231869695614636
6|4|4|10,2,8.120703236415348
6|4|4|10,5,0.4075132173904962
6|4|4|10,6,0.2452062084521398
14|5|3|5,1,-0.4816638072414552
14|5|3|5,2,11.972336483341255
14|5|3|5,3,-0.6243298700224243
14|5|3|5,7,-3.705646555591129
14|5|3|5,6,-2.8710554674733935
14|5|3|5,4,-3.455353919721351
14|5|3|5,5,-2.3871871261269058
8|7|2|3,1,-0.5355480764999996
4|6|2|11,1,13.577164187532649
4|6|2|11,4,2.0786364277174245
4|6|2|11,5,0.4543072584752448
4|6|2|11,2,3.9893907600705134
4|6|2|11,6,1.199935414199796
4|6|2|11,3,8.569947723628957
4|6|2|11,7,0.9676955087178551
9|1|1|7,6,-13.150935563357539
9|1|1|7,1,-6.554423933104527
9|1|1|7,2,-7.2654484343803825
9|1|1|7,5,-7.301189782890105
9|1|1|7,4,-7.258051718820103
9|1|1|7,3,-7.312709962115825
9|1|1|7,7,-16.124885661237403
12|4|1|2,1,-12.675058505371823
10|5|4|7,1,3.6581676793374367
10|5|4|7,2,11.810181143798033
10|5|4|7,5,2.6047551755316705
10|5|4|7,4,-0.4494778701667737
10|5|4|7,6,-2.2817721553674986
10|5|4|7,7,-0.7809727140305721
10|5|4|7,3,3.145214979258354
14|5|2|6,2,11.326909230420558
14|5|2|6,5,-2.800569950509126
14|5|2|6,1,11.807916987863688
14|5|2|6,7,-3.258589663708932
14|5|2|6,3,8.165943898205489
14|5|2|6,6,-5.401671746739373
14|5|2|6,4,2.903089136245814
17|4|3|4,1,11.667499998920615
17|4|3|4,2,3.7357471356195644
17|4|3|4,6,-0.9087528890515324
17|4|3|4,5,-0.2870678237239305
17|4|3|4,4,0.29336510299520474
17|4|3|4,3,3.041728903765473
17|4|3|4,7,0.039969129238255616
3|4|2|12,1,12.346696196644478
3|4|2|12,6,0.11442485872740166
3|4|2|12,4,4.201985503091419
3|4|2|12,3,4.738120777678622
3|4|2|12,7,0.6459257266365932
3|4|2|12,2,9.734795118865652
3|4|2|12,5,0.9208053413751157
8|4|1|10,1,11.85632895266305
8|4|1|10,3,7.262623298987796
8|4|1|10,6,0.23198426257864213
8|4|1|10,5,2.6553139154013428
8|4|1|10,2,7.559955488761151
8|4|1|10,7,-1.3483722232012174
8|4|1|10,4,5.045874341271006
17|4|1|6,1,10.803660682165342
17|4|1|6,5,4.514234708232816
17|4|1|6,4,8.24476750239534
17|4|1|6,6,0.25047439875158567
17|4|1|6,3,8.045406269446694
17|4|1|6,7,0.19396027075726846
17|4|1|6,2,10.117269811644029
13|5|2|7,2,11.3840882954142
13|5|2|7,3,7.883968513633445
13|5|2|7,4,8.867247408248044
13|5|2|7,6,-2.257587419040082
13|5|2|7,7,-1.0866896212848483
13|5|2|7,5,8.98589870364659
13|5|2|7,1,11.724411410798554
12|5|3|8,1,12.225853458028366
12|5|3|8,7,1.3576155685722149
12|5|3|8,3,10.603792279415808
12|5|3|8,5,5.647323337585975
12|5|3|8,4,8.89424612954433
12|5|3|8,2,11.133144154077822
12|5|3|8,6,1.5890797795807943
18|4|2|6,1,11.287499999999994
18|4|2|6,3,0.7445399999999999
18|4|2|6,4,-0.3481885690695181
18|4|2|6,7,0.20188585702343254
18|4|2|6,2,5.736213070020698
18|4|2|6,6,0.3398808785123103
18|4|2|6,5,0.20193749999988134
11|1|1|3,1,-7.9803579364111075
11|1|1|3,2,-6.444748796985641
11|1|1|3,7,-8.49620986619615
12|1|1|2,1,-7.322364213635705
12|1|1|2,5,-6.951849267787962
9|5|4|9,1,12.823003165063637
9|5|4|9,7,0.43500531613988064
9|5|4|9,2,3.3003819611139122
9|5|4|9,6,1.198840891832475
9|5|4|9,5,3.761019379460912
9|5|4|9,3,6.000412542115731
9|5|4|9,4,6.433498063099952
14|4|1|8,1,10.925073438404613
14|4|1|8,6,-0.8954611073272444
14|4|1|8,2,7.220609154468336
14|4|1|8,5,5.491913660882863
14|4|1|8,3,7.085335730151339
14|4|1|8,7,-1.6258609544529632
14|4|1|8,4,8.770086697506976
7|3|3|11,1,12.3035965547932
7|3|3|11,2,7.104109526321772
7|3|3|11,6,0.19292856198288563
7|3|3|11,7,0.6096955378404549
7|3|3|11,3,8.937983769075066
7|3|3|11,5,5.988184629113928
7|3|3|11,4,2.628236403204998
10|3|3|10,1,11.896334542947825
10|3|3|10,3,11.072197160921633
10|3|3|10,6,3.9606650770412886
10|3|3|10,7,0.8083127073930839
10|3|3|10,4,8.15143210332393
10|3|3|10,2,7.773734733242722
10|3|3|10,5,10.18752535282374
13|3|3|9,1,11.453233291031367
13|3|3|9,3,2.3805224501298183
13|3|3|9,7,0.6266238072830879
13|3|3|9,4,7.427656336243331
13|3|3|9,6,5.6105669593173495
13|3|3|9,2,7.6549809704658625
13|3|3|9,5,5.427730176416354
14|5|4|5,1,11.605987913002428
14|5|4|5,6,-3.015
19|5|1|4,2,9.17266672418535
19|5|1|4,3,-0.5352563250000008
20|5|0|3,1,9.903110989593001
11|4|1|8,1,9.97588830867532
11|4|1|8,3,4.978808452559504
11|4|1|8,4,3.7484271376348683
11|4|1|8,2,5.670293418268362
11|4|1|8,7,-8.591626546314814
11|4|1|8,6,-3.838715686559574
11|4|1|8,5,3.436697994011802
7|6|1|6,1,-2.7258727357133754
4|3|3|12,1,5.083994370179919
4|3|3|12,3,12.035185519978976
4|3|3|12,5,0.07288540589009873
4|3|3|12,4,-0.11880730654706467
4|3|3|12,2,3.612506671933324
4|3|3|12,6,0.09070840951668088
4|3|3|12,7,0.4646723223771566
18|1|1|5,1,-10.623483682543661
18|1|1|5,6,-16.022172937238913
18|1|1|5,3,-10.64161054740137
18|1|1|5,2,-10.64239466784143
18|1|1|5,5,-11.315274965882187
18|1|1|5,7,-20.487337739428277
18|1|1|5,4,-10.662016619328735
11|4|4|9,1,12.302025562172139
11|4|4|9,5,0.3307954205348292
11|4|4|9,2,4.491330391958046
11|4|4|9,3,6.144340649418994
11|4|4|9,6,0.48382061103909546
11|4|4|9,4,3.610687457117103
11|4|4|9,7,1.1842027447397212
15|4|4|8,1,10.72169495169297
19|4|1|7,6,0.31220358890202077
19|4|1|7,5,0.10251028578076422
19|4|1|7,2,10.472132066593929
19|4|1|6,1,10.907499999999999
19|4|1|6,5,0.20711389345441034
19|4|1|6,7,0.09363750063884843
19|4|1|6,4,0.1602474645586655
19|4|1|6,6,0.1591837509127115
19|4|1|6,2,3.2542498348741673
19|4|1|6,3,5.532224943173613
16|1|1|3,1,-12.796951889683148
16|1|1|3,7,-19.561263592532104
16|1|1|3,5,-17.128011385616958
16|1|1|3,6,-17.662585310567305
16|1|1|3,4,-12.801766389786462
16|1|1|3,3,-12.804605354426895
16|1|1|3,2,-12.702871687919759
10|2|2|10,1,9.136929760097834
10|2|2|10,7,-1.197016025989246
10|2|2|10,5,5.381144765968328
10|2|2|10,4,7.883357008572138
10|2|2|10,2,9.552186548229802
10|2|2|10,3,9.380151026506127
10|2|2|10,6,-1.684304597691976
5|3|3|7,1,-5.1275886261895725
5|3|3|7,3,-6.213218470419406
8|8|2|9,1,0.9974304707379613
8|8|2|9,2,12.140365597985946
8|8|2|9,6,0.31817459043525315
13|5|4|6,1,12.327761973610926
13|5|4|6,5,-2.040221438664458
18|4|1|5,1,10.880326858979648
18|4|1|5,6,0.22449159447036515
18|4|1|5,3,9.441523493363261
18|4|1|5,2,7.030634767989285
18|4|1|5,7,0.17412930154000422
18|4|1|5,4,3.48414316623402
18|4|1|5,5,0.18745293618557873
7|4|4|10,1,12.678066366120117
7|4|4|10,5,0.2747425600579925
7|4|4|10,7,0.13266431401940187
7|4|4|10,2,6.5723204924434775
7|4|4|10,4,6.283122217738571
7|4|4|10,6,0.6358226535477294
7|4|4|10,3,8.387436651935243
7|5|3|9,1,12.843422710166728
7|5|3|9,2,11.04077500142667
7|5|3|9,4,5.354845569541366
7|5|3|9,7,-1.4239192790303108
7|5|3|9,5,2.0001901318055095
7|5|3|9,3,6.645101416202186
7|5|3|9,6,-0.22266122591261928
9|7|3|8,1,13.06470496686851
13|1|1|8,1,1.0140809420007453
13|1|1|8,5,-3.003226106164414
13|1|1|8,6,-4.571042579262226
13|1|1|8,3,-2.7310796698036426
14|1|1|7,1,-7.046940091350688
14|1|1|7,6,-10.39590172267614
14|1|1|7,7,-15.041069062749818
14|1|1|7,3,-11.242010230615941
14|1|1|7,5,-7.344925876735248
14|1|1|7,2,-6.37597177495369
14|1|1|7,4,1.6105517109306582
18|5|1|2,1,-12.299768675079374
18|5|1|2,7,-12.529500525
18|5|1|2,4,-15.767044527109205
18|5|1|2,5,-15.877386868410268
17|4|3|2,1,-12.351083024752596
17|4|3|2,4,-10.340145
5|4|0|10,1,9.521256134424664
19|4|0|1,1,-7.65
5|6|1|7,1,0.016861017077827167
13|6|3|7,1,12.481125039477966
13|6|3|7,7,-0.05978209143050392
14|5|2|7,1,11.605615141481978
14|5|2|7,2,8.877239384219411
14|5|2|7,6,1.0319112519211198
14|5|2|7,5,1.1752805433509574
14|5|2|7,3,11.068541356996484
14|5|2|7,7,0.9049259450285077
14|5|2|7,4,7.3567566152118955
16|3|1|7,1,10.157191939099281
16|3|1|7,7,-4.080463229942329
16|3|1|7,2,10.330296075245668
16|3|1|7,5,5.185917573739017
16|3|1|7,4,8.331869346508373
16|3|1|7,6,-4.2092970977173785
16|3|1|7,3,10.086466526799772
5|5|3|11,1,13.491020463834744
5|5|3|11,5,0.5975669178097543
5|5|3|11,7,0.6845698873556918
5|5|3|11,6,0.5956808569428819
5|5|3|11,2,3.1756849582459643
5|5|3|11,3,3.8681437053402155
5|5|3|11,4,3.8202961019404
19|3|3|1,1,-14.13527985
19|3|3|1,2,-7.65
2|6|2|11,1,13.504175292227991
2|6|2|11,4,-3.015
2|6|2|11,5,-1.868198086175255
2|6|2|11,3,-0.36248145789967035
2|6|2|11,7,-0.03653740420350075
11|6|2|6,1,2.687207381978281
11|6|2|6,5,-2.661461990804706
11|6|2|6,6,-4.348714823674977
11|6|2|6,3,-1.5956977337476683
11|6|2|6,2,1.0341641594846298
11|6|2|6,4,-1.4529400864046405
11|6|2|6,7,-4.629884787848611
2|10|1|10,1,10.121482328946298
20|4|1|3,1,11.049999999961926
20|4|1|3,5,0.13423701465682747
2|4|4|11,1,13.11913236252441
2|4|4|11,2,4.078012646484518
2|4|4|11,4,-1.6976329063114137
2|4|4|11,6,-1.4720064497064578
2|4|4|11,5,-1.0590534486194856
6|7|2|10,1,13.415541106822
6|7|2|10,3,0.10249051807887977
6|7|2|10,6,0.7935036782972512
6|7|2|10,5,3.8202813267278524
6|7|2|10,7,0.5801861111523683
6|7|2|10,2,3.9015202328882754
13|4|3|9,1,11.71108079453092
13|4|3|9,7,0.743714697632661
13|4|3|9,2,3.299491811416223
13|4|3|9,5,3.9887860520428617
13|4|3|9,3,3.4419433870029126
13|4|3|9,6,0.4091875873936713
13|4|3|9,4,7.495986124199662
17|4|3|8,1,8.885883034468383
21|3|1|7,1,10.649999999643148
21|3|1|7,6,0.016945738343174633
21|3|1|7,7,0.020249999999998634
21|3|1|7,3,0.020249999999998634
24|1|0|6,1,9.999999999999998
24|1|0|6,3,-0.8656852178537217
24|1|0|6,2,-0.8584465987320581
24|1|0|6,5,-0.9906375224808823
24|1|0|6,7,-1.7970218250000016
24|1|0|6,6,-0.48533802829050837
24|1|0|6,4,-0.36135259219948984
14|2|1|7,1,-3.914456684846555
14|2|1|7,4,0.38534578059866087
14|2|1|7,5,-7.096566047253271
14|2|1|7,2,-3.0497788668603585
14|2|1|7,6,-12.415737217958217
14|2|1|7,7,-16.048674894792747
14|2|1|7,3,-2.620751523237766
3|6|2|11,1,13.612619775872567
3|6|2|11,5,-0.7371743727625449
3|6|2|11,6,0.8116922099292608
3|6|2|11,3,0.6185629106945644
3|6|2|11,4,0.45597293312289594
3|6|2|11,7,0.5956801967617503
8|6|2|7,1,5.748380313539136
8|6|2|7,5,-4.749057777349139
8|6|2|7,6,-5.162804509765903
8|6|2|7,7,-5.10519666034942
8|6|2|7,4,1.094445894152145
12|5|3|9,1,12.200432964324326
12|5|3|9,4,0.34146145136661266
12|5|3|9,6,0.43703177909531055
12|5|3|9,3,3.56086061063562
12|5|3|9,5,0.5101314024557817
12|5|3|9,2,3.534147346418946
12|5|3|9,7,0.43921718481445
14|4|1|7,1,4.808963598545228
14|4|1|7,7,-6.558742651582675
14|4|1|7,5,2.118124286303358
14|4|1|7,2,7.4496226744547
14|4|1|7,3,3.847819744113533
14|4|1|7,6,-6.597488582680674
14|4|1|7,4,-3.225850179805336
16|5|2|5,1,11.552416794835121
16|5|2|5,7,-0.4687818126732788
16|5|2|5,2,6.77659154774343
16|5|2|5,5,-0.08335815791847323
16|5|2|5,6,0.8726111668152172
16|5|2|5,3,4.952318605108719
16|5|2|5,4,2.6935558207127874
13|5|2|8,1,11.907225266434388
13|5|2|8,2,8.964165039492858
13|5|2|8,6,0.5799503108025799
13|5|2|8,3,7.760947716924259
13|5|2|8,5,7.525394449873156
13|5|2|8,7,0.8969804335531883
13|5|2|8,4,8.644095235615822
7|6|3|10,1,13.34757483948116
7|6|3|10,5,0.034215109922376995
7|6|3|10,2,3.874622132061947
7|6|3|10,3,3.8485196715883756
7|6|3|10,7,0.7073814818213318
17|4|3|5,1,11.667499981276343
17|4|3|5,2,3.4939543647754663
17|4|3|5,6,0.3102318264676008
17|4|3|5,5,0.31023746152079285
17|4|3|5,7,0.3102374999999929
17|4|3|5,3,0.3102374995605364
13|4|1|6,1,-6.250845705933614
13|4|1|6,2,-3.5975138275665235
13|4|1|6,7,-15.562760173786655
13|4|1|6,3,-6.683958558527897
13|4|1|6,6,-11.054761220840653
13|4|1|6,5,-7.420891783667258
13|4|1|6,4,-8.001795079559347
10|2|1|9,1,1.6096464511831237
10|2|1|9,4,4.01878539094148
10|2|1|9,6,-5.448686616116204
10|2|1|9,7,-0.5462908639465001
10|2|1|9,2,2.087784434489826
10|2|1|9,3,2.4042938829512055
10|2|1|9,5,-1.0801862214830158
12|1|1|8,1,-3.257051961062713
12|1|1|8,7,-7.748444660681619
12|1|1|8,3,-1.922436432748231
12|1|1|8,2,-2.384985197088428
12|1|1|8,6,-4.526339352034239
12|1|1|8,4,-3.386008427228009
12|1|1|8,5,-3.137429991989119
13|1|1|7,1,-7.020782475017842
13|1|1|7,7,-13.620747849729929
13|1|1|7,6,-15.423925628634844
13|1|1|7,4,-7.106871501637811
13|1|1|7,5,-4.051138063229386
13|1|1|7,2,-7.012620311018071
13|1|1|7,3,-6.4983070953042885
6|4|1|11,1,11.705272585684
6|4|1|11,5,-1.0869112076024026
6|4|1|11,6,-0.6366698972638088
6|4|1|11,2,7.271373260882001
6|4|1|11,7,-1.2227814077654724
6|4|1|11,3,3.0824090108573183
6|4|1|11,4,0.22284749937378354
9|5|1|9,1,9.84869504559611
9|5|1|9,6,-0.19805927526369171
9|5|1|9,2,5.459716000582542
9|5|1|9,7,-1.3434904288228358
9|5|1|9,3,6.630119799836207
9|5|1|9,4,3.664045666227264
9|5|1|9,5,0.2401443787313231
14|5|3|8,1,11.767287870811693
14|5|3|8,4,0.44025329374296884
14|5|3|8,3,3.515363260647829
14|5|3|8,7,0.4160033026604806
14|5|3|8,2,3.5470393808619
19|3|2|7,1,10.507499999999995
19|3|2|7,3,3.2825774999999986
19|3|2|7,7,0.19258312499999522
19|3|2|7,5,0.2227451574276002
19|3|2|7,2,7.564668198811816
19|3|2|7,4,0.19258306263750857
19|3|2|7,6,0.14352738590418448
22|2|1|6,1,8.565849225408364
22|2|1|6,6,-0.27573468750000474
22|2|1|6,3,-0.29448499687500507
22|2|1|6,2,9.849999999999996
22|2|1|6,7,-0.29448499687500507
22|2|1|6,5,-0.27573468750000474
22|2|1|6,4,-0.30817459774969275
18|4|0|3,1,-0.36724001710853393
18|4|0|3,7,-10.286166604073351
18|4|0|3,6,-11.869431099038485
18|4|0|3,4,-10.372239246041497
18|4|0|3,5,-10.644162472229048
8|5|4|8,1,13.002982735194108
8|5|4|8,2,0.686461853109089
8|5|4|8,5,3.1573765913746725
8|5|4|8,6,-0.1953343047017805
8|5|4|8,7,-0.1240505674747549
14|5|1|6,1,11.093882970651599
14|5|1|6,3,0.8811301157980087
14|5|1|6,4,-0.2284187163321425
14|5|1|6,2,-3.127074759300189
14|5|1|6,6,-13.3786628668831
14|5|1|6,5,-11.606811046463461
14|5|1|6,7,-10.779641563222459
5|4|4|8,1,4.3971395186338285
5|4|4|8,6,-3.369712198262841
5|4|4|8,3,-0.7575870337231244
22|2|0|1,6,-14.950150604145598
22|2|0|1,7,-14.898266539072651
22|2|0|1,2,-14.792380691985
22|2|0|1,4,-14.792380691985
22|2|0|1,3,-14.792380691985
22|2|0|1,1,-14.8546664843895
22|2|0|1,5,-14.792380691985
14|4|1|3,1,-11.156935546265759
14|4|1|3,4,-14.116452236157432
14|4|1|3,7,-14.34705078996465
14|4|1|3,5,-12.650254673129552
14|4|1|3,6,-12.473649158985506
14|4|1|3,2,-11.499232966045373
14|4|1|3,3,-3.5144950116774423
10|5|5|7,1,12.337908871157993
10|4|1|5,1,-8.3785058994626
10|4|1|5,6,-9.677329402388555
10|4|1|5,7,-13.260596843023428
10|4|1|5,4,-11.442003003265533
10|4|1|5,5,-8.563370503488192
10|4|1|5,3,-8.475575343158196
10|4|1|5,2,-9.850395067636077
18|4|2|5,1,11.287499999997015
18|4|2|5,4,0.31204658722908857
18|4|2|5,2,7.327336537538473
18|4|2|5,3,6.949913393575109
18|4|2|5,7,0.3432937499986892
18|4|2|5,5,0.4421467090788725
18|4|2|5,6,0.20193526702708056
20|3|2|5,1,10.649999999999997
20|3|2|5,4,-1.3520999250549006
20|3|2|5,2,8.525008420403644
20|3|2|5,7,0.056155274999996216
20|3|2|5,3,0.044347499999997014
20|3|2|5,6,0.05129324999999654
20|3|2|5,5,0.044347499999997014
6|6|3|10,1,13.553014366891167
6|6|3|10,3,2.306693388547625
6|6|3|10,7,0.560295578360968
6|6|3|10,2,3.6495703804783917
6|6|3|10,5,0.6648177937114107
6|6|3|10,6,0.6699181850611371
14|5|4|6,1,12.301322063366566
14|5|4|6,5,-1.1437373812500014
8|6|2|8,1,9.780511787601737
8|6|2|8,3,2.9333365839431433
8|6|2|8,4,-0.18366622545192612
8|6|2|8,2,4.916083732606115
8|6|2|8,7,-2.603797092105087
8|6|2|8,6,-4.115870193256618
8|6|2|8,5,-4.888279809058698
7|5|4|11,1,12.992495588051591
12|5|2|10,1,11.858643720131372
12|5|2|10,6,-0.8998374985270333
12|5|2|10,7,0.34611087815902036
17|2|2|9,1,10.313283671672227
17|2|2|9,2,0.6179240715365132
17|2|2|9,5,3.0018130282156594
17|2|2|9,7,-0.04442735251620178
17|2|2|9,3,5.1815681185973785
17|2|2|9,6,-0.02712156007411277
17|2|2|9,4,3.0210505563476695
19|2|2|8,1,10.406712042408829
19|2|2|8,4,2.812162812718884
19|2|2|8,7,-0.14433014101815364
19|2|2|8,2,5.474462490589468
19|2|2|8,6,-0.14664179178133002
19|2|2|8,3,5.0656800031692555
19|2|2|8,5,-0.06268455702300403
20|4|0|3,1,10.8315053948985
20|4|0|3,5,-3.015
3|5|4|11,1,13.145684138303261
3|5|4|11,3,-1.3426511092277278
3|5|4|11,6,-0.2559698881323234
3|5|4|11,4,0.04433713128276828
3|5|4|11,2,3.7553187496900224
3|5|4|12,1,13.146615339025615
3|5|4|12,4,-0.7460641195586489
8|4|1|11,1,11.923468700429979
8|4|1|11,3,1.294142687576158
8|4|1|11,5,-0.04137893514918005
8|4|1|11,7,0.151751214855444
8|4|1|11,6,0.42554337666241276
8|4|1|11,2,3.481883801283134
8|4|1|11,4,3.5508791102416413
14|2|1|9,1,10.42239321589071
14|2|1|9,7,-1.1380341391738344
14|2|1|9,6,3.1383177447844854
14|2|1|9,4,3.1712994446585183
14|2|1|9,5,3.0797730780372454
14|2|1|9,3,2.6826195252528353
14|2|1|9,2,3.032329806370406
7|5|1|8,1,5.4660694153067695
7|5|1|8,6,-8.70516062506205
7|5|1|8,5,-7.114695399610489
7|5|1|8,2,-0.571457326191116
7|5|1|8,3,-0.03551122326292844
7|5|1|8,4,-2.154625492523015
7|5|1|8,7,-6.624530146724183
17|5|1|4,1,11.292574681176207
17|5|1|4,7,-10.211592650005462
17|5|1|4,6,-4.250900609853593
17|5|1|4,3,9.234583563896676
17|5|1|4,4,-9.99960718481409
17|5|1|4,2,7.296441960442912
17|5|1|4,5,-14.96196720901886
9|4|4|9,1,12.795493944239015
9|4|4|9,6,-0.4544803497402694
9|4|4|9,7,3.1097403321281
9|4|4|9,2,9.544157304394425
9|4|4|9,4,6.200486055435238
9|4|4|9,3,7.953582673187003
9|4|4|9,5,8.114298373530485
2|6|2|12,1,12.99786450564317
2|6|2|12,4,0.7560689766650143
8|5|2|11,1,4.561668112650368
8|5|2|11,2,12.038287592736507
8|5|2|11,5,-0.9412377743405993
8|5|2|11,3,3.053872283978691
8|5|2|11,4,0.10500000000000001
8|5|2|11,6,0.5217734626493266
8|5|2|11,7,0.5359875759964771
13|4|2|10,1,2.5261503383466355
13|4|2|10,6,-0.01889236062864654
13|4|2|10,3,11.106626194366921
13|4|2|10,5,2.9567220022204017
13|4|2|10,4,3.2425241756663414
13|4|2|10,2,3.4393848322717733
13|4|2|10,7,0.2308283081360919
17|3|1|9,1,10.205509339896224
17|3|1|9,5,3.0531353977917126
20|2|1|8,1,9.97214573459719
20|2|1|8,4,5.0755837487771185
20|2|1|8,3,2.985637499999918
20|2|1|8,6,-0.28833385057518035
20|2|1|8,7,-0.1709990382806266
20|2|1|8,5,-0.2940009120531933
20|2|1|8,2,5.075583749999996
22|1|1|7,1,6.266616289651706
22|1|1|7,2,9.707499999999994
22|1|1|7,4,-0.6291024935177892
22|1|1|7,3,2.952724969032972
22|1|1|7,7,-0.7304763342060372
22|1|1|7,6,-0.5439138750000039
22|1|1|7,5,-0.5802633776907257
9|6|3|8,1,12.756798711011308
9|6|3|8,2,3.284925841262579
9|6|3|8,4,6.303620507426993
9|6|3|8,6,-0.287217694937773
9|6|3|8,3,6.352240706063013
9|6|3|8,5,0.258371845024517
9|6|3|8,7,-0.16879444470845925
10|8|1|7,1,12.443860433585101
13|2|2|10,1,10.751080699051393
13|2|2|10,7,-0.1470696398323672
13|2|2|10,4,3.169774999184504
13|2|2|10,5,2.337698027710128
13|2|2|10,6,0.03211251096746021
13|2|2|10,3,3.3319914924964604
13|2|2|10,2,5.571082020889771
11|6|1|7,1,9.08823609567935
11|6|1|7,4,-6.397610669363429
11|6|1|7,7,-6.877975696558456
11|6|1|7,6,-5.9632437688290425
11|6|1|7,5,-3.6704824514183296
11|6|1|7,2,1.581614332120202
18|3|2|6,1,10.757920735713435
18|3|2|6,7,0.2087715309287756
18|3|2|6,2,10.733278991069374
18|3|2|6,5,0.18927244652331088
18|3|2|6,3,10.675167342412848
18|3|2|6,6,0.1900706972821135
18|3|2|6,4,9.087336887431562
21|2|2|5,1,10.249999999999996
21|2|2|5,6,-0.4732215088777462
21|2|2|5,3,-0.3871059557666093
21|2|2|5,7,-0.29887731834823034
21|2|2|5,2,9.960462869774998
21|2|2|5,5,-0.30375502669310506
21|2|2|5,4,-0.31038064680320965
10|5|4|8,1,12.736240549844954
10|5|4|8,4,-2.3013548092204608
10|5|4|8,7,-0.8402557290031801
10|5|4|8,2,4.062481518221637
10|5|4|8,6,1.1750196151103491
10|5|4|8,5,0.9358620497618135
10|5|4|8,3,7.040743772222029
6|7|1|8,1,9.45444646284915
6|7|1|8,4,1.496969652017594
6|7|1|8,3,2.888014875121055
18|3|3|6,1,11.267499840851535
18|3|3|6,7,0.12590301869455336
18|3|3|6,2,5.746424999999999
18|3|3|6,4,0.4256247852203587
18|3|3|6,3,5.27217935275111
18|3|3|6,6,0.42676232395961045
18|3|3|6,5,0.42835089086535877
15|4|1|6,1,-0.07571454523267074
15|4|1|6,2,2.2750034798862995
15|4|1|6,7,-10.546301790506547
15|4|1|6,6,-12.77220021253435
15|4|1|6,4,-2.1225351095796237
15|4|1|6,3,5.311846934082992
15|4|1|6,5,-5.861631983997674
7|7|1|9,1,13.341673577826512
7|7|1|9,3,3.110536729462568
7|7|1|9,6,-1.3509072136253768
7|7|1|9,2,3.6139339268557222
7|7|1|9,7,-0.19677020028277514
7|7|1|9,5,-0.15214937501284725
7|7|1|9,4,3.8224454537697636
8|7|4|8,1,12.886534499918614
6|4|0|9,1,5.266867259679428
11|5|2|9,1,12.07943955912465
11|5|2|9,5,6.601947568800069
11|5|2|9,6,2.4190788983622644
11|5|2|9,4,5.872865153145472
11|5|2|9,7,0.626876081307614
11|5|2|9,3,7.671927604604073
11|5|2|9,2,7.538473582092413
19|1|1|7,1,9.38488104528357
19|1|1|7,4,5.050719722547057
19|1|1|7,5,7.342775977317743
19|1|1|7,2,7.353061546982492
19|1|1|7,3,2.9433650398527376
19|1|1|7,7,-0.7228438015051308
19|1|1|7,6,4.440501119999065
6|5|3|9,1,10.625585977200139
6|5|3|9,4,-2.5293323480791146
6|5|3|9,5,0.5958731926842639
6|5|3|9,3,8.739566714584592
6|5|3|9,2,9.429915179285853
6|5|3|9,7,-2.302596118991947
6|5|3|9,6,-3.048972525916274
1|4|2|11,1,8.958669989414746
5|7|3|10,1,13.713084947627335
5|7|3|10,6,0.7518641066784691
12|7|4|9,1,0.8250000000000001
19|4|1|8,1,10.303631972318856
23|1|1|7,1,9.849999999999996
23|1|1|7,5,-3.1441502761284403
23|1|1|7,7,-0.2077500000000013
23|1|1|7,3,-0.2077500000000013
23|1|1|7,6,-0.2077500000000013
23|1|1|7,2,2.954999999999999
23|1|1|7,4,-0.2077500000000013
9|6|3|9,1,12.995778337313881
9|6|3|9,5,3.6638697570861267
9|6|3|9,4,3.7240732799825262
9|6|3|9,6,0.7002320617137734
9|6|3|9,3,6.457396039195936
9|6|3|9,2,5.42416104044907
9|6|3|9,7,0.6547625727250848
7|6|6|8,1,0.705
13|6|2|7,1,12.069437452822122
13|6|2|7,7,0.6234209785231137
13|6|2|7,3,3.560582606190169
13|6|2|7,2,3.4880486852374015
13|6|2|7,5,0.7070949018105281
13|6|2|7,4,0.4610792585890525
13|6|2|7,6,0.8164287814033113
3|4|3|12,1,13.489344266152154
3|4|3|12,4,-0.07447377840563002
3|4|3|12,5,-0.6720097776208994
3|4|3|12,7,-0.18721656474012052
3|4|3|12,6,1.039869934781039
3|4|3|12,3,3.671980481975403
3|4|3|12,2,3.735602062544359
10|8|2|3,1,-2.3020540735867185
12|2|1|8,1,-0.9476984276691549
12|2|1|8,3,0.24349750883184207
12|2|1|8,2,2.4726583333452616
12|2|1|8,6,-6.5241809169070715
12|2|1|8,5,-2.0818198823963487
12|2|1|8,4,-0.9098340215033733
12|2|1|8,7,-12.2483988697457
9|3|1|11,1,11.306554310867636
9|3|1|11,6,-0.7605267993172315
9|3|1|11,4,3.21614863040746
15|3|3|9,1,11.035956555554854
15|3|3|9,6,-0.038516121369020696
15|3|3|9,5,3.1791887488778663
15|3|3|9,2,7.485103765601081
15|3|3|9,7,0.18605009225965627
15|3|3|9,4,3.183033638734744
15|3|3|9,3,3.4067285441078936
9|2|2|12,1,5.370665190813495
11|5|1|11,6,0.7508338299563305
11|5|1|10,1,11.7695978525191
11|5|1|10,6,0.39634091559103196
20|1|1|7,1,9.456658558173494
20|1|1|7,7,-1.1163036372028876
20|1|1|7,4,6.204391826278574
20|1|1|7,2,6.204538496924208
20|1|1|7,3,8.718438813519619
20|1|1|7,5,4.20565436062289
20|1|1|7,6,-0.5059861181389741
10|7|3|8,1,12.384437004507735
10|7|3|8,5,-1.8840798585542857
8|6|4|8,1,13.069783695722123
8|6|4|8,3,0.22499999999999998
8|6|4|8,5,-3.015
8|6|4|8,4,2.3349349760604143
8|6|4|8,6,0.20794673292184898
14|5|3|7,1,12.01928969404589
14|5|3|7,6,0.4615293021706954
14|5|3|7,2,1.3459912499999995
14|5|3|7,4,0.46405441282718696
13|4|1|9,1,11.232706670783118
13|4|1|9,5,-0.36880947533096237
13|4|1|9,6,0.06309627820749526
13|4|1|9,2,3.36182469724572
13|4|1|9,7,0.22408059515777037
13|4|1|9,3,3.359460253303435
2|5|0|12,1,10.62291767001021
2|5|0|12,2,-3.015
2|5|0|12,4,-2.488350302831855
2|5|0|12,6,-0.0902625896631104
2|5|0|12,5,-0.5714272019704981
2|5|0|12,7,-0.4605337949162937
2|5|0|12,3,0.24678099839717704
7|2|1|11,1,6.628287417323367
7|2|1|11,5,2.751458374636396
7|2|1|11,2,3.262931719059573
7|2|1|11,6,-1.092946414873084
7|2|1|11,3,5.387099507386504
7|2|1|11,7,-3.2575919478180886
7|2|1|11,4,8.959906690062292
11|1|1|9,1,1.5343729536747586
11|1|1|9,5,0.7347491722440251
11|1|1|9,7,-3.0621546169123754
11|1|1|9,4,1.189521755645109
11|1|1|9,6,-2.9957003608865773
11|1|1|9,2,1.659874546200512
11|1|1|9,3,0.7626440498887214
4|5|4|10,1,13.674552311049338
4|5|4|10,5,-3.015
4|5|4|10,7,-0.8197422334084807
4|5|4|10,6,-0.9149502722267023
4|5|4|10,4,-0.3330311105838289
4|5|4|10,3,3.8140260115824636
11|5|4|6,1,11.20849945989015
11|5|4|6,6,-2.799408599346527
11|5|4|6,3,-0.05513093605141039
11|5|4|6,2,3.7043739557265614
12|5|1|7,1,7.621576587536151
12|5|1|7,2,3.0040595758876183
12|5|1|7,7,-8.704717666734783
12|5|1|7,4,-0.048770954745108064
12|5|1|7,6,-6.982772031608308
12|5|1|7,5,-5.752331546302241
12|5|1|7,3,2.401975408815441
17|1|1|6,1,-8.496244839767964
17|1|1|6,7,-14.036532418252389
17|1|1|6,6,-13.14989630316364
17|1|1|6,4,-6.2174650864600896
17|1|1|6,2,-8.402643967699646
17|1|1|6,5,-9.877557571924974
17|1|1|6,3,-8.604147281320508
8|5|1|9,1,11.163145962558
8|5|1|9,5,-0.6010891678424826
8|5|1|9,2,6.811648106325693
8|5|1|9,7,-2.568801443780466
8|5|1|9,6,-0.7431414951722459
8|5|1|9,4,2.8655420082937795
8|5|1|9,3,7.248977527250281
18|4|3|5,1,11.04975996088691
18|4|3|5,7,-2.992975975546496
18|4|3|5,5,-1.3470251073764394
22|3|0|4,1,9.999999999999998
22|3|0|4,2,-0.1926133679659948
22|3|0|4,7,-0.16500000000165116
22|3|0|4,6,-0.1650000000001947
22|3|0|4,5,-0.16500000000000073
22|3|0|4,4,-0.16500000000000073
6|6|2|10,1,13.11040062937363
6|6|2|10,3,7.260330466515856
6|6|2|10,7,0.15900222720336235
6|6|2|10,5,0.868315207056181
6|6|2|10,6,1.508174380255996
6|6|2|10,4,0.2818945589550268
6|6|2|10,2,9.155741383786609
11|5|4|8,1,12.57813149212599
11|5|4|8,3,1.7491603206426245
11|5|4|8,7,-0.6826768794779933
11|5|4|8,2,6.3143484931934815
11|5|4|8,5,0.5741872115797416
11|5|4|8,6,0.5654555764484159
11|5|4|8,4,3.6164708022826093
16|4|3|7,1,11.535794480221098
16|4|3|7,5,0.2326831148193177
16|4|3|7,6,0.28617044635670597
16|4|3|7,4,3.994474572183398
16|4|3|7,2,8.752748114106335
16|4|3|7,7,0.272824094738619
16|4|3|7,3,3.424370556715567
7|8|4|8,1,0.9450000000000001
15|5|2|7,1,11.82378433719936
15|5|2|7,7,0.6863019199883058
15|5|2|7,6,0.31052114570489114
15|5|2|7,4,4.366554907101319
15|5|2|7,5,0.31453236078533686
15|5|2|7,3,5.804229093544617
15|5|2|7,2,7.49929082206881
14|6|1|7,1,11.854933965382232
14|6|1|7,6,0.3485502961374539
19|3|3|5,1,10.649999999986079
19|3|3|5,6,-3.3963056325000003
19|3|3|5,7,0.019406985643485797
19|3|3|5,3,0.020215980056139313
10|7|2|7,1,12.875324111493601
10|5|3|9,1,12.547878437075827
10|5|3|9,5,-0.8656262840231987
10|5|3|9,7,1.1770883589918193
10|5|3|9,6,0.9461494629287952
10|5|3|9,4,8.35426714179654
10|5|3|9,2,8.338861648960409
10|5|3|9,3,9.282464588026249
15|3|3|8,1,11.268100625063145
15|3|3|8,6,0.43185025921000586
15|3|3|8,3,3.9907010143866426
15|3|3|8,2,10.675442454453334
15|3|3|8,5,3.098238438170484
15|3|3|8,4,5.304538118703725
15|3|3|8,7,0.6503984537532632
18|3|1|7,1,10.415918899072258
18|3|1|7,6,-0.28425216650448026
18|3|1|7,4,6.116512470687443
18|3|1|7,3,10.065491959674882
18|3|1|7,5,4.454639079505325
18|3|1|7,7,-0.1983735242341131
18|3|1|7,2,10.005161944874018
13|3|1|8,1,9.423293662269394
13|3|1|8,3,4.216469532044227
13|3|1|8,2,2.9369298454438018
13|3|1|8,6,1.8113930810609644
13|3|1|8,7,-5.729667857988328
13|3|1|8,4,4.363793729926083
13|3|1|8,5,4.2049824198828665
9|5|4|8,1,12.747804482682827
9|5|4|8,3,-1.232263153868693
9|5|4|8,5,0.00432161389068475
9|5|4|8,7,-0.002202202294517147
9|5|4|8,6,-0.18787530895571453
9|5|4|8,4,6.6903727035732325
9|5|4|8,2,7.1473088525331026
16|2|1|7,1,3.043577724451282
16|2|1|7,3,3.521631510937172
16|2|1|7,5,0.77722466888491
16|2|1|7,2,6.7941796430783405
16|2|1|7,4,-0.08776741550735423
16|2|1|7,6,-6.014485601805279
16|2|1|7,7,-11.22944820253705
14|5|4|4,1,11.490984711416358
10|6|2|7,1,11.84044559128185
10|6|2|7,7,-5.920457624738579
10|6|2|7,4,0.09649150319568278
10|6|2|7,3,3.3601728281908763
10|6|2|7,6,-3.8432676931005942
10|6|2|7,5,1.9094285580568517
10|6|2|7,2,6.445897190230801
6|5|1|11,1,12.541757049993478
6|5|1|11,2,3.5592885089812465
6|5|1|11,5,0.48473552433982314
6|5|1|11,3,0.4991852151281728
6|5|1|11,4,3.7632639802931984
6|5|1|11,6,0.08537889863991133
6|5|1|11,7,0.4861443787586113
6|4|4|11,1,13.161513859790338
6|4|4|11,6,0.7178663746429078
6|4|4|11,4,3.794253987438969
6|4|4|11,2,3.9002475803754075
6|4|4|11,3,3.830439851107763
10|4|3|10,1,12.271133810806235
10|4|3|10,6,3.0036819421526535
10|4|3|10,3,10.365527688234884
10|4|3|10,7,1.2179411550048056
10|4|3|10,2,3.3535178295155816
10|4|3|10,5,9.140763990677202
10|4|3|10,4,9.41430145477628
3|6|3|11,1,13.614773363565243
3|6|3|11,7,-3.015
3|6|3|11,2,2.005673868105727
3|6|3|11,3,1.6504453974371986
3|6|3|11,6,0.24219251060965075
3|6|3|11,5,0.6077187586620475
3|6|3|11,4,0.6013271599356418
9|5|3|10,1,12.681207655979298
9|5|3|10,4,-1.570202001298359
9|5|3|10,3,3.5983897995240635
9|5|3|10,7,0.9468215888319489
9|5|3|10,5,3.6586367839130696
9|5|3|10,2,3.725918220513712
9|5|3|10,6,0.4099300917776148
18|3|1|8,1,10.281952998125158
18|3|1|8,2,6.728723090411276
18|3|1|8,6,-0.09067077287248927
18|3|1|8,5,-0.11358068775882113
18|3|1|8,4,-0.022171560967934666
18|3|1|8,3,5.184063909508655
18|3|1|8,7,-0.0408070709481036
21|1|1|7,1,9.573272669240719
21|1|1|7,5,-0.6279460643129464
21|1|1|7,6,-0.8439275615816677
21|1|1|7,2,4.881783749999997
21|1|1|7,3,7.963337951249995
21|1|1|7,7,-0.4878054375000006
21|1|1|7,4,7.2738577874999955
9|5|3|8,1,11.03024554620658
9|5|3|8,7,-2.703032455470387
9|5|3|8,5,4.641973878217144
9|5|3|8,2,8.572831162885384
9|5|3|8,6,-2.6112591417089037
9|5|3|8,4,0.693122121466001
9|5|3|8,3,5.83882697814594
17|5|1|1,1,-14.13527985
17|5|1|1,2,-14.13527985
17|5|1|1,3,-14.13527985
17|5|1|1,7,-13.7646855
17|5|1|1,5,-13.7646855
17|5|1|1,6,-13.7646855
17|5|1|1,4,-14.13527985
12|3|1|9,1,10.870071958332025
12|3|1|9,6,1.2188470043356738
12|3|1|9,7,-2.203169958568073
12|3|1|9,5,3.8995196925725817
12|3|1|9,3,4.649501389732227
12|3|1|9,4,4.300355152364713
12|3|1|9,2,5.043017492650295
15|2|2|8,1,10.259265426317146
15|2|2|8,7,-0.7426975859521625
15|2|2|8,5,10.283459801637596
15|2|2|8,4,6.649148101631052
15|2|2|8,2,10.51621938978691
15|2|2|8,3,10.346911651185971
15|2|2|8,6,5.6112824079753185
8|8|1|8,1,12.089110129626022
6|3|2|12,1,11.92985705361996
6|3|2|12,5,0.6453272014482463
6|3|2|12,6,3.696056630898398
6|3|2|12,7,0.13608438522499
6|3|2|12,4,-0.01736520689469323
9|2|2|11,1,9.367077936334086
9|2|2|11,6,0.06493402101217054
9|2|2|11,5,3.1510616312174524
9|2|2|11,2,3.268454671320791
9|2|2|11,3,3.4078010849055214
9|2|2|11,7,-0.2914671738373119
9|2|2|11,4,3.144151285379692
17|4|3|3,1,2.046340546381483
17|4|3|3,2,11.645726210467606
8|7|3|8,1,13.300562530940692
12|3|1|8,1,6.748474022588702
12|3|1|8,3,1.7249889944726302
12|3|1|8,2,3.4163576951047796
12|3|1|8,6,-4.342948795854151
12|3|1|8,4,2.0714666146303014
12|3|1|8,5,-4.254003733145607
12|3|1|8,7,-8.709010634434568
16|4|1|7,1,10.836530056971224
16|4|1|7,3,5.38166166431905
16|4|1|7,2,5.420470498408454
16|4|1|7,6,0.029663287350402887
16|4|1|7,7,0.1414526442395015
16|4|1|7,4,5.075865953157738
16|4|1|7,5,2.2412791784718413
8|5|1|10,1,12.525487805613533
8|5|1|10,5,4.594661015378894
8|5|1|10,2,8.661619062401032
8|5|1|10,3,3.536307952906546
8|5|1|10,4,5.911079584731335
8|5|1|10,6,-0.04726188379873283
8|5|1|10,7,0.0817063585013896
4|7|1|10,1,13.572349670548757
4|7|1|10,7,-1.8197960491001284
4|7|1|10,2,5.46661988653806
4|7|1|10,3,3.5682674550848006
4|7|1|10,5,0.03704079421559578
4|7|1|10,4,0.2580554674621336
4|7|1|10,6,0.46269305184926957
11|5|3|6,1,6.1497956161609935
11|5|3|6,7,-2.9995884607021357
11|5|3|6,4,1.8995863535868758
11|5|3|6,3,0.20321287707734476
11|5|3|6,5,-3.74370446305272
11|5|3|6,2,1.1660481343323141
11|5|3|6,6,-7.688909468369719
11|5|1|4,7,-16.21265454657864
11|5|1|4,4,-15.298960239032331
11|5|1|4,1,-5.9919194639664575
11|5|1|3,1,-10.737981883876456
3|5|0|11,1,12.211020454107077
3|5|0|11,2,-8.135772628418176
3|5|0|11,5,-12.797969877471019
3|5|0|11,7,-12.391468890884937
3|5|0|11,4,-14.753175479900754
3|5|0|11,6,-8.934111185421324
3|5|0|11,3,-15.132178249138283
12|2|1|9,1,4.702676493698627
12|2|1|9,2,4.251420807198311
12|2|1|9,5,2.192686355913517
12|2|1|9,3,6.357453376789342
12|2|1|9,4,8.090651328269447
12|2|1|9,6,-4.599319070848834
12|2|1|9,7,-2.9357487527091157
9|4|1|10,1,12.049971517837493
9|4|1|10,2,3.1574087179781047
9|4|1|10,3,5.735034835255687
9|4|1|10,4,5.594411946438264
9|4|1|10,6,3.5388412844222423
9|4|1|10,7,-0.1437732741832738
9|4|1|10,5,3.476909646511605
13|4|2|9,1,11.454687038339637
13|4|2|9,2,8.547038416468624
13|4|2|9,6,1.391267491343441
13|4|2|9,5,1.6815185986122516
13|4|2|9,4,9.247166321785413
13|4|2|9,7,0.685690528396432
13|4|2|9,3,5.743307688490653
12|5|4|7,1,12.687531935608709
12|5|4|7,3,1.0347966083305897
12|5|4|7,7,0.38133484842805654
12|5|4|7,6,0.5268287966213142
12|5|4|7,5,3.602816538871237
12|4|4|8,1,12.247547762907061
12|4|4|8,4,3.463817367890535
12|4|4|8,2,6.047119846912819
12|4|4|8,5,1.1631630924394525
12|4|4|8,7,1.2444814742173615
12|4|4|8,6,0.647238842969026
12|4|4|8,3,8.04226342595578
7|5|2|4,1,-8.621773188633192
3|4|0|11,1,10.613740529453318
3|4|0|11,5,-3.587827425070098
3|4|0|11,2,-2.680766072092853
3|4|0|11,7,-3.201912123815765
3|4|0|11,4,-3.151457490875934
3|4|0|11,3,-2.377278167489656
3|4|0|11,6,-1.7678923992805073
2|8|0|9,1,1.5997308387336284
11|5|2|10,1,11.872614719390494
11|5|2|10,6,0.4204346162296497
16|2|1|9,1,10.041248365499222
16|2|1|9,6,-0.1831722243421746
16|2|1|9,5,3.118547423014557
11|6|3|8,1,12.515701086782482
11|6|3|8,6,0.5723824975665365
11|6|3|8,3,3.544417532592315
11|6|3|8,2,3.7399180662551275
11|6|3|8,7,0.5581602510627032
11|6|3|8,5,0.5681815745163338
11|6|3|8,4,3.6998605465038095
22|3|0|5,1,9.999999999999998
22|3|0|5,7,-0.16659185571263765
22|3|0|5,3,-0.16500001758089589
22|3|0|5,6,-0.16500000861463882
22|3|0|5,2,-0.1650000000098201
22|3|0|5,4,-0.16500000000000073
12|7|1|8,1,12.272018195605801
12|7|1|8,2,1.1490110781331535
12|7|1|8,7,0.2731117800572567
12|7|1|8,4,0.40332670103444046
6|7|1|10,1,13.436844742021073
6|7|1|10,2,0.10500000000000001
6|7|1|10,6,0.6468183636814119
6|7|1|10,4,3.8860879334188816
6|7|1|10,3,3.9672156709272404
15|5|3|7,1,11.978990932854362
15|5|3|7,4,0.10500000000000001
15|5|3|7,7,-8.394076525493167
15|5|3|7,3,1.1370827198249998
15|5|3|7,2,3.3022394445337486
15|5|3|7,6,0.36519529894813196
21|3|0|3,1,10.64999999814422
21|3|0|3,5,-7.67121365574675
21|3|0|3,6,-8.75204544275995
13|4|1|7,1,0.04090764558841187
13|4|1|7,6,-7.695516379764128
13|4|1|7,2,4.565504818278289
13|4|1|7,4,0.9302711945469193
13|4|1|7,3,-1.94418460599951
13|4|1|7,7,-9.858937244958343
13|4|1|7,5,-8.17018246898669
9|7|2|9,1,12.870025751811507
9|7|2|9,2,3.844496072033148
4|1|1|12,1,10.116992061274729
4|1|1|12,4,4.134789848676746
4|1|1|12,2,5.026198284507308
4|1|1|12,6,-2.681258097341536
4|1|1|12,7,-3.588940011187912
4|1|1|12,5,-0.6086957206270989
4|1|1|12,3,4.9510537150183715
18|4|1|7,1,10.820286731637847
18|4|1|7,2,7.037866123118919
18|4|1|7,3,7.078177898943004
18|4|1|7,5,0.13066190704168
18|4|1|7,7,0.0564526886470599
18|4|1|7,4,3.2523408006410115
18|4|1|7,6,0.05521998814101146
11|5|5|5,1,0.585
16|5|2|4,1,11.722226402770113
16|5|2|4,3,6.701762066954898
16|5|2|4,6,-12.566839858953855
16|5|2|4,2,5.315681614666703
16|5|2|4,5,-5.918598842210098
16|5|2|4,7,-7.640041781382413
16|5|2|4,4,-9.951115327282821
14|6|3|7,1,11.723789677061049
3|6|1|12,1,13.299698475384172
3|6|1|12,2,1.1580184001835816
3|6|1|12,7,0.3151762933826481
3|6|1|12,5,0.2379116352086049
3|6|1|12,6,0.6378622165621298
3|6|1|12,4,0.6877806279529041
3|6|1|12,3,3.930554830436773
12|4|3|10,1,11.966768378292517
12|4|3|10,5,0.26941477812090026
12|4|3|10,3,2.632700562242911
12|4|3|10,2,3.3900606902588155
12|4|3|10,4,3.437284023645749
16|3|3|9,1,11.35031623504847
16|3|3|9,3,-0.08245801393772305
16|3|3|9,2,3.3016637542128815
16|3|3|9,6,0.06482614703666734
16|3|3|9,4,3.267031591856163
16|3|3|9,7,0.12978548188090996
19|3|1|8,1,10.372125069577933
19|3|1|8,2,0.37125349655052753
19|3|1|8,6,-0.07460405043534184
19|3|1|8,7,-0.0692856750734574
19|3|1|8,4,3.0996374999999983
19|3|1|8,3,3.0996374999999983
19|3|1|8,5,-0.07034434694776426
6|6|4|10,1,13.700270950000736
6|6|4|10,6,-0.08557497945238132
6|6|4|10,4,3.9200696086011715
6|6|4|10,5,0.7165030584881279
6|6|4|10,7,0.7756343736816523
12|4|4|9,1,12.090492082155421
12|4|4|9,4,3.5989150148948412
12|4|4|9,6,0.4914159708621783
12|4|4|9,7,0.513941128097894
16|4|1|8,1,10.972057207703328
16|4|1|8,7,-0.5645442743097365
16|4|1|8,6,0.04994730664465514
16|4|1|8,5,0.002175736062529587
3|4|4|11,1,12.953572181534105
3|4|4|11,4,-3.015
3|4|4|11,3,3.633669524176392
3|4|4|11,5,-0.050145913522616326
3|4|4|11,6,-0.10108884046311548
3|4|4|11,7,-0.008275577944445622
3|4|4|11,2,4.09878641407179
5|6|4|10,1,13.654729417798894
5|6|4|10,6,-0.461605378191404
11|5|1|9,1,12.137272558950341
11|5|1|9,5,-1.6857720990312095
11|5|1|9,2,0.10500000000000001
11|5|1|9,3,7.561825234681524
11|5|1|9,4,0.4218143916938267
11|5|1|9,6,0.8131260237404857
11|5|1|9,7,0.018360245876239745
4|5|3|10,1,13.32912529056468
4|5|3|10,5,-2.5276343616210815
4|5|3|10,4,-0.1259913505178193
4|5|3|10,3,-1.3542396078226395
4|5|3|10,2,3.7001119591580993
4|5|3|10,7,-0.6403326296047157
4|5|3|10,6,-0.4727640291801829
9|6|2|9,1,12.89969397705752
9|6|2|9,3,10.21551364851486
9|6|2|9,2,8.224517713848828
9|6|2|9,6,0.7806929279056
9|6|2|9,4,7.86534387232914
9|6|2|9,5,0.7560912229919023
9|6|2|9,7,0.9751474737532833
8|6|3|7,1,10.561773538320141
8|6|3|7,3,3.869792293118056
12|5|4|3,1,-6.094311537740291
5|7|3|11,1,12.360966046242282
5|7|3|11,5,0.9661749518653401
19|3|2|8,1,10.887499999999989
19|3|2|8,7,-0.056445624720415206
19|3|2|8,6,-0.020362510072417805
19|3|2|8,2,5.5419592883541355
19|3|2|8,5,-0.020362500000001837
19|3|2|8,3,5.306267250142838
19|3|2|8,4,-0.03465242442726863
22|2|1|7,1,10.249999999999996
22|2|1|7,6,-0.3531750000000022
22|2|1|7,4,-0.5262307500000033
22|2|1|7,2,5.023499974884435
22|2|1|7,5,-0.45497250000000283
22|2|1|7,3,-0.3531750000000022
22|2|1|7,7,-0.5262307500000033
5|4|3|12,1,12.552953390266675
5|4|3|12,6,-0.6031110000806096
5|4|3|12,3,3.7108425556349864
5|4|3|12,7,0.5666155418671593
5|4|3|12,2,3.866538127731857
12|5|1|10,1,9.582166404488625
12|5|1|10,6,0.38686164574533405
19|4|1|4,1,10.917764275000033
19|4|1|4,7,-2.4151893426948954
19|4|1|4,4,0.16655735350563716
19|4|1|4,5,0.15918455092367345
19|4|1|4,6,0.21103849698459742
19|4|1|4,3,9.024203733788108
19|4|1|4,2,7.126662638536251
18|4|3|4,1,11.041531206643159
18|4|3|4,6,0.11289105987830207
18|4|3|4,2,3.1555523314771503
20|3|0|4,1,6.903427499999998
1|3|3|11,1,8.72034488386491
17|5|1|6,1,11.322699289140651
17|5|1|6,4,-1.505927956544412
17|5|1|6,5,-0.006981125830544954
17|5|1|6,7,0.14418011329063418
2|6|0|9,1,1.0209867787818336
3|7|2|10,1,14.028218170212497
3|7|2|10,4,-1.7945312496773393
7|8|2|9,1,13.255469638247748
11|4|1|9,1,10.762892654646304
11|4|1|9,4,7.325755030824215
11|4|1|9,5,8.757666146494477
11|4|1|9,3,8.769436604389936
11|4|1|9,6,2.202805836538925
11|4|1|9,2,7.074307883427733
11|4|1|9,7,-2.1969937355446243
17|4|3|7,1,11.667499999759928
17|4|3|7,5,0.31023748396187756
13|6|1|4,1,-8.441503029745745
3|7|1|11,1,13.968272626852354
3|7|1|11,6,1.5188358823334696
3|7|1|11,3,0.4501315737481031
3|7|1|11,7,1.044286735184094
3|7|1|11,2,6.711472743643751
3|7|1|11,5,1.7613250168441061
3|7|1|11,4,0.6741854573057448
4|4|4|10,1,11.985744827363417
4|4|4|10,5,-2.318050027782839
4|4|4|10,2,3.8167085869844555
4|4|4|10,7,-0.45115966341099173
4|4|4|10,3,-0.38345552409845035
17|5|1|5,3,11.084195559389062
17|5|1|5,6,0.17257040237926374
17|5|1|5,4,3.3338621973217983
17|5|1|5,2,3.327639834644086
17|5|1|5,5,0.18789585099496656
17|5|1|5,1,3.351637499999998
17|5|1|5,7,0.19081236637153295
18|5|1|4,1,11.3075
18|5|1|4,3,1.1800380172597098
18|5|1|4,2,3.743114400749999
18|5|1|4,7,0.16303204881778566
18|5|1|4,4,0.3548179049923548
18|5|1|4,6,0.2161305332996079
18|5|1|4,5,0.36005844673857174
14|6|2|7,1,11.967934155887882
14|6|2|7,2,3.5224589382269165
11|8|1|8,1,8.98924900298814
15|4|4|5,1,11.922099792792705
15|4|4|5,5,-2.2007166763730672
15|4|4|5,6,-0.45027815861280235
15|4|4|5,3,2.0521269679774825
15|4|4|5,7,-0.2985503587276
15|4|4|5,2,3.573695345775882
15|4|4|5,4,1.6235572339379043
18|3|3|8,1,11.181649091774402
18|3|3|8,2,3.380243553975775
18|3|3|8,5,0.196237499999998
18|3|3|8,7,0.1722339510973825
13|5|1|5,1,-8.381906867036067
13|5|1|5,6,-11.277015032872486
13|5|1|5,3,-11.345267588447758
13|5|1|5,2,-7.939715894845225
13|5|1|5,5,-9.771793901919725
13|5|1|5,7,-8.434246060711745
13|5|1|5,4,-8.42033694325004
14|6|2|6,1,12.09211041342359
14|6|2|6,7,-1.2516722115239693
14|6|2|6,5,0.3805661578790463
11|5|4|9,1,12.70177650951488
11|5|4|9,7,0.5650698913415476
11|5|4|9,5,3.665759717990581
5|7|1|10,1,-0.2727707176953574
5|7|1|10,2,11.6898763500975
5|7|1|10,6,0.3831851958370281
5|7|1|10,4,0.25245184245249613
5|7|1|10,7,0.3833802278779917
5|7|1|10,5,0.6106315575972374
15|4|1|8,1,10.93256567012202
15|4|1|8,6,-0.4810336156909029
15|4|1|8,2,5.376022521031437
15|4|1|8,5,0.09168890067818385
15|4|1|8,7,0.2126088814039166
15|4|1|8,3,3.32275190286497
15|4|1|8,4,5.488861153236005
1|4|4|12,1,13.044284905746885
1|4|4|12,6,-3.015
1|4|4|12,3,-2.029092038686575
1|4|4|12,7,-1.4855045922846188
11|5|0|5,1,-1.9078356256446964
19|4|1|5,1,10.90753411119384
19|4|1|5,2,6.046608904325591
19|4|1|5,3,7.872506036206625
19|4|1|5,4,0.005826184813675361
19|4|1|5,6,0.23718380255858051
19|4|1|5,7,0.20523477154569103
19|4|1|5,5,0.15918375005246133
7|5|4|9,1,12.272238851914361
7|5|4|9,3,4.753672128944871
7|5|4|9,7,-0.5722977089630988
7|5|4|9,5,0.2352661132351636
7|5|4|9,6,0.36892210933020875
7|5|4|9,2,6.777171619423942
7|5|4|9,4,5.951566112046645
12|5|4|8,1,12.458483068536587
12|5|4|8,2,0.46499999999999997
12|5|4|8,7,0.48295731409451303
12|5|4|8,4,2.5805381396287315
12|5|4|8,6,0.5346578941410636
12|5|4|8,5,2.5841949350773574
12|5|4|8,3,3.319917934907907
18|5|2|1,1,-9.855
6|5|4|8,1,8.355249011328628
6|5|4|8,7,-2.7441599415947757
8|2|1|11,1,0.3809024216787656
8|2|1|11,2,9.79403332411427
8|2|1|11,6,-1.2021944194822882
8|2|1|11,3,3.312768889405191
8|2|1|11,7,-0.8617294979113741
8|2|1|11,5,2.4488206077396444
8|2|1|11,4,3.0535898238891184
5|6|3|11,1,13.631335576661119
5|6|3|11,4,-0.9665329722046101
5|6|3|11,3,3.7366870275603694
5|6|3|11,6,0.8559814568680852
11|4|2|10,1,11.884268291937433
11|4|2|10,3,8.876416338409253
11|4|2|10,4,7.414677127313694
11|4|2|10,7,0.21045140059338113
11|4|2|10,2,5.085115366484276
11|4|2|10,6,0.7778453238347034
11|4|2|10,5,7.50614375915246
14|1|1|8,1,2.5975121558266756
14|1|1|8,7,-4.183151268251025
14|1|1|8,5,-0.6785659205122648
14|1|1|8,6,-4.564625201604421
14|1|1|8,4,-1.1516140340993992
6|6|0|9,1,9.652025062497792
6|6|0|9,2,-2.2240388155793442
8|4|4|10,1,12.92269992787426
8|4|4|10,5,1.3627690470229363
8|4|4|10,4,6.12573341891807
8|4|4|10,6,0.7467397943069314
8|4|4|10,2,6.407933563299954
8|4|4|10,7,0.6367807534165532
8|4|4|10,3,8.318294545375004
10|7|2|8,1,13.01708248716114
10|7|2|8,3,1.2091570333451285
10|7|2|8,2,3.7920863441394372
4|5|3|9,1,8.691815349065852
4|5|3|9,7,-2.9641275
11|6|3|7,1,12.484903872697952
11|6|3|7,4,3.6505830601378264
11|6|3|7,6,-0.26222602480328644
11|6|3|7,2,3.7764366670914766
11|6|3|7,7,0.5303050508876943
4|6|1|11,1,13.17508089962476
4|6|1|11,2,4.8229054992015215
4|6|1|11,5,3.01097929971874
4|6|1|11,7,0.7758259608218604
4|6|1|11,3,3.399946000447709
4|6|1|11,6,0.6515649360014303
4|6|1|11,4,0.1806713037738619
16|5|1|4,1,-7.823779565599857
16|5|1|4,2,-9.615340787562005
16|5|1|4,4,-11.294033525451274
16|5|1|4,7,-12.588523057014163
16|5|1|4,6,-13.473092924637285
16|5|1|4,5,-10.470667560131304
16|5|1|4,3,-11.143317539856204
3|5|4|9,1,7.49327471333697
6|3|1|11,1,11.12074043082335
6|3|1|11,5,1.849934921626506
6|3|1|11,6,-2.159289786111135
6|3|1|11,4,3.2879011816031443
6|3|1|11,3,8.16530533723211
6|3|1|11,2,8.2413874731467
6|3|1|11,7,-2.4126777999243147
8|7|2|8,1,12.434073579346283
8|7|2|8,7,-1.125338807505736
8|7|2|8,6,0.13434138014677846
8|7|2|8,4,2.707871894804005
8|7|2|8,3,3.2535389742016094
8|7|2|8,2,3.904693971804156
8|7|2|8,5,-1.0886815295443208
13|5|2|9,6,1.3404063605056076
13|5|2|9,5,0.30669331103871716
13|5|2|9,1,11.722942214819463
13|5|2|9,7,0.3288948903476903
13|5|2|9,4,3.4060606277252616
9|8|2|8,1,12.991811270304302
1|7|0|12,1,14.208248141167905
1|7|0|12,5,-3.015
1|7|0|12,3,-3.236058016055443
1|7|0|12,7,-3.236058016055443
1|7|0|12,2,-2.1144618484007602
11|5|5|8,1,11.914517979226574
16|6|1|7,1,11.471191183851502
2|6|2|9,1,2.151112389847347
4|4|0|9,1,1.804592593122822
5|6|1|8,1,5.97478087443192
5|6|1|8,5,-3.2291842875185766
5|6|1|8,4,-3.5676359932367014
9|4|4|10,1,12.538266403344979
9|4|4|10,2,3.6499919580630413
9|4|4|10,5,0.4863538600493891
9|4|4|10,6,0.5717985857588642
9|4|4|10,4,3.7438407110456287
5|4|4|10,1,12.828073907772957
5|4|4|10,4,3.600363883320699
5|4|4|10,7,-0.14195546690441913
5|4|4|10,5,1.85421118110013
5|4|4|10,2,6.6049324287372135
5|4|4|10,3,8.488986257516874
5|4|4|10,6,0.00802293878054776
5|7|2|8,1,8.961070563470305
5|5|2|11,1,12.97015240419254
5|5|2|11,7,1.387229608505362
5|5|2|11,4,8.711768229687404
5|5|2|11,2,8.689096840997616
5|5|2|11,6,0.7459780684189086
5|5|2|11,5,0.5209927632838626
5|5|2|11,3,9.353151515203606
13|2|1|9,1,6.979170363572651
13|2|1|9,6,2.5048989254542198
13|2|1|9,4,3.0725513078092033
13|2|1|9,7,-0.7596520005518557
13|2|1|9,3,2.25964714971043
13|2|1|9,2,2.8673766759690893
13|2|1|9,5,2.8524282181645146
15|1|1|8,1,5.959326152093796
15|1|1|8,5,-2.6495128127883585
15|1|1|8,6,-1.3686326131694373
13|5|3|3,1,-10.326566377105992
17|5|1|3,1,-11.186917856456818
17|5|1|3,6,-14.279890000193955
17|5|1|3,5,-14.054769436112084
17|5|1|3,2,-10.872305276127037
6|6|2|8,1,6.372711594996372
6|6|2|8,6,-2.9415302761857114
6|6|2|8,5,-1.3808907486169688
6|6|2|8,2,1.6743162680484491
6|6|2|8,7,-3.3910143533766384
6|6|2|8,4,0.4012559700007608
6|6|2|8,3,0.8636218273145428
6|8|3|10,1,12.053205034118905
14|2|1|8,1,3.0823304057907945
14|2|1|8,5,2.311000928757127
14|2|1|8,7,-6.483392636956441
14|2|1|8,6,1.8757706015553788
14|2|1|8,2,2.916884727781305
14|2|1|8,3,5.35375685133582
14|2|1|8,4,1.7987117215059556
16|1|1|7,1,-4.802632940510491
16|1|1|7,3,-3.3302287986877444
16|1|1|7,4,-3.8077540349385934
16|1|1|7,7,-4.9058504623555885
16|1|1|7,6,-9.099339255530243
16|1|1|7,5,-7.3019467959332705
16|1|1|7,2,-1.7073099673956185
14|4|4|7,1,12.039276770645426
14|4|4|7,5,-0.08061126803322599
14|4|4|7,2,3.5354997925661475
14|4|4|7,6,0.25092065821156717
14|4|4|7,3,5.750153831628511
14|4|4|7,7,-0.31881207425560604
14|4|4|7,4,2.7533672033622665
18|4|1|6,1,10.778540418917673
18|4|1|6,2,7.03529063262647
18|4|1|6,5,0.09005214552740641
18|4|1|6,3,8.14627976788123
18|4|1|6,6,0.2125081614785156
18|4|1|6,4,5.981780725438851
18|4|1|6,7,0.14212030951218252
7|7|2|8,1,12.702091649863629
7|7|2|8,4,1.2384785565497556
7|7|2|8,6,-0.28919443244945897
7|7|2|8,5,-0.397414324640693
6|6|0|10,1,6.221923785750601
6|6|0|10,4,-1.4382424753512417
12|5|4|9,1,12.494789264498648
12|5|4|9,2,3.4770121686966133
17|4|1|8,1,10.874407981125852
17|4|1|8,5,0.04411488663747374
17|4|1|8,6,0.026588131408074745
17|4|1|8,2,3.188829359830948
17|4|1|8,4,3.1750901737109283
4|5|3|11,1,13.586448584217855
4|5|3|11,2,2.4882752474479863
4|5|3|11,3,3.416522777087595
4|5|3|11,7,0.5420646793724755
4|5|3|11,5,1.0447769465590657
4|5|3|11,4,3.473188555180001
4|5|3|11,6,0.6958277897052669
13|6|2|2,1,-10.900026237815942
8|8|2|7,1,10.759324298998612
16|5|1|6,1,11.157075072352045
16|5|1|6,3,3.381437115750317
16|5|1|6,7,0.31931665873953274
16|5|1|6,4,2.25407878608804
16|5|1|6,6,0.2017647639789997
16|5|1|6,2,2.7488693708308807
16|5|1|6,5,0.28893076956228025
2|7|1|11,1,13.059305122923886
2|7|1|11,5,-3.015
2|7|1|11,2,4.431175762331378
2|7|1|11,6,-0.058602947376660164
2|7|1|11,4,-0.338915320626482
2|7|1|11,7,0.267052775769674
2|7|1|11,3,0.5195820046661687
5|6|3|9,1,11.13221976765431
5|6|3|9,3,1.40328252983715
5|6|3|9,7,-2.4152577578480945
14|7|2|6,1,10.898896285323268
5|5|3|10,1,12.569045063015654
5|5|3|10,7,-3.4238071936076775
5|5|3|10,6,-2.440593333087371
5|5|3|10,3,4.877658760698953
5|5|3|10,5,-7.19429880351535
5|5|3|10,2,9.859043646467
5|5|3|10,4,-1.297551330791205
12|4|1|8,1,7.453666687259879
12|4|1|8,6,-0.2043279914682894
12|4|1|8,5,-0.917454346324158
12|4|1|8,4,5.415283473492586
12|4|1|8,2,5.214527995128428
12|4|1|8,3,5.565881532855169
12|4|1|8,7,-3.491781856589057
6|8|1|9,1,13.459837100225373
6|8|1|9,7,-0.45371311161824684
13|5|4|5,1,12.309510233610636
9|6|4|7,1,12.994151900521672
10|5|4|9,1,12.783549376308919
10|5|4|9,3,5.61158603298249
10|5|4|9,2,6.190427084265045
10|5|4|9,6,0.9604833505585186
10|5|4|9,4,0.5741319620083869
10|5|4|9,5,4.071405918423286
10|5|4|9,7,0.6318720479445133
15|4|3|8,1,11.431216627762032
15|4|3|8,2,5.38727059058718
15|4|3|8,5,0.3297991727103559
15|4|3|8,3,3.396881899142858
15|4|3|8,7,0.29786356853355117
15|4|3|8,6,0.33047523895009673
15|4|3|8,4,5.783131597215433
3|7|2|11,3,9.334176533834114
3|7|2|11,6,0.9820235919160378
3|7|2|11,2,2.8207685963696645
3|7|2|11,5,0.6571745762856407
1|5|4|12,1,12.551642841967766
6|10|2|11,1,4.8130915341642275
16|3|2|10,1,10.417149062203787
16|3|2|10,2,1.6783639698391468
19|2|2|9,1,10.13075703238354
19|2|2|9,6,-0.04485172145050207
19|2|2|9,7,-0.06180977523114173
21|2|1|8,1,10.107499998671816
21|2|1|8,2,3.0262499976258543
21|2|1|8,6,-0.13436250000000208
21|2|1|8,7,-0.13436250000000208
21|2|1|8,5,-0.13436250000000208
21|2|1|8,3,3.0262499999999983
10|4|4|10,1,12.375914878687245
10|4|4|10,5,4.408483072762023
10|4|4|10,4,0.43799866533905635
10|4|4|10,6,0.5314777631702048
10|4|4|10,3,3.636631707483872
10|4|4|10,7,1.3358377422905856
10|4|4|10,2,3.551994662132232
14|4|2|9,1,11.221743517789392
14|4|2|9,3,4.907474796934165
14|4|2|9,2,3.1310998341241225
14|4|2|9,4,3.3134485003042755
14|4|2|9,6,2.1365124161573306
14|4|2|9,7,0.3716261985145454
14|4|2|9,5,5.562330645961877
16|1|1|5,1,-10.564541320694971
16|1|1|5,7,-20.362492689299803
16|1|1|5,5,-12.219365093236066
16|1|1|5,3,-10.586427700887189
16|1|1|5,6,-14.887521015912341
16|1|1|5,4,-10.368206518742175
16|1|1|5,2,-10.540830182859349
5|4|4|9,1,10.366330906242425
5|4|4|9,5,-2.898320909290188
5|4|4|9,3,0.982240486638661
5|4|4|9,4,-2.1737838882987313
5|4|4|9,2,4.03990311417405
5|4|4|9,6,-2.016552749754131
18|5|1|3,1,11.30877727539267
18|5|1|3,3,-5.923067313372989
18|5|1|3,4,-5.0434841740713745
18|5|1|3,5,-4.47299900530843
18|5|1|3,6,-6.480014215268772
18|5|1|3,7,-6.500661965481698
18|5|1|3,2,1.7692574999999997
10|5|1|5,1,-6.583299605679892
10|5|1|5,7,-11.115893292023689
4|6|1|9,1,9.615198941774597
4|6|1|9,3,0.5947502035101913
4|6|1|9,5,-2.7084741070785454
4|6|1|9,4,-2.1928856982940244
4|6|1|9,7,-2.944908142594051
1|10|0|12,1,9.094711382038136
11|3|2|11,1,11.240913159275943
14|2|2|10,3,10.609182045174887
14|2|2|10,5,3.112449149441343
14|2|2|10,1,3.186682217096296
14|2|2|10,6,3.1116653789096906
14|2|2|10,2,3.2033725318683097
14|2|2|10,7,0.05035519660349656
12|5|4|4,1,-6.257399659065703
12|5|1|4,1,-9.54227997245402
12|5|1|4,2,-9.607609473835339
12|5|1|4,4,-9.62614443986304
12|5|1|4,6,-11.220064409754363
12|5|1|4,3,-9.664951564709348
12|5|1|4,5,-10.622170142522512
12|5|1|4,7,-11.7063080388345
13|1|1|3,1,-11.420346471143251
13|1|1|3,3,-11.546081291568825
13|1|1|3,2,-11.244195281114717
13|5|4|7,1,12.472321436735577
4|6|0|10,1,12.086905011690137
4|6|0|10,5,-3.015
4|6|0|10,6,-2.529217461164617
4|6|0|10,3,-2.5805761404433825
6|7|2|9,1,13.486963019847845
6|7|2|9,2,1.8869632659049278
6|7|2|9,7,-0.8370537349930618
6|7|2|9,3,3.0080634376128317
13|4|4|8,1,9.708755063063078
13|4|4|8,6,-0.3441580881999161
13|4|4|8,5,0.5075011749919149
13|4|4|8,2,3.6401760281931015
13|4|4|8,3,3.0497279135169864
13|4|4|8,4,2.8723098452967983
13|4|4|8,7,0.44763707308203704
9|1|1|10,1,3.0693254468253204
9|1|1|10,2,0.38037262146924905
9|1|1|10,4,2.760226555020621
9|1|1|10,3,5.906997079615309
9|1|1|10,7,1.6334794124936773
9|1|1|10,5,0.9747431582760058
9|1|1|10,6,-2.8378634056835144
15|6|2|6,1,11.99329627704959
8|1|1|10,1,0.9848387061920361
8|1|1|10,2,4.644423885228276
8|1|1|10,4,1.289056087560383
8|1|1|10,3,2.099701430003742
8|1|1|10,5,2.4284366238404003
8|1|1|10,7,-5.434468070153667
8|1|1|10,6,2.058464459293185
11|7|2|8,1,12.74700487011233
11|7|2|8,6,1.1471664676676931
11|7|2|8,4,3.6696937190146004
11|7|2|8,3,3.71177617870237
11|7|2|8,5,0.5888894744164627
3|6|3|10,1,13.61707687418726
3|6|3|10,7,-3.015
3|6|3|10,2,4.039599891182891
10|7|3|5,1,-0.31121831039632486
7|4|3|12,1,9.707359692895883
7|4|3|12,5,0.5219659365445933
11|3|3|11,7,2.7139063765666878
13|6|1|6,1,11.215379026186758
13|6|1|6,5,-0.7016410713680806
13|6|1|6,7,-0.3532952283479613
13|6|1|6,3,-2.5504194817833623
13|6|1|6,6,-3.2540560200050215
13|6|1|6,2,0.6977237031760358
13|6|1|6,4,0.44823221777564365
14|1|1|6,1,-9.080859081622442
14|1|1|6,4,-9.033123013016716
14|1|1|6,7,-16.11730540100474
14|1|1|6,5,-9.09854305191462
14|1|1|6,3,-8.633518147831513
14|1|1|6,6,-13.696061588799822
14|1|1|6,2,-9.135108954986919
5|4|0|9,1,2.5513118118791294
19|3|0|5,1,8.737110701249996
8|7|2|10,1,13.040352725863013
8|7|2|10,2,0.6122439095541687
8|7|2|10,5,3.7332988127963005
5|5|4|10,1,13.44375790489594
5|5|4|10,4,3.3897522570220566
5|5|4|10,7,0.44669649225116054
5|5|4|10,2,4.045664891232073
5|5|4|10,5,0.3753747797406657
6|5|2|11,1,12.744988192150265
6|5|2|11,7,0.7273520283574291
6|5|2|11,4,8.170296067166719
6|5|2|11,2,6.44178696145328
6|5|2|11,6,0.4894548525185515
6|5|2|11,3,3.6299231496212143
6|5|2|11,5,0.5636396486271144
14|5|1|7,5,4.509022328696378
14|5|1|7,3,5.602416209629839
14|5|1|7,4,4.611474234693351
14|5|1|7,6,-1.5941982139862423
14|5|1|7,7,-1.0654672988196374
14|5|1|7,2,3.3711594121911754
14|5|1|7,1,11.384642560520437
18|4|3|1,1,-12.478950000000001
22|2|0|3,1,10.249999999999996
22|2|0|3,7,-0.20531250000705412
22|2|0|3,6,-0.15937500000020155
22|2|0|3,3,-0.0937500000000016
22|2|0|3,5,-0.1593750000000027
22|2|0|3,2,-0.1593750000000027
22|2|0|3,4,-0.0937500000000016
9|6|2|11,1,12.376585743300403
15|3|2|10,1,11.074051898884981
15|3|2|10,2,3.3690709524468705
15|3|2|10,4,3.1670038035687873
15|3|2|10,6,0.06771376992598892
18|2|2|9,1,10.454812658685743
18|2|2|9,5,3.055965539587921
20|3|1|8,1,10.50784413256588
20|3|1|8,5,-0.020362500000001837
20|3|1|8,2,3.1402499991355435
3|4|0|10,1,7.2763001954270825
3|4|0|10,7,-3.015
3|4|0|10,2,-2.936439657678564
3|4|0|10,6,-2.963172944196055
3|4|0|10,3,-2.9926693046234383
3|4|0|10,4,-3.2135711231004342
16|1|1|6,1,-6.378437910272194
16|1|1|6,5,-11.38769000278164
16|1|1|6,6,-10.1147604759201
16|1|1|6,3,-9.230936864327303
16|1|1|6,2,-9.067623577485028
16|1|1|6,7,-13.464134525669175
16|1|1|6,4,-9.023124552818857
14|6|2|5,1,12.016832663057087
14|6|2|5,2,0.22499999999999998
4|6|2|9,1,9.979895759577971
4|6|2|9,3,2.00093719519267
13|4|4|2,1,-10.404084494526161
14|7|2|5,1,4.242133137673321
8|7|1|7,1,8.591963383349327
8|7|1|7,5,-3.874275
8|7|1|7,2,0.5503332748917544
9|7|3|9,1,13.283900927798372
13|6|3|3,1,-8.257597140096044
10|6|3|4,1,-7.528409408527716
10|5|3|10,1,12.13245758292747
10|5|3|10,6,1.8272609520216303
10|5|3|10,7,0.4765797880364795
10|5|3|10,3,3.352606323317176
10|5|3|10,5,3.9452758200083036
10|5|3|10,2,6.770024121956764
10|5|3|10,4,3.5732179747508117
17|5|2|3,1,11.683348304852837
17|5|2|3,4,-6.520081668834693
13|1|1|5,1,-10.097972237662281
13|1|1|5,3,-10.075135958304026
13|1|1|5,6,-15.514812261847005
13|1|1|5,2,-10.109053926188611
13|1|1|5,4,-9.76083132099434
13|1|1|5,7,-16.88617485752763
13|1|1|5,5,-10.043047467304577
11|7|3|9,1,8.8484686662933
9|4|1|11,1,11.06845480479301
13|2|1|10,1,10.153445574232592
3|5|4|10,1,11.898275949154469
4|8|3|9,1,13.337935712522015
4|8|3|9,6,-3.015
7|7|3|6,1,-1.8212233476368405
13|6|2|5,1,5.546400837595563
13|6|2|5,3,-1.1889591867245128
13|6|2|5,6,-5.39622590615263
13|6|2|5,7,-5.396058322229811
12|5|3|5,1,-3.176353406997247
12|5|3|5,7,-5.378659603884929
12|5|3|5,3,-3.632141459358089
12|5|3|5,4,-3.6268880619608166
12|5|3|5,6,-5.465336939167428
1|9|1|12,1,13.796815494453698
1|9|1|12,5,-3.015
10|3|2|11,1,11.450121422779896
10|3|2|11,7,-0.12070505109023344
10|3|2|11,6,0.2017742890286943
10|3|2|11,3,3.323871545059655
10|3|2|11,2,3.3713209660429153
10|3|2|11,4,3.3311355877301185
10|3|2|11,5,3.377482232246266
4|5|2|12,1,12.775099134227114
4|5|2|12,3,3.411458515866079
4|5|2|12,5,0.5304873460377788
4|5|2|12,2,3.7254609802615333
4|5|2|12,6,0.2972696137710466
14|5|3|4,1,-3.2669794451179723
14|5|3|4,5,-5.467633445574382
14|5|3|4,4,-5.612251734013513
14|5|3|4,2,-4.0077659029208785
5|5|4|11,1,13.427107664262412
5|5|4|11,2,0.6694946249999999
5|5|4|11,4,3.8208850125377634
5|5|4|11,5,0.7320991317582238
5|5|4|11,7,0.8131810178440547
21|4|0|3,1,9.903110989593001
21|4|0|3,4,-1.5615000000000003
7|7|2|11,1,12.193810567636154
14|3|3|10,1,11.125906034213818
14|3|3|10,4,2.805985449719864
17|3|2|9,1,10.891361074919077
17|3|2|9,7,-1.9468883236913923
17|3|2|9,2,0.5838481441047669
17|3|2|9,5,-0.006877472699810916
17|3|2|9,4,5.39923036764071
17|3|2|9,3,3.3277856486394826
17|3|2|9,6,0.04108717045299659
20|2|2|8,1,10.48739674953963
20|2|2|8,6,-0.15218893574901954
10|7|2|9,1,1.3587505598391887
10|7|2|9,2,12.276421931281751
13|6|1|2,1,-7.750366972798458
13|6|1|2,2,-7.047546
2|6|2|6,1,1.1679029464742343
5|1|1|12,1,9.098560321609623
5|1|1|12,7,-2.4149854924647607
5|1|1|12,4,3.351580743120926
5|1|1|12,5,3.157672793328524
8|6|3|10,1,12.943455118844176
8|6|3|10,2,3.499350005099836
8|6|3|10,5,0.6874893651127862
5|5|4|7,7,-9.302236124890602
5|5|4|6,1,-3.9372762613300187
16|5|2|7,1,11.615060656963323
16|5|2|7,2,3.368789716975075
16|5|2|7,3,3.3798828507476917
16|5|2|7,4,0.3101119791297576
16|5|2|7,7,0.32240012832353543
16|5|2|7,6,0.28936665759227864
5|8|2|10,1,13.844066158943274
5|8|2|10,2,3.9973139395585515
5|8|2|10,6,0.5488594846365661
17|5|3|1,1,-4.5
17|5|3|1,5,-4.5
17|5|3|1,7,-4.5
4|6|3|10,1,13.276339253672123
4|6|3|10,2,4.109262568999262
4|6|3|10,6,-0.865663974789328
4|6|3|10,3,3.441075204352528
4|6|3|10,4,-0.47057077793567714
4|6|3|10,7,0.12912853272747835
4|6|3|10,5,0.32675804455088003
12|3|1|10,1,11.060078002319756
13|4|3|10,1,8.075309142227713
13|4|3|10,5,3.0484274441898225
13|4|3|10,6,0.24745708953322954
13|4|3|10,7,0.2996548761319367
15|2|1|9,1,10.110270144667487
15|2|1|9,7,-0.22712285943747296
15|2|1|9,5,2.9618438502055366
15|2|1|9,4,-0.42179551241131497
15|2|1|9,6,-1.293246684533073
15|2|1|9,3,3.1058141276624247
15|2|1|9,2,4.952145610276391
12|6|2|5,1,-2.0216263805815036
12|6|2|5,4,-7.569001626759437
12|6|2|5,2,-4.410236257756939
2|7|1|10,1,12.033754502359468
1|7|0|11,1,6.459970104350839
1|7|0|11,4,-3.015
9|7|1|7,1,8.935300503418429
9|7|1|7,4,2.9183127349837856
9|4|4|7,4,-4.486994788071337
9|4|4|7,2,7.438837236488437
9|4|4|7,6,-3.736982400078327
9|4|4|7,3,1.4339339855361712
5|7|1|9,1,10.849318926802601
5|7|1|9,7,-1.7531186242196013
18|5|1|5,1,11.307500001558257
18|5|1|5,7,0.20815013059064727
18|5|1|5,5,0.20765734414731546
18|5|1|5,6,0.20763750775870485
18|5|1|5,2,2.4477828658304994
18|5|1|5,3,0.20763750000024803
22|2|0|5,1,10.249999998213921
22|2|0|5,4,-0.21163297444875084
22|2|0|5,6,-0.13418386023592213
22|2|0|5,5,-0.09402423176936416
22|2|0|5,3,-0.09375185990313391
22|2|0|5,7,-0.09375001802041823
22|2|0|5,2,-0.09375000004192166
11|4|4|3,1,-9.939771612345902
10|7|1|9,1,12.716257788923999
4|5|4|11,1,13.317596062602865
4|5|4|11,6,-0.2650226711283233
4|5|4|11,3,3.874836681082451
4|5|4|11,2,3.314151072752458
4|5|4|11,4,0.06914402269957716
4|5|4|11,5,0.7650437599030272
7|6|2|10,1,12.941810005224783
7|6|2|10,7,0.8277461929673027
7|6|2|10,6,1.0577962018630709
7|6|2|10,3,10.553233984003867
7|6|2|10,4,3.830764351879368
7|6|2|10,2,3.8427025838454134
7|6|2|10,5,0.7428645112301073
17|3|1|8,1,10.392555073355933
17|3|1|8,7,-0.16299927090105265
17|3|1|8,4,5.296243384899226
17|3|1|8,6,-0.05356130074786645
17|3|1|8,5,5.385723652386185
17|3|1|8,3,5.216419736766731
17|3|1|8,2,6.706328117262602
18|5|1|1,1,-14.988031160055359
7|6|2|11,1,12.587675026926766
7|6|2|11,3,3.623070068850125
7|6|2|11,2,3.8017967391753427
7|6|2|11,5,0.6984298594500334
20|3|2|7,1,10.6499999985795
20|3|2|7,3,0.020249999993892587
20|3|2|7,6,0.020249999999998634
20|3|2|7,5,0.020249999999998634
23|2|0|6,1,9.999999999999998
23|2|0|6,6,-0.16500000000000073
23|2|0|6,4,-0.16500000000000073
23|2|0|6,7,-0.28050000000000125
23|2|0|6,2,-0.16500000000000073
23|2|0|6,5,-0.3613500000000016
23|2|0|6,3,-0.16500000000000073
16|6|1|3,1,-2.4291909077391862
7|6|3|9,1,12.586127374706257
7|6|3|9,5,0.6514832831859545
7|6|3|9,3,3.41514326653313
7|6|3|9,6,0.33979430537796806
17|5|1|2,1,-12.29999999562579
17|5|1|2,3,-12.515747378712481
17|5|1|2,6,-14.908906102500001
17|5|1|2,4,-14.391586642500002
7|7|3|11,1,0.9233250000000001
7|7|3|11,3,7.549119283707521
12|6|1|8,1,12.19339632662728
12|6|1|8,5,0.35056331248662714
12|6|1|8,6,0.15557794042142437
12|6|1|8,4,3.5010454134687126
12|6|1|8,7,0.4584263657289341
4|8|2|11,1,13.773307165914265
12|5|1|8,1,8.948310971245196
12|5|1|8,4,8.375965756921708
12|5|1|8,6,1.0212029917063523
12|5|1|8,5,-1.0218831333720313
12|5|1|8,7,-1.69068470624363
12|5|1|8,3,3.43809769799888
12|5|1|8,2,5.886144992176659
16|4|4|1,1,-9.855
6|5|4|9,1,11.896867996190544
6|5|4|9,6,-1.3814897560816894
6|5|4|9,7,-0.5219074654401816
6|5|4|9,3,3.6661553618893707
6|5|4|9,2,6.517686887251797
6|5|4|9,4,0.26344173419561995
6|5|4|9,5,0.4381493533597348
2|5|3|12,1,13.717992706782658
2|5|3|12,3,-5.937055616446875
2|5|3|12,6,-10.224942962192339
11|5|5|9,1,11.606144202894509
11|5|5|9,3,2.2964017797820406
16|5|3|8,3,6.089438028864226
17|5|3|7,1,10.466260453603866
22|3|0|6,1,9.999962118130773
22|3|0|6,3,-0.20444766852284993
22|3|0|6,5,-0.16500755743291115
22|3|0|6,6,-0.16500005125625386
8|6|2|10,5,3.455964909885994
8|6|2|10,7,0.6581072774776713
8|6|2|10,4,9.989728282406038
8|6|2|10,6,0.12976268166612231
8|6|2|10,3,3.679404889383959
8|6|2|10,1,6.624923265584564
8|6|2|10,2,3.731346808035885
16|6|1|5,1,11.740981268038759
16|6|1|5,5,-0.8173322606250014
4|4|0|11,1,10.021238196485989
4|4|0|11,6,-2.2698702794455086
4|4|0|11,2,-1.738029105396896
4|4|0|11,7,-1.2418306888488726
4|4|0|11,3,-1.1722506007121951
4|7|2|8,1,1.5214309347791697
9|6|1|4,1,-7.52108071337656
4|9|2|10,1,8.502076908464712
9|6|4|9,1,12.978573828385265
9|6|4|9,4,0.7365702213467454
17|5|1|7,1,11.17928326317643
17|5|1|7,2,1.748545124999999
17|5|1|7,6,0.16753326549537864
17|5|1|7,7,0.21259801818991358
17|5|1|7,5,0.20439070033457812
17|5|1|7,4,0.16916780338571868
15|5|4|5,1,11.967034325437403
20|4|1|4,1,11.049999999999997
20|4|1|4,2,0.9599999999999999
20|4|1|4,7,0.10114140310958505
20|4|1|4,6,0.07197903754584142
20|4|1|4,3,0.2246351220220745
20|4|1|4,5,0.13404305534282557
20|4|1|4,4,0.1342441543256431
14|5|3|2,1,-10.047526279134942
14|5|3|2,4,-9.393156162105
13|5|4|8,1,12.266060273573865
13|5|4|8,6,0.5309281746823863
18|4|2|7,1,10.907500000000436
18|4|2|7,2,3.6553973365704113
18|4|2|7,7,0.44224146118583646
18|4|2|7,3,6.757116030614854
18|4|2|7,4,0.44184004233132
18|4|2|7,5,0.5598507430524101
18|4|2|7,6,0.4422403824829007
13|7|0|4,1,3.8139352901537493
9|5|5|5,1,0.19774092544838393
14|3|1|9,1,10.768620305170181
14|3|1|9,3,3.1031114197374436
14|3|1|9,4,6.992729817006369
14|3|1|9,5,3.2001934974869553
14|3|1|9,6,3.268182711236146
14|3|1|9,2,3.26655996778019
14|3|1|9,7,0.0588148666868852
17|1|1|8,1,9.44008198533864
17|1|1|8,4,2.777282329602284
17|5|2|4,1,11.687499999999984
17|5|2|4,3,-1.096755958024202
17|5|2|4,5,0.4051140218313332
17|5|2|4,6,0.3146351630450924
17|5|2|4,2,2.3689552499999995
17|5|2|4,4,0.3154907984244657
17|5|2|4,7,0.3156248088971253
2|5|0|11,1,10.200306017540598
2|5|0|11,5,-2.799152933763992
2|5|0|11,3,-2.269259165473652
5|5|1|12,1,10.329106852002452
5|5|1|12,7,0.5134657134148906
5|5|1|12,4,3.681830391966935
5|5|1|12,2,3.793263319655961
13|3|2|10,1,11.188734879480602
13|3|2|10,3,3.3057587102101222
13|3|2|10,5,3.29322186469507
13|3|2|10,6,0.17037009757354865
13|3|2|10,2,3.2831190483757924
13|3|2|10,4,0.16908766164949698
13|3|2|10,7,0.2937711888419502
16|3|2|9,1,10.841444327578685
16|3|2|9,3,1.058963194269553
16|3|2|9,2,5.597866948925343
16|3|2|9,5,3.1383914060475564
16|3|2|9,6,3.8359982641047345
16|3|2|9,7,0.05871049975003828
16|3|2|9,4,6.903987370795043
5|3|1|12,1,12.122511693202748
5|3|1|12,4,-0.3109223396613645
5|3|1|12,2,2.832954076330941
5|3|1|12,3,3.3711696710443646
5|3|1|12,5,0.13014193448074032
5|3|1|12,7,-0.37395906296681475
5|3|1|12,6,0.04835005800453285
8|3|1|11,1,11.965170943439725
8|3|1|11,5,3.1828590808124835
9|4|2|12,6,0.10500000000000001
9|4|2|12,1,2.4900658199815005
10|4|3|11,1,11.672852032698504
10|4|3|11,4,0.4236099387481181
14|3|2|10,1,10.914624649977346
14|3|2|10,5,2.9699140795085004
14|3|2|10,3,3.0773334486316286
14|3|2|10,7,0.13971789767439338
14|3|2|10,4,3.2280314982574607
2|7|2|11,1,13.55921485352489
2|7|2|11,3,-3.874275
4|5|2|8,1,2.3062515331398705
4|5|2|8,3,-4.600012276798026
6|1|1|11,1,8.405567310645576
6|1|1|11,7,-3.0257337883020137
6|1|1|11,6,-4.0366805029295
6|1|1|11,2,2.860161624155412
6|1|1|11,5,2.6849785988011994
6|1|1|11,4,2.3570536687867616
6|1|1|11,3,2.3106197981576675
3|6|0|11,1,12.858580646209921
3|6|0|11,3,-4.440767084787762
3|6|0|11,4,-4.2481331933859865
3|6|0|11,7,-4.354542287803177
3|6|0|11,2,-3.579169635585727
3|6|0|11,6,-3.9930644710543524
3|6|0|11,5,-4.123419503660322
12|6|0|4,1,-4.46307837800504
3|6|4|10,1,11.730343638683664
13|5|4|3,1,-3.9762694333162485
4|4|3|12,1,13.013482740275046
4|4|3|12,2,3.446212676345832
4|4|3|12,4,0.42346438111930773
4|4|3|12,3,0.6391191200151661
4|4|3|12,6,0.6038573696783006
4|4|3|12,5,0.6430275736241554
4|4|3|12,7,0.4688935500983964
11|4|3|10,1,11.896521122950777
11|4|3|10,2,3.3685310753595794
11|4|3|10,6,0.503717899802114
11|4|3|10,4,8.688394715144339
11|4|3|10,3,6.077093965086678
11|4|3|10,5,0.329040535056599
11|4|3|10,7,0.698913774121836
18|4|1|8,1,10.800907037429019
18|4|1|8,3,0.18308480954928005
18|4|1|8,2,0.19414451490573972
7|4|4|8,1,11.027584633520245
7|4|4|8,4,0.30478588044305205
7|4|4|8,7,-3.573555223430159
7|4|4|8,2,3.1014701962556583
7|4|4|8,3,2.0636972934148328
7|4|4|8,5,1.8188661444562837
7|4|4|8,6,-4.601770221846242
5|5|2|12,6,2.2098341689852243
4|4|4|11,1,13.315340505546416
4|4|4|11,7,0.3247735616211665
4|4|4|11,2,3.9985467757159547
4|4|4|11,4,0.4980569999950093
5|5|4|9,1,11.111592505131561
5|5|4|9,3,2.2594391399453175
5|5|4|9,5,-3.015
5|5|4|9,7,-0.8992611233639708
12|6|1|7,1,8.828857198312429
12|6|1|7,4,3.0843016752788857
12|6|1|7,2,3.5457594631849947
12|6|1|7,5,3.567360322976323
12|6|1|7,6,-0.06831326417014605
12|6|1|7,7,-0.40637307116388166
12|6|1|7,3,1.3722219967249853
3|6|2|10,1,10.322711599376841
3|6|2|10,4,-3.3961851843749997
3|6|2|10,3,2.8971451509971518
3|6|2|10,6,-5.379821814709674
3|6|2|10,2,3.773950943600115
7|8|2|7,1,10.831888117526624
4|7|1|11,1,13.594241709164365
4|7|1|11,2,3.6729299300393725
4|7|1|11,6,0.42033017831405567
4|7|1|11,4,0.5363034143881844
9|2|1|11,1,10.656444151930032
9|2|1|11,5,2.79376944459239
5|7|1|12,1,7.433228784094512
5|7|1|12,5,0.8829417000018119
12|4|2|11,1,7.341298615923167
11|6|2|3,1,-10.200944201787866
11|6|2|3,7,-11.574070512924319
11|6|2|3,6,-12.830122578449416
17|1|1|1,1,-14.982901657221941
17|1|1|1,3,-14.982901657221941
17|1|1|1,4,-14.982901657221941
17|1|1|1,6,-14.975573796031343
17|1|1|1,5,-14.982901657221941
17|1|1|1,2,-14.982901657221941
17|1|1|1,7,-14.975573796031343
7|7|3|9,1,13.554000302783042
7|7|3|9,4,-1.0532050701944922
13|6|1|5,1,5.758845994876067
13|6|1|5,6,-5.080512767154903
13|6|1|5,7,-5.293726790644135
6|5|5|10,1,13.357851610872842
6|5|5|10,5,0.3904055934677904
11|6|2|9,1,12.275373048558196
11|6|2|9,7,0.5116611435033203
11|6|2|9,3,3.490264682076458
11|6|2|9,5,3.538796497908796
11|6|2|9,6,0.9221628856445229
11|6|2|9,4,3.0529661771926695
11|6|2|9,2,3.27303912301088
16|4|4|6,1,12.00082698361837
16|4|4|6,3,0.4057148775421398
20|4|1|5,1,11.049999999981344
20|4|1|5,6,0.07197903754607217
20|4|1|5,5,0.13424996035328735
20|4|1|5,4,0.13424999981177396
17|4|2|8,1,11.18621593378634
17|4|2|8,6,0.15022131948186015
17|4|2|8,5,0.16631053996449233
17|4|2|8,4,0.28049607512785146
17|4|2|8,7,0.17825827550812237
17|4|2|8,3,5.463356614718776
17|4|2|8,2,6.979567932824738
11|5|4|4,1,-8.499633319132974
11|7|2|5,7,-13.408238439395296
11|7|2|4,1,-6.3191934141265325
11|7|2|4,7,-7.991551676445917
10|6|1|9,1,12.258186436013752
10|6|1|9,7,-0.23746870458633662
10|6|1|9,5,3.60857287439981
14|1|1|2,1,-11.941592234897097
14|1|1|2,4,-11.644723433037187
14|1|1|2,3,-11.639020514454032
15|5|2|9,1,11.612046346802911
7|7|2|9,1,13.274254244425071
7|7|2|9,4,3.759850346183994
7|7|2|9,3,3.662526046347657
7|7|2|9,6,0.5129012997476691
7|7|2|9,7,0.493538156087879
7|7|2|9,5,0.36395622588534876
7|7|2|9,2,3.866024044163641
6|5|2|12,1,9.902933681780246
11|2|2|11,1,11.060199797139305
11|2|2|11,5,2.8619910042396968
11|2|2|11,2,3.339317609493475
11|2|2|11,7,0.13262834377667776
11|2|2|11,3,3.219189556885659
8|6|2|11,1,12.155516572557612
8|6|2|11,4,1.8066926130731187
8|6|2|11,2,2.8922899240027267
8|6|2|11,5,-0.20834103929824224
14|5|4|3,1,-2.6952495140900856
7|1|1|11,1,8.630279361617317
7|1|1|11,7,-1.5870492259903999
7|1|1|11,6,-1.8760844873904363
7|1|1|11,3,2.0144896665779646
7|7|2|10,1,13.442229696374985
7|7|2|10,5,1.8491834262045548
7|7|2|10,4,3.8083939662755033
7|7|2|10,7,0.7598232871424061
11|4|4|4,1,-7.441006483938221
11|4|4|4,7,-11.124838080512028
14|5|1|8,1,11.508489940923365
14|5|1|8,6,0.16757448113872433
14|5|1|8,2,3.3207887185188105
14|5|1|8,3,3.294791759225632
21|2|2|7,1,10.249999999999996
21|2|2|7,7,-0.16030003534305984
21|2|2|7,4,-0.09375000000023127
21|2|2|7,6,-0.1593750000000027
21|2|2|7,5,-0.1593750000000027
21|2|2|7,3,-0.2053125000000035
21|2|2|7,2,3.074999999999191
5|6|5|11,3,6.054342980496496
6|6|5|10,1,12.89650331346721
6|6|5|10,7,-1.1195732589422163
6|6|5|10,5,0.2503346563572165
15|2|1|8,1,5.136252925877789
15|2|1|8,4,5.785813541586237
15|2|1|8,5,5.77485688939849
15|2|1|8,6,-2.712949911710453
15|2|1|8,7,-6.110883784865627
15|2|1|8,2,7.705975529976255
15|2|1|8,3,6.36774632063964
7|5|4|7,1,3.4124015566105
7|5|4|7,6,-3.305257784842708
7|5|4|7,2,2.6208690218776924
11|7|2|7,1,12.642674212775194
7|7|3|10,1,13.36454422624467
7|7|3|10,4,3.876216289469481
10|4|1|10,1,11.76175011548642
10|4|1|10,3,3.5048895149486996
10|4|1|10,4,0.22033026197383598
10|4|1|10,5,3.542369844426696
10|4|1|10,6,0.09403778401443337
10|4|1|10,7,0.3779375611488289
10|4|1|10,2,5.760980527471235
14|4|1|9,1,11.140044709478515
14|4|1|9,3,3.308125799424963
8|5|4|6,1,-0.28240924344927754
8|5|4|6,5,-3.5865675
7|6|4|8,1,12.32600529858185
7|6|4|8,5,0.10500000000000001
12|7|2|6,1,12.514938939402668
12|7|2|6,4,-2.349321667829108
6|4|2|12,1,11.64118183610401
6|4|2|12,4,2.6713352541249464
6|4|2|12,6,0.34866101872549554
6|4|2|12,3,3.3216215653177814
6|4|2|12,2,3.703495466545637
8|6|3|6,1,-0.6693517286147945
12|6|2|8,4,10.987944741000199
12|6|2|8,1,3.7639674052158294
12|6|2|8,3,3.394731636017403
12|6|2|8,5,2.756512774410383
12|6|2|8,2,6.054148652380851
12|6|2|8,7,0.459041134428088
12|6|2|8,6,0.49490195987872754
11|7|2|6,1,9.94196227831307
11|7|2|6,5,-4.688265845911
11|7|2|6,3,2.734057922065654
7|1|1|4,1,0.11732161875000002
16|5|3|3,1,2.4527721915825094
10|6|1|6,1,-1.5173905634979528
10|6|1|6,2,-3.2645615469320086
9|4|3|12,1,1.991441796365022
13|3|3|11,1,5.593177433407962
19|2|1|9,1,9.788366157243415
21|1|1|8,1,9.572118459560148
7|5|2|11,1,12.588853008887076
7|5|2|11,6,0.4080936341478845
7|5|2|11,5,2.2870636556977226
7|5|2|11,7,0.2525620279409265
7|5|2|11,3,3.593896724825907
7|5|2|11,2,6.159983861371572
7|5|2|11,4,2.6289290888344286
16|3|1|9,1,10.26321941980325
16|3|1|9,3,3.033646622437429
5|7|2|10,1,13.7987613525634
5|7|2|10,5,-1.2706782678940023
5|7|2|10,3,3.582952650537366
5|7|2|10,7,0.47292579298400006
5|7|2|10,2,4.041452897994239
5|7|2|10,6,0.6387411318876631
9|4|3|11,1,12.028304408495014
9|4|3|11,4,3.509208573098246
9|4|3|11,2,3.5807497940163904
9|4|3|11,7,0.4465092218685914
9|4|3|11,3,3.7354662341496603
9|4|3|11,5,3.6127115056664447
9|4|3|11,6,0.4449177035542318
13|3|3|10,1,11.518502286221485
13|3|3|10,6,2.5298886161235585
13|3|3|10,3,3.4217433017874246
13|3|3|10,5,0.2422597693569125
13|3|3|10,7,0.211859260162125
13|3|3|10,2,3.45711495274906
13|3|3|10,4,0.21769524318107739
10|6|3|8,1,12.665029759880246
10|6|3|8,5,4.7812330703849755
10|6|3|8,3,2.8897981474100995
10|6|3|8,6,1.0202880517580644
10|6|3|8,4,3.218944447572249
10|6|3|8,2,3.808917462215829
10|6|3|8,7,0.6309324136600631
2|9|1|12,1,11.858164719931734
2|9|1|12,2,2.578878615306972
11|6|2|11,1,4.185423851262943
17|3|2|10,1,6.1857413984908245
20|2|1|9,1,9.263376660046909
22|1|1|8,1,9.700457419878262
22|1|1|8,6,-0.24836250000000176
22|1|1|8,7,-0.24836250000000176
14|6|2|9,3,7.846077086255248
15|6|2|8,1,11.959373844552811
11|2|1|10,1,3.1668941595111773
11|2|1|10,4,9.550812456284651
11|2|1|10,5,2.84643667393282
11|2|1|10,6,3.4134568509440437
11|2|1|10,3,3.1912137014093047
11|2|1|10,7,-0.1760130151271241
11|2|1|10,2,2.953719365006764
13|1|1|9,1,5.447177693149248
13|1|1|9,2,3.154449065959862
13|1|1|9,5,0.45947836136879094
2|9|1|11,1,14.680849474658514
2|9|1|11,5,-3.015
19|3|3|2,1,10.612809551444057
5|7|5|10,1,9.538363406622455
12|7|2|9,1,11.63140800010146
13|6|2|8,1,12.062750836925659
13|6|2|8,7,0.37850777185209417
11|5|4|3,1,-7.277393696148154
13|5|4|4,1,-1.823301637456542
14|6|1|6,1,11.763067408181328
14|6|1|6,4,-2.337396195763794
4|6|1|12,1,10.864944090877867
4|6|1|12,2,3.802209483632529
4|6|1|12,5,0.5961085062367566
4|6|1|12,6,0.6922981271408968
4|6|1|12,7,0.6967583068867383
10|4|2|11,1,11.82269082332021
10|4|2|11,3,3.152043740174889
8|6|3|9,1,12.980140000651033
8|6|3|9,2,6.743528440607591
8|6|3|9,3,3.855956637985059
8|6|3|9,4,0.5735793659645914
8|6|3|9,7,0.9807484679816794
8|6|3|9,5,3.812536295590797
8|6|3|9,6,1.089505121482289
14|5|1|2,1,-12.299949369153115
11|6|1|8,1,11.04875633241387
11|6|1|8,5,-1.604784302665083
11|6|1|8,3,2.507570523903483
11|6|1|8,6,-1.2101006026233645
11|6|1|8,4,3.3657158223238146
11|6|1|8,2,3.4256528484056594
11|6|1|8,7,-0.35506621287951584
3|4|4|10,1,10.916861694776365
3|4|4|10,2,2.8635184397094364
5|7|1|11,1,13.279117189453045
5|7|1|11,5,-2.4345023526226144
5|7|1|11,7,0.4674844878463249
5|7|1|11,4,0.43390220137566204
5|7|1|11,2,3.930127541984068
5|7|1|11,3,3.8771132655579534
21|3|0|6,1,7.061611498394242
5|5|1|11,1,12.610682686985019
5|5|1|11,6,0.08333307579425098
5|5|1|11,4,7.272504118874358
5|5|1|11,3,7.57855950650623
5|5|1|11,7,0.4618315404841746
5|5|1|11,5,-0.023376621953220544
5|5|1|11,2,7.935946747182302
13|6|4|8,1,6.714592072328138
13|6|4|8,7,-1.1672926281191134
19|5|1|7,1,5.783146187824499
8|5|3|11,1,12.057365641409165
8|5|3|11,3,3.783633832159187
19|1|1|8,1,9.454883322751162
19|1|1|8,4,2.7964316990482603
19|1|1|8,6,-0.28750242081817917
19|1|1|8,7,-0.3215665099320116
19|1|1|8,3,2.799987599369822
19|1|1|8,5,2.7982515388180085
12|4|1|10,1,11.424811665239627
12|4|1|10,2,3.400990081999994
10|6|3|10,1,12.629692909534747
10|6|3|10,7,0.38710194131903763
5|7|2|11,1,13.417107047173456
5|7|2|11,3,3.7734370318005728
15|3|1|8,1,10.594038505684265
15|3|1|8,6,-1.086128825922914
15|3|1|8,3,6.72251892996591
15|3|1|8,7,-1.724611265368534
15|3|1|8,5,2.4986204048481304
15|3|1|8,4,6.782032022280706
15|3|1|8,2,3.2093930475347747
3|4|4|12,1,13.09335115919915
3|4|4|12,2,4.087338156799331
7|4|4|11,1,12.81014011547812
7|4|4|11,2,3.814246499420004
7|4|4|11,6,0.6868948513991308
7|4|4|11,4,3.7429819110628113
7|4|4|11,7,0.5643905302838774
6|5|4|11,1,12.751592793539087
6|5|4|11,3,2.3177800231703896
6|5|4|11,5,0.8044013136636726
6|5|4|11,6,0.8220511035433677
16|4|2|9,1,11.317735315209022
16|4|2|9,7,-0.6491802661586235
16|4|2|9,4,-1.330906951594532
16|4|2|9,6,0.13451231017641022
16|4|2|9,3,3.2847907384842046
11|6|3|6,1,12.556823575890594
11|6|3|6,6,-3.015
11|6|3|6,2,3.6623902589971093
11|2|1|1,1,-13.7646855
11|2|1|1,6,-12.478950000000001
2|8|1|11,1,13.94942853367866
2|8|1|11,3,-3.015
3|9|1|11,1,14.18887773915218
7|5|5|9,1,13.35225382486602
7|7|2|6,1,1.0773822278944665
4|6|0|9,1,3.8231366325902236
16|5|1|7,1,11.13372130829461
16|5|1|7,6,0.14022944907887602
16|5|1|7,4,3.325780259383786
4|5|3|12,1,12.32530737122001
9|4|2|11,1,12.140750707431122
9|4|2|11,7,-1.6548075678300689
9|4|2|11,6,3.2166320882476502
9|4|2|11,5,0.40319887708667107
9|4|2|11,3,3.4713859353173553
9|4|2|11,2,3.543520073745037
9|4|2|11,4,3.490585902333739
16|5|3|6,1,12.066318523652026
16|5|3|6,2,3.2243319007499998
16|4|4|5,1,12.042158117813567
16|4|4|5,6,-3.015
16|4|4|5,4,-0.034549753326004226
16|4|4|5,3,0.7711732499999999
16|4|4|5,5,0.3239637216024878
11|5|4|5,1,2.4873515920106235
11|5|4|5,6,-4.167674975316295
12|2|1|10,1,10.248503729726842
12|2|1|10,5,2.9423193820403952
13|5|1|4,1,-9.600444561174497
13|5|1|4,5,-11.524842648809079
13|5|1|4,3,-12.855035095150082
13|5|1|4,2,-9.84985276938728
13|5|1|4,7,-10.37360840050779
13|5|1|4,4,-11.107094038578264
13|5|1|4,6,-13.255073512732494
13|7|2|7,1,12.544481352657584
4|7|2|10,1,13.719837808924323
4|7|2|10,4,2.5761908075657622
4|7|2|10,2,3.7453195498398513
4|7|2|10,7,-1.4116318113224933
4|7|2|10,3,3.741572507651124
4|7|2|10,5,3.626716462008776
4|7|2|10,6,0.36664419827048017
2|8|1|12,1,13.617146103980897
2|8|1|12,2,3.4133921367037985
2|8|1|12,7,0.9551332795050964
2|8|1|12,3,1.0462947149572006
10|3|3|11,1,11.824836916417862
10|3|3|11,4,1.490455423404971
10|3|3|11,5,3.321593614953384
10|3|3|11,7,0.37089155451051764
10|3|3|11,3,3.4475442900601343
10|3|3|11,6,0.3425181764846941
10|3|3|11,2,3.6324356708556245
15|5|2|8,1,11.606064367034518
15|5|2|8,5,0.27784615441124333
15|5|2|8,2,5.31296920625183
15|5|2|8,7,0.3146037448869256
15|5|2|8,4,3.4003217332527953
15|5|2|8,6,0.3014577529328644
15|5|2|8,3,5.830203752110451
13|5|4|2,1,-3.3379353675
2|6|3|11,1,13.728864015510828
14|6|1|3,1,-10.532652420405821
14|6|1|3,6,-12.07591696481303
10|5|1|2,1,-12.032313865213837
14|6|1|5,1,-3.8695413235100276
14|6|1|5,6,-4.592025139763383
14|6|1|5,3,-2.669376592451807
10|6|3|6,1,7.116718685346905
10|6|3|6,6,-3.268918096460225
16|1|1|2,1,-13.885144115486716
16|1|1|2,4,-13.881567358448274
16|1|1|2,3,-13.88587494603471
16|1|1|2,6,-18.566509184830984
16|1|1|2,2,-13.881241686061113
16|1|1|2,7,-15.805336942482459
16|1|1|2,5,-15.32345496493351
8|7|1|9,1,12.456985747835056
5|6|3|8,1,7.052320950046806
5|6|3|8,4,-2.564237354881199
9|6|1|6,1,-1.1956839442533942
9|6|1|6,2,-4.376315123197087
5|6|1|11,1,13.316875541529074
5|6|1|11,7,0.2970590652671541
5|6|1|11,3,5.67493462568504
5|6|1|11,4,3.40206314339492
5|6|1|11,2,2.995993106576045
5|6|1|11,6,0.41536810048108125
5|6|1|11,5,0.07723770660097493
17|5|2|5,1,11.686809665633124
17|5|2|5,5,0.19735800669772113
17|5|2|5,6,0.27526473379731725
17|5|2|5,3,1.083974999999961
17|5|2|5,4,0.31513326651675494
17|5|2|5,7,0.5370937485071524
17|5|2|5,2,2.2181424498
9|5|3|5,1,-6.943831863992072
4|7|4|10,1,12.893244954043753
4|7|4|10,7,-3.015
11|5|4|1,1,-7.65
9|5|5|9,1,12.914238921772126
9|5|5|9,3,3.697384420564509
9|5|5|9,5,-0.27375356404601875
15|3|1|9,1,10.579829842965973
15|3|1|9,6,-0.035449863932688605
15|3|1|9,2,3.1110315272976155
15|3|1|9,5,3.027755893295449
15|3|1|9,3,3.088206950714823
14|4|4|1,1,-13.235265
9|6|4|8,1,13.126066329285303
9|6|4|8,6,-0.837208576216542
9|6|4|8,5,3.4381751739594066
6|5|1|12,1,7.217201416717535
8|1|1|3,1,0.13492500000000002
12|6|3|3,1,-8.348036963448966
11|7|3|8,1,12.409734502386923
2|8|2|12,1,10.190072227180945
13|5|2|10,1,11.721750481680955
13|5|2|10,7,0.3186211427810937
18|3|1|9,1,10.038612836842514
18|3|1|9,6,-0.08573181946648542
6|5|5|7,1,1.8259317203199785
11|6|3|4,1,-7.710751840925064
9|7|2|5,1,-2.6739686366857085
5|6|1|12,1,10.990981387726709
11|4|2|11,1,11.605731289153123
11|4|2|11,2,3.5716431073755883
15|3|3|10,1,0.345
15|3|3|10,4,10.597008370213553
15|3|3|10,7,0.21035533749677918
15|3|3|10,3,3.177800957691941
18|3|2|9,1,10.584002758541613
18|3|2|9,6,-0.3168463270603146
18|3|2|9,5,0.04946119542834513
18|3|2|9,2,3.2193924791959025
15|6|1|6,1,11.627102432208993
10|5|0|6,1,-1.5822530089569793
8|7|2|7,1,8.066941785523314
8|7|2|7,3,1.8828974836729753
19|4|2|6,1,11.049822573485459
19|4|2|6,4,0.11709348532250682
19|4|2|6,7,0.13424671313379138
7|5|4|6,1,-3.689515501883635
1|7|1|11,1,13.250403840995624
7|3|3|12,1,11.910251237777159
11|8|2|6,1,3.7769021714204176
6|6|2|7,1,-0.9064975533780032
7|8|1|9,1,13.511668855376596
12|5|4|6,1,12.590124316174865
8|7|2|11,1,8.773247435818718
15|2|2|10,1,10.581748164754922
15|2|2|10,6,3.1157290627354777
15|2|2|10,2,3.149114432512118
6|6|2|11,1,12.66688467725203
6|6|2|11,3,0.8234332608229398
6|6|2|11,2,2.0358020639431307
6|6|2|11,4,3.7990386043598807
6|6|2|11,7,0.7745646930857429
6|5|4|7,1,4.558179732102959
13|7|2|6,1,12.197911768870815
13|7|2|6,4,-0.7053930596934461
6|8|2|9,1,13.291971739364428
6|8|2|9,5,-1.8249453278596912
6|8|2|9,7,-0.7145211285758731
9|4|4|4,1,-8.26850675495161
10|6|0|7,1,-0.6637760061826239
6|5|3|11,1,13.167654094781746
6|5|3|11,2,3.5863156229033657
6|5|3|11,3,2.615745786803727
6|5|3|11,6,0.5923004659446894
6|5|3|11,5,0.582755926112385
6|5|3|11,4,3.7134184774891694
11|7|1|9,1,12.381650146115527
11|6|3|9,1,12.47674945935329
11|6|3|9,2,0.345
11|6|3|9,4,0.5403928723523413
11|6|3|9,3,3.676798730646822
11|6|3|9,6,0.579523874529565
11|6|3|9,7,0.6309953837395781
11|6|3|9,5,3.697397605542281
4|5|4|9,1,11.573261805381545
4|5|4|9,7,-1.8476690900141195
12|6|3|7,1,12.444229629760647
12|6|3|7,3,3.4373531614560355
12|6|3|7,7,0.528012149421084
12|6|3|7,5,0.4990950885702366
3|6|4|9,1,2.0354287130229043
12|7|1|7,1,12.444375951081138
5|8|1|10,1,13.666325147584649
5|8|1|10,7,0.338469145888277
5|8|1|10,4,2.6879129904296435
12|6|3|8,1,12.497314667677465
12|6|3|8,7,0.5614389279028513
12|6|3|8,6,0.5161757642556146
21|4|0|6,1,8.3193
21|4|0|6,6,-1.1425500000000004
6|7|2|8,1,8.916760938034427
6|7|2|8,5,-2.9508750000000004
17|5|0|4,1,3.5062499999999983
2|5|4|12,1,12.9362147641788
2|5|4|12,5,0.7946689658553872
2|5|4|12,7,0.8821594014163382
9|6|2|10,1,12.647336543083535
9|6|2|10,4,3.5322154161330244
9|6|2|10,3,3.6711052770953594
9|6|2|10,6,0.5757392230546949
9|6|2|10,2,3.7250127066889243
16|4|4|7,1,10.188846857403503
16|4|4|7,7,-0.21862447326380074
16|4|4|7,5,-0.03356317921934408
16|4|4|7,6,0.3393930424259771
20|4|1|6,1,11.04999360368317
20|4|1|6,7,0.13421521881146797
20|4|1|6,3,0.13424164903663272
20|4|1|6,2,2.4760005
20|4|1|6,6,0.13424999999240386
16|6|2|3,1,6.164624999999997
1|9|0|12,1,13.9862734071175
1|9|0|12,6,-3.015
2|5|2|9,1,0.7528652415656095
9|6|3|4,6,-5.967142996221678
9|6|3|3,1,-5.071501636770914
3|7|0|10,1,8.119875350727419
3|7|0|10,2,-3.015
20|3|1|7,1,10.507499999999995
20|3|1|7,6,-0.0564672487500024
20|3|1|7,4,-0.0203624998466168
20|3|1|7,2,5.338424689813085
20|3|1|7,5,-0.05646724875000141
20|3|1|7,3,5.338424999999997
20|3|1|7,7,-0.04447541785325435
10|1|1|9,1,-0.2626561884806585
10|1|1|9,5,2.166903524242153
10|1|1|9,6,-3.1790302349975215
10|1|1|9,4,0.2105533965649472
10|1|1|9,2,-0.40997752059349624
10|1|1|9,3,-0.27563931176394496
10|1|1|9,7,-8.234849992288993
5|8|1|11,1,13.459884556540331
5|8|1|11,7,0.33284270427872237
5|8|1|11,6,0.9102134705951275
9|7|2|11,3,0.6058093552651256
10|7|2|10,1,12.313189271073291
5|6|4|11,1,13.31842060459163
15|6|3|6,1,11.000120434154882
6|5|1|2,1,-5.1629479485525
6|5|1|2,5,-3.015
15|1|1|4,1,-11.551138811745608
15|1|1|4,3,-11.548481440691193
15|1|1|4,5,-13.417033351839649
15|1|1|4,7,-14.627634124998824
15|1|1|4,4,-11.424063590088199
15|1|1|4,2,-11.54485430999141
15|1|1|4,6,-13.07042548663304
10|5|5|6,1,10.418652029962837
14|6|2|3,1,-10.39146046291146
14|6|2|3,4,-2.65759327875
10|7|1|10,1,1.097004214223059
7|7|5|6,1,-0.8253793956534021
15|6|1|3,2,-10.080255507157075
15|6|1|3,4,-9.591892149980564
16|6|1|2,1,-11.880621878184863
16|6|1|2,2,0.10500000000000001
7|5|3|6,1,-4.838152963384762
7|5|3|6,4,-6.89794649032447
7|5|3|6,3,-5.434444702615703
7|5|3|6,7,-8.020633249593851
6|5|0|10,1,9.299676894658784
10|1|1|10,1,9.093925323533474
10|1|1|10,5,2.1074784040215464
10|1|1|10,2,2.8344531618624162
3|3|0|12,1,11.243462906352903
3|3|0|12,2,-1.2196984157879889
11|7|1|8,1,12.62306854518718
18|1|1|7,1,9.5801910016157
18|1|1|7,6,-2.62590482073647
18|1|1|7,4,2.800171241141274
18|1|1|7,3,2.955940652166795
18|1|1|7,7,-3.346428384219492
18|1|1|7,5,2.8006905310551327
18|1|1|7,2,2.8237468821021463
7|6|3|11,1,13.224355328215417
7|6|3|11,4,2.1550806975776924
7|6|3|11,6,0.7411707091782089
15|5|1|9,1,9.973286051205612
20|1|1|8,1,9.519687022914145
20|1|1|8,5,-0.3133527955183542
20|1|1|8,2,2.833055627527668
20|1|1|8,7,-0.32358969685720035
13|4|4|1,1,-12.478950000000001
7|6|4|9,1,13.439068561581182
7|6|4|9,4,3.7439026402693925
8|5|4|5,1,-3.1202068413535544
8|5|4|5,4,-5.523018375
6|7|3|9,1,13.648244277550349
6|7|3|9,6,-1.1550757638579294
10|6|3|7,1,12.85867785859643
10|6|3|7,5,2.7101452197775777
10|6|3|7,3,2.566661753956433
10|6|3|7,6,-0.8080188800636061
15|5|4|6,1,11.156082279366418
3|5|3|10,1,13.192774177215906
3|5|3|10,3,2.98857690851458
3|5|3|10,4,-1.601129104764334
3|5|3|10,6,-1.9241318907666207
3|5|3|10,5,-1.3776186246955113
11|6|3|10,1,12.208136319160953
13|7|1|7,1,11.906049204963395
8|7|3|10,1,13.27190564128014
8|7|3|10,7,0.767700310514796
16|5|3|7,1,10.73361323341107
4|8|1|11,1,13.990425332598711
4|8|1|11,3,3.9951876172599734
4|8|1|11,5,0.6835137436176575
10|6|5|4,1,-1.4047830958810685
15|6|1|4,1,-3.613694737765706
15|6|1|4,5,-6.5207393595
15|6|1|4,3,-7.970069702294396
4|6|4|10,1,13.361277571202892
4|6|4|10,2,3.156732076475936
4|6|4|10,7,-1.9843041534024213
4|6|4|10,4,3.903464916521793
4|6|4|10,6,-0.09257418599392561
5|7|1|7,1,0.7532139386444817
5|7|1|7,6,-3.015
12|7|3|8,1,11.827961724424053
12|6|3|6,1,12.654048535228666
4|5|5|10,1,13.415435736308634
13|5|3|10,1,11.189404278914212
13|5|3|10,2,0.345
7|7|1|7,1,9.58848916881132
7|6|1|10,1,12.760165846422215
7|6|1|10,2,3.51320681209115
7|6|1|10,6,0.2505696714870561
7|6|1|10,5,-0.026151170190175675
7|6|1|10,3,3.5074661385281467
7|6|1|10,7,-0.2998523883557508
7|6|1|10,4,3.746046606250831
13|3|1|9,1,10.834108113051036
13|3|1|9,4,3.2481688980602414
13|3|1|9,2,3.436373676484095
13|3|1|9,6,-0.4054315653646963
13|3|1|9,7,-0.9381113387837793
9|5|4|7,1,11.023253989431241
9|5|4|7,2,3.5239808842514218
9|5|4|7,6,-3.246051600167221
9|5|4|7,3,3.1157033000621084
9|5|4|7,7,-2.3124524827482276
19|3|0|2,1,-12.850784523476605
19|3|0|2,4,-3.015
4|7|2|11,1,13.778536641766234
4|7|2|11,5,0.26750696279892594
4|7|2|11,3,3.92987327133428
4|7|2|11,4,0.5728431455132733
4|7|2|11,6,0.8233630637952457
3|9|2|10,1,10.545582848543523
3|9|2|10,5,-3.015
11|5|3|11,1,5.744234668574781
11|5|3|11,7,0.38983094722704975
10|4|4|1,1,-9.855
14|6|1|4,1,-7.297091819967466
14|6|1|4,5,-9.428732968187203
14|6|1|4,4,-9.922182944396585
14|6|1|4,2,-6.5540706969041045
1|7|2|12,1,14.168792953636014
1|7|2|12,2,1.9937772932620816
7|7|3|7,1,7.6551223030427735
15|4|4|6,1,11.688924819955721
15|4|4|6,5,0.13466137769588452
15|4|4|6,3,2.076940494099253
15|4|4|6,7,0.8310550513890479
15|4|4|6,6,0.3913450298508014
15|4|4|6,4,5.975955103220491
15|4|4|6,2,3.5736375000003564
1|5|3|12,1,13.829703034076715
1|5|3|12,4,-3.015
1|5|3|12,2,3.9283320435192177
1|5|3|12,3,-1.8644400069157618
11|6|4|8,1,12.231605269182683
11|6|4|8,2,2.199434260636663
11|6|4|8,6,0.42225990353077325
1|4|3|10,3,-7.1290321990841194
1|4|3|9,1,2.739550886343844
4|4|0|8,1,-0.030937500734385615
4|7|1|9,1,10.807361499336002
4|7|1|9,2,2.3738145520354
4|6|3|11,1,13.755736857321358
4|6|3|11,7,0.7196531875565586
4|6|3|11,6,0.932711508514796
4|6|3|11,4,0.5689034143939056
12|5|1|2,1,-8.05826000555216
12|5|1|2,2,-5.53814428173675
10|5|5|8,1,12.881193550715237
15|5|4|7,1,11.118499614602811
10|4|4|4,1,-7.5793488541774146
10|4|4|4,4,-8.904096808646862
10|4|4|4,2,-7.825112414004507
10|4|4|4,5,-9.25471745446885
22|2|0|4,1,10.24999999999997
22|2|0|4,3,-0.09378226309343418
22|2|0|4,2,-0.09375000000001758
22|2|0|4,4,-0.0937500000000016
22|2|0|4,7,-0.0937500000000016
22|2|0|4,5,-0.0937500000000016
15|4|4|7,1,11.240087539978795
15|4|4|7,6,0.33154168898040925
15|4|4|7,5,0.37960551578895546
15|4|4|7,7,0.38526687534175624
15|4|4|7,3,0.22499999999999998
12|6|2|4,3,-5.221343123128943
12|6|2|4,2,-6.0720107792676945
12|6|2|4,1,-5.940242354949187
11|6|3|5,1,3.2667326822015736
19|5|0|2,1,8.700854999999999
4|6|4|9,1,11.466482281411173
11|6|1|9,1,12.242101216303492
5|9|2|10,1,13.368698323601405
17|4|0|3,1,-3.3824999999999985
10|6|2|10,5,3.3928609472533973
10|6|2|10,6,0.49522036088985605
10|6|2|10,3,12.26134032802346
10|6|2|10,2,3.4319014810469417
14|6|2|8,1,12.083242510597449
14|6|2|8,3,1.2259912499999994
14|6|2|8,2,3.4391893346142237
9|6|5|8,1,11.628860035120306
9|6|5|8,4,1.25366866900478
12|6|3|4,1,-7.119247257412676
3|7|1|9,1,9.88594880789735
3|7|1|9,2,0.10500000000000001
9|5|5|8,1,12.035249749213868
9|5|5|8,7,-1.9207111426119008
17|4|0|4,1,8.669522376774248
11|4|1|1,1,-14.975573796031343
11|4|1|1,3,-12.478950000000001
6|7|3|11,1,12.76394126828945
6|7|3|11,5,3.692125674664359
2|8|1|10,1,11.88569980144315
9|6|1|10,1,12.562380127399678
5|7|4|9,1,6.948111198112354
5|6|4|9,1,13.553363730391656
1|9|1|11,1,3.867865663136101
5|5|5|10,1,13.33309291563227
13|6|1|7,1,11.63319914594837
13|6|1|7,2,3.1849341375219398
13|6|1|7,6,0.30828146351606767
13|6|1|7,5,3.423902332289368
13|6|1|7,4,3.4219776840166016
8|6|4|10,1,13.097291809236994
8|6|4|10,5,0.7566995061906031
4|4|4|9,1,9.416079172307995
15|4|1|9,1,11.232625001799324
15|4|1|9,2,3.2881929224589523
8|8|2|5,1,-1.0748257266409633
9|7|2|8,1,13.031615484349448
9|7|2|8,7,-1.8511410362319045
9|7|2|8,6,0.5241463375134049
7|4|4|4,1,-5.481480046262887
15|5|4|1,1,-4.5
14|6|1|2,1,-9.89996692305427
14|6|1|2,4,-1.1774999999999998
3|4|0|12,1,11.675936432215826
3|4|0|12,7,-0.2545131699824282
3|4|0|12,3,0.12909207529788896
3|4|0|12,6,0.25779224004344653
3|4|0|12,5,-0.6953318003730178
3|4|0|12,4,-0.5562379023077204
13|6|4|6,1,3.812375508661082
14|4|4|9,1,11.749354374267057
14|4|4|9,4,0.6183623522859137
18|4|0|8,1,0.5180634208942447
9|8|1|8,1,13.051074063242657
10|6|1|5,1,-5.994151279725738
15|7|1|5,1,6.105783749999997
11|4|4|10,1,12.194501777246158
11|4|4|10,7,0.474291217186793
10|7|1|5,1,-1.602674582345847
9|6|1|5,1,-5.364941067743039
9|6|1|5,3,-4.799139924541094
15|6|1|5,1,11.722710839926037
15|6|1|5,3,3.2045086917864363
15|6|1|5,4,3.3349540269077464
13|6|3|5,1,11.610759348483347
12|7|1|6,1,10.490151148764804
10|3|1|10,1,11.166237762677724
10|3|1|10,3,3.5036415858193934
10|3|1|10,5,-0.6376474708021245
10|3|1|10,6,2.4118843928335267
10|3|1|10,2,2.6529601728030197
10|3|1|10,4,5.866000903987929
10|3|1|10,7,-0.879861190361163
16|1|1|8,1,9.05926775941682
16|1|1|8,4,2.922198460184916
16|1|1|8,6,-1.8773068369417765
16|1|1|8,5,2.9852532863229277
16|1|1|8,3,0.0161678932323307
9|1|1|11,1,4.364376428983265
18|4|0|2,1,-10.133086753101107
10|6|4|4,1,-3.5262100373623184
6|7|1|7,1,3.2644226880953457
8|8|1|7,1,5.579357280363522
3|7|3|11,1,14.013425179278071
3|7|3|11,5,-3.015
20|3|0|3,1,10.088513969197496
6|5|0|9,1,4.994644198997431
10|5|4|5,1,-1.545176933517635
9|8|2|5,1,-1.9160816744304614
11|7|2|9,1,12.413848221493394
10|6|2|9,1,12.35675473688189
10|6|2|9,6,3.996590330659928
10|6|2|9,3,3.592557649491378
10|6|2|9,4,6.205394110255165
10|6|2|9,2,2.255056596688439
10|6|2|9,5,4.99111076133963
10|6|2|9,7,0.5788353242652017
3|4|0|9,1,2.6415848899060848
3|4|0|9,7,-3.015
3|9|1|10,1,13.15817861500349
10|5|1|10,1,11.788459884327642
10|5|1|10,3,0.5646884041128605
10|5|1|10,5,3.490685107585094
10|5|1|10,7,0.31976606350834497
10|5|1|10,2,3.5366245579006006
7|5|0|9,1,8.986145869762467
6|6|0|8,1,3.251047157903635
15|5|4|3,1,4.6684199659345715
15|5|4|3,6,-3.015
12|6|1|6,1,4.684693657949058
12|6|1|6,5,-3.500326648121187
12|6|1|6,4,-0.18287400949899751
12|6|1|6,7,-4.049982241012538
12|6|1|6,2,3.497427743947824
12|6|1|6,6,-3.323199385109541
12|6|4|8,1,12.029619826881905
12|6|4|8,3,0.22499999999999998
8|5|1|3,1,-6.308988494029311
8|5|0|5,1,-3.887059053301649
13|6|2|3,1,-6.882069050328227
13|6|2|3,3,-7.026014773286429
5|6|3|7,1,5.246193625649581
11|4|4|11,1,5.140516908521998
15|4|2|10,1,9.979872279568395
15|4|2|10,6,0.1940316556910263
8|6|4|4,1,-2.4143142202190213
9|5|1|10,1,12.17530797595479
10|6|3|5,1,-0.6135566312469916
10|6|3|5,7,-5.010137218631337
9|7|2|10,1,11.650535823911925
16|4|3|9,1,11.223137165566191
8|5|3|12,1,0.585
13|3|2|11,1,4.936264478552065
16|2|2|10,1,0.4273875
16|2|2|10,4,10.131235666133016
7|8|1|10,5,0.7392571183648434
7|8|1|10,4,8.097996796201073
6|3|3|12,1,12.33044837816074
9|4|4|11,1,12.318365759402194
9|4|4|11,6,0.11506916226150121
17|4|2|9,1,11.11400672109577
17|4|2|9,3,2.5233369809200217
17|4|2|9,4,0.16382286530528312
4|6|4|11,1,13.524261101558764
11|5|4|10,1,9.765722871072319
16|4|1|9,1,11.105949794993123
3|8|1|10,1,13.981277770124267
3|8|1|10,7,-3.015
3|8|1|10,4,-1.8576460344138535
3|8|1|10,2,0.10500000000000001
9|7|1|4,1,-4.218100123537114
5|8|2|12,1,1.8999712146632888
18|2|1|9,1,9.892953983806583
18|2|1|9,6,2.8320840425164446
17|5|2|1,1,-12.478950000000001
17|5|2|1,2,-12.478950000000001
11|7|1|7,1,10.220660976401291
11|7|1|7,5,-0.26759539680028294
11|5|3|10,1,12.391157232652914
11|5|3|10,5,0.2763645089587564
11|5|3|10,2,3.675468736129311
8|7|2|4,1,-2.477705171916681
8|6|0|9,1,3.751462373755092
13|3|1|10,1,10.87513109004288
13|3|1|10,6,0.0852568594291748
15|6|2|2,4,-12.608991825
15|6|2|1,1,-11.3985
15|6|2|1,5,-9.855
8|5|4|10,1,12.824243325565012
8|5|4|10,2,3.5831794961467094
8|5|4|10,4,3.731114697455293
8|5|4|10,3,3.439909040996698
6|8|1|10,1,13.59962958613023
6|8|1|10,7,-0.37080982789985734
6|8|1|10,2,3.679783264549584
11|1|1|4,1,-10.160306033808238
11|1|1|4,4,-10.079264819699981
11|1|1|4,7,-10.287135725280946
11|1|1|4,2,-7.646975382148199
11|1|1|4,3,-7.625826422807444
11|1|1|4,5,-8.047532406623889
11|1|1|4,6,-5.040028571764949
4|6|5|10,1,11.95842894353011
16|6|2|2,1,-6.068999999969939
6|3|1|12,2,11.500500013690255
6|3|1|12,3,3.4047001249164457
6|3|1|12,1,3.5759799509236228
6|3|1|12,4,2.8887511757086264
6|3|1|12,5,0.1092750284115926
9|9|1|6,1,4.034924401491386
7|5|2|12,1,9.351175217895983
12|3|2|11,1,11.278448360793718
12|3|2|11,3,3.2897748179963577
8|1|1|11,1,9.456353089945377
10|4|4|3,1,-9.205413747605284
6|7|5|10,1,1.4025
13|5|4|9,1,9.594477984486035
18|4|2|8,1,11.28748938509324
4|8|1|8,1,7.590278491622611
3|7|1|12,1,12.306278456359076
3|7|1|12,6,0.7764491673998414
3|7|1|12,2,3.8442623733495855
9|6|0|8,1,2.685501411047932
4|8|2|8,1,3.553681036169033
8|5|1|11,1,12.378301018516227
7|6|5|9,1,11.80230986935238
4|5|1|6,1,-4.729830033542974
10|7|1|8,1,12.487350240708878
10|7|1|8,5,1.934970849958227
10|7|1|8,3,3.2709055484055622
10|7|1|8,2,3.6046198999948884
10|7|1|8,4,0.11405734043833639
11|8|2|8,1,8.418768512259664
19|4|2|4,1,11.049999999082834
19|4|2|4,2,2.994494554035
19|3|3|6,1,10.649999961938281
19|3|3|6,6,-0.01226468707014039
19|3|3|6,2,3.1942199907008075
19|3|3|6,4,0.018937500716063305
19|3|3|6,3,0.020249266908394147
19|3|3|6,5,0.020249997563720788
6|6|4|9,1,13.567172815897639
6|6|4|9,5,-1.3126282977486923
6|6|4|9,7,-0.2532801175482429
6|6|4|9,4,0.10500000000000001
6|6|4|9,2,3.9656559656547246
10|6|2|3,1,-9.042208575667768
10|6|2|3,7,-11.465439032557757
9|7|1|5,1,-0.11372968145422976
13|4|4|9,1,10.525072408131654
13|4|4|9,4,3.4879419879021354
11|4|4|2,1,-9.921503627470761
3|7|0|11,1,13.799567868510852
5|6|5|10,1,8.659846305659347
13|6|1|1,1,-7.65
13|6|1|1,3,-4.5
2|6|0|12,1,12.825936614173965
2|6|0|12,6,-3.015
2|6|0|12,7,-0.20875251634345826
2|6|0|12,4,-0.07295183887866603
13|5|3|9,1,12.099001902360978
13|5|3|9,4,0.38679248688981166
13|5|3|9,6,0.4022562343946493
10|5|4|10,1,12.40881140983731
10|5|4|10,5,3.22256577933716
10|5|4|10,2,3.567867099403922
7|5|3|11,1,12.927131072394594
7|5|3|11,5,2.9267214457719386
7|5|3|11,3,3.6205568100683205
7|5|3|11,4,3.707995886989062
7|5|3|11,2,3.624865377751408
7|5|3|11,7,0.6328190765653573
13|7|1|4,1,-4.622624754628038
9|6|1|7,1,7.953678094047446
9|6|1|7,2,1.0492476091690255
9|6|1|7,3,-0.3206896395841995
9|6|1|7,4,-0.3234196841798987
21|3|0|5,1,10.632657395182253
10|1|1|3,1,-7.297998991616743
6|7|3|10,1,13.674715970892075
6|7|3|10,6,0.8980503319068196
20|4|0|5,1,10.139984984999998
18|4|3|8,1,8.162175855061156
22|3|0|7,1,9.97673694860128
7|7|3|8,1,13.613195778594466
6|6|5|11,1,4.720593415284839
12|7|1|10,5,-3.015
12|7|1|9,6,-0.3110757287482566
14|4|4|8,1,11.884559178983388
14|4|4|8,3,3.369548309504548
14|4|4|8,4,0.40654632583877587
14|4|4|8,2,3.5350674752078475
14|4|4|8,7,0.40645363784492666
12|7|2|8,1,12.32587971682161
12|7|2|8,5,0.5509929338694934
10|5|5|9,1,12.146228070030226
10|5|5|9,2,3.863317385272619
15|7|1|8,1,0.8815127088422607
9|6|4|10,1,11.583271753916689
1|6|4|12,1,11.272195385707956
10|2|1|11,1,9.920215146210918
12|6|0|8,1,3.2743628945726244
12|5|3|10,1,11.956347721699979
12|5|3|10,7,0.4642067811283743
1|10|1|12,1,5.461957021849062
1|10|1|12,5,-3.015
14|5|2|10,1,7.7756766003554905
19|3|1|9,1,7.679760045642248
17|5|3|3,1,10.789930285003381
7|8|2|8,1,12.660802642064995
19|3|0|3,1,-10.792385336619471
19|3|0|3,4,-13.450412793313099
19|3|0|3,5,-11.323247750602814
19|3|0|3,7,-11.213234816657558
4|6|1|8,1,3.527180401234106
15|6|3|9,1,0.705
21|3|1|8,1,8.899145052286388
24|1|0|7,1,9.999889557232574
19|3|0|6,1,5.444396249999997
12|7|2|7,1,12.52686097792448
12|7|2|7,6,-0.8118859408374719
16|6|2|6,1,11.390679679124995
10|8|2|8,1,13.168897735928176
10|8|2|8,4,1.2168028203507149
19|5|1|6,1,6.049342599799679
7|5|1|12,1,4.372969571746516
7|6|4|10,1,13.183813501914278
7|6|4|10,6,0.6746212599357942
9|8|2|9,1,12.470137538528837
9|8|2|9,2,1.3032537443549272
15|6|2|7,1,11.398369722446564
15|6|2|7,2,0.22499999999999998
10|5|3|11,1,10.126215855570685
2|7|2|12,1,2.0030078159120435
2|7|2|12,2,13.253376613326452
2|7|2|12,3,1.7334563386086876
13|1|1|1,1,-9.855
6|5|5|9,1,13.28166986110664
8|8|2|8,1,13.244561631497952
18|5|1|7,1,11.283933671921352
18|5|1|7,4,0.19836113717489903
5|8|2|8,1,5.68939073644528
8|8|1|6,1,-0.6083986488978529
12|5|0|6,1,-0.40788291153254413
7|7|4|7,1,1.7012659994967627
6|6|5|9,1,12.223013849299601
5|4|4|7,1,-0.9044271226663538
8|9|1|9,1,8.772887284535768
17|2|1|9,1,9.881015093820592
17|2|1|9,2,2.9413578481227214
17|2|1|9,4,2.9758808458589345
17|2|1|9,3,3.0284669883421658
17|2|1|9,7,-0.2241085581487299
19|3|0|4,1,9.114451358970651
7|6|4|7,1,4.650832729896435
11|6|2|10,1,12.121155624645732
11|6|2|10,3,3.6647459328040846
6|6|1|12,1,5.7362504463431465
6|6|1|12,7,-0.35558102101080563
12|2|2|11,1,10.528834472678202
12|2|2|11,4,2.822778243078686
12|2|2|11,3,3.227331193868087
8|5|5|8,1,12.117610383546127
3|4|0|8,1,-0.8509935598728778
10|5|2|11,1,9.728228657822829
11|7|2|10,1,4.548662067967263
9|6|3|5,1,-4.2476724184469274
14|4|4|10,1,1.44721416772021
18|4|1|9,1,8.328985783352277
3|6|4|11,1,13.924944529755436
3|5|3|12,1,13.557378650400413
3|5|3|12,7,0.3377386526645541
3|5|3|12,3,3.834413802657833
8|4|4|11,1,3.3822020664329
8|4|4|11,4,12.163980107954659
8|4|4|11,7,0.5620751857806897
8|4|4|11,6,0.6198723230903062
9|9|3|8,1,3.9841199415657376
7|4|2|12,1,10.371833196809186
4|7|2|12,1,9.350243229692852
4|7|2|12,2,0.22499999999999998
16|5|3|5,1,12.067498708694176
16|5|3|5,3,1.0727324144709878
16|5|3|5,7,-0.1537951466250014
6|7|3|8,1,9.822586218238401
4|7|5|10,1,4.8036642750032446
10|6|4|8,1,13.093741199500625
10|6|4|8,3,3.671309944442872
7|2|2|12,1,11.650810553740676
19|5|1|3,1,10.507043264999998
19|5|1|3,4,-3.015
15|5|1|8,1,11.165884493343606
15|5|1|8,3,3.28149392827742
15|5|1|8,6,0.24281228257634468
15|4|3|9,1,11.674982307540674
15|4|3|9,2,3.546146556368936
15|4|3|9,4,3.3909891429504397
15|4|3|9,7,0.2590432518216724
5|6|5|9,1,3.895946821787091
21|3|0|4,1,10.649999441584468
21|3|0|4,6,0.016790150338859177
21|3|0|4,2,0.02022653450131102
4|8|2|12,1,7.095339160643027
4|8|2|12,6,0.9778197668219709
19|3|2|9,1,9.907631706339442
22|2|1|8,1,10.20464439910464
22|2|1|8,6,-0.09375000039902322
22|2|1|8,5,-0.09375000000002717
22|2|1|8,7,-0.0937500000000016
16|5|0|5,1,3.465642263038732
13|8|1|7,1,6.4991363859712425
6|6|3|11,1,13.278924464104234
6|6|3|11,6,0.8362539715121409
6|6|3|11,2,3.9591763329854635
9|8|3|8,1,6.929590515048142
11|6|1|1,1,-4.5
11|6|1|4,1,-7.835981439612703
11|6|1|4,7,-6.648036497488524
8|6|0|8,1,8.380076305581792
3|8|2|12,1,7.249452960652298
6|4|1|12,1,12.101334465497171
6|4|1|12,5,0.4182094741804082
6|4|1|12,2,3.645530165327371
9|7|4|7,1,6.815886444448818
9|7|4|7,2,2.24241241710083
8|5|4|4,6,-7.2444144375
11|7|1|5,1,-0.17643410444538293
5|4|0|7,1,-1.347924823585976
2|6|0|11,1,12.67335628723881
16|4|3|8,1,11.570650635724963
16|4|3|8,7,0.27919510954792376
16|4|3|8,3,0.2777303638894331
16|4|3|8,2,3.1224210811834414
13|6|1|8,1,11.763813731846877
13|6|1|8,2,3.3643014387295938
2|6|5|12,1,2.5291914662084607
18|1|1|8,1,9.571954223596057
18|1|1|8,5,-0.975360401783746
18|1|1|8,3,2.777974102671817
9|6|4|4,7,-3.015
9|6|4|3,1,-4.636923744268952
3|6|3|12,1,12.93218435284511
3|6|3|12,2,0.8462326525026825
3|6|3|12,4,0.6568044087154782
3|6|3|12,3,3.3142252146089253
3|6|3|12,7,0.7896522714678788
15|1|1|1,1,-14.13527985
15|1|1|1,3,-13.7646855
5|7|3|9,1,13.633149529007738
5|7|3|9,4,-2.764322500745788
2|6|3|12,1,13.15450651619059
2|6|3|12,2,3.962331084633398
4|7|2|9,1,12.397932215428037
16|5|2|8,1,11.573744007870658
16|5|2|8,6,0.30279401579494875
16|5|2|8,5,0.3139610581287311
9|6|5|9,1,7.91583707289665
5|11|2|10,1,1.7721303071535268
12|1|1|9,1,5.6529889851773225
12|1|1|9,2,0.002245036980571807
8|7|2|9,1,13.135052729800499
8|7|2|9,6,0.2704756039710197
8|7|2|9,2,3.819886532400358
8|7|2|9,3,3.836896293383944
8|7|2|9,5,0.512032844594262
8|7|2|9,7,0.7606461385054553
8|7|2|9,4,3.8768341307887897
13|6|3|9,1,10.67150759803728
9|6|2|2,1,-3.067050525
1|7|3|12,1,10.685004703264626
1|7|3|12,3,-3.015
8|5|4|11,1,11.989143316195001
8|5|4|11,6,-0.25824462428712636
3|10|1|11,1,7.124215644221048
10|6|1|4,1,-8.394212291413874
10|6|1|4,7,-8.954687438325738
10|6|1|4,3,-2.80802772936405
16|5|0|2,1,-9.34677
4|8|1|12,1,5.606657161253615
12|8|2|7,1,9.918041298373117
12|6|1|9,1,12.09037749816774
20|4|0|2,1,10.942937643500263
14|6|1|9,1,8.480706550182715
14|6|1|9,2,1.083414931665829
14|6|1|9,4,3.2100257444988296
8|7|3|5,1,-1.7701252245858352
17|5|2|7,1,11.307260522563197
17|5|2|7,5,0.3113211585990786
5|8|1|9,1,13.594661100247663
4|7|1|8,1,5.3653004248117515
6|1|1|12,2,10.176852645908406
6|1|1|12,5,3.2900367640256487
3|8|1|11,1,14.245074410564525
3|8|1|11,5,0.9370278279134066
3|8|1|11,2,2.9639567631619763
14|6|3|2,1,-7.816532142002921
17|5|2|6,1,11.687487075496753
17|5|2|6,5,0.30486781853308004
17|5|2|6,4,0.31591947398017267
17|5|2|6,7,0.31511806936876957
3|8|1|12,1,10.891938832291371
3|8|1|12,2,3.747114401449537
3|5|0|12,1,12.897077482274474
18|5|2|4,1,9.525598499999965
6|6|6|10,1,0.705
12|6|3|9,1,12.489109232415311
12|6|3|9,6,0.5557992226641278
12|6|3|9,5,0.5841166322047338
5|9|3|11,1,2.1313194526576256
18|4|2|9,1,0.7727999999999998
11|5|3|1,1,-9.855
4|5|4|12,1,11.35858948397359
11|1|1|10,1,9.283451336883555
10|7|2|2,1,-3.4451269723082527
12|6|3|5,4,-4.067719433710121
12|6|3|5,2,3.464696070544641
13|6|3|4,1,-1.0938187844578824
13|6|3|4,6,-4.478092092066797
7|7|0|9,1,6.715600977610478
6|8|2|10,1,13.804920673444437
6|8|2|10,3,2.6289217499837045
3|6|2|6,1,-3.5520165913547563
9|7|2|4,1,-2.5790534058799532
13|7|2|8,5,1.1254423192812215
12|4|4|10,1,8.8534204423046
6|4|4|12,1,0.46499999999999997
10|4|4|11,1,5.064000101472244
6|8|1|8,1,6.871202498965422
17|6|1|8,1,3.4796747315007774
14|5|4|7,1,12.315422707249098
14|5|4|7,3,0.22499999999999998
2|7|1|9,1,1.0908263345684648
5|5|5|9,1,11.307246792587254
7|7|4|10,1,12.314072364935551
10|5|3|2,1,-7.734063202516732
10|5|3|2,5,-8.831924999999998
10|5|3|2,6,-5.195250000000001
10|5|3|2,2,-6.449316827290724
10|5|3|2,4,-6.2635724999999995
3|5|0|10,5,-20.688326512001094
3|5|0|10,7,-20.86318381508796
10|7|1|6,1,0.6781364415248413
11|7|3|4,1,-2.604248004135078
12|6|4|7,1,9.044957225374299
12|6|4|7,3,0.22499999999999998
3|8|0|10,1,7.189775892493273
7|6|0|9,1,10.84764801772848
15|4|4|9,1,2.235341212602159
7|9|2|10,1,8.03095237361121
14|5|3|1,1,-13.235265
12|7|1|5,1,1.0209939976499975
5|5|5|11,1,8.897671978188498
7|5|1|11,1,12.633563115536711
7|5|1|11,5,3.5989741973086162
14|4|1|10,1,4.521226240263817
16|6|2|4,1,9.121404831477147
5|5|4|12,1,8.383329522804384
10|6|2|11,1,4.899970067207337
10|6|2|11,7,0.4461649736132614
7|8|3|9,1,11.245966575590849
10|8|1|8,1,12.676953113977701
8|7|0|8,1,3.599138048974891
4|6|3|12,1,8.1657013193954
2|5|3|7,1,0.17529219401487486
7|6|3|6,1,-2.62481729614101
5|6|2|12,1,5.797229481608063
5|6|2|12,3,3.867544798489401
16|4|1|10,1,0.8353875
14|6|3|6,1,12.198853789682532
5|8|1|8,1,8.004811917277943
6|7|4|10,1,7.547115868731613
13|6|1|9,1,11.511006632356471
7|5|5|10,1,12.442457658114073
14|5|4|1,1,-4.5
1|8|0|12,1,13.189038757448078
1|8|0|12,3,-3.015
1|8|0|12,6,-1.7608001161223976
9|5|4|4,1,-5.661872964926774
18|4|3|6,1,11.040357997732189
18|4|3|6,3,0.12718922531122664
3|9|2|11,1,11.432215869706917
8|5|5|9,1,12.993785053539572
3|5|5|11,1,11.98672943006811
3|5|5|11,7,-0.4057372157596449
9|7|2|7,1,11.233045448150033
9|7|2|7,7,-3.015
9|7|2|7,5,-2.4452463170453353
9|7|2|7,3,0.10500000000000001
9|7|2|7,4,-2.940678959567413
11|1|1|2,1,-10.29885268709175
11|1|1|2,6,-12.8858175
19|3|3|7,1,10.619221447717754
19|3|3|7,6,0.020134452108639067
19|3|3|7,3,0.020249216291098725
19|3|3|7,5,0.020249968374389835
6|8|2|8,1,11.576905135386886
8|7|3|9,1,13.360309565713493
8|7|3|9,6,0.6962441207006821
8|3|2|12,1,8.97361900816613
17|3|3|9,1,10.645476508761929
17|3|3|9,3,3.3065843013529355
17|3|3|9,7,0.16609945063926493
10|6|3|3,1,-3.8523479836217054
3|7|0|9,1,4.280704841634897
12|5|5|7,1,9.702310178537898
17|5|3|6,1,9.468862378658468
4|8|1|10,2,9.245023137563493
4|8|1|10,7,-3.015
4|8|1|10,5,-0.6807639073737138
4|8|1|10,3,0.3987948492197798
4|8|1|10,1,4.17554943119769
12|6|2|9,1,12.091810432611062
12|6|2|9,6,-0.5493235319038782
12|6|1|2,1,-3.5410059636357056
11|7|2|3,1,-7.600087585109017
6|8|5|9,1,3.094037411559448
12|5|1|9,1,11.90492021587674
2|7|0|12,1,12.697502070287992
2|7|0|12,7,-2.132077851330254
18|5|1|6,1,11.296335815968385
18|5|1|6,2,0.10500000000000001
18|5|1|6,3,0.11660596697507479
18|5|1|6,6,0.32900674811160646
18|5|1|6,7,0.1989754540336495
18|5|1|6,4,0.20466641823354087
18|5|1|6,5,0.20746622304861476
5|7|1|8,1,6.3246682281296405
12|5|5|8,1,11.393878181021071
5|8|2|9,1,13.047735204557519
5|8|2|9,4,-1.8656317096912334
17|5|3|5,1,8.694224816375941
17|5|3|5,5,-1.3586251251757147
7|8|2|10,1,13.270294536909159
7|8|2|10,2,3.5069388915791566
2|11|3|11,1,1.8621006102373163
5|6|6|10,1,4.6870360519178815
11|6|4|9,1,10.812317779111238
8|6|4|9,1,13.259203204630486
8|6|4|9,6,0.6878360422719735
16|5|4|5,1,4.913890244999999
21|4|0|4,1,9.4235199
8|2|2|12,1,10.808779780874138
13|6|2|1,1,-7.65
13|4|1|10,1,11.183068312731052
4|5|0|11,1,12.831841898595286
4|5|0|11,4,-3.7888675676759207
4|5|0|11,2,-0.31533279417523463
20|4|0|4,1,10.4129894895
20|4|0|4,2,-1.408882500000001
2|5|4|10,1,8.872961549761746
7|8|4|9,1,3.9252273149373518
11|3|1|10,1,11.2027596327612
11|3|1|10,6,-0.1542132813261384
11|3|1|10,4,3.2544840743909607
11|3|1|10,3,3.3754229828896603
11|3|1|10,7,-0.6671956554197213
15|6|1|2,1,-7.818299999999999
10|3|1|11,1,10.728261190865142
10|3|1|11,2,3.4352632940551344
13|5|1|9,1,11.321362827983574
8|4|4|12,1,2.2675629572826814
12|5|2|11,1,4.747495635681924
12|5|2|11,6,0.3242418119040854
17|2|2|10,1,9.004590135136263
17|6|1|7,1,9.833076004539887
9|5|4|6,1,6.43802547524008
16|5|3|4,1,12.04784911890721
16|5|3|4,2,2.0092574999999995
3|8|2|11,1,14.333279045342328
17|5|3|4,1,9.51610987691555
2|6|4|12,1,8.395325752505151
9|7|2|6,1,-0.29065754624308093
7|4|1|12,1,6.3108575098982564
18|4|3|3,1,11.024294328204412
2|10|1|11,1,14.52000758500331
8|8|2|10,1,11.52350612554448
11|7|1|6,1,7.99243562261113
8|7|1|11,2,4.578995895523814
9|7|1|10,1,11.574801514326147
10|7|2|11,1,2.8386069268053586
8|10|1|8,1,4.119162852391806
17|4|0|1,1,-7.65
18|4|0|4,1,10.804316036522293
8|7|3|7,1,9.533981514109271
8|7|3|7,3,3.765186640716032
8|6|3|11,1,11.927884210939066
8|6|3|11,4,0.2095894590628964
8|3|3|12,1,7.380086958344307
8|5|5|11,1,6.850941353960599
8|5|5|10,1,10.48030012819279
15|6|3|8,1,6.218285476771753
11|7|4|8,1,8.447495796192932
4|6|0|11,1,12.012230405426887
5|7|1|6,1,-2.3735905916773055
4|5|4|8,1,2.940608889653087
9|5|3|1,1,-7.65
12|6|0|7,1,6.3521046934982675
16|5|1|8,1,11.372989608932562
16|5|1|8,4,0.21384861103180802
16|5|1|8,6,0.14208816500909477
3|5|3|9,1,5.76231054038604
10|6|3|2,1,-3.563038531868932
14|5|3|9,1,12.13539248490913
14|5|3|9,3,3.2970600644011445
14|5|3|9,5,0.34116787112125874
19|3|3|8,1,9.87728939984664
15|5|3|8,1,11.92992560755287
4|7|0|11,1,11.077753182082766
3|5|5|10,1,10.758352922078652
17|3|3|10,1,0.345
20|4|1|9,1,0.46499999999999997
24|1|0|8,1,5.1
6|4|4|6,1,-1.597740942771827
6|4|4|6,5,-3.015
19|5|0|3,1,3.434999999999999
7|5|4|5,1,-2.1832255460878116
6|9|1|9,6,0.893829150367196
6|9|1|8,1,12.583631700357225
6|9|1|8,2,0.10500000000000001
21|4|0|2,1,8.3193
10|8|2|9,1,12.228514943485559
10|8|2|9,6,-0.20692715248473767
10|8|2|9,2,2.052678352901161
12|5|5|3,1,-2.920029873046628
5|8|3|9,1,13.506374639822997
13|6|1|3,1,-6.8810954379996865
4|4|3|7,1,-3.5663578482246034
9|8|2|7,1,12.577256208581897
9|8|2|7,7,-3.015
11|5|5|7,1,12.467853281299705
11|7|5|8,1,0.8250000000000001
18|5|2|7,1,5.811886631324553
1|4|4|11,1,7.373474704125524
7|7|1|6,7,-3.874275
8|7|1|4,1,-2.5603872774089886
12|7|1|4,1,-0.2982377049196572
13|6|3|8,1,12.17449259176974
14|6|3|4,1,6.443996249968363
3|6|4|12,1,6.054150554557737
17|5|0|2,1,-3.6899999999999995
17|5|0|2,3,-3.015
5|5|3|12,1,8.822831636257618
6|9|1|10,1,12.736777750361686
6|9|1|10,7,-3.4821711256171564
6|9|1|10,2,2.0478437442763773
14|6|2|2,1,-9.899966843072058
18|4|3|7,1,10.02314978190594
11|6|3|3,1,-4.862073577242157
4|7|0|10,1,11.317527629782866
7|4|4|5,1,-5.174057538606991
7|4|4|5,4,-3.370061672416296
6|8|4|9,1,7.080558494208429
12|5|4|1,1,-4.5
10|6|4|7,2,11.821941810723912
10|6|4|7,4,2.509171691598704
7|6|1|11,1,12.88922223966281
7|6|1|11,7,0.7249429628355789
7|6|1|11,6,3.3482458992107342
3|9|1|12,1,4.583185323140028
11|6|4|5,1,3.036221360727108
8|6|2|12,1,1.1985
14|3|1|11,1,0.345
17|2|1|10,1,2.8396718166759
19|5|1|5,1,10.507043264999998
6|5|0|5,1,-2.060362468801716
12|7|3|7,1,8.535445725050517
15|6|3|5,1,3.7402499999999987
3|8|1|9,1,7.804444658548947
3|5|3|8,1,2.0323802608019848
9|7|3|7,1,9.999125085467035
17|4|4|7,1,4.620464999999999
13|5|0|3,1,-3.1484999981954487
3|9|0|11,1,5.608050616224982
12|6|2|10,1,11.230502117303608
2|6|2|10,1,11.063431707473015
6|7|2|11,1,13.507643051910726
6|7|2|11,4,3.856296254205154
2|7|0|11,1,9.751232162843076
5|7|2|12,1,0.8250000000000001
12|3|3|11,1,9.895466166517153
16|5|1|9,1,7.70600377504234
5|4|4|12,1,5.320938890443928
10|6|1|3,7,-9.04210514363384
10|6|1|2,1,-7.78524673156848
14|5|0|5,1,-4.7257755248615725
2|4|4|10,1,7.885402524725462
3|8|3|11,1,9.139876472519054
8|7|1|10,1,12.73608168123414
8|7|1|10,2,3.866825103597158
6|7|3|7,1,1.3587702361630656
3|9|2|9,1,3.980561531889766
9|5|3|12,1,0.585
14|3|3|11,1,0.345
17|3|1|10,1,1.8740042638892251
20|2|2|9,1,8.800754747558258
7|6|5|8,1,11.347959069966855
6|6|2|12,1,5.053736661700102
17|5|0|3,1,4.306139999999997
16|1|1|9,1,8.121980794276626
16|4|4|4,1,11.884899468523747
11|5|0|1,1,-4.5
10|3|3|12,1,1.752059830393172
14|5|3|10,1,2.5449402668270436
7|10|2|9,1,8.727995364349933
7|10|2|9,7,-1.8152721544173618
12|5|4|5,1,6.166096975223423
12|6|4|6,1,10.607595074534016
12|6|4|6,4,1.1918866874999998
9|7|3|10,1,10.51128189636606
4|6|2|12,1,13.087937907882395
4|6|2|12,3,2.1679445912559303
10|2|2|12,1,1.068990744837403
7|8|1|11,2,0.10500000000000001
8|8|1|10,1,11.447407278849596
18|6|1|2,1,3.5549999999999993
7|6|6|10,1,3.301088830218315
10|6|3|11,1,1.3504503376332861
10|6|3|11,2,0.345
19|4|2|7,1,10.410715192210127
9|6|1|11,1,8.436031788954264
5|9|3|10,1,9.038855207551329
9|6|3|10,1,12.621389510668703
9|6|3|10,6,0.3962181489413602
14|7|1|8,1,9.861555125076418
10|5|4|3,1,-6.5640573181295805
12|6|4|9,1,7.6792301614967915
6|7|4|11,1,4.68318962213413
14|5|1|9,1,11.429274173922352
1|8|2|12,1,13.613690999188773
5|4|0|11,1,11.525599139250541
11|7|3|6,1,10.936882186131575
11|6|3|11,1,0.803325
6|9|2|9,1,12.300439319537697
6|9|2|9,2,1.350641404290521
3|9|1|9,1,4.1076929184758635
6|9|2|10,1,9.911425426523243
6|9|2|10,6,-0.024402381803036378
11|5|2|11,1,6.035874516127464
11|5|2|11,7,0.4206696476484222
4|7|4|11,1,12.45151338283937
3|10|1|12,1,1.185
13|5|2|11,1,1.1332571698125
13|5|2|11,4,0.4418505916489103
18|2|2|10,1,3.94578131544329
8|6|1|11,1,7.129650353958243
8|6|1|11,7,0.4973826134349828
16|5|0|3,1,-7.224664010875612
17|5|0|1,1,-11.3985
17|5|0|1,5,-4.5
17|5|0|1,7,-4.5
17|5|0|1,4,-4.5
3|8|2|9,1,3.9094885251400777
13|5|0|6,1,0.5393016058331208
5|9|1|10,1,12.268917979082184
5|9|1|10,2,0.10500000000000001
14|7|1|6,1,8.041007943748491
9|5|5|7,1,10.027540618495395
5|8|0|9,1,10.965956704243625
5|9|1|7,1,-0.764598411406775
11|7|3|7,3,6.682075485654864
12|7|3|6,1,10.299095384670718
12|7|3|6,3,-3.015
12|7|3|6,7,-1.8939133121284157
13|7|1|9,1,3.786149213056499
9|5|4|2,1,-3.517488330075
6|6|1|3,1,-2.798515642631625
15|4|0|5,1,-0.462190023154077
10|6|4|6,1,6.581369992445088
8|9|1|8,1,9.015983499164811
3|7|2|12,1,13.259066212021533
3|7|2|12,5,-0.09362724979183028
19|1|1|9,1,8.285263790466098
7|7|4|9,1,11.46772939347006
7|7|4|9,3,3.6239425727915773
12|8|2|8,1,8.276319042963724
14|7|2|2,1,-3.4499999999999993
22|2|0|6,1,8.52728249999919
22|2|0|6,5,-0.09375010721971523
22|2|0|6,3,-0.09375000103884208
3|6|3|9,1,1.8171321450375064
22|2|0|7,1,3.074999999941573
13|5|5|8,1,8.463368302412485
1|11|1|12,1,5.7929401887910466
9|5|1|11,1,11.152432766302903
14|2|1|10,1,9.704363531590005
5|7|3|12,1,1.1534594728836847
10|6|2|1,1,-4.5
4|12|2|10,1,2.3774944236689035
8|6|5|8,1,11.51275600698874
4|6|4|8,1,3.263109693239214
16|6|1|4,1,11.563266791876474
14|7|1|7,1,10.568951275555657
13|7|2|3,5,-6.108749908737824
13|7|2|2,1,-5.864999775847286
17|6|1|4,1,11.235060146047497
2|9|2|11,1,11.059615081764766
12|7|3|2,1,-3.4491809902358472
6|7|1|11,1,13.046080229399006
6|7|1|11,3,-0.3632733455972533
6|4|0|8,1,-0.8615500926986521
18|5|2|5,1,11.339062083083983
6|4|0|10,1,6.979504293799449
10|6|5|7,1,6.720708187079194
2|6|5|11,1,4.0484608129355495
5|9|4|10,7,-3.015
5|9|4|9,1,4.261257787323072
7|7|2|7,1,8.415309551666107
7|7|2|7,6,-2.4912005563454485
12|7|2|4,1,-2.7070334915455523
8|3|1|12,1,6.343598292842285
4|10|1|11,1,7.601661545326786
4|7|4|12,1,1.4915410510362015
6|6|4|8,1,10.9961148978408
6|6|4|8,6,-3.015
11|8|1|7,1,8.102519135503716
3|5|4|8,1,2.3100326867943695
2|5|0|10,1,4.457724646699047
2|11|1|12,1,1.3050000000000002
13|4|2|11,1,3.7485393862147136
13|4|2|11,3,1.3747724637657515
3|8|0|11,1,9.444232170982499
7|2|1|12,1,10.064311820853304
7|2|1|12,4,2.7927279037349106
7|2|1|12,3,3.346813989277709
6|7|2|12,1,0.9917250000000002
4|8|3|11,7,-6.3284648220909725
4|8|3|10,4,7.061273540460091
7|7|0|10,1,3.6712684256092505
14|5|4|8,1,7.432909545730596
13|7|1|6,1,11.066037922415394
13|7|1|6,2,1.8709755229543548
10|7|2|6,1,5.305971415451466
1|5|1|10,1,2.7396539094133767
20|1|1|9,1,5.995341364988505
9|8|3|6,1,4.125094443505415
13|6|2|9,1,11.955927272686417
10|8|2|7,1,11.047521442124417
10|7|3|9,1,12.619819434592554
10|7|3|9,4,0.343224176971176
9|5|3|2,1,-7.643334635287961
7|8|1|7,1,-0.9601486675700611
2|10|1|12,1,8.671151465627203
12|4|3|11,1,5.3645691677163825
19|4|1|9,1,0.46499999999999997
23|1|1|8,1,8.518557133271669
6|6|4|11,1,12.122059099222128
6|6|4|11,6,0.844637065098586
4|7|1|12,1,8.519928659415324
6|6|3|12,1,1.3027130646529432
7|7|0|8,1,3.434749436015275
4|6|6|11,5,-3.015
4|6|6|10,1,1.7126737451274385
6|7|4|8,1,7.037516512969177
8|6|3|3,1,-2.9130916297895295
3|6|0|12,1,11.838241080353
3|6|0|12,2,0.3070904305020967
8|6|4|7,1,11.63592212424263
7|8|3|8,1,4.134988783300242
15|6|2|9,1,0.705
21|2|2|8,1,9.653736927428124
23|2|0|7,1,9.999061251966236
23|2|0|7,2,-0.1650000000005667
23|2|0|7,7,-0.16500000000000073
9|4|4|3,1,-6.721599068998225
10|7|3|6,1,12.781184293503207
15|6|2|3,1,-7.959853700529645
2|7|3|12,1,13.090741265647976
4|5|0|12,1,7.669466549161796
4|8|1|9,1,12.623057812024795
4|8|1|9,4,-1.491998350512196
6|5|5|8,1,4.1026062976252
7|10|1|10,1,7.08944065555082
14|6|3|8,1,11.247469895539762
14|6|3|8,2,2.5914112985589144
14|5|2|11,1,0.585
19|2|2|10,1,0.22499999999999998
21|2|1|9,1,5.108182105409703
17|5|2|8,1,11.013738854280474
17|5|2|8,4,0.20270652295310346
19|5|0|7,1,3.4349999999999326
1|8|1|11,1,8.46745643735598
4|9|1|9,1,11.18303876016932
18|4|0|1,1,-7.65
12|5|4|10,1,2.929718867290467
8|6|6|9,1,6.1596594657227275
3|11|4|11,1,0.38687421483581497
13|7|2|5,1,10.311343945034306
8|7|5|11,1,0.8250000000000001
15|5|2|10,3,0.10500000000000001
16|5|2|9,1,6.790846011347947
4|8|2|9,1,12.40824788978615
11|9|2|9,6,-3.985883081762669
11|9|2|8,1,8.624372135219001
20|3|0|5,1,3.152249999999999
2|8|4|12,1,5.6393104559405876
18|5|0|3,1,5.796749999999998
11|8|3|8,1,3.8897086975424537
16|4|2|10,1,6.6457991927733655
7|6|2|3,1,-6.096598491163157
7|6|4|11,1,8.867776093318712
3|7|4|11,1,6.759838163953427
3|7|4|11,6,-3.015
5|8|2|11,1,12.989359031777855
8|9|1|5,1,4.247072697815313
10|7|4|8,1,11.004101493694712
4|4|4|12,1,12.606579889590963
19|5|1|2,1,7.522649999999999
21|3|0|7,1,6.997049999999996
9|7|1|6,1,-0.8539406594413266
3|7|2|9,1,7.24867648098412
3|7|2|9,4,-3.015
9|9|1|9,1,6.448352829730081
9|7|3|11,1,4.0383823972779895
14|6|3|5,1,10.319978521069741
11|6|2|2,1,-10.917440473829103
12|7|4|6,1,3.9336376922338596
9|6|4|6,1,3.946504093836004
10|7|3|10,1,8.404907490663025
10|7|3|10,3,0.345
12|8|2|9,1,6.580864971084667
6|7|0|11,1,3.7791349821913753
8|9|5|10,1,1.065
17|5|1|9,1,5.549921744247796
4|4|0|12,1,6.193757652478999
11|8|2|9,1,10.844915552972711
15|6|2|4,1,10.586581947178741
15|6|2|4,5,-4.5375381180992145
15|6|2|4,7,-4.976351149501356
17|6|1|6,1,8.917476749999997
14|1|1|9,1,8.685180621358715
14|1|1|9,7,-0.4554005370370229
14|1|1|9,2,2.7716197747804414
1|8|3|12,1,2.7468383054477283
13|4|4|10,1,1.6524199857855386
17|4|1|9,1,9.771324054074086
5|9|2|9,1,12.712369613636563
10|7|4|7,1,6.8084901715522825
10|7|4|7,7,-3.015
16|3|1|10,1,5.725419221618375
5|6|0|12,1,3.286607700455667
6|8|1|11,1,9.943976650889347
17|5|1|8,1,10.72128929412118
8|9|2|11,1,1.065
17|4|2|10,1,0.46499999999999997
21|2|2|9,1,0.22499999999999998
23|2|0|8,1,3.0
7|8|4|10,1,3.9029465502599274
7|6|5|5,1,-1.7489372406632395
1|5|3|11,1,6.744755585154872
16|4|4|8,1,1.7352749999999997
20|4|1|7,1,9.749978549999998
9|5|2|12,1,0.585
14|2|2|11,1,3.715557626614181
2|8|0|12,1,11.071902297558266
2|8|0|12,2,-3.015
2|8|0|12,3,-1.8876404987106477
5|10|1|10,1,7.358754089348704
3|8|2|10,1,11.765012764780058
7|8|2|11,1,7.067193395036268
10|6|1|10,1,12.345845111331137
10|6|1|10,6,0.5422076240289769
3|7|0|12,1,10.858609560728318
6|8|2|11,1,11.267567927533737
6|8|2|11,2,0.7218209682006266
14|3|1|10,1,9.645489642478356
14|3|1|10,6,-0.032037656263826264
3|6|5|11,1,10.500598410789213
15|6|0|6,1,3.4330556249999984
5|8|3|10,1,9.425046821987165
5|8|3|10,6,0.016229228304170108
7|5|2|1,1,-4.5
13|7|3|7,1,8.40561881723946
7|5|3|5,1,-6.833010752029432
13|6|2|10,1,7.339554114186921
18|4|3|2,1,5.6351175819646215
3|7|3|12,1,8.820410210540869
4|4|3|6,1,-1.6035550092635076
4|6|3|9,1,11.584247374076934
4|6|5|11,1,8.014328934705743
10|5|4|11,1,1.462517578802718
9|8|3|9,1,12.778515360820315
8|8|3|7,1,8.82526708731405
10|6|5|8,1,5.512640897499443
8|4|2|12,1,2.7758469755005915
8|4|2|12,4,8.889211094193804
8|9|3|8,1,4.1373416504255625
10|7|4|4,1,-2.4533588391909738
8|8|3|9,1,10.184992939440953
16|5|4|6,1,0.585
21|4|0|5,1,8.82351
9|9|2|5,1,-0.012302546338593023
8|6|4|11,1,7.910865068022666
2|7|2|10,6,-5.476684719314332
2|7|2|9,1,5.927555797333623
14|7|2|3,1,-3.0224999999999986
8|7|2|6,1,-1.3903247163448222
6|9|1|11,1,3.7388898666489747
11|8|2|10,1,2.784126619865344
17|4|4|4,1,8.5764552123945
10|7|5|9,1,1.780215891183685
8|6|5|10,1,2.693470841522524
10|4|1|11,1,8.054746768228737
5|7|4|10,1,7.991658934602335
15|6|1|8,1,11.060102168481391
8|6|4|5,1,-2.1719487284787036
12|6|6|8,1,0.705
18|6|1|7,1,3.5549999999999993
5|5|0|10,1,9.346499508734865
5|5|0|10,5,-1.6700620734808014
5|8|4|12,1,1.3564881043701245
2|11|2|12,1,1.6930987571629865
16|3|3|10,1,6.18316323667791
16|3|3|10,3,0.22499999999999998
8|7|4|9,1,10.13220042712473
8|7|4|9,2,3.5601492803527406
16|6|2|7,1,9.739820474999997
4|6|0|12,1,8.028429739399902
15|5|3|9,1,9.319924223957111
20|3|2|8,1,10.282657265643524
9|7|5|9,1,3.3703308924504385
8|8|3|6,1,4.23176064000397
12|8|1|8,1,3.6440747881497466
3|9|3|11,1,6.4696523482047255
8|7|2|5,1,-3.5526356391904237
17|4|0|5,1,7.220150872466389
11|7|3|5,1,3.892237133203354
5|9|1|9,1,11.716878304356056
8|7|4|10,1,12.425010863977933
9|7|3|6,1,4.41315922751869
3|4|4|8,1,1.2890688675873945
13|7|3|8,1,6.492177943594726
2|8|2|11,1,13.4136278398913
2|8|2|11,5,-3.015
2|8|0|11,1,6.0774015693004975
12|6|3|10,1,5.537913022214314
10|7|3|7,1,12.573943505192531
10|7|3|7,4,0.31120882436104225
12|8|3|8,1,3.938431693594727
7|9|2|8,1,4.0877000336793
18|5|2|3,1,11.126565839894997
14|7|2|8,1,3.746202620456539
12|5|0|8,1,3.7751624329294686
13|7|1|10,1,1.5344032209376472
4|8|3|8,1,3.8942451161121876
13|6|4|7,1,10.575598160705555
6|7|4|9,1,8.256888588100853
10|6|0|8,1,3.710445186915623
5|9|1|11,1,9.376384493703727
14|6|2|10,1,2.5878446110583346
7|7|1|11,1,7.042514904331158
14|5|1|10,1,1.8601693174343221
9|5|0|8,1,-0.4662448759228404
5|8|3|11,1,7.000352668586499
14|6|3|9,1,5.8400020839294475
14|7|1|5,1,7.890540060819998
14|7|1|5,6,-3.015
5|7|3|8,1,0.8795701728217985
5|7|3|8,7,-3.015
9|4|4|12,1,0.46499999999999997
13|4|3|11,1,1.0167564921554462
20|4|1|8,1,5.519712210750807
4|8|0|10,1,4.0773322501229945
1|6|5|12,1,6.823386919004594
10|8|4|8,1,4.0536356531808435
4|6|5|7,1,0.3445800243561984
20|3|0|6,1,3.152249999999999
12|7|3|9,1,9.898930285023951
8|8|2|11,1,1.8137856336806142
4|4|4|8,1,2.2960835109359614
3|6|6|11,1,6.847700679848707
15|1|1|9,1,7.4113334688593975
12|7|2|2,1,-3.4499999999852693
7|3|1|12,6,2.7925455882806087
6|7|1|12,1,0.8250000000000001
13|2|2|11,1,5.495158404540353
13|2|2|11,4,3.2503853469184483
11|6|1|3,1,-5.342243133626341
11|6|1|3,6,-6.142922538631273
4|8|0|11,1,6.365011199306677
7|4|4|12,1,1.23220127848508
7|4|4|12,5,0.17534640013936115
3|8|3|12,1,0.9450000000000001
11|5|4|11,1,2.156046290518849
16|5|4|10,1,0.585
21|4|0|9,1,3.0
2|3|0|6,1,0.14505830076562504
7|5|1|1,1,-4.5
9|3|3|12,1,4.130770069692158
19|4|2|8,1,6.988055491821669
5|5|0|7,1,-0.6778229736841643
16|6|2|5,1,7.9414874999999965
16|6|2|5,3,1.1181749999999997
16|6|2|5,4,-0.7776869614700185
7|10|3|9,1,4.372638031071171
20|5|0|4,1,3.0
7|6|1|12,1,3.2717854897190954
11|5|0|8,1,6.0596238899860975
7|6|4|12,1,1.1164881043701245
10|6|4|10,1,11.19048520187855
8|5|5|4,1,0.20156530214981258
9|5|5|10,1,8.457101512555662
9|5|5|10,5,0.67315151520409
15|7|2|5,1,6.368624999999998
2|9|2|12,1,2.6917639787211405
9|6|3|6,1,6.897049450260931
8|7|3|11,1,2.4989423650587526
16|5|0|4,1,7.589746124999998
12|1|1|10,1,7.436162873756195
12|1|1|10,7,-1.965228367561692
7|5|4|12,1,0.751725
9|6|6|8,1,3.505022374246313
5|5|2|2,1,-0.6974999999999998
13|7|3|9,1,3.7624278746193047
5|7|3|7,1,0.8816666902553884
1|7|3|11,1,4.293127343291643
15|5|0|4,1,1.8344241838354058
13|6|1|10,1,2.969528119827189
13|5|5|7,1,3.621858861173623
13|7|1|5,1,2.279551794232882
2|7|3|11,1,12.88067413075615
2|7|3|11,3,2.111609439794278
12|2|1|11,1,4.119280580981302
10|4|4|2,6,-4.297499999999999
4|5|5|11,1,11.79260965540493
8|6|1|2,1,-7.61440651014175
11|7|3|10,1,1.9257942318343912
1|6|2|11,1,7.509016147908179
1|6|2|11,6,-3.015
17|5|3|8,1,3.2707031714999997
7|5|5|8,1,12.151260126706244
9|5|4|11,1,8.173781431867667
9|5|4|11,7,0.5421438785634185
9|5|4|11,2,3.7603700416485895
4|10|1|10,1,7.313728593340463
6|9|0|8,1,3.765378947433763
1|7|0|10,1,2.998136013439034
9|8|2|10,1,6.641161149546745
9|6|2|1,1,-7.65
9|6|5|10,1,3.952785726018778
14|5|5|5,1,1.6038222749999997
5|6|0|11,1,3.7650666997975755
9|7|4|8,1,6.858501472018465
7|6|5|10,1,9.734090879043688
11|6|4|7,1,12.760068043285955
7|8|3|10,1,10.487799987572513
11|2|1|11,1,6.740821805903817
7|8|3|11,1,3.4374561254462552
11|5|5|10,1,2.7431598920862363
2|7|5|12,1,0.8250000000000001
9|6|3|11,1,5.616371751183543
15|4|3|10,1,3.4864090551653484
19|3|3|9,1,0.345
22|3|0|8,1,3.0
5|6|6|9,1,4.211993177839516
13|8|1|8,1,3.673055624887559
10|8|1|9,1,9.587108249637865
7|7|4|8,1,8.92674795083045
6|5|3|12,1,9.508876277891732
14|6|4|7,1,6.306912044793068
5|9|2|11,5,1.0355326742024422
19|4|0|4,1,9.074276474999998
6|7|0|10,1,6.38078745307636
4|7|4|9,1,7.209732849159552
17|6|2|4,1,7.785449999999998
7|5|5|7,1,0.32947555018350877
10|8|3|8,1,8.691609411045851
16|6|0|5,1,3.471637499999998
5|6|6|11,1,3.412795253308606
10|6|5|5,1,0.7805300758799684
11|6|0|3,1,-2.914499996315661
13|7|1|8,1,10.4949666346845
6|8|3|9,1,10.629195286479776
1|8|0|11,1,7.300709406599898
5|9|2|8,1,4.357967995826621
12|5|5|5,1,6.65709373731103
6|8|4|10,1,2.36738393329273
5|10|2|9,1,4.306304347226171
6|10|1|9,1,4.207669251493844
13|1|1|10,1,1.10468508894171
5|10|2|10,2,2.2533086692595568
7|10|1|9,1,4.15991894098553
16|6|1|8,1,3.471637499999998
7|8|1|3,1,-2.865103317370671
12|6|1|10,1,3.282991434342841
11|6|5|7,1,3.9215402566279436
3|10|2|11,1,7.4592969365287285
10|7|2|4,1,-2.672884753294411
1|8|4|12,1,4.3032226066245665
12|8|2|6,1,3.787072853455446
2|6|4|11,1,4.168147666075508
3|7|3|10,1,12.240647507545544
3|7|3|10,4,-3.015
5|6|0|9,1,4.04732094891286
16|6|2|9,1,3.2042390557284275
8|8|1|9,1,12.734065529049296
10|5|4|4,1,-5.704070193839548
6|5|5|11,1,9.798612211758504
15|7|2|7,1,3.6322499999999986
8|5|5|6,1,-0.8587105497202844
4|6|2|4,1,-1.2752611152488937
9|8|1|7,1,6.793564823858313
18|5|2|8,1,5.757880255036154
9|9|2|8,1,6.694593508932108
18|5|0|5,1,3.3922499999999984
18|5|0|5,2,-3.015
15|5|4|2,1,-3.5692418310525
8|4|3|12,1,6.3754846314404805
14|6|0|3,1,-3.256499999999999
3|9|3|10,1,4.334313464856883
5|7|0|11,1,5.130481176067846
15|3|1|10,1,6.159866831107635
10|7|2|5,1,-3.0924638920627006
4|9|0|7,1,1.780486700281305
6|5|0|7,1,-1.1206342373378644
6|5|0|8,4,-3.198644874830804
4|5|5|12,1,4.215502026414201
15|6|3|7,1,6.358424999999999
14|5|0|3,1,-3.1484999999999985
8|4|1|12,1,6.435710392457995
3|6|0|8,1,0.5845425931633224
12|7|3|5,1,6.675783686116517
9|2|1|12,1,4.288804501005801
5|10|1|11,1,1.185
15|1|1|10,1,1.6808851346952405
8|6|3|4,1,-2.4552477627918905
4|4|4|7,1,-1.3802831979783878
10|5|1|11,1,3.994164568968446
15|5|4|4,1,8.178006575584265
3|7|4|12,1,4.678017364011364
10|6|1|11,1,4.442401252252674
11|7|2|11,1,0.8250000000000001
18|3|2|10,1,1.838052930252039
12|7|4|8,1,0.914088836627649
10|5|5|10,1,6.02177871336024
6|5|5|12,1,0.9299136612997307
6|6|2|5,1,-2.2737992055740954
7|6|3|12,1,1.022448228967875
7|6|5|7,1,3.8683450161578357
7|5|3|12,1,7.3831979340012115
17|4|4|5,1,4.2669299999999994
4|10|2|11,1,4.190069110974694
10|6|2|2,1,-8.943908399262684
7|5|5|11,1,3.53725071147055
1|6|2|10,1,3.953001917340139
10|8|2|10,1,6.613454314857491
5|1|1|4,1,0.27571036875
3|7|3|9,1,2.9217320947346215
5|5|4|8,1,7.728658837266999
13|6|4|9,1,1.5132601424999998
5|5|0|11,7,-1.719216775769751
7|9|3|10,1,4.311971567030894
2|7|5|11,1,4.257143638275323
18|6|0|5,1,3.5549999999999993
10|7|4|6,1,4.0149656352137
7|5|5|6,1,0.5085925519492454
11|5|5|6,1,8.526607302538316
2|5|5|11,1,7.2171114575691355
2|5|5|11,5,-3.015
9|5|5|6,1,5.641094355248661
9|8|2|6,1,-1.680467379957246
6|6|4|7,1,1.8312767840404525
10|10|2|8,1,4.0270571772403745
11|8|2|7,1,6.511639249398009
18|1|1|9,1,4.938613439348746
15|6|4|3,1,2.57745
7|9|1|10,1,4.016867180658743
7|9|1|10,3,2.032226920229192
13|5|5|6,1,8.340153014635076
9|9|1|8,1,4.141371760387391
2|12|1|11,1,4.578711633717607
8|5|5|7,1,7.474955824709722
18|5|0|4,1,5.809574999999998
11|6|4|10,1,4.776123569014805
4|8|4|11,1,3.795164594086979
10|9|1|8,1,6.678247907426531
8|9|2|7,1,6.877675941824707
5|7|4|12,1,3.2954066829159068
18|3|3|9,1,1.3083416635299825
10|3|2|12,7,0.27482363157055917
8|5|0|10,1,5.730347965629695
3|10|2|10,1,4.451006602905564
17|5|3|2,1,3.4349924425670886
17|5|2|9,5,-0.2970539774921156
16|6|0|2,1,-3.5699999999999994
11|4|1|11,1,7.7889740110762915
17|6|1|3,1,5.970824999999998
12|8|1|7,1,6.43400456258004
6|10|2|9,3,2.223086566292655
7|10|2|8,1,9.152763330994668
3|5|5|9,1,4.299680696086609
12|8|1|6,1,3.7874825818240163
10|8|3|5,7,-3.015
10|8|3|4,1,-2.4843927453891035
7|9|1|9,1,8.858036399175665
8|9|3|10,1,6.61902699142566
10|9|3|7,1,4.167937496404925
17|4|4|3,1,2.630715
8|9|2|9,1,4.1012341278523055
5|7|0|10,1,3.685739174490665
5|10|2|11,1,9.140912501765927
4|9|3|11,1,4.05474977015714
13|7|3|10,1,0.8250000000000001
20|3|1|9,1,2.050069822740784
9|8|1|9,1,9.996195117610625
3|9|2|12,1,5.953500690444447
7|6|6|9,1,4.079070038505877
16|4|0|5,1,1.353777756339042
8|8|3|10,1,6.59631339789659
11|6|1|2,1,-6.068932093569663
14|7|2|7,1,3.705637499999998
3|5|5|12,4,1.2690905262183936
3|5|5|12,1,6.868211050876145
10|7|4|9,1,3.4739112011121924
11|6|2|1,1,-7.65
14|5|4|9,1,2.97684288155693
6|7|0|9,1,9.767938348522467
6|8|0|9,1,4.031774486450289
20|4|0|6,1,7.259849999999998
4|4|0|7,1,-1.5049210420836767
19|4|0|5,1,3.3149999999999995
12|5|5|6,1,10.152994188274166
6|7|5|11,1,3.964037322183035
13|6|4|5,1,6.523796231115041
2|9|1|10,1,7.4136496298139605
11|3|2|12,1,0.6481482270565714
6|5|4|12,1,1.570021402118751
9|7|4|6,1,4.117397059315159
13|7|3|6,1,6.493400972668674
15|7|1|6,1,3.5916374999999983
2|8|3|12,1,7.3339197338100215
18|4|0|6,1,3.2316374999999984
18|4|0|6,3,-3.015
7|6|2|12,1,0.8717250000000001
1|10|1|11,1,4.287920137960324
11|8|1|9,1,3.7464070214155125
4|8|0|9,6,-3.015
4|8|0|8,1,4.412458971349828
8|4|4|2,1,-0.8174999999999999
6|5|2|4,1,-4.62633979381733
3|12|1|11,1,4.4728606318603195
11|7|4|9,1,0.8250000000000001
18|5|1|8,1,3.3922499999996707
9|9|2|10,1,6.518636160922504
9|8|1|10,1,5.730215030282958
8|5|0|7,1,1.8939508847146174
12|6|2|11,1,1.8399899244020879
11|6|5|8,1,3.925946174872913
2|6|1|6,1,-1.3436761920803273
6|8|3|11,1,2.0390688298513404
13|6|3|10,1,4.925425968822218
12|7|2|10,1,6.112812017337355
6|4|0|11,1,2.92998727535442
17|4|3|10,1,0.46499999999999997
21|3|1|9,1,1.1999999999999997
9|3|2|12,1,2.993357490878283
7|7|4|11,1,3.8040839344127058
7|4|4|3,1,0.46499999999999997
11|8|1|2,1,-3.329999999999999
19|6|0|4,1,3.0
7|9|2|9,1,4.205613903836415
2|9|3|12,4,-3.874275
2|9|0|12,1,7.191488562247441
16|5|0|6,1,3.465637499999999
10|6|6|8,1,3.240510836249999
9|9|2|9,1,7.085073103610281
13|5|5|5,1,0.585
18|6|1|4,1,3.5549999999999993
13|8|2|6,1,3.8662499999999986
18|5|2|6,2,0.22499999999999998
20|5|0|5,1,3.0
7|8|0|8,1,3.2995549970083253
5|8|1|12,1,4.028501708913124
8|8|0|8,1,4.120634610371965
4|8|3|12,1,6.947773083242407
1|9|0|11,1,3.7409980533600025
6|10|1|10,1,4.175867021436186
4|7|3|12,1,2.399101391155158
10|6|5|9,1,3.8938214611087556
8|5|0|8,5,-3.7110227081230835
10|5|0|7,1,-0.8439004417332443
17|6|0|4,1,3.5122499999999985
4|7|5|11,1,4.333778195528834
15|4|0|6,1,1.3024746297589866
11|5|1|1,1,-4.5
17|4|3|9,1,4.219660792068499
15|2|1|10,1,0.22499999999999998
15|2|1|10,5,5.107715339866665
17|1|1|9,1,4.923245885952005
10|8|3|10,1,3.9866575417427876
7|9|1|8,1,7.181201173360856
5|6|4|7,1,-0.29927677105165645
9|8|3|7,1,4.030861831970278
14|7|3|8,1,3.8602499107787267
2|8|4|11,1,4.410907484394251
4|9|2|11,5,-1.3499603027553062
4|9|2|11,2,5.7426089493969865
5|6|3|6,1,-1.0262278988137898
14|8|1|9,1,3.7032779192640817
11|6|0|8,1,3.6333523168964024
17|4|4|6,1,3.973665
8|2|1|12,1,3.2060082927202047
16|4|4|9,1,1.3629504038775
15|6|3|4,1,3.7402499999999987
2|5|5|10,1,3.5490755709984034
16|2|1|10,1,2.9895840945310788
7|6|5|11,1,3.947236257242724
11|7|4|7,1,4.041937499999964
21|4|0|7,5,-1.9423350000000008
8|9|2|8,1,4.028059780900118
13|7|3|5,1,3.8196375000368263
15|7|1|7,1,3.5916374999999983
8|8|1|11,1,1.662803709950095
2|9|5|11,1,4.563514176404024
7|1|1|12,1,2.499946200876973
9|9|3|9,1,4.130313100140066
16|4|0|4,1,-3.084674998721354
16|7|1|3,1,3.6322499999999986
8|9|3|9,1,4.106824335682762
8|8|3|11,1,2.5034592319934545
11|6|1|10,1,4.569023076441205
10|8|1|10,1,3.7809784136473286
16|6|3|6,1,3.5549999999999327
11|3|1|11,1,3.3991435142154396
9|8|3|10,1,2.9432654016889375
3|7|2|8,1,-0.5995257787164109
10|8|1|6,1,3.8708022392910557
13|5|1|10,1,3.506159016356117
3|11|1|10,1,4.558854139804546
3|10|1|10,1,7.584148824827086
8|6|5|7,1,1.2271105673650116
7|11|2|10,1,4.223922164574346
4|7|0|12,1,4.098148413354475
7|9|1|7,1,2.884976899120805
18|4|0|5,1,3.2316374999999984
3|8|4|11,1,4.373504826597593
8|8|2|6,1,-0.04321647439993881
1|10|2|12,1,4.337526908033609
6|9|2|11,1,4.186760492542741
8|9|3|7,1,4.181915894615653
14|7|1|4,1,-2.838674995849531
4|7|3|9,1,8.01117447352839
8|6|6|8,1,4.057107500254062
5|9|5|10,1,4.073059485412885
10|6|4|11,1,0.705
16|5|1|10,1,1.1883560577862498
3|8|0|12,1,4.1152281554099375
9|7|4|10,1,3.949590702540496
9|9|2|6,1,4.135143138807672
6|5|0|11,6,-0.848015110006763
8|8|3|8,6,-1.0670908715406107
7|9|3|9,1,4.226990433221894
7|6|2|2,1,-3.067050525
7|7|2|12,1,0.8250000000000001
14|5|1|11,1,0.585
19|2|1|10,1,0.22499999999999998
21|1|1|9,1,2.867541305439399
5|7|4|11,1,4.151689147144069
8|5|1|2,1,-2.2236749999999996
7|5|2|3,1,-2.7972856898161695
14|6|4|6,1,3.8542499999077684
14|8|1|6,1,3.7116374999999984
9|5|0|9,1,5.535975554937684
4|7|0|8,1,0.48533618128994527
5|6|0|10,1,3.5320280689708947
7|5|0|8,1,0.28179808327277045
3|8|5|10,1,4.557618070530944
1|11|0|12,1,4.53695730159798
19|4|0|6,1,3.3149999999999995
2|9|0|11,1,4.021025430502926
16|6|2|8,1,3.6262499999999984
6|8|2|7,1,4.262133735663086
5|10|1|9,1,4.4562725696024446
6|5|1|1,1,-4.5
17|5|0|7,1,3.351637499999998
2|8|2|10,1,4.120517217773412
2|7|4|11,1,7.5824950418486186
13|8|1|9,1,3.673044534232127
18|5|0|2,1,-3.6899999999999995
4|12|1|10,1,4.391386904446585
5|6|4|12,1,1.7529811967492601
8|5|4|12,1,1.8818372858159904
2|5|5|12,1,4.256421551401245
1|9|2|12,1,7.556129608811724
6|4|4|5,1,-0.9646616137041231
13|8|2|7,1,3.825637500001039
3|7|4|10,1,4.187240201046828
1|5|5|12,1,4.364133730914555
14|1|1|10,1,2.2889857260794595
2|7|4|12,1,2.991567729702037
7|9|1|11,1,2.4447833233615888
9|9|1|10,1,3.9009784136473287
10|9|1|9,1,3.8651698278319007
17|6|1|1,1,-4.5
10|8|2|6,1,6.618335414995337
11|6|5|9,1,3.6268348572949725
11|5|0|7,7,-5.17063353773249
11|5|0|6,1,-2.092921133725921
14|5|5|8,1,1.5410309478999749
12|3|1|11,1,3.3565317488945023
7|6|4|6,1,-0.9366674582581704
2|8|3|11,1,4.507056712942056
15|5|0|6,1,3.427062529856974
6|11|3|11,1,2.1683754910293147
10|7|3|11,1,2.1859520460179773
6|6|5|8,1,4.177837301264731
6|9|0|9,1,4.054790896584344
1|6|3|11,1,4.183131630930935
19|4|0|3,1,3.3149999999999995
7|9|3|7,1,1.57889363405096
5|9|0|9,5,-3.015
5|9|0|8,1,3.9142321324073164
8|5|0|9,1,3.2731213978042932
19|3|0|1,1,-4.5
17|7|1|4,1,3.6749999999999994
14|5|0|6,1,3.390410401459818
16|6|1|9,1,3.469630364665304
10|7|5|8,1,4.011970060721833
2|11|1|11,1,4.604276808235076
