state,action,q_value
1|2|1|10,1,9.735307614259145
1|2|1|10,4,-4.034446295400462
1|2|1|10,7,-2.8852607149863347
1|2|1|10,2,6.2123338667532035
1|2|1|10,3,-3.472404535266543
1|2|1|10,5,-3.3046146975834296
1|2|1|10,6,-3.074402082730446
3|3|1|9,2,8.56875807922764
3|3|1|9,4,0.8084329691097739
3|3|1|9,6,-2.935564360876582
3|3|1|9,3,8.037633481254733
3|3|1|9,5,-2.5410137423948442
3|3|1|9,1,10.288183846325431
3|3|1|9,7,-2.069937733433002
4|3|1|8,6,-4.8739447968128005
4|3|1|8,7,-4.187011524013232
4|3|1|8,5,-4.350850715610066
4|3|1|8,1,5.7501343367745115
4|3|1|8,3,5.575717504023839
4|3|1|8,4,-1.672137006679939
4|3|1|8,2,8.05366258151012
4|3|1|7,6,-8.677305292552521
4|3|1|7,4,-7.5720998220013325
4|3|1|7,2,1.8166888004879655
4|3|1|7,5,-8.621386834912766
4|3|1|7,7,-9.245372204009293
4|3|1|7,1,8.258781291568374
4|3|1|7,3,-0.22995748771551083
4|3|1|6,1,1.572493856448439
4|3|1|6,3,-3.4192818097489464
4|3|1|6,4,-4.759323887494506
4|3|1|6,5,-7.588604255911811
4|3|1|6,2,-3.1991039311751215
4|3|1|6,6,-6.6333367131676155
4|3|1|6,7,-4.5284133730148675
7|1|1|5,1,-6.982665736686473
7|1|1|5,3,-7.1365205661447995
7|1|1|5,2,-7.232905394978832
7|1|1|5,6,-17.220618055698516
7|1|1|5,7,-15.036407924052934
7|1|1|5,5,-10.696549194024515
7|1|1|5,4,-7.0491392729838385
8|1|1|4,2,-9.20804164509851
8|1|1|4,4,-9.18088281199443
8|1|1|4,3,-9.226367504998462
8|1|1|4,7,-13.045537232668035
8|1|1|4,1,-8.72472406734829
8|1|1|4,5,-14.711853475114038
8|1|1|4,6,-18.135050676241843
9|1|1|3,5,-18.01882646765558
9|1|1|3,7,-17.95572764516592
9|1|1|3,1,-10.80581007635878
9|1|1|3,6,-17.07752593482274
9|1|1|3,2,-11.02307251552888
9|1|1|3,4,-11.033380268423755
9|1|1|3,3,-11.02078042659227
9|1|1|2,2,-12.791451376647634
9|1|1|2,5,-15.94557681
9|1|1|2,4,-12.7826100640915
9|1|1|2,6,-14.8847175
9|1|1|2,3,-12.799323306281469
9|1|1|2,1,-11.424922752980269
9|1|1|2,7,-15.39255105
10|2|1|1,6,-14.988031160055359
10|2|1|1,7,-14.988031160055359
10|2|1|1,5,-14.991621812038751
10|2|1|1,1,-14.991621812038751
10|2|1|1,2,-14.991621812038751
10|2|1|1,3,-14.991621812038751
10|2|1|1,4,-14.991621812038751
1|1|1|10,2,7.2264230530426365
1|1|1|10,7,-5.9144937110372195
1|1|1|10,6,-4.780550633414686
1|1|1|10,1,5.8112065898593235
1|1|1|10,4,-5.837322141504554
1|1|1|10,3,-5.906730600581112
1|1|1|10,5,-5.843645692553274
2|2|1|9,3,-3.5930121164982163
2|2|1|9,1,7.186210932453258
2|2|1|9,5,-6.7406554303194515
2|2|1|9,4,-5.177324098390065
2|2|1|9,6,-5.491336274496507
2|2|1|9,7,-5.097019976783541
2|2|1|9,2,5.863467811262556
2|2|1|8,1,6.678444314201629
2|2|1|8,5,-8.739111473186039
2|2|1|8,3,-2.0197198914829415
2|2|1|8,6,-8.727157297629361
2|2|1|8,2,2.7445377518918725
2|2|1|8,7,-9.132356112264883
2|2|1|8,4,-9.475984352137125
4|2|1|7,2,3.1860675871575865
4|2|1|7,6,-11.286352082102118
4|2|1|7,5,-11.401633489395767
4|2|1|7,1,1.2137783245069351
4|2|1|7,7,-10.781189719136806
4|2|1|7,4,-8.566237715680588
4|2|1|7,3,-1.2578007180201178
5|2|2|6,3,-3.7641938397678567
5|2|2|6,7,-13.791128998886157
5|2|2|6,5,-10.286312664409854
5|2|2|6,1,1.244816010137847
5|2|2|6,2,-1.537025704152557
5|2|2|6,6,-14.11766412054427
5|2|2|6,4,-6.136090677734984
6|2|2|5,2,-5.616114199644863
6|2|2|5,4,-9.780972931254174
6|2|2|5,6,-11.420619493433131
6|2|2|5,3,-8.113633303500329
6|2|2|5,1,-5.2434971781401964
6|2|2|5,7,-10.686967500079067
6|2|2|5,5,-12.954400743648964
8|2|2|4,3,-10.844155840116112
8|2|2|4,5,-15.909184797848104
8|2|2|4,1,-5.268096669677091
8|2|2|4,4,-8.173587743127198
8|2|2|4,7,-14.452126108223698
8|2|2|4,2,-8.066367160799997
8|2|2|4,6,-17.51427193604906
9|2|2|3,4,-13.262648704547402
9|2|2|3,1,-9.869965546783485
9|2|2|3,3,-10.34798812048132
9|2|2|3,6,-16.269454768793327
9|2|2|3,2,-9.869968307634316
9|2|2|3,7,-18.013723614701334
9|2|2|3,5,-15.186860510878404
9|2|2|2,7,-12.755790000000001
9|2|2|2,1,-12.166803121511384
9|2|2|2,6,-13.589280000000002
9|2|2|2,3,-14.258380398499263
9|2|2|2,5,-15.3133695
9|2|2|2,4,-13.425277009732502
9|2|2|2,2,-12.26385782389734
9|2|2|1,3,-14.394695895
9|2|2|1,7,-14.13527985
9|2|2|1,2,-14.394695895
9|2|2|1,4,-14.394695895
9|2|2|1,6,-14.13527985
9|2|2|1,5,-14.13527985
9|2|2|1,1,-14.394695895
1|1|1|9,1,1.9238871569750282
1|1|1|9,4,-9.078670199382305
1|1|1|9,3,-8.619428463958993
1|1|1|9,6,-8.67915505596296
1|1|1|9,5,-8.823919797770566
1|1|1|9,7,-8.581043925775306
1|1|1|9,2,4.012556363669346
2|2|1|7,3,-4.24731587555954
2|2|1|7,7,-6.382179913526288
2|2|1|7,6,-7.753395683775961
2|2|1|7,1,1.9926145226929197
2|2|1|7,4,-8.38719957454988
2|2|1|7,2,-2.59384599394829
2|2|1|7,5,-8.46103336546986
2|2|1|6,5,-3.015
2|2|1|6,2,-0.46931312161057914
2|2|1|6,1,0.3201661151773719
2|2|1|6,7,-7.36886854485
2|2|1|6,4,-6.146505896175
2|2|1|6,3,-0.03893618111189656
2|2|1|6,6,-7.199292829500001
2|2|1|5,3,-5.013830808
2|2|1|5,5,-3.82905
2|2|1|5,1,1.717427176930395
2|2|1|5,7,-6.417385758
2|2|1|5,6,-4.962857508000001
2|2|1|5,2,-0.006470977499999975
2|2|1|5,4,-5.001707700000001
2|2|1|4,6,-5.15492325
2|2|1|4,2,0.1725
2|2|1|4,3,-2.7739872750000005
2|2|1|4,5,-4.6186785
2|2|1|4,4,-3.90504825
2|2|1|4,7,-5.159092725000001
2|2|1|4,1,0.4135896
2|2|1|3,6,-5.9395500000000006
2|2|1|3,7,-3.296475
2|2|1|3,1,-0.45405000000000006
2|2|1|3,2,0.14508225000000008
2|2|1|3,5,-3.296475
2|2|1|2,3,-3.015
2|2|1|2,2,-1.0424999999999998
2|2|1|2,4,-4.23
2|2|1|2,6,-4.23
2|2|1|1,7,-4.5
2|2|1|1,5,-4.5
2|2|1|1,3,-4.5
2|2|1|1,4,-4.5
3|5|1|10,1,10.977797451847612
3|5|1|10,7,0.26101960324460627
3|5|1|10,6,0.33357958971162166
3|5|1|10,2,5.356114285183173
3|5|1|10,4,0.19938561482561248
3|5|1|10,3,3.4468287605337076
3|5|1|10,5,0.29004494154917176
8|3|1|9,4,2.5332995482931135
8|3|1|9,3,7.954189708156965
8|3|1|9,6,-0.34348870681347365
8|3|1|9,5,-0.33274285449021246
9|3|1|8,3,6.92266539548505
9|3|1|8,7,-1.1203342929857014
9|3|1|8,6,-0.7021161374933227
9|3|1|8,4,1.7448311529778155
9|3|1|8,5,1.8182112805111645
9|3|1|8,1,6.55095801802274
9|3|1|8,2,9.576970997328868
10|3|1|7,3,9.850965339657888
10|3|1|7,7,-0.8938621147747765
10|3|1|7,4,2.197815528647067
10|3|1|7,1,9.818046897199798
10|3|1|7,2,9.990226979362136
10|3|1|7,6,-0.7275734494522835
10|3|1|7,5,-0.8621535070643527
11|3|1|6,3,7.645700790017847
11|3|1|6,7,-0.6888248890503881
11|3|1|6,1,10.442507540493576
11|3|1|6,5,-0.6416108378230851
11|3|1|6,6,-0.6430098421478055
11|3|1|6,4,-0.6492724526749792
11|3|1|6,2,10.300603820339115
11|3|1|5,6,-0.949803681566521
11|3|1|5,7,-0.7993439401282649
11|3|1|5,2,9.58605560758875
11|3|1|5,1,10.442500000000404
11|3|1|5,3,6.029559208228161
11|3|1|5,5,-0.7877612504871212
11|3|1|5,4,-0.7654578517206134
11|3|1|4,5,-0.7728575351672932
11|3|1|4,1,9.492423239553506
11|3|1|4,4,-0.9479036662851401
11|3|1|4,7,-1.05421940198313
11|3|1|4,3,8.57257539408152
11|3|1|4,6,-0.747713845394221
11|3|1|4,2,10.317499999999994
11|3|1|3,5,-13.647047010784636
11|3|1|3,6,-11.945721051827167
11|3|1|3,3,-5.726895730312153
11|3|1|3,2,8.5552606356603
11|3|1|3,4,-14.365702005383435
11|3|1|3,1,10.442500912195596
11|3|1|3,7,-15.022190399394088
11|3|1|2,2,-11.885228375901526
11|3|1|2,6,-20.299355195775117
11|3|1|2,4,-15.71002083683595
11|3|1|2,3,-12.3036863595
11|3|1|2,5,-17.434184805
11|3|1|2,7,-15.881553550549615
11|3|1|2,1,-11.674091770364203
12|3|0|1,3,-14.96510542290192
1|1|1|8,7,-8.494381887135367
1|1|1|8,1,-2.025931429799016
1|1|1|8,2,-0.8842683934075173
1|1|1|8,6,-8.580131670950475
1|1|1|8,3,-8.611603091649775
1|1|1|8,4,-8.257110733168453
1|1|1|8,5,-8.350921899948315
1|1|1|7,7,-8.246609719176421
1|1|1|7,5,-5.439625835737095
1|1|1|7,2,1.8644176223011175
1|1|1|7,4,-7.129034020971643
1|1|1|7,3,-8.29233298485
1|1|1|7,1,1.1186733465143526
1|1|1|7,6,-8.837857046785546
1|1|1|6,3,-3.015
1|1|1|6,2,-0.10627643650200014
1|1|1|6,7,-7.408824075
1|1|1|6,6,-6.406629525
1|1|1|6,4,-4.918677354
1|1|1|6,5,-4.9680765
1|1|1|6,1,1.3704480072761145
1|1|1|5,1,0.5607348
1|1|1|5,5,-5.2987185000000006
1|1|1|5,4,-3.82905
1|1|1|5,3,-3.82905
1|1|1|5,6,-5.868553500000001
1|1|1|5,7,-3.1882185000000005
1|1|1|5,2,0.36023774999999997
2|2|2|4,5,-3.015
2|2|2|4,4,-3.82905
2|2|2|4,3,-3.82905
2|2|2|4,7,-2.9937982499999998
2|2|2|3,3,-3.015
2|2|2|3,5,-3.82905
2|2|2|3,1,0.07852500000000004
2|2|2|3,2,0.4572
2|2|2|2,4,-3.015
2|2|2|2,6,-4.23
2|2|2|2,7,-4.23
2|2|2|1,6,-4.5
2|2|2|1,3,-7.65
2|2|2|10,3,2.7749522571651806
2|2|2|10,2,10.363293131991316
2|2|2|10,5,-2.1115033083459807
2|2|2|10,7,-1.5154888911538362
2|2|2|10,1,9.822263029144226
2|2|2|10,6,-1.3375039822826351
2|2|2|10,4,-1.773439580469805
2|2|2|9,6,-3.8366086981914447
2|2|2|9,3,1.6331577532677837
2|2|2|9,7,-4.159952382515789
2|2|2|9,1,9.926077374535984
2|2|2|9,4,-4.366047974484523
2|2|2|9,5,-3.9357704425486113
2|2|2|9,2,6.089516484128639
2|2|2|8,3,-1.6788875979880473
2|2|2|8,7,-8.768813012396276
2|2|2|8,6,-5.276836845539781
2|2|2|8,5,-8.513850169240245
2|2|2|8,2,2.963617728076385
2|2|2|8,1,5.679548681423297
2|2|2|8,4,-6.089660876296835
2|2|2|7,4,-3.015
2|2|2|7,1,1.5140323982458352
2|2|2|7,2,0.14445380762113535
2|2|2|7,7,-3.82905
2|2|2|7,5,-6.182403148706735
2|2|2|7,3,-3.2545613182770827
2|2|2|7,6,-6.871329765
2|2|2|6,4,-3.015
2|2|2|6,2,-0.45405000000000006
2|2|2|6,7,-2.9178
2|2|2|6,3,-2.8881606825
2|2|2|6,5,-2.797532307675
2|2|2|6,6,-2.6715305969959497
2|2|2|6,1,1.1048338866273553
2|2|2|5,2,0.36
2|2|2|5,4,-3.82905
2|2|2|5,1,1.272108900015
2|2|2|5,7,-3.82905
4|5|2|4,1,0.10844999999999998
11|2|2|2,2,-12.299999948930129
11|2|2|2,6,-16.042225635
11|2|2|2,7,-20.09159587845
11|2|2|2,5,-19.406319277455
11|2|2|2,3,-14.729308808651178
11|2|2|2,1,-12.299999963834981
11|2|2|2,4,-17.33093376165
13|2|1|1,4,-14.999999999999998
13|2|1|1,2,-14.999999999999998
13|2|1|1,1,-14.999999999999998
13|2|1|1,6,-14.999999999999998
13|2|1|1,5,-14.999999999999998
13|2|1|1,3,-14.999999999999998
13|2|1|1,7,-14.999999999999998
1|3|1|10,4,-1.344997704709272
1|3|1|10,6,-1.6369948275902124
1|3|1|10,2,4.291199494435281
1|3|1|10,1,11.066532192047562
1|3|1|10,3,-1.1647347567869941
1|3|1|10,7,-1.2237656664398586
1|3|1|10,5,-1.2668162272227597
1|3|1|9,4,-5.81846025737372
1|3|1|9,5,-5.000720708870838
1|3|1|9,2,2.02722221418758
1|3|1|9,1,9.14657358249834
1|3|1|9,3,-4.733901684160611
1|3|1|9,6,-5.927536663237808
1|3|1|9,7,-5.084742673694835
1|3|1|8,5,-3.015
1|3|1|8,4,-4.717138500000001
1|3|1|8,7,-2.867175
1|3|1|8,6,-4.717138500000001
1|3|1|8,2,0.20760189750000002
1|3|1|8,1,4.8712598106958644
1|3|1|8,3,-2.867175
1|3|1|7,1,1.1292
1|3|1|7,2,0.32032499999999997
1|3|1|7,6,-3.015
1|3|1|7,3,-2.968425
1|3|1|7,7,-2.968425
1|3|1|7,4,-2.883863754
4|3|2|6,1,4.169276365768167
4|3|2|6,2,-2.350767799458115
4|3|2|6,7,-3.015
4|3|2|6,5,-5.313179899144616
4|3|2|6,6,-7.216631200650468
4|3|2|6,3,-1.699503346715112
4|3|2|6,4,-4.351827393937737
7|2|1|5,5,-14.283282060762467
7|2|1|5,1,-6.364579791219379
7|2|1|5,4,-10.303552019360424
7|2|1|5,7,-17.123583896445282
7|2|1|5,3,-6.356611000189616
7|2|1|5,2,-4.846974429144426
7|2|1|5,6,-15.294692876127598
7|2|1|4,7,-12.537222567219981
7|2|1|4,1,-7.956886050578416
7|2|1|4,5,-15.424336595368375
7|2|1|4,3,-8.344314141076085
7|2|1|4,2,-8.381069387613564
7|2|1|4,6,-13.781664673305977
7|2|1|4,4,-11.925429253636903
7|2|1|3,1,-9.935868715533218
7|2|1|3,2,-10.068911014151247
7|2|1|3,5,-13.168507047020363
7|2|1|3,3,-9.981394784759347
7|2|1|3,6,-12.718427656681504
7|2|1|3,7,-10.4395218975
7|2|1|3,4,-10.528803304914451
9|2|1|2,2,-12.372987492145729
9|2|1|2,6,-14.997878100000001
9|2|1|2,4,-12.747390230759926
9|2|1|2,7,-18.295627590000002
9|2|1|2,5,-17.229979755000002
9|2|1|2,1,-12.185532669703159
9|2|1|2,3,-12.525115999933144
4|2|1|10,3,9.12401694188408
4|2|1|10,5,-1.621243660220691
4|2|1|10,4,2.865825741187917
4|2|1|10,6,-1.6803209600363802
4|2|1|10,1,9.835806969958396
4|2|1|10,2,4.872558025849198
4|2|1|10,7,-1.3152184479365985
5|2|1|9,7,-2.881141614021664
5|2|1|9,5,-0.5242111724407872
5|2|1|9,1,8.816302989578304
5|2|1|9,2,9.670707197732186
5|2|1|9,4,7.478644509320089
5|2|1|9,6,-3.0116816862145663
5|2|1|9,3,8.521522558131872
5|2|1|8,1,8.858661548693693
5|2|1|8,5,-4.5685859301443
5|2|1|8,4,5.460701374285056
5|2|1|8,3,5.209830322811158
5|2|1|8,7,-5.544580406908792
5|2|1|8,6,-6.238754842448157
5|2|1|8,2,5.983600104638408
7|2|2|7,3,9.728934379090646
7|2|2|7,1,9.814716465057794
7|2|2|7,6,-2.6845865704820473
7|2|2|7,7,-3.2127301607615597
7|2|2|7,5,1.7457732359635605
7|2|2|7,2,10.229347866499316
7|2|2|7,4,5.770562935195425
8|3|2|6,5,-0.2772127880377136
8|3|2|6,1,11.056094504979699
8|3|2|6,6,-0.3794506884472822
8|3|2|6,2,10.401623672126032
8|3|2|6,3,10.101179121075806
8|3|2|6,7,-0.4319960574711398
8|3|2|6,4,5.710591005954049
8|3|2|5,2,10.13051704531826
8|3|2|5,3,0.317856210518781
8|3|2|5,6,-10.161199667439051
8|3|2|5,7,-11.300658137937603
8|3|2|5,4,-9.459679775406777
8|3|2|5,1,10.951533077923811
8|3|2|5,5,-7.19457875110313
10|3|1|4,2,9.134655747669507
10|3|1|4,6,-15.24296675620653
10|3|1|4,4,-11.067236491870476
10|3|1|4,7,-17.673167490796892
10|3|1|4,3,9.68015776171501
10|3|1|4,5,-16.230354542298592
10|3|1|4,1,10.099178593573695
11|3|1|1,1,-14.928786577350856
11|3|1|1,3,-14.928786577350856
11|3|1|1,2,-14.928786577350856
11|3|1|1,7,-14.898266539072651
11|3|1|1,6,-14.898266539072651
11|3|1|1,5,-14.898266539072651
11|3|1|1,4,-14.928786577350856
1|2|1|9,7,-7.311933748859544
1|2|1|9,2,2.7673862011557997
1|2|1|9,4,-8.356543074262198
1|2|1|9,1,8.54485948112977
1|2|1|9,5,-7.723446957666254
1|2|1|9,3,-7.4440163637894985
1|2|1|9,6,-6.997625386922682
1|2|1|8,2,-1.223075469590695
1|2|1|8,4,-8.49303178419293
1|2|1|8,3,-8.024097879485222
1|2|1|8,7,-8.703224723447473
1|2|1|8,6,-8.465550747573287
1|2|1|8,5,-8.742392519838782
1|2|1|8,1,-0.5398047068950116
2|4|0|7,5,-10.562104158715469
2|4|0|7,4,-11.37472943131121
2|4|0|7,6,-11.453455611074071
2|4|0|6,1,-0.956309445049575
2|4|0|6,3,-3.015
2|4|0|6,2,-3.82905
2|4|0|6,4,-4.3407685368
2|4|0|6,7,-3.7313916582599997
2|4|0|6,5,-4.246489166519155
6|2|1|5,7,-16.158637403194447
6|2|1|5,3,-6.508751376483441
6|2|1|5,2,-6.551881720725541
6|2|1|5,1,-4.423238135305612
6|2|1|5,4,-9.249977054745653
6|2|1|5,6,-16.76281078065484
6|2|1|5,5,-16.05109931141883
6|2|1|4,7,-13.421882965267956
6|2|1|4,3,-7.904518703058447
6|2|1|4,6,-8.258641530975
6|2|1|4,2,-7.9414280986817305
6|2|1|4,4,-8.22161850593595
6|2|1|4,5,-9.839121526018054
6|2|1|4,1,-7.847877582218712
6|2|1|3,2,-7.789490700068013
6|2|1|3,3,-7.556623401845769
6|2|1|3,7,-8.5296393
6|2|1|3,5,-8.716893735000001
6|2|1|3,4,-7.8634772111175
6|2|1|3,6,-8.1823095
6|2|1|3,1,-7.771723015630639
7|2|1|2,4,-11.2807473225
7|2|1|2,6,-10.70955
7|2|1|2,5,-13.172535
7|2|1|2,7,-14.604903
7|2|1|2,2,-10.14558905900557
7|2|1|2,1,-10.20931260210947
7|2|1|2,3,-10.269800451695028
8|2|1|1,2,-13.7646855
8|2|1|1,1,-13.7646855
8|2|1|1,3,-13.7646855
8|2|1|1,4,-13.235265
8|2|1|1,5,-13.235265
8|2|1|1,6,-13.235265
8|2|1|1,7,-13.235265
3|2|2|7,4,-2.432232634428768
3|2|2|7,3,0.1544630239139282
3|2|2|7,6,-7.469587858889184
3|2|2|7,2,2.1733587376461188
3|2|2|7,5,-8.34890753724852
3|2|2|7,7,-6.731628109497137
3|2|2|7,1,0.07261110134206561
7|2|2|5,4,-7.799770917610575
7|2|2|5,3,-4.2795294148166265
7|2|2|5,2,-2.0533651420099863
7|2|2|5,7,-16.55740439955817
7|2|2|5,5,-11.874038665316002
7|2|2|5,6,-16.838642554839574
7|2|2|5,1,-4.684605614327507
8|2|2|3,2,-9.85185049637653
8|2|2|3,7,-9.959561870265
8|2|2|3,1,-9.85236759787109
8|2|2|3,6,-14.340892414348135
8|2|2|3,4,-16.026503083775104
8|2|2|3,5,-14.158627443809712
8|2|2|3,3,-11.778662059784446
10|2|2|2,1,-12.29657662233996
10|2|2|2,7,-14.793673049999999
10|2|2|2,6,-14.006025
10|2|2|2,5,-14.79367305
10|2|2|2,4,-15.335698800000001
10|2|2|2,3,-12.790067399837163
10|2|2|2,2,-11.820988436178043
12|2|1|1,2,-14.999999999999998
12|2|1|1,7,-14.999999999999998
12|2|1|1,6,-14.999999999999998
12|2|1|1,3,-14.999999999999998
12|2|1|1,1,-14.999999999999998
12|2|1|1,4,-14.999999999999998
12|2|1|1,5,-14.999999999999998
1|2|0|10,1,10.508072611284634
1|2|0|10,6,-4.6002960628788845
1|2|0|10,7,-4.838990418166376
1|2|0|10,3,-4.276611321215454
1|2|0|10,5,-4.088909399361717
1|2|0|10,4,-4.680122318850171
1|2|0|10,2,-4.3072934087705725
3|1|1|9,6,-7.0332216184473495
3|1|1|9,2,4.43732567005483
3|1|1|9,4,-0.4008462475506165
3|1|1|9,3,5.058370971799591
3|1|1|9,1,4.457114190765349
3|1|1|9,7,-7.160808677945292
3|1|1|9,5,-7.5837718779169645
3|1|1|8,1,0.14813602384106217
3|1|1|8,5,-11.475542099758425
3|1|1|8,6,-11.04044453836167
3|1|1|8,2,0.0034702852467424217
3|1|1|8,7,-11.257872023839909
3|1|1|8,3,3.6805730436421693
3|1|1|8,4,-1.0079345472169
4|1|1|7,7,-13.986125397613172
4|1|1|7,5,-13.645881757483496
4|1|1|7,2,-2.683508151145289
4|1|1|7,3,-2.988180389072512
4|1|1|7,4,0.0012249396304270244
4|1|1|7,1,-2.573020038620164
4|1|1|7,6,-13.599513292280237
4|1|1|6,5,-6.742627876691058
4|1|1|6,2,-4.681226934698262
4|1|1|6,1,-4.688422480225467
4|1|1|6,6,-7.947469884985911
4|1|1|6,3,-4.711595581468053
4|1|1|6,4,-2.186584246970155
4|1|1|6,7,-4.76965789058746
4|1|1|5,6,-3.015
4|1|1|5,7,-3.82905
4|1|1|5,4,-1.4139597545832217
4|1|1|5,2,-1.3131599345640055
4|1|1|5,1,-2.6232514813975616
4|1|1|5,3,-1.6848845156595484
4|1|1|5,5,-2.8744583418
4|1|1|4,5,-3.015
4|1|1|4,3,0.513741276
4|1|1|4,4,0.39990952337999996
4|1|1|4,6,-4.386309750000001
4|1|1|3,5,-6.81912
4|1|1|2,2,-1.6877249999999997
4|1|1|2,6,-3.015
4|1|1|2,4,-1.0424999999999998
5|1|1|1,7,-4.5
2|1|1|9,4,-8.19184292878154
2|1|1|9,3,7.3475102708697975
2|1|1|9,6,-7.5778744338427835
2|1|1|9,2,3.945588883039413
2|1|1|9,7,-7.612755258020978
2|1|1|9,1,4.453384210764818
2|1|1|9,5,-8.068164386712343
2|1|1|8,4,-8.28641306003764
2|1|1|8,3,0.16083360603471425
2|1|1|8,6,-9.924470817181454
2|1|1|8,2,-0.17944805657758944
2|1|1|8,1,1.9847008685447893
2|1|1|8,7,-9.445708480798825
2|1|1|8,5,-9.776922509517332
2|1|1|7,6,-6.981695779852681
2|1|1|7,2,-0.6574011458615157
2|1|1|7,1,-0.549323395115553
2|1|1|7,7,-8.687881814726476
2|1|1|7,4,-8.62653970160608
2|1|1|7,5,-6.349359663430381
2|1|1|7,3,-0.3267764335326785
2|1|1|6,6,-3.015
2|1|1|6,1,0.5560318867780144
2|1|1|6,4,-7.837257959001427
2|1|1|6,2,-0.15330828525000018
2|1|1|6,5,-4.96902161286
2|1|1|6,7,-6.211303762898899
2|1|1|6,3,1.2084033175676983
2|1|1|5,1,0.1725
2|1|1|5,5,-7.349914638
2|1|1|5,3,-0.1574007090000002
2|1|1|5,4,-2.942181
2|1|1|5,2,1.207895640722514
2|1|1|5,6,-2.942181
2|1|1|5,7,-4.91505309
3|3|1|4,6,-3.015
3|3|1|4,3,-3.82905
3|3|1|4,7,-2.968425
3|3|1|4,1,1.6660807059
3|3|1|4,5,-2.968425
3|3|1|4,4,-3.0118207500000005
3|3|1|3,7,-3.015
3|3|1|3,2,-0.6333075000000001
3|3|1|3,6,-2.968425
3|3|1|3,4,-2.867175
3|3|1|2,2,0.1725
3|3|1|2,1,0.5475
3|3|1|2,5,-3.015
3|3|1|2,3,-1.0424999999999998
4|3|2|1,4,-4.5
4|3|2|1,7,-4.5
4|3|2|1,3,-4.5
4|3|2|1,5,-4.5
2|2|1|10,2,8.550355171783812
2|2|1|10,7,-3.0286853361875377
2|2|1|10,3,7.079341170073095
2|2|1|10,1,9.931615384877688
2|2|1|10,4,-3.2675106318699014
2|2|1|10,6,-3.044526230732252
2|2|1|10,5,-2.5727711303085443
3|3|2|9,2,10.201489250857746
3|3|2|9,7,-0.5728987314749372
3|3|2|9,4,0.14959455610473885
3|3|2|9,6,-0.5369784621149787
3|3|2|9,5,-0.7842568251713646
3|3|2|9,3,6.741150927915587
3|3|2|9,1,11.315696586460428
5|3|2|8,1,10.39286702886576
5|3|2|8,5,-0.5104239048263357
5|3|2|8,6,-0.7390022435575009
5|3|2|8,3,6.620749637092466
5|3|2|8,2,11.026616606777152
5|3|2|8,7,-1.2104400129890773
5|3|2|8,4,5.404568094977671
8|3|2|7,7,-0.45815121814584026
8|3|2|7,6,-0.4387587314585531
8|3|2|7,1,10.451348169533128
8|3|2|7,4,7.0356981892658075
8|3|2|7,5,-0.15756405811517143
8|3|2|7,2,10.316066265305048
8|3|2|7,3,10.245874233586868
11|2|2|5,5,-0.7083094666961474
11|2|2|5,4,-0.7080119698510341
11|2|2|5,7,-0.7080044377557787
11|2|2|5,3,6.387709666138371
11|2|2|5,6,-0.7081488449158848
11|2|2|5,1,8.914972444049987
11|2|2|5,2,10.379999999999727
11|2|2|4,1,10.367937632120357
11|2|2|4,3,4.721919176921056
11|2|2|4,6,-0.805293920061128
11|2|2|4,2,10.379999999999994
11|2|2|4,7,-0.7109048508922595
11|2|2|4,5,-0.7516232312201976
11|2|2|4,4,-0.7171918747122703
13|2|1|3,7,-0.8700073141613586
13|2|1|3,6,-0.8701116145831308
13|2|1|3,2,9.574998425516647
13|2|1|3,3,-0.870094425129934
13|2|1|3,4,-0.8700121628346135
13|2|1|3,1,10.199999999999996
13|2|1|3,5,-0.8700057484977768
13|2|1|2,4,-23.531029472951463
13|2|1|2,5,-23.418917370284156
13|2|1|2,3,-23.45327382376431
13|2|1|2,2,9.532714780424902
13|2|1|2,1,10.199999999999996
13|2|1|2,7,-23.522209171119258
13|2|1|2,6,-23.546630926122987
4|2|1|8,3,3.8928186326792327
4|2|1|8,7,-7.191232590626145
4|2|1|8,5,-7.926787222733282
4|2|1|8,2,4.314028030599261
4|2|1|8,4,-5.1389193586358415
4|2|1|8,1,5.2499648552616165
4|2|1|8,6,-6.983161826742679
5|2|1|7,7,-10.702137880658364
5|2|1|7,6,-10.025723651527565
5|2|1|7,4,-3.3361332606285785
5|2|1|7,1,3.7758087816895505
5|2|1|7,3,0.750670663703535
5|2|1|7,2,-0.6101636092467173
5|2|1|7,5,-5.351242381366221
5|2|1|6,4,-3.5376523420479953
5|2|1|6,6,-15.319583217662522
5|2|1|6,7,-14.29081047076575
5|2|1|6,2,-3.940067710686117
5|2|1|6,5,-14.635769498809198
5|2|1|6,3,-4.5455681555628535
5|2|1|6,1,-0.3453730652511693
5|2|1|5,6,-11.902694088299285
5|2|1|5,7,-6.595265024503644
5|2|1|5,3,-6.156211155061729
5|2|1|5,4,-6.738648092215593
5|2|1|5,1,-4.092604088611223
5|2|1|5,2,-6.119847032322548
5|2|1|5,5,-11.279387664445958
5|2|1|4,1,-6.091780201853286
5|2|1|4,7,-7.11800031295566
5|2|1|4,5,-5.960897122134
5|2|1|4,2,-5.411715686770057
5|2|1|4,6,-8.250906556170001
5|2|1|4,4,-7.0103901071743575
5|2|1|4,3,-5.53305242544238
7|3|1|3,6,-10.678893279750001
7|3|1|3,5,-9.993536205745501
7|3|1|3,7,-10.512379176075001
7|3|1|3,2,-9.250154439777797
7|3|1|3,1,-9.172551473601146
7|3|1|3,4,-11.40922617975
7|3|1|3,3,-10.813480382501846
7|3|1|2,2,-9.45494353072725
7|3|1|2,5,-9.51885
7|3|1|2,1,-9.216845846025683
7|3|1|2,6,-10.1142
7|3|1|2,4,-10.637656500000002
7|3|1|2,7,-10.1142
7|3|1|2,3,-10.12923234075
8|3|1|1,1,-13.235265
8|3|1|1,4,-13.235265
8|3|1|1,6,-12.478950000000001
8|3|1|1,5,-12.478950000000001
8|3|1|1,3,-13.235265
8|3|1|1,2,-13.235265
8|3|1|1,7,-12.478950000000001
3|3|1|10,5,-0.9041120111737238
3|3|1|10,7,-1.04143421416891
3|3|1|10,4,0.6158491865927012
3|3|1|10,3,8.470841690079688
3|3|1|10,6,-1.0629610383747876
3|3|1|10,2,9.723898933284936
3|3|1|10,1,10.411059238448429
3|3|1|8,5,-5.779077091023786
3|3|1|8,3,5.109295984689662
3|3|1|8,4,-5.875998328461273
3|3|1|8,7,-6.097156282577486
3|3|1|8,6,-6.949921711006084
3|3|1|8,1,10.267911492254683
3|3|1|8,2,5.533758990127195
3|3|1|7,7,-7.798736068969605
3|3|1|7,1,2.0207491690964323
3|3|1|7,6,-8.351710456361412
3|3|1|7,5,-8.05014405180318
3|3|1|7,2,4.251399850877568
3|3|1|7,3,-1.4787451539210599
3|3|1|7,4,-5.115198452901431
3|3|1|6,1,-1.0361969114013887
3|3|1|6,7,-4.768841219175
3|3|1|6,4,-4.768841219175
3|3|1|6,6,-2.968425
3|3|1|6,2,-0.41772103288032303
3|3|1|6,3,-2.280189600844995
3|3|1|6,5,-4.544335070415254
6|1|1|5,1,-6.9903083838904205
6|1|1|5,4,-7.021150195477493
6|1|1|5,5,-13.37377855217176
6|1|1|5,2,-6.028942925865395
6|1|1|5,6,-10.946443727758897
6|1|1|5,7,-13.796157480345823
6|1|1|5,3,-6.966641692881827
1|2|0|9,1,7.347927528101367
1|2|0|9,7,-8.53922270246246
1|2|0|9,3,-7.225029321900194
1|2|0|9,5,-6.3237571387421365
1|2|0|9,4,-7.800042093831394
1|2|0|9,2,-7.5466781757820405
1|2|0|9,6,-7.946213659307969
3|2|2|8,5,-6.573921257590226
3|2|2|8,3,-0.24268658011017763
3|2|2|8,2,8.444135553188346
3|2|2|8,4,-4.3838715280762734
3|2|2|8,1,4.85880963279995
3|2|2|8,6,-7.5482896727709665
3|2|2|8,7,-7.098859174545645
4|2|2|6,2,-1.4836308145909038
4|2|2|6,4,-5.791035006836511
4|2|2|6,3,-7.891346933169444
4|2|2|6,5,-10.909717368513219
4|2|2|6,1,-3.238726836793812
4|2|2|6,7,-8.307071457493539
4|2|2|6,6,-5.75708867847992
7|2|2|4,4,-9.594137298617435
7|2|2|4,7,-10.414536159190085
7|2|2|4,2,-7.554392647882057
7|2|2|4,6,-11.577840015158122
7|2|2|4,3,-8.149510874943266
7|2|2|4,5,-11.056869365921292
7|2|2|4,1,-8.229938659101254
8|2|2|2,3,-13.347174902805698
8|2|2|2,6,-12.884341500000001
8|2|2|2,1,-11.742229588382648
8|2|2|2,4,-12.8672928075
8|2|2|2,7,-12.577185
8|2|2|2,2,-9.195962334544888
8|2|2|2,5,-14.2977465
10|2|2|1,1,-14.703400988550001
10|2|2|1,7,-14.5762871265
10|2|2|1,3,-14.703400988550001
10|2|2|1,2,-14.703400988550001
10|2|2|1,5,-14.703400988550001
10|2|2|1,4,-14.703400988550001
10|2|2|1,6,-14.5762871265
1|4|1|10,5,0.018141111523619302
1|4|1|10,6,0.013839062377676955
1|4|1|10,4,0.13104323602667323
1|4|1|10,1,11.561450709734887
1|4|1|10,2,5.127655730795242
1|4|1|10,7,0.08646983260615067
1|4|1|10,3,0.04335197207688353
1|4|1|9,1,11.069232976367628
1|4|1|9,2,3.078807566982774
1|4|1|9,5,-3.015
1|4|1|9,6,-2.81655
1|4|1|9,3,-3.4469051612991315
1|4|1|9,7,-4.146017022325146
1|4|1|9,4,-4.12859000772031
8|2|1|7,2,8.963473954902849
8|2|1|7,5,3.625974595202787
8|2|1|7,3,9.021371867268472
8|2|1|7,4,8.894068788624141
8|2|1|7,7,-6.89400881326138
8|2|1|7,1,9.133015703347095
8|2|1|7,6,-5.025352902297898
9|2|1|6,2,9.231398534218162
9|2|1|6,3,8.927488893116076
9|2|1|6,1,9.035427885489938
9|2|1|6,6,-7.966999257864734
9|2|1|6,7,-10.069813113991186
9|2|1|6,4,7.1063332145923725
9|2|1|6,5,-5.311679835412768
10|2|2|5,1,10.139256152475646
10|2|2|5,6,-0.9848086526257538
10|2|2|5,3,9.06212447278074
10|2|2|5,5,-0.9911744616794759
10|2|2|5,2,10.036059291640298
10|2|2|5,4,3.435223158261775
10|2|2|5,7,-0.9911459125836605
12|2|1|4,3,6.4268904558596525
12|2|1|4,5,-1.2133224090777663
12|2|1|4,6,-1.2058567403730074
12|2|1|4,4,-1.213832008851939
12|2|1|4,1,9.817502586389294
12|2|1|4,7,-1.2131382274722031
12|2|1|4,2,9.754999999918082
12|2|1|3,4,-20.782716967593373
12|2|1|3,3,9.203359917476007
12|2|1|3,2,9.754999985373049
12|2|1|3,6,-20.494815649856616
12|2|1|3,7,-21.023896684678043
12|2|1|3,1,9.817500620992066
12|2|1|3,5,-20.27605996140771
12|2|1|2,6,-23.54569097722276
12|2|1|2,7,-23.530995763114166
12|2|1|2,4,-23.50577486637552
12|2|1|2,1,-12.299999826576585
12|2|1|2,5,-23.533781967037516
12|2|1|2,3,-14.969988258003347
12|2|1|2,2,-12.924735098661271
1|2|0|8,2,-7.530849522493192
1|2|0|8,6,-5.719946681514463
1|2|0|8,5,-2.9178
1|2|0|8,4,-7.93873885080201
1|2|0|8,1,2.916251194108586
1|2|0|8,7,-7.049125435910954
1|2|0|8,3,-7.029352989417229
1|2|0|7,1,0.8653029174808505
1|2|0|7,6,-7.025356937025
1|2|0|7,7,-5.566377737025
1|2|0|7,5,-5.548006937025001
1|2|0|7,2,-5.4589530983175
1|2|0|7,3,-3.8028060000000004
1|2|0|7,4,-6.4647702
3|1|1|6,2,-0.970213035815413
3|1|1|6,1,-1.503139512552458
3|1|1|6,3,-1.4395729433626747
3|1|1|6,6,-6.141883085646639
3|1|1|6,4,-6.6657337305525
3|1|1|6,5,-3.82905
3|1|1|6,7,-7.126770021325723
4|3|1|5,5,-6.215582115
4|3|1|5,4,-5.345390415000001
4|3|1|5,1,-2.6388559331348658
4|3|1|5,6,-6.0418536688485
4|3|1|5,2,-2.462858201691493
4|3|1|5,7,-2.840931
4|3|1|5,3,-2.4149924414603476
4|3|1|4,3,-1.7901750000000003
4|3|1|4,5,-3.82905
4|3|1|4,2,0.2235089999999999
4|3|1|4,4,-5.0902888950000005
4|3|1|4,1,-1.2673679337248178
4|3|1|4,7,-5.101410600000001
4|3|1|4,6,-4.8741975
4|3|1|3,6,-3.015
4|3|1|3,3,-3.82905
4|3|1|3,2,-0.6415500000000002
4|3|1|3,7,-3.296475
4|3|1|3,1,-0.7082703622500004
4|3|1|3,4,-0.007724999999999982
4|3|1|2,5,-3.015
4|3|1|2,2,-3.6348450000000003
4|3|1|2,3,-4.23
4|3|1|2,4,-4.23
4|3|1|1,7,-4.5
4|3|1|1,2,-7.65
4|3|1|1,4,-4.5
3|2|2|5,5,-3.015
3|2|2|5,2,-0.7080966963517915
3|2|2|5,3,-4.372641
3|2|2|5,6,-4.7531547000000005
3|2|2|5,4,-3.8028060000000004
3|2|2|5,7,-2.8984067775
3|2|2|5,1,-0.41792530690110774
3|2|2|4,5,-6.43761
3|2|2|4,7,-2.9178
3|2|2|4,4,-2.9178
3|2|2|4,2,0.43182675
3|2|2|4,6,-2.9178
3|2|2|3,1,0.81045
3|2|2|3,4,-3.015
3|2|2|3,5,-3.296475
3|2|2|3,3,-3.296475
3|2|2|3,2,0.19719000000000003
3|2|2|3,6,-3.2458500000000003
5|2|2|2,6,-3.015
5|2|2|2,2,-1.2771
5|2|2|2,3,-4.95975
5|2|2|2,1,-2.3040000000000003
5|2|2|2,4,-1.0424999999999998
5|2|2|2,5,-9.2637
5|2|2|2,7,-4.23
5|2|2|1,5,-4.5
5|2|2|1,1,-7.65
5|2|2|1,4,-4.5
5|2|2|1,3,-4.5
5|2|2|1,2,-7.65
5|2|2|1,6,-4.5
2|3|1|7,7,-4.792440963586599
2|3|1|7,3,-4.7896725
2|3|1|7,2,-0.1527409956697886
2|3|1|7,4,-4.8741975
2|3|1|7,1,4.196873108515626
2|3|1|7,6,-6.27911325
2|3|1|7,5,-2.867175
2|3|1|6,1,0.3800420279875044
2|3|1|6,5,-3.015
2|3|1|6,3,-3.2767360799250005
2|3|1|6,7,-6.137411184884701
2|3|1|6,2,0.219075
2|3|1|6,6,-2.68546851
2|3|1|6,4,-2.57145674373
5|2|2|5,2,-5.6068552148040816
5|2|2|5,6,-7.9672745954681385
5|2|2|5,3,-5.830663791830341
5|2|2|5,5,-8.941113228868709
5|2|2|5,1,-5.760579067326701
5|2|2|5,4,-8.047196705066852
5|2|2|5,7,-8.027354875844715
7|3|1|4,6,-13.562945041388716
7|3|1|4,1,-7.220910275823852
7|3|1|4,5,-10.975034073428404
7|3|1|4,3,-9.725378157079444
7|3|1|4,4,-10.132395816826346
7|3|1|4,7,-10.884746865133177
7|3|1|4,2,-7.8246154317841565
7|3|1|1,6,-9.855
7|3|1|1,7,-9.855
7|3|1|1,4,-9.855
7|3|1|1,3,-9.855
7|3|1|1,1,-11.3985
7|3|1|1,2,-9.855
3|2|1|7,3,-3.1118903153062756
3|2|1|7,5,-11.652608679211191
3|2|1|7,6,-10.972077640356543
3|2|1|7,7,-10.999084547798677
3|2|1|7,4,-8.417364237964062
3|2|1|7,1,3.9395325476212824
3|2|1|7,2,-1.4265312406095605
4|2|1|6,4,-10.240503174242548
4|2|1|6,3,-4.390019575026567
4|2|1|6,1,-1.7446069245735818
4|2|1|6,5,-11.706993682086845
4|2|1|6,2,-4.196577937750651
4|2|1|6,7,-7.207506147183347
4|2|1|6,6,-11.647661002909514
4|2|1|5,7,-7.151951604742186
4|2|1|5,6,-8.975949700312814
4|2|1|5,5,-6.840999178678274
4|2|1|5,3,-4.112572995854575
4|2|1|5,2,-3.4876925344255514
4|2|1|5,4,-4.423402519719583
4|2|1|5,1,-4.101028193163708
4|2|1|4,2,-0.018063310304999997
4|2|1|4,5,-2.876402946
4|2|1|4,6,-7.534007226
4|2|1|4,7,-7.517065833
4|2|1|4,1,-0.08413856552661625
4|2|1|4,4,-4.206996096
4|2|1|4,3,-0.3219714682500001
5|2|1|3,7,-5.356350000000001
5|2|1|3,6,-3.82905
5|2|1|3,3,-3.4196317275000006
5|2|1|3,5,-2.3810700000000002
5|2|1|3,4,-7.1939973
5|2|1|3,2,-2.3806961769
5|2|1|3,1,-2.644869534280403
5|2|1|2,4,-3.015
5|2|1|2,1,-2.72295
5|2|1|2,6,-7.191000000000001
5|2|1|2,2,-2.6406525
5|2|1|2,3,-2.3676
5|2|1|2,7,-4.23
5|2|1|2,5,-4.23
5|2|1|1,7,-4.5
5|2|1|1,6,-7.65
5|2|1|1,1,-7.65
5|2|1|1,3,-7.65
5|2|1|1,5,-7.65
4|2|2|9,4,5.976924626313265
4|2|2|9,7,-2.3802736431129934
4|2|2|9,1,10.311236392467091
4|2|2|9,6,-2.0613278570900313
4|2|2|9,3,9.239499821769725
4|2|2|9,2,9.539951071898429
4|2|2|9,5,-1.4866693969880016
5|2|2|8,7,-3.5150896133449905
5|2|2|8,3,7.814567238714723
5|2|2|8,2,8.99003120317166
5|2|2|8,6,-3.8023981010402954
5|2|2|8,5,-2.3741929647279605
5|2|2|8,4,2.304681489241669
5|2|2|8,1,9.96887865484302
5|2|2|7,2,4.256691935481947
5|2|2|7,7,-9.008658442848525
5|2|2|7,1,7.232374521616709
5|2|2|7,5,-8.148489288700967
5|2|2|7,6,-8.194278036062315
5|2|2|7,3,1.9263409712320594
5|2|2|7,4,-1.7853984033309303
7|2|2|6,6,-11.362802343996572
7|2|2|6,4,-2.047462213008018
7|2|2|6,7,-11.796866546707909
7|2|2|6,1,7.624714837190092
7|2|2|6,2,2.7173711247887784
7|2|2|6,5,-9.829539762099387
7|2|2|6,3,5.175195835913294
10|2|2|3,3,-11.942804126730913
10|2|2|3,7,-19.927000481704543
10|2|2|3,4,-16.518761160875286
10|2|2|3,1,-0.23412424380234853
10|2|2|3,6,-19.60344854388098
10|2|2|3,5,-16.701840412041296
10|2|2|3,2,-9.799633343101252
11|2|2|1,7,-14.5762871265
11|2|2|1,6,-14.5762871265
11|2|2|1,5,-14.5762871265
11|2|2|1,1,-14.703400988550001
11|2|2|1,2,-14.703400988550001
11|2|2|1,4,-14.5762871265
11|2|2|1,3,-14.5762871265
1|2|1|7,5,-4.9923795537405
1|2|1|7,7,-7.9650792512808195
1|2|1|7,4,-4.9243395537405
1|2|1|7,6,-6.197357273498808
1|2|1|7,1,2.5170023932001495
1|2|1|7,2,-0.37082905740000016
1|2|1|7,3,-8.0554307337405
1|2|1|6,6,-6.5859681825
1|2|1|6,1,1.218639819077164
1|2|1|6,7,-6.9848526825
1|2|1|6,2,0.2697
1|2|1|6,5,-5.598135
1|2|1|6,4,-2.9178
1|2|1|6,3,-6.5383401825
1|2|1|5,4,-3.015
1|2|1|5,5,-3.82905
1|2|1|5,1,-0.18947475000000003
1|2|1|5,3,-7.399946416500001
1|2|1|5,2,-0.6415500000000002
1|2|1|5,7,-5.594380245
1|2|1|5,6,-5.5237119165
1|2|1|4,5,-3.015
1|2|1|4,7,-3.82905
1|2|1|4,4,-3.8028060000000004
1|2|1|4,6,-3.1375935
1|2|1|4,3,-3.1375935
1|2|1|4,2,0.617448735
1|2|1|4,1,0.40657499999999996
1|2|1|3,5,-3.015
1|2|1|3,7,-2.9178
1|2|1|3,1,-0.45405000000000006
1|2|1|3,3,-2.9178
1|2|1|3,6,-2.9178
1|2|1|2,1,0.36
1|2|1|2,5,-3.015
1|2|1|2,2,-1.0424999999999998
1|2|1|2,7,-4.23
3|3|2|1,1,-7.65
3|3|2|1,5,-4.5
3|3|2|1,2,-4.5
3|3|2|1,7,-4.5
5|2|2|4,4,-6.684236182235526
5|2|2|4,3,-5.441789606078303
5|2|2|4,5,-7.211589695589001
5|2|2|4,6,-5.536933256925
5|2|2|4,7,-5.6269629000000005
5|2|2|4,1,-5.808385784665429
5|2|2|4,2,-5.299236157457411
5|2|2|3,6,-3.82905
5|2|2|3,1,-3.0462277050000006
5|2|2|3,3,-3.4032312525
5|2|2|3,7,-2.9178
5|2|2|3,5,-2.9178
5|2|2|3,2,-2.6973387788175005
7|2|1|1,6,-11.3985
7|2|1|1,5,-11.3985
7|2|1|1,2,-13.235265
7|2|1|1,4,-11.3985
7|2|1|1,1,-12.478950000000001
7|2|1|1,7,-11.3985
7|2|1|1,3,-11.3985
3|2|1|6,5,-8.196072679512007
3|2|1|6,7,-7.897377440615265
3|2|1|6,4,-5.067393801860557
3|2|1|6,2,-2.397326789334741
3|2|1|6,6,-7.904437490393633
3|2|1|6,1,-2.7563803124434587
3|2|1|6,3,-4.020774813502294
3|2|1|5,3,-1.9222590296909954
3|2|1|5,5,-4.969143845537401
3|2|1|5,1,-0.144359970787995
3|2|1|5,4,-3.1882185000000005
3|2|1|5,2,0.9218731898107916
3|2|1|5,6,-6.3224272484820006
3|2|1|5,7,-5.1096402
5|3|1|3,5,-3.2006324999999998
5|3|1|3,1,-2.8261449150836278
5|3|1|3,6,-6.9092325
5|3|1|3,4,-4.584240075
5|3|1|3,2,-2.237661945
5|3|1|3,7,-4.726935
5|3|1|3,3,-3.7156102500000006
6|3|1|2,7,-6.3405000000000005
6|3|1|2,6,-10.709550000000002
6|3|1|2,4,-6.405599999999999
6|3|1|2,3,-7.511774999999999
6|3|1|2,1,-5.88441845115
6|3|1|2,2,-4.6285282500000005
6|3|1|2,5,-9.053595000000001
6|3|1|1,6,-11.3985
6|3|1|1,2,-12.478950000000001
2|3|2|10,5,-0.4096434264076759
2|3|2|10,2,10.851807194625096
2|3|2|10,1,10.916572249355207
2|3|2|10,3,4.200415461143375
2|3|2|10,7,-0.5080005867930326
2|3|2|10,4,-0.7184636442352013
2|3|2|10,6,-0.5521523733541029
2|3|2|9,5,-2.4737718285267576
2|3|2|9,2,6.624120311637569
2|3|2|9,4,-2.0091728800419
2|3|2|9,6,-2.2095982618528516
2|3|2|9,1,11.088123936027118
2|3|2|9,7,-1.8886328397251129
2|3|2|9,3,3.3691707582205535
2|3|2|8,7,-6.084445679363671
2|3|2|8,4,-2.87788725
2|3|2|8,3,-2.701071075
2|3|2|8,6,-4.725980833538284
2|3|2|8,2,0.42623612999999994
2|3|2|8,1,9.31807940935417
2|3|2|8,5,-4.646342001863671
2|3|2|7,2,4.76647814346959
2|3|2|7,3,0.219075
2|3|2|7,4,-3.015
2|3|2|7,7,-3.7864258074
2|3|2|7,6,-3.7729690651800003
2|3|2|7,5,-4.303547410806
2|3|2|7,1,1.0004471750235935
5|3|1|5,2,-4.901855363328852
5|3|1|5,7,-5.5600226775
5|3|1|5,3,-5.391766531597445
5|3|1|5,6,-9.151280943543327
5|3|1|5,5,-7.320522604969723
5|3|1|5,4,-6.003637461185381
5|3|1|5,1,-5.302905319883317
6|3|1|4,2,-7.370627787025946
6|3|1|4,3,-9.551351521422065
6|3|1|4,4,-9.415325001207547
6|3|1|4,7,-9.891193455798346
6|3|1|4,6,-7.7525326993725
6|3|1|4,5,-9.409471498604635
6|3|1|4,1,-6.995132147621948
7|4|1|3,1,-6.228319537806923
7|4|1|3,7,-8.4294748935
7|4|1|3,2,-5.094222117030809
7|4|1|3,6,-7.06707
7|4|1|3,5,-9.32795415
7|4|1|3,3,-10.4547622485
7|4|1|3,4,-6.650349255
11|2|1|2,7,-23.517375060315235
11|2|1|2,6,-23.357217471674964
11|2|1|2,3,-12.936091701743145
11|2|1|2,5,-23.485753429971844
11|2|1|2,4,-16.98761141911072
11|2|1|2,1,-12.299999999999997
11|2|1|2,2,-12.916974403064293
11|2|1|1,4,-14.999999811161171
11|2|1|1,7,-14.999999730230243
11|2|1|1,3,-14.99999986781282
11|2|1|1,5,-14.999999811161171
11|2|1|1,2,-14.999999811161171
11|2|1|1,1,-14.999999811161171
11|2|1|1,6,-14.999999811161171
3|3|1|5,2,0.24749917499999996
3|3|1|5,4,-3.82905
3|3|1|5,7,-3.82905
3|3|1|5,3,-0.6415500000000002
3|3|1|5,1,1.6828019021657248
3|3|1|5,6,-6.7019196613770005
3|3|1|5,5,-2.7070367040000005
4|3|2|4,6,-3.015
4|3|2|4,2,-0.15861843000000003
4|3|2|4,5,-2.867175
4|3|2|4,7,-2.8123582500000004
4|3|2|3,1,0.6804225
4|3|2|3,7,-4.1571
7|3|2|2,7,-11.743694999999999
7|3|2|2,6,-10.1142
7|3|2|2,2,-10.233526127273102
7|3|2|2,4,-11.80106595
7|3|2|2,3,-10.1359218225
7|3|2|2,1,-10.020916616081365
7|3|2|2,5,-10.1142
7|3|2|1,2,-11.3985
7|3|2|1,4,-11.3985
7|3|2|1,7,-9.855
7|3|2|1,6,-9.855
7|3|2|1,1,-11.3985
7|3|2|1,3,-11.3985
7|3|2|1,5,-11.3985
3|2|1|3,3,-1.8408000000000002
3|2|1|3,5,-3.82905
3|2|1|3,1,0.39595500000000006
3|2|1|3,7,-3.82905
3|2|1|3,6,-3.296475
3|2|1|3,2,-0.9696
3|2|1|3,4,-2.9178
3|2|1|2,5,-3.015
3|2|1|2,6,-9.2637
3|2|1|2,7,-4.23
3|2|1|2,3,-1.7722499999999997
3|2|1|2,2,-1.0424999999999998
3|2|1|2,1,-0.6029999999999999
3|2|1|2,4,-4.23
3|2|1|1,2,-4.5
3|2|1|1,7,-4.5
3|2|1|1,4,-4.5
3|2|1|1,1,-4.5
3|2|1|1,6,-4.5
3|2|1|1,5,-4.5
4|3|1|9,2,10.19130170852806
4|3|1|9,1,9.43229509033749
4|3|1|9,4,4.456536148516786
4|3|1|9,6,-1.0866940724539553
4|3|1|9,5,1.1069583646033747
4|3|1|9,3,8.879202255181438
4|3|1|9,7,-1.399291551613167
5|3|1|8,3,2.2726169588237286
5|3|1|8,5,-2.6099485942161316
5|3|1|8,4,4.4841360526346605
5|3|1|8,2,8.957170766968048
5|3|1|8,7,-2.7974390526493513
5|3|1|8,1,10.461100616291954
5|3|1|8,6,-3.7162825896788503
6|3|1|7,1,6.705396516241944
6|3|1|7,5,-5.50446241526443
6|3|1|7,3,4.662829805082538
6|3|1|7,4,-2.535410107880863
6|3|1|7,7,-6.22612991631739
6|3|1|7,6,-5.202768249302158
6|3|1|7,2,7.848635248844869
10|2|1|5,2,9.113567160630568
10|2|1|5,3,9.12265065649213
10|2|1|5,6,-12.995745777620527
10|2|1|5,4,2.781670976239928
10|2|1|5,7,-13.928503149954969
10|2|1|5,1,9.292910773792027
10|2|1|5,5,-12.951281075773709
11|2|1|4,1,9.48920285031479
11|2|1|4,2,9.414681418219894
11|2|1|4,5,-16.692742935920787
11|2|1|4,4,-9.44710615219003
11|2|1|4,6,-17.97996285870756
11|2|1|4,7,-16.77188955818513
11|2|1|4,3,7.342405351963303
13|1|1|3,3,-0.08511363986145071
13|1|1|3,4,-21.682499999999994
13|1|1|3,5,-21.682499999999994
13|1|1|3,6,-21.682499999999994
13|1|1|3,1,9.192499999999994
13|1|1|3,7,-21.682499999999994
13|1|1|3,2,9.192499999999994
14|1|1|2,4,-23.549999999999994
14|1|1|2,5,-23.549999999999994
14|1|1|2,1,9.574999999999996
14|1|1|2,7,-23.549999999999994
14|1|1|2,6,-23.549999999999994
14|1|1|2,2,9.574999999999996
14|1|1|2,3,-23.549999999999994
14|1|1|1,7,-14.999999999999998
14|1|1|1,6,-14.999999999999998
14|1|1|1,2,-14.999999999999998
14|1|1|1,5,-14.999999999999998
14|1|1|1,3,-14.999999999999998
14|1|1|1,4,-14.999999999999998
14|1|1|1,1,-14.999999999999998
2|4|1|8,7,-3.015
2|4|1|8,1,9.319965023239046
2|4|1|8,6,-5.364071422186357
2|4|1|8,4,-2.6901569100410505
2|4|1|8,3,4.670564507937282
2|4|1|8,5,-3.5936167194167545
2|4|1|8,2,1.997978392605163
2|4|1|7,4,-3.015
2|4|1|7,5,-3.82905
2|4|1|7,1,8.893053428766674
2|4|1|7,2,0.42239087650395146
2|4|1|7,6,-3.82905
2|4|1|7,7,-3.763329722628975
2|4|1|6,3,-2.2085045254095004
2|4|1|6,7,-3.82905
2|4|1|6,5,-3.82905
2|4|1|5,4,-5.078925
2|4|1|5,6,-3.82905
2|4|1|4,7,-3.015
2|4|1|4,2,0.1725
2|4|1|4,6,-3.82905
2|4|1|3,6,-5.9395500000000006
2|4|1|2,7,-3.015
2|4|1|2,6,-4.23
2|4|1|2,4,-4.23
2|4|1|1,2,-4.5
2|4|1|1,1,-7.65
2|4|1|1,5,-4.5
2|4|1|1,3,-4.5
1|2|1|1,3,-4.5
1|2|1|1,5,-4.5
3|1|1|7,7,-10.138357489192607
3|1|1|7,2,-1.9192036371072199
3|1|1|7,3,-2.885379141601844
3|1|1|7,1,-2.402945754069709
3|1|1|7,4,-3.8760602198310425
3|1|1|7,5,-10.338361092187537
3|1|1|7,6,-9.382839282083003
8|2|1|2,6,-15.605091
8|2|1|2,3,-12.21912995183863
8|2|1|2,2,-12.228730224166295
8|2|1|2,4,-14.397659683650001
8|2|1|2,5,-13.425415924155002
8|2|1|2,1,-10.181458541441195
8|2|1|2,7,-13.172535
3|6|1|10,2,11.665655730998637
3|6|1|10,5,-3.418661914092446
3|6|1|10,4,-3.096437665511251
4|6|1|9,5,-0.348473187912177
4|6|1|9,3,3.482497122766813
4|6|1|9,2,1.8480804462102765
4|6|1|9,1,12.72331846893095
4|6|1|9,4,1.2435832441019299
4|6|1|9,6,-0.051721892172342444
4|6|1|9,7,0.09242941902190811
4|6|1|8,2,11.49592395943262
4|6|1|8,4,-3.015
4|6|1|8,5,-2.081383792157378
4|6|1|8,7,0.10206023107561553
4|6|1|8,3,3.4314827513305057
4|6|1|8,1,3.5905196357075613
4|6|1|8,6,0.38826164084351333
5|6|1|7,1,12.28253169253021
5|6|1|7,3,-3.015
5|6|1|7,5,-2.968425
5|6|1|7,7,-3.1556159999999998
5|6|1|7,2,0.1725
5|6|1|7,4,-3.2613184889999998
5|6|1|7,6,-0.8624100826404392
11|2|1|6,2,9.414019595790796
11|2|1|6,5,-1.509902672165073
11|2|1|6,4,1.6770356739111172
11|2|1|6,6,-1.50779949673989
11|2|1|6,3,9.413188874337411
11|2|1|6,7,-1.4562480069825459
11|2|1|6,1,9.56655466084305
12|2|1|5,3,9.606273271138026
12|2|1|5,5,-1.2142138918642293
12|2|1|5,1,9.817499999999997
12|2|1|5,7,-1.214243468241457
12|2|1|5,4,-1.2067916320800038
12|2|1|5,6,-1.2067934388244894
12|2|1|5,2,9.754999999994848
13|2|1|4,2,9.574989397354333
13|2|1|4,5,-0.8700019223817376
13|2|1|4,7,-0.8700029187224988
13|2|1|4,1,10.199999999999996
13|2|1|4,4,-0.8700015244480934
13|2|1|4,6,-0.8700002502228267
13|2|1|4,3,-0.8699999989091804
14|2|0|3,6,-1.5217965000005382
14|2|0|3,1,9.999999999999998
14|2|0|3,5,-1.0966084160850023
14|2|0|3,2,-1.1165834515500022
14|2|0|3,4,-1.095883110000002
14|2|0|3,3,-1.0386521218219253
14|2|0|3,7,-0.6899369374554081
14|2|0|2,7,-2.0128798195472055
14|2|0|2,2,-2.296389627000006
14|2|0|2,1,9.999999999999998
14|2|0|2,3,-1.9624790651434385
14|2|0|2,5,-1.1452397118690838
14|2|0|2,4,-1.185886314157311
14|2|0|2,6,-1.0772348532457174
14|2|0|1,3,-12.478950000000001
14|2|0|1,5,-9.855
14|2|0|1,7,-4.5
14|2|0|1,2,-11.3985
14|2|0|1,1,9.999999999999998
14|2|0|1,4,-7.65
14|2|0|1,6,-9.855
2|3|1|10,1,10.032790516935949
2|3|1|10,7,-0.9918310114683886
2|3|1|10,5,-1.0979628032318338
2|3|1|10,6,-0.8162517531087239
2|3|1|10,2,10.679912335091313
2|3|1|10,4,-0.5693269602863545
2|3|1|10,3,6.89792711617102
5|3|2|4,4,-4.406658835263503
5|3|2|4,2,-4.755106937835806
5|3|2|4,5,-6.1728947595
5|3|2|4,1,-4.721956012136438
5|3|2|4,3,-4.460041323395886
5|3|2|4,7,-5.724758250000001
5|3|2|4,6,-5.097557025
5|3|2|3,6,-3.015
5|3|2|3,3,-3.195225
5|3|2|3,5,-3.195225
5|3|2|3,4,-2.9940825000000006
5|3|2|3,1,-1.9970926643402196
5|3|2|3,2,-2.8746607142339102
5|3|2|3,7,-2.9178
5|3|2|2,1,-0.6674999999999999
5|3|2|2,5,-3.015
5|3|2|2,2,-2.0488500000000003
5|3|2|2,7,-5.67585
5|3|2|2,6,-6.384316500000001
5|3|1|4,7,-5.124650694750001
5|3|1|4,3,-3.9672148737413853
5|3|1|4,1,-4.592612264879163
5|3|1|4,4,-5.7925858622855495
5|3|1|4,5,-5.195241000000001
5|3|1|4,2,-4.507306265224306
5|3|1|4,6,-5.021011194750001
5|3|1|2,4,-6.3405000000000005
5|3|1|2,1,-5.434200750000001
5|3|1|2,7,-4.23
5|3|1|2,5,-4.23
5|3|1|1,1,-7.65
5|3|1|1,3,-4.5
5|3|1|1,5,-4.5
5|3|1|1,6,-4.5
1|2|0|6,4,-3.015
1|2|0|6,7,-4.96026
1|2|0|6,6,-6.617478843
1|2|0|6,3,-3.128897745
1|2|0|6,2,-3.128897745
1|2|0|6,5,-3.128897745
1|2|0|6,1,1.0378584580499999
1|2|0|5,1,0.5424094349999999
1|2|0|5,6,-3.015
1|2|0|5,7,-3.82905
1|2|0|5,5,-3.82905
1|2|0|5,3,-3.82905
1|2|0|5,2,-3.8028060000000004
3|2|1|4,3,-0.6415500000000002
3|2|1|4,6,-5.5924245
3|2|1|4,5,-3.82905
3|2|1|4,7,-2.9178
3|2|1|4,1,1.22057906290434
3|2|1|4,2,0.5520439728
3|2|1|4,4,-2.9178
1|3|3|10,6,-12.861544572042991
1|3|3|10,3,-10.6305848951299
1|3|3|10,7,-10.763488640351529
1|3|3|10,5,0.14647496223621032
1|3|3|10,4,0.006750102218929618
1|3|3|10,2,11.047940320295396
1|3|3|10,1,3.514423779722633
1|3|3|9,7,-1.5005907493323518
1|3|3|9,6,-1.9856030166202951
1|3|3|9,3,-1.478445160828926
1|3|3|9,5,-0.8786685587008363
1|3|3|9,1,11.4648587544654
1|3|3|9,2,5.503939872703438
1|3|3|9,4,-1.059410499531284
1|3|3|8,2,9.004205491448023
1|3|3|8,1,2.306238693572349
1|3|3|8,3,-3.015
4|3|3|7,4,-3.015
4|3|3|7,1,9.351721707896367
4|3|3|7,5,-2.659443892297337
4|3|3|7,7,-1.389740457085236
4|3|3|7,2,2.5786516354371534
4|3|3|7,3,3.0720556165366957
4|3|3|7,6,-1.130270167921242
4|3|3|6,5,-3.015
4|3|3|6,3,-2.867175
4|3|3|6,4,-2.867175
4|3|3|6,1,7.75694761692054
4|3|3|6,6,-2.6371322474707286
4|3|3|6,2,3.012164413630503
4|3|3|6,7,-2.6371322474707286
4|3|3|5,1,-0.26760054211254836
4|3|3|5,3,-3.82905
4|3|3|5,5,-3.82905
7|3|3|4,3,3.8220271079246957
7|3|3|4,1,-0.8569720713944957
7|3|3|4,5,-3.015
7|3|3|4,4,-2.9158357500000003
8|3|3|3,1,1.138507771090313
8|3|3|3,6,-5.1038325
8|3|3|3,3,-4.418826782412791
8|3|3|3,4,-6.1380385807455005
8|3|3|3,5,-4.1571
4|2|1|3,3,-0.09919499999999998
4|2|1|3,2,-0.1203016313999999
4|2|1|3,7,-5.406975
4|2|1|3,1,-0.20393549999999996
4|2|1|3,6,-5.97681
4|2|1|3,4,-2.65210965
4|2|1|3,5,-3.82905
5|4|2|2,1,-2.8143715499999997
5|4|2|2,5,-3.015
5|4|2|2,4,-1.7722499999999997
5|4|2|2,3,-1.5958499999999998
5|4|2|2,2,-2.89935
5|4|2|2,7,-4.23
5|4|2|2,6,-5.080500000000001
9|2|1|1,7,-14.703400988550001
9|2|1|1,3,-14.792380691985
9|2|1|1,6,-14.792380691985
9|2|1|1,2,-14.792380691985
9|2|1|1,5,-14.703400988550001
9|2|1|1,4,-14.703400988550001
9|2|1|1,1,-14.792380691985
3|3|2|7,7,-3.015
3|3|2|7,5,-4.821751324907289
3|3|2|7,3,0.9559232650030491
3|3|2|7,4,-1.0244278473807489
3|3|2|7,1,4.908818154426785
3|3|2|7,2,0.56515275
3|3|2|7,6,-4.688402012754594
3|3|2|6,3,0.1725
3|3|2|6,2,0.47054439013188665
3|3|2|6,4,-3.015
3|3|2|6,1,-0.24666337890986734
3|3|2|6,7,-3.783901079925
4|4|2|5,2,0.4989489817892809
4|4|2|5,4,-3.015
4|4|2|5,6,-2.790306
4|4|2|5,1,-0.8133065757791733
4|4|2|5,5,-2.6262957217500005
4|4|2|5,3,-1.5604400415
6|4|3|4,7,-3.015
6|4|3|4,2,8.567771177880942
6|4|3|4,3,-3.78913725
6|4|3|3,5,-3.015
6|4|3|3,6,-4.8741975
6|4|3|2,2,-2.1468450000000003
6|4|3|2,5,-3.015
9|4|1|1,4,-13.235265
9|4|1|1,2,-13.235265
9|4|1|1,6,-12.478950000000001
9|4|1|1,7,-12.478950000000001
9|4|1|1,1,-13.235265
4|2|2|5,6,-6.0860769615207815
4|2|2|5,3,-5.059561816869
4|2|2|5,5,-6.96209151645
4|2|2|5,7,-6.56755945768683
4|2|2|5,2,-3.819093174906915
4|2|2|5,4,-4.753673871975
4|2|2|5,1,-4.157642517889111
4|2|2|4,7,-5.9395500000000006
4|2|2|4,4,-6.51628449
4|2|2|4,5,-2.942181
4|2|2|4,6,-5.001707700000001
4|2|2|4,2,-1.9399677421013697
4|2|2|4,3,-2.6475063993540005
4|2|2|4,1,-1.0045690795751052
4|2|2|3,4,-3.015
4|2|2|3,3,-2.7290100000000006
4|2|2|3,6,-2.9178
4|2|2|3,2,-0.8267505749999999
4|2|2|3,5,-2.9178
4|2|2|2,2,-0.6029999999999999
4|2|2|2,6,-3.015
4|2|2|2,4,-4.23
4|2|2|2,5,-4.23
4|2|2|2,1,-0.8549999999999999
6|4|2|1,3,-7.65
6|4|2|1,4,-7.65
6|4|2|1,7,-7.65
6|4|2|1,2,-7.65
3|4|2|9,7,-0.3083739820172349
3|4|2|9,1,11.740767037840016
3|4|2|9,6,0.08268226972556014
3|4|2|9,3,6.524813727929956
3|4|2|9,2,10.706095845545097
3|4|2|9,4,0.396455481476236
3|4|2|9,5,0.1988345887833377
3|4|2|8,6,-4.22313345831709
3|4|2|8,5,-3.5887973254220187
3|4|2|8,3,2.6544760088566117
3|4|2|8,1,12.061482564312202
3|4|2|8,7,-3.206583439976052
3|4|2|8,2,9.420354861251639
3|4|2|8,4,-2.553403467576288
3|4|2|7,3,-2.658692163942855
3|4|2|7,6,-3.015
3|4|2|7,2,9.00267445274561
3|4|2|7,7,-2.914608130686
3|4|2|7,4,-3.6580226706342343
4|4|3|6,4,-3.015
4|4|3|6,2,8.803806209015145
4|4|3|6,3,0.10053149999999995
4|4|3|6,5,-3.82905
4|4|3|5,6,-5.648759999999999
4|4|3|4,3,-1.1841000000000004
4|4|3|4,4,-3.82905
4|4|3|3,4,-5.9395500000000006
4|4|3|2,5,-7.191000000000001
4|4|3|2,4,-4.23
4|4|3|1,4,-7.65
4|4|3|1,6,-4.5
6|3|2|5,3,-4.023730692352866
6|3|2|5,7,-13.058238308547072
6|3|2|5,5,-9.743839693682427
6|3|2|5,4,-6.227367422135649
6|3|2|5,6,-5.63568248925
6|3|2|5,2,-3.931650065776391
6|3|2|5,1,2.39250398396149
8|3|2|4,7,-14.422531925430967
8|3|2|4,6,-7.112564775
8|3|2|4,3,-6.96113829328125
8|3|2|4,4,-10.71419554764086
8|3|2|4,5,-12.405247890004503
8|3|2|4,1,-0.3767425818028276
8|3|2|4,2,-7.222145050757999
8|3|2|3,4,-10.771771587125494
8|3|2|3,5,-12.766761494013497
8|3|2|3,3,-12.281306243946831
8|3|2|3,2,-9.240671758889919
8|3|2|3,1,-9.238686479085013
8|3|2|3,6,-13.934623474629037
8|3|2|3,7,-11.251630327500001
9|3|2|2,4,-13.58928
9|3|2|2,6,-16.448166135
9|3|2|2,5,-12.13839
9|3|2|2,7,-12.13839
9|3|2|2,3,-11.677095730548704
9|3|2|2,2,-10.51447243124113
9|3|2|2,1,-11.573504091891621
9|3|2|1,2,-14.13527985
9|3|2|1,1,-14.13527985
9|3|2|1,3,-14.13527985
9|3|2|1,7,-14.13527985
9|3|2|1,6,-14.13527985
9|3|2|1,4,-14.13527985
9|3|2|1,5,-14.13527985
3|2|1|9,7,-4.621143699841662
3|2|1|9,6,-4.4795866711316545
3|2|1|9,1,9.026929215246724
3|2|1|9,3,5.800973356310188
3|2|1|9,5,-4.938905083907162
3|2|1|9,2,6.472638541018437
3|2|1|9,4,-1.525788366742257
3|2|1|8,1,7.320469889628451
3|2|1|8,5,-9.449801216691244
3|2|1|8,2,3.2881601963941605
3|2|1|8,6,-8.346946159916724
3|2|1|8,3,1.3036042381968653
3|2|1|8,4,-3.682874719293277
3|2|1|8,7,-8.148288154155619
5|1|1|7,4,-2.0675880530744086
5|1|1|7,2,-1.7133943613966585
5|1|1|7,7,-12.705010877593995
5|1|1|7,3,-1.3668229656077366
5|1|1|7,1,-2.0438983176055845
5|1|1|7,6,-12.669503320101507
5|1|1|7,5,-9.74762235692105
6|2|1|6,6,-14.585977780040254
6|2|1|6,1,-2.2960812874604883
6|2|1|6,7,-14.334358071936991
6|2|1|6,3,-3.2437970972521866
6|2|1|6,4,-6.449013899850921
6|2|1|6,2,-3.703240903440528
6|2|1|6,5,-10.439770803013678
7|2|2|3,6,-10.62557109315
7|2|2|3,7,-11.333826031275
7|2|2|3,1,-9.736124724937465
7|2|2|3,5,-12.75247652148225
7|2|2|3,2,-9.68341737052084
7|2|2|3,3,-10.36974958133891
7|2|2|3,4,-11.733668355560097
7|2|2|2,7,-10.1142
7|2|2|2,1,-10.4684621918895
7|2|2|2,3,-11.393780979779025
7|2|2|2,2,-10.478631300853502
7|2|2|2,6,-10.709550000000002
7|2|2|2,5,-10.1142
7|2|2|2,4,-10.150949427000002
7|2|2|1,1,-11.3985
7|2|2|1,4,-11.3985
7|2|2|1,6,-11.3985
7|2|2|1,7,-11.3985
7|2|2|1,2,-11.3985
1|5|2|10,3,-3.5834194530260204
1|5|2|10,5,-4.169941303274965
1|5|2|10,4,0.9501493043166532
1|5|2|10,2,12.286049055703021
1|5|2|10,1,3.7911091261249212
1|5|2|9,1,12.186317370946243
1|5|2|9,6,-3.015
1|5|2|9,3,-2.1988012773140464
6|3|1|8,1,10.399841064647934
6|3|1|8,2,9.757899255447127
6|3|1|8,6,-1.5090687482125085
6|3|1|8,4,2.3716495887706692
6|3|1|8,7,-1.452142886856245
6|3|1|8,5,1.452636487381558
6|3|1|8,3,9.252638609192983
9|1|1|7,5,-1.8614842159732135
9|1|1|7,4,8.432897174253558
9|1|1|7,6,-6.12876308509744
9|1|1|7,3,8.183551252945204
9|1|1|7,2,8.12378862229778
9|1|1|7,7,-6.965521775004945
9|1|1|7,1,8.159139236822417
10|1|1|6,1,8.286536766345044
10|1|1|6,4,8.178943987778599
10|1|1|6,2,8.286105838836892
10|1|1|6,7,-11.827875476540209
10|1|1|6,6,-10.085737809017786
10|1|1|6,5,2.40731881880928
10|1|1|6,3,8.325887859261739
11|2|1|5,5,-1.4082737628461488
11|2|1|5,4,4.933381124321414
11|2|1|5,6,-1.50065642025098
11|2|1|5,2,9.410843158837219
11|2|1|5,3,9.412267002826718
11|2|1|5,7,-1.4382908889981292
11|2|1|5,1,9.56655703553188
1|2|0|4,4,-3.015
1|2|0|4,2,-3.82905
1|2|0|4,6,-3.82905
1|2|0|4,5,-2.9178
1|2|0|4,1,0.40657499999999996
1|2|0|3,7,-3.015
1|2|0|3,5,-3.82905
1|2|0|3,1,0.36
1|2|0|3,4,-3.82905
1|2|0|2,4,-3.015
1|2|0|2,2,-4.23
1|2|0|2,5,-4.23
1|2|0|1,6,-4.5
1|2|0|1,3,-7.65
2|1|1|4,2,0.35240024999999997
2|1|1|4,3,0.60035085
2|1|1|4,5,-3.015
2|1|1|4,1,0.2697
2|1|1|4,7,-3.82905
2|1|1|4,4,-2.942181
2|1|1|4,6,-2.9614104
3|1|1|3,4,-3.015
3|1|1|3,3,0.1725
3|1|1|3,2,0.219075
3|1|1|3,7,-3.82905
3|1|1|3,5,-3.296475
3|1|1|3,1,0.219075
3|1|1|2,5,-3.015
3|1|1|2,2,-1.0424999999999998
3|1|1|2,6,-4.23
3|1|1|1,4,-4.5
3|1|1|1,3,-4.5
3|1|1|1,6,-4.5
1|1|1|4,6,-3.015
1|1|1|4,3,-3.82905
1|1|1|4,5,-3.82905
1|1|1|4,1,-0.6415500000000002
1|1|1|4,2,-0.6415500000000002
1|1|1|4,4,-3.1882185000000005
1|1|1|4,7,-3.1882185000000005
1|1|1|3,6,-3.015
1|1|1|3,3,-3.296475
1|1|1|3,2,-0.6415500000000002
1|1|1|3,7,-3.296475
1|1|1|3,1,-0.6415500000000002
1|1|1|2,1,-1.7722499999999997
1|1|1|2,2,-1.0424999999999998
6|3|2|2,6,-6.3405000000000005
6|3|2|2,7,-7.191000000000001
6|3|2|2,5,-7.032450000000001
6|3|2|2,3,-6.232581225000001
6|3|2|2,4,-8.059402500000001
6|3|2|2,1,-5.557320600000001
6|3|2|2,2,-6.537600000000001
6|3|2|1,1,-7.65
6|3|2|1,5,-4.5
6|3|2|1,6,-4.5
6|3|2|1,4,-7.65
6|3|2|1,2,-7.65
6|3|2|1,3,-7.65
4|1|1|8,7,-10.114319446785279
4|1|1|8,3,1.661584178367082
4|1|1|8,4,1.0644117284082673
4|1|1|8,2,0.6384885926349793
4|1|1|8,1,1.555481208399046
4|1|1|8,6,-10.99649888158932
4|1|1|8,5,-6.03265037921246
7|1|1|3,4,-8.49596266749968
7|1|1|3,1,-8.265498285087295
7|1|1|3,2,-8.310863690153706
7|1|1|3,3,-8.72646108343835
7|1|1|3,7,-10.107078631065
7|1|1|3,6,-9.201918478424798
1|3|2|10,6,-0.9786172052073324
1|3|2|10,2,10.239268012165287
1|3|2|10,5,-1.0506035765046025
1|3|2|10,1,11.489032402008082
1|3|2|10,4,-0.8809705527371436
1|3|2|10,7,-0.9479567595023844
1|3|2|10,3,-0.5848024042939485
1|3|2|9,1,10.273222836535616
1|3|2|9,4,-3.015
1|3|2|9,2,2.8113988197137973
1|3|2|9,5,-2.7984350347760576
4|2|2|8,7,-6.005950553628562
4|2|2|8,3,4.789736120786374
4|2|2|8,4,2.998457925598948
4|2|2|8,6,-6.455401546095068
4|2|2|8,1,8.156016678742132
4|2|2|8,2,6.967900699089175
4|2|2|8,5,-5.095220949108085
4|2|2|7,3,-1.3732738078306603
4|2|2|7,2,4.045649664486266
4|2|2|7,1,0.6360952456427914
4|2|2|7,4,-8.24647662818184
4|2|2|7,7,-8.626562490408944
4|2|2|7,6,-10.114212294290612
4|2|2|7,5,-10.477721854654115
5|4|2|6,2,8.557205289155295
5|4|2|6,5,-3.015
5|4|2|6,7,-3.1882185000000005
5|4|2|6,3,-2.108373882332665
5|4|2|6,4,-2.572016864691202
5|4|2|6,6,-3.63210439923
5|4|2|6,1,3.4206478700852507
7|4|2|5,4,0.061009597670556914
7|4|2|5,1,11.282875500793526
7|4|2|5,7,-4.184905440605527
7|4|2|5,6,-5.172100987653724
7|4|2|5,3,2.202409723918283
7|4|2|5,2,3.323712595855932
7|4|2|5,5,-6.4188936034258814
8|4|2|4,7,-3.015
8|4|2|4,1,11.520163409749538
8|4|2|4,3,0.1725
8|4|2|4,2,0.36
8|4|2|4,4,-3.1118172458576296
8|4|2|3,2,-3.6104871585083362
8|4|2|3,6,-3.015
8|4|2|3,5,-3.1446
8|4|2|3,3,-4.322693174445707
8|4|2|3,1,-2.870969992130236
8|4|2|3,4,-2.968425
10|4|1|2,7,-12.339045
10|4|1|2,6,-15.896812500000003
10|4|1|2,1,-10.973381286132721
10|4|1|2,4,-13.172535
10|4|1|2,5,-13.172535
10|4|1|2,3,-11.953321525558502
10|4|1|2,2,-11.423281493388773
10|4|1|1,6,-12.478950000000001
10|4|1|1,5,-12.478950000000001
10|4|1|1,2,-13.235265
10|4|1|1,1,-13.235265
10|4|1|1,7,-12.478950000000001
10|4|1|1,4,-13.235265
10|4|1|1,3,-12.478950000000001
2|3|1|5,6,-3.015
2|3|1|5,5,-2.8272622500000004
2|3|1|5,2,-0.6415500000000002
2|3|1|5,1,2.238941435883
2|3|1|5,3,-2.8272622500000004
2|3|1|4,1,1.088641275
2|3|1|4,4,-3.015
2|3|1|4,7,-3.2767920000000004
3|1|1|5,6,-3.015
3|1|1|5,4,-5.017858694999999
3|1|1|5,2,0.42924292499999994
3|1|1|5,5,-2.94876387
3|1|1|5,1,0.8261008580061435
3|1|1|5,7,-4.9758348663
3|1|1|5,3,0.37987255499999995
3|1|1|4,7,-3.82905
3|1|1|4,3,0.219075
3|1|1|4,2,-0.3325536900000001
3|1|1|4,6,-2.95584975
3|1|1|4,5,-2.95584975
3|1|1|4,4,0.33985445646
3|1|1|4,1,0.22608959999999997
4|3|2|2,7,-4.23
4|3|2|2,6,-4.23
4|3|2|2,4,-1.893
6|2|2|4,6,-9.105332827878875
6|2|2|4,3,-7.705356872408152
6|2|2|4,4,-9.962047562772995
6|2|2|4,2,-7.662370046225168
6|2|2|4,1,-7.630956975513136
6|2|2|4,7,-7.61928540155235
6|2|2|4,5,-10.256283673021102
6|2|2|3,7,-8.1259497
6|2|2|3,5,-9.95054155167135
6|2|2|3,4,-9.268758748500002
6|2|2|3,1,-8.00237150529522
6|2|2|3,2,-7.810639410684685
6|2|2|3,6,-11.03415039
6|2|2|3,3,-7.945201972639854
6|2|2|2,7,-8.66835
6|2|2|2,5,-10.1142
6|2|2|2,3,-7.493826525
6|2|2|2,4,-7.7018249999999995
6|2|2|2,1,-8.380523565
6|2|2|2,6,-10.1142
6|2|2|1,1,-9.855
6|2|2|1,6,-7.65
6|2|2|1,2,-9.855
6|2|2|1,5,-7.65
6|2|2|1,4,-7.65
6|2|2|1,7,-7.65
6|2|2|1,3,-7.65
3|2|2|2,3,-1.0424999999999998
3|2|2|2,4,-3.015
3|2|2|2,1,-1.4534999999999998
9|2|1|4,6,-19.17528739299004
9|2|1|4,4,-14.503021077889453
9|2|1|4,5,-18.302855057050767
9|2|1|4,2,-8.662844100640449
9|2|1|4,3,-7.722397097927809
9|2|1|4,1,-8.670758024225625
9|2|1|4,7,-19.046040763563536
9|2|1|3,4,-13.358473439243667
9|2|1|3,1,-10.234626571631047
9|2|1|3,7,-20.79242602071309
9|2|1|3,2,-10.477177134148912
9|2|1|3,3,-10.457954437049153
9|2|1|3,6,-19.19081620835465
9|2|1|3,5,-17.004318433688727
10|2|1|2,1,-12.299989260490074
10|2|1|2,3,-12.823833641582011
10|2|1|2,6,-22.64202767702461
10|2|1|2,7,-17.58125240583352
10|2|1|2,4,-15.586060614334407
10|2|1|2,5,-21.526055417414845
10|2|1|2,2,-12.884264863066475
12|1|1|1,3,-14.999999999999998
12|1|1|1,2,-14.999999999999998
12|1|1|1,7,-14.999999999999998
12|1|1|1,5,-14.999999999999998
12|1|1|1,1,-14.999999999999998
12|1|1|1,4,-14.999999999999998
12|1|1|1,6,-14.999999999999998
3|6|1|4,4,-3.015
3|6|1|3,5,-3.015
3|6|1|2,5,-3.015
3|6|1|1,1,-4.5
1|4|1|8,1,7.460302149996983
1|4|1|8,3,-3.015
5|3|3|7,1,11.534018282969674
5|3|3|7,6,-2.8522773583643257
5|3|3|7,7,-2.85459975
5|3|3|7,3,0.32032499999999997
5|3|3|7,4,-1.9166637564718934
5|3|3|7,2,7.409084845237496
5|3|3|7,5,-1.1542748557142353
9|3|2|4,2,9.864087394288283
9|3|2|4,5,-15.235206206728698
9|3|2|4,1,10.723419402930897
9|3|2|4,3,6.426768716659476
9|3|2|4,4,-13.70182821393566
9|3|2|4,6,-15.056680855796984
9|3|2|4,7,-17.007108627457303
12|3|1|2,6,-9.51885
12|3|1|2,1,7.299300230675271
12|3|1|2,5,-13.854395048310003
12|3|1|2,3,-4.23
12|3|1|2,7,-16.56955145115
12|3|1|2,2,9.574999999999996
12|3|1|2,4,-20.379541758890404
12|3|1|1,5,-14.5762871265
12|3|1|1,3,-14.5762871265
12|3|1|1,4,-14.5762871265
12|3|1|1,7,-14.5762871265
12|3|1|1,2,-14.703400988550001
12|3|1|1,6,-14.5762871265
12|3|1|1,1,-14.703400988550001
2|3|1|9,6,-3.0806210854895206
2|3|1|9,3,6.544023006612921
2|3|1|9,4,-2.49465983257077
2|3|1|9,1,10.730405214617605
2|3|1|9,5,-3.400558939061638
2|3|1|9,2,8.096327406339451
2|3|1|9,7,-3.5196288747911835
2|3|1|8,4,-6.42645604321627
2|3|1|8,7,-4.97772596993924
2|3|1|8,1,8.372141955644656
2|3|1|8,2,4.441255325041759
2|3|1|8,3,-3.7968612468989758
2|3|1|8,5,-6.365630608604123
2|3|1|8,6,-6.384516785687964
3|4|1|6,3,0.1725
3|4|1|6,6,-3.015
3|4|1|6,1,2.3950387822344936
3|4|1|6,5,-2.9077576200000004
3|4|1|6,7,-3.958390093275
4|4|1|5,4,-3.015
4|4|1|5,1,0.8709083037072163
4|4|1|5,5,-4.892522778
4|4|1|5,3,-2.9496067806982693
4|4|1|4,1,0.012684834819620017
4|4|1|4,2,0.19491142500000003
4|4|1|4,3,-0.5879685
4|4|1|4,6,-3.015
4|4|1|4,5,-3.0444232500000004
4|4|1|4,7,-3.0444232500000004
10|3|1|2,1,-11.674999999999988
10|3|1|2,2,-11.996793380925263
10|3|1|2,3,-12.264819092985
10|3|1|2,5,-15.0366770595
10|3|1|2,6,-16.32654744165
10|3|1|2,4,-14.5337097345
10|3|1|2,7,-15.155749024155002
13|1|1|1,6,-14.999999999999998
13|1|1|1,7,-14.999999999999998
13|1|1|1,1,-14.999999999999998
13|1|1|1,3,-14.999999999999998
13|1|1|1,5,-14.999999999999998
13|1|1|1,4,-14.999999999999998
13|1|1|1,2,-14.999999999999998
4|4|1|8,2,9.716760817475777
4|4|1|8,6,-1.3987023989524128
4|4|1|8,1,11.177594898807127
4|4|1|8,3,7.054672335266687
4|4|1|8,4,0.2216225082333697
4|4|1|8,7,-1.994533996641853
4|4|1|8,5,-1.525421384019642
5|5|2|7,5,-11.728420031959132
5|5|2|7,4,-3.870074520929319
5|5|2|7,3,10.21590291128677
5|5|2|7,6,-1.463203113112672
5|5|2|7,2,3.3967665977255166
5|5|2|7,7,-0.5761988360152654
5|5|2|7,1,3.639037010021495
5|5|2|6,7,-2.0590333027565175
5|5|2|6,4,-4.461674878470774
5|5|2|6,5,-3.710236340187508
5|5|2|6,2,10.748608528685597
5|5|2|6,1,3.4618075868588996
5|5|2|5,1,10.572660062795238
5|5|2|5,7,-3.015
5|5|2|5,6,-3.3828753411996795
5|5|2|5,4,-2.8896681016918153
15|1|0|1,3,-14.999999999999998
15|1|0|1,4,-14.999999999999998
15|1|0|1,1,9.999999999999998
15|1|0|1,7,-14.999999999999998
15|1|0|1,6,-14.999999999999998
15|1|0|1,5,-14.999999999999998
15|1|0|1,2,-14.999999999999998
4|1|1|10,4,8.852131611569723
4|1|1|10,7,-3.704760998003644
4|1|1|10,1,5.774473118777283
4|1|1|10,6,-1.4603310166675572
4|1|1|10,5,4.472030889093261
4|1|1|10,2,4.4356808070225355
4|1|1|10,3,5.477204147827412
7|1|1|8,4,8.42060338012525
7|1|1|8,2,5.528949801547933
7|1|1|8,5,3.5417333448021213
7|1|1|8,7,-4.270179356016507
7|1|1|8,3,5.68474805025878
7|1|1|8,6,-3.4899312383277215
7|1|1|8,1,5.6269294793179
8|2|1|6,4,-0.9925381344912809
8|2|1|6,6,-12.31408039310491
8|2|1|6,3,6.3320169998992775
8|2|1|6,2,0.39114864825094475
8|2|1|6,7,-11.54997122713857
8|2|1|6,5,-7.7324155156129954
8|2|1|6,1,0.5717731696394761
9|2|2|5,4,-2.487066523124823
9|2|2|5,5,-8.82034249803904
9|2|2|5,1,9.802780071570535
9|2|2|5,6,-11.931715035966093
9|2|2|5,7,-11.217859082546479
9|2|2|5,3,9.576698405110259
9|2|2|5,2,10.169714076291289
10|2|2|4,1,10.035965028651807
10|2|2|4,7,-16.717646082892056
10|2|2|4,4,3.539756596519613
10|2|2|4,3,7.274970937966744
10|2|2|4,5,-16.87693378578526
10|2|2|4,2,10.036219026702486
10|2|2|4,6,-16.031176966501135
3|4|2|3,2,0.55845
5|4|2|1,6,-9.855
5|4|2|1,3,-4.5
1|4|0|10,7,-0.5318783668432272
1|4|0|10,3,-0.9903497649289568
1|4|0|10,2,0.11175735099044204
1|4|0|10,4,-1.8638071153111506
1|4|0|10,6,-0.08838256729360176
1|4|0|10,1,11.53453455163513
1|4|0|10,5,-0.16669093067209506
1|4|0|9,5,-4.141276283933404
1|4|0|9,6,-4.151665129499862
1|4|0|9,7,-3.624786163470792
1|4|0|9,3,-4.7881350000000005
1|4|0|9,4,-4.7881350000000005
1|4|0|9,1,11.433203296109046
1|4|0|9,2,-1.1105386276480267
1|4|0|8,1,7.460243684788171
1|4|0|8,3,-3.015
1|4|0|8,7,-3.82905
1|4|0|8,6,-4.6186785
1|4|0|8,4,-2.81655
1|4|0|8,2,-2.65109029364547
1|4|0|8,5,-2.65109029364547
5|3|1|7,5,-8.391725733664753
5|3|1|7,4,-2.3794757521551415
5|3|1|7,1,4.169549097713914
5|3|1|7,6,-9.151379032836603
5|3|1|7,3,3.0784482579634074
5|3|1|7,2,7.379514237211567
5|3|1|7,7,-9.37028895504398
5|3|1|6,5,-13.171198584454157
5|3|1|6,3,-3.4504764924223585
5|3|1|6,4,-9.526194608973265
5|3|1|6,1,-1.9697815979190985
5|3|1|6,7,-12.291902328628066
5|3|1|6,6,-10.133971091913521
5|3|1|6,2,2.176871596674083
6|3|1|3,3,-6.1236406646913
6|3|1|3,7,-8.340867000000001
6|3|1|3,5,-7.763302575
6|3|1|3,2,-6.305951967618292
6|3|1|3,4,-7.596335250000001
6|3|1|3,1,-6.639010616002835
6|3|1|3,6,-7.3373175
7|4|3|2,3,0.48074999999999996
8|4|3|1,3,-12.478950000000001
1|2|2|10,7,-2.9719747181686347
1|2|2|10,3,-2.119212160570441
1|2|2|10,1,10.66579815176869
1|2|2|10,2,9.407046344239395
1|2|2|10,6,-2.9165056041429693
1|2|2|10,4,-2.6483022718097375
1|2|2|10,5,-2.388351176383868
1|2|2|9,6,-3.015
1|2|2|9,2,0.58707785592
1|2|2|9,7,-3.1375935
1|2|2|9,1,9.20435954764437
1|2|2|9,5,-4.843380154612344
1|2|2|9,4,-2.94131643079082
1|2|2|9,3,-2.937653732953574
1|2|2|8,2,2.696013248247354
1|2|2|8,7,-3.015
6|2|2|6,5,-7.385743694418062
6|2|2|6,4,-2.5864728508152752
6|2|2|6,1,-0.37971462425598357
6|2|2|6,3,-2.3593811908641436
6|2|2|6,7,-13.895784480406505
6|2|2|6,2,-1.326717978863678
6|2|2|6,6,-11.387475228323742
9|3|2|3,6,-11.40729160708552
9|3|2|3,5,-10.581756140183316
9|3|2|3,1,1.1289480608678764
9|3|2|3,4,-10.448255990183316
9|3|2|3,3,-12.695246164414622
9|3|2|3,7,-10.724469945591151
9|3|2|3,2,-9.176473109392985
3|2|1|10,7,-1.9518107149493966
3|2|1|10,5,-2.370904689847707
3|2|1|10,4,2.1033431934064515
3|2|1|10,2,9.248152183944
3|2|1|10,3,5.721769703456392
3|2|1|10,6,-2.570588635907373
3|2|1|10,1,9.96294615191228
4|2|1|2,6,-3.015
4|2|1|2,7,-4.23
4|2|1|2,5,-4.23
4|2|1|2,3,-1.0424999999999998
4|2|1|2,4,-4.23
4|2|1|2,1,-0.8549999999999999
4|2|1|2,2,-1.0424999999999998
4|2|1|1,2,-4.5
4|2|1|1,7,-4.5
4|2|1|1,1,-4.5
4|2|1|1,5,-4.5
4|2|1|1,6,-4.5
4|2|1|1,3,-4.5
4|2|1|1,4,-4.5
4|3|2|9,3,8.017615250015218
4|3|2|9,4,2.582792816372963
4|3|2|9,7,-0.3475113223037588
4|3|2|9,2,10.53875609150867
4|3|2|9,6,-0.388198017262384
4|3|2|9,5,0.9063124481634127
4|3|2|9,1,10.962701072443869
8|2|2|7,7,-1.171015996699207
8|2|2|7,5,1.5518368002836425
8|2|2|7,1,10.378398689757788
8|2|2|7,6,-1.0548287168269752
8|2|2|7,3,9.503637919617796
8|2|2|7,4,9.409318028260623
8|2|2|7,2,9.548295286470978
8|2|2|6,3,9.561652812819931
8|2|2|6,7,-7.039366094665843
8|2|2|6,2,10.142682172520477
8|2|2|6,4,1.5423321112227537
8|2|2|6,6,-5.5266575910335725
8|2|2|6,1,9.600528254572072
8|2|2|6,5,-2.9620885667568486
9|2|2|4,2,-2.006750289487286
9|2|2|4,6,-18.37042933063643
9|2|2|4,4,-8.722504408755686
9|2|2|4,3,-8.158769254829638
9|2|2|4,7,-18.836081528162364
9|2|2|4,5,-18.71723413487378
9|2|2|4,1,-7.88814965749569
11|2|2|3,5,-20.4628642346363
11|2|2|3,6,-18.500197596866357
11|2|2|3,2,9.557292552530525
11|2|2|3,1,10.379999999999727
11|2|2|3,3,-0.4672384288604121
11|2|2|3,7,-20.689641204096397
11|2|2|3,4,-20.80571820934196
5|3|2|7,7,-5.3238822438945
5|3|2|7,6,-5.6900894631072045
5|3|2|7,4,-1.341330180839817
5|3|2|7,2,8.830562089605804
5|3|2|7,1,10.195707013513982
5|3|2|7,5,-4.20474427799377
5|3|2|7,3,6.66886783663853
5|3|2|6,4,-3.544690342141142
5|3|2|6,2,4.88620886445689
5|3|2|6,6,-9.5993881966906
5|3|2|6,1,1.0554078896142711
5|3|2|6,5,-11.19002045039225
5|3|2|6,3,-0.26496834616631393
5|3|2|6,7,-5.222526593439632
6|3|2|4,3,-8.421374554811692
6|3|2|4,6,-9.34283143734225
6|3|2|4,1,-7.153830540327582
6|3|2|4,4,-9.770818274359554
6|3|2|4,7,-7.843504497165
6|3|2|4,2,-3.018514311037122
6|3|2|4,5,-10.869048070602496
7|3|2|3,1,-8.560068093446501
7|3|2|3,2,-8.814251922415163
7|3|2|3,3,-10.678927134082526
7|3|2|3,6,-11.002454844103202
7|3|2|3,4,-10.386837667112829
7|3|2|3,5,-11.2253951241
7|3|2|3,7,-8.848220017500001
7|4|2|4,2,-2.5651519891829277
7|4|2|4,4,-3.9692232750000005
7|4|2|4,6,-3.8035262925000004
7|4|2|4,5,-4.19941845
7|4|2|4,1,-2.081748271887809
9|4|1|3,2,-8.940483654022861
9|4|1|3,6,-8.93031463284975
9|4|1|3,7,-9.870478005333803
9|4|1|3,1,-4.6629763042336
9|4|1|3,3,-9.441062419574678
9|4|1|3,5,-9.28539345026298
8|2|2|1,4,-13.235265
8|2|2|1,7,-13.235265
8|2|2|1,2,-13.235265
8|2|2|1,5,-13.235265
8|2|2|1,6,-13.235265
8|2|2|1,3,-13.235265
8|2|2|1,1,-13.235265
5|3|3|2,7,-3.015
5|3|3|2,2,-1.1347499999999997
5|3|3|1,3,-4.5
5|3|3|1,7,-4.5
2|3|1|3,6,-3.015
2|3|1|3,3,-0.358395
2|3|1|2,4,-3.015
2|3|1|1,6,-7.65
4|4|0|2,7,-3.015
4|4|0|1,2,-4.5
6|3|1|6,7,-10.32407975790795
6|3|1|6,6,-11.177424839896721
6|3|1|6,3,-3.307841506267498
6|3|1|6,5,-6.471927121039085
6|3|1|6,1,2.251220738800875
6|3|1|6,2,0.23897675001340035
6|3|1|6,4,-11.435714375125258
6|3|1|5,5,-15.390518797405207
6|3|1|5,6,-12.414405483096251
6|3|1|5,4,-12.379039791065434
6|3|1|5,1,0.4267291598970031
6|3|1|5,3,-7.961386642294638
6|3|1|5,2,-5.87682485072396
6|3|1|5,7,-10.796668514306775
7|4|1|2,7,-14.241710835000001
7|4|1|2,5,-15.51757455
7|4|1|1,6,-11.3985
7|4|1|1,5,-12.478950000000001
7|4|1|1,4,-12.478950000000001
1|4|0|7,7,-5.9395500000000006
1|4|0|7,1,3.35533869946466
1|4|0|7,4,-4.6186785
1|4|0|6,7,-5.9395500000000006
1|4|0|6,6,-2.8960572915000005
1|4|0|5,6,-3.015
1|4|0|5,1,1.3241283132
1|4|0|4,3,-3.015
1|4|0|3,1,0.8321999999999999
6|2|1|2,1,-5.829133500000001
6|2|1|2,7,-6.3405000000000005
6|2|1|2,5,-7.191000000000001
6|2|1|2,3,-6.182391750000001
6|2|1|2,4,-4.95975
6|2|1|2,2,-5.3489017500000005
6|2|1|2,6,-7.191000000000001
5|4|1|4,1,-5.075325562345235
5|4|1|4,5,-5.7082464
8|3|2|2,5,-12.339045
8|3|2|2,1,-11.218188540917392
8|3|2|2,7,-11.3049
8|3|2|2,4,-13.172535
8|3|2|2,6,-11.3049
8|3|2|2,2,-11.285118688264067
8|3|2|2,3,-12.715282227758701
8|3|2|1,2,-12.478950000000001
8|3|2|1,1,-12.478950000000001
8|3|2|1,4,-12.478950000000001
8|3|2|1,3,-12.478950000000001
8|3|2|1,5,-12.478950000000001
8|3|2|1,6,-12.478950000000001
8|3|2|1,7,-11.3985
7|2|1|6,3,-2.016557586284795
7|2|1|6,4,-5.225265860537337
7|2|1|6,1,0.4226251848201982
7|2|1|6,2,-0.7594820715387076
7|2|1|6,6,-10.4423565101422
7|2|1|6,5,-12.027036495418821
7|2|1|6,7,-13.65958926603597
8|2|1|5,5,-16.278189392325448
8|2|1|5,2,-5.434666229698948
8|2|1|5,7,-16.88078668200168
8|2|1|5,6,-16.176012118093603
8|2|1|5,1,-5.3812560315501266
8|2|1|5,3,-4.149540247786116
8|2|1|5,4,-7.392757922358907
8|2|1|4,7,-18.865843249849405
8|2|1|4,2,-8.393059210296446
8|2|1|4,4,-13.160947127514408
8|2|1|4,1,-7.06726988108193
8|2|1|4,6,-18.9870096807681
8|2|1|4,5,-15.363923821054719
8|2|1|4,3,-8.378630376907608
8|2|1|3,1,-10.078284961985176
8|2|1|3,2,-10.29243637459999
8|2|1|3,4,-11.500421914132577
8|2|1|3,5,-14.614674505144308
8|2|1|3,7,-19.45845358273239
8|2|1|3,6,-16.35744054772382
8|2|1|3,3,-10.364147910849047
2|4|2|6,2,-0.08910745152623972
2|4|2|6,4,-3.015
2|4|2|6,7,-3.1375935
2|4|2|6,6,-2.9429480700000004
2|4|2|6,1,0.01794601672728069
4|4|2|4,1,1.8488504925
4|4|2|4,5,-3.015
8|4|2|2,1,-5.5370738006718225
8|4|2|2,5,-7.191000000000001
8|4|2|2,7,-9.053595000000001
8|4|2|2,3,-5.78157
8|4|2|2,2,-5.748871500000001
8|4|2|2,4,-6.157816500000001
3|3|2|2,3,-7.191000000000001
3|3|2|2,4,-4.23
6|4|1|5,5,-4.683476730000001
6|4|1|5,2,-2.3883797184695243
6|4|1|5,3,-5.139521993757231
6|4|1|5,7,-5.920375999339861
6|4|1|5,1,7.3387832617302315
6|4|1|5,4,-3.9030889102608266
6|4|1|5,6,-3.9933338521358497
6|4|1|4,4,-6.673246386331344
6|4|1|4,1,-3.8275627938193018
6|4|1|4,2,-3.7393610697282993
6|4|1|4,3,-5.62005800166611
8|4|1|2,6,-10.70955
8|4|1|2,5,-12.13839
8|4|1|2,2,-8.568029013787829
8|4|1|2,3,-9.743025
8|4|1|2,1,-9.397210748441823
8|4|1|2,4,-11.721645
8|4|1|1,4,-11.3985
8|4|1|1,1,-12.478950000000001
8|4|1|1,3,-12.478950000000001
3|2|2|9,2,9.079528675419718
3|2|2|9,5,-2.6767662001099355
3|2|2|9,6,-2.5606874652169633
3|2|2|9,7,-2.8110156408497753
3|2|2|9,3,8.42891626282387
3|2|2|9,1,9.491053049517886
3|2|2|9,4,-2.8805318045466546
6|5|2|7,7,-1.6356004070538792
6|5|2|7,6,-3.141437866319596
6|5|2|7,2,11.60861065017222
6|5|2|7,5,-0.6743230492939202
6|5|2|7,4,0.42500615721190976
6|5|2|7,1,3.50673078851391
6|5|2|7,3,3.3873435149784483
6|5|2|6,2,-1.5943768228710002
6|5|2|6,7,-4.417274270559165
6|5|2|6,3,3.882776073365736
6|5|2|6,1,12.071513330201427
6|5|2|6,5,-0.10027060373777026
6|5|2|6,4,3.386819612520779
6|5|2|6,6,0.13149937047183471
8|5|1|5,4,-11.639459612156589
8|5|1|5,2,10.166042430464206
8|5|1|5,3,-5.081509313257207
8|5|1|5,6,-5.5786591092800455
8|5|1|5,5,-5.790601525897652
8|5|1|5,7,-6.009178771453779
8|5|1|4,3,-11.817876985482647
8|5|1|4,7,-11.09924718952914
8|5|1|3,1,-8.070392848975798
8|5|1|3,5,-7.8665400000000005
1|4|1|7,1,0.781575
2|3|2|4,7,-3.015
2|3|2|4,6,-2.78851995
2|3|2|4,1,0.8295072834
2|3|2|3,1,1.2318705
2|3|2|3,5,-3.015
2|1|1|10,1,8.77454829506455
2|1|1|10,5,-4.747688473125772
2|1|1|10,7,-4.962133345631744
2|1|1|10,4,-4.388000037555175
2|1|1|10,6,-4.88146267313678
2|1|1|10,3,7.153408323441319
2|1|1|10,2,6.661553162429424
2|4|1|10,5,-0.7329369354143849
2|4|1|10,1,11.148983035148829
2|4|1|10,3,3.694698887326067
2|4|1|10,6,0.21136589569265285
2|4|1|10,2,9.601894627684247
2|4|1|10,4,-0.015633733007120183
2|4|1|10,7,0.1310673854429274
2|4|1|9,7,-0.9608704816537906
2|4|1|9,3,2.052525628597029
2|4|1|9,5,-0.6665472174825511
2|4|1|9,2,10.920616100832977
2|4|1|9,6,-0.7678177822126258
2|4|1|9,4,-0.37959591364881223
2|4|1|9,1,9.060916270593049
6|3|2|7,1,10.84124280984227
6|3|2|7,7,-1.6962468894581555
6|3|2|7,6,-2.7572608206717426
6|3|2|7,3,10.159687567607936
6|3|2|7,4,3.048587878483349
6|3|2|7,2,10.315135976041791
6|3|2|7,5,1.5583905264083064
9|2|2|6,3,9.680748918634299
9|2|2|6,6,-0.9957554852208764
9|2|2|6,4,6.31843692506663
9|2|2|6,2,9.878644665635347
9|2|2|6,1,9.738839760505611
9|2|2|6,5,2.914535206508189
9|2|2|6,7,-1.055917865939301
1|5|0|10,4,-3.393650991087299
1|5|0|10,6,-1.0175712959463479
1|5|0|10,5,-0.23447176198735378
1|5|0|10,2,-0.21030838801416044
1|5|0|10,1,12.165810750827617
1|5|0|10,7,-0.268045091016325
1|5|0|10,3,0.2560153930262281
1|5|0|9,1,12.015780945558165
1|5|0|9,4,-3.015
1|5|0|9,3,-2.582438212050848
6|2|2|8,3,9.497105321431224
6|2|2|8,1,9.851899941732203
6|2|2|8,6,-1.4885087437662556
6|2|2|8,2,9.792998781704798
6|2|2|8,4,9.38431152051176
6|2|2|8,5,2.310118334910298
6|2|2|8,7,-2.104698465022668
3|4|1|5,3,-0.9239742621975002
3|4|1|5,5,-3.82905
5|4|1|3,4,-3.015
5|4|1|3,2,-0.5596339499999999
5|4|1|3,5,-4.3541325
5|4|1|2,3,-3.2993249999999996
7|3|2|5,4,-3.346132932052033
7|3|2|5,1,2.2010002265487865
7|3|2|5,5,-10.604207801963048
7|3|2|5,3,-2.126487032455509
7|3|2|5,2,-0.28536598929561974
7|3|2|5,7,-10.830360383916068
7|3|2|5,6,-12.36212948782862
7|3|2|4,1,2.8350942709742717
7|3|2|4,6,-7.801699955505209
7|3|2|4,5,-7.40051913216555
7|3|2|4,3,-9.85747346476122
7|3|2|4,2,-7.194769237543333
7|3|2|4,7,-9.082106118
7|3|2|4,4,-10.230276275859092
10|2|1|3,6,-21.08956640358904
10|2|1|3,1,-10.297173604398278
10|2|1|3,5,-19.105374686870004
10|2|1|3,3,-10.416709292484073
10|2|1|3,4,-14.529104412857299
10|2|1|3,2,-10.494971839266134
10|2|1|3,7,-21.072234353813613
6|5|2|1,6,-4.5
12|2|2|3,6,-2.087199303949922
12|2|2|3,3,-2.9413350015883113
12|2|2|3,4,-1.7273138128839765
12|2|2|3,1,10.199999999999996
12|2|2|3,5,-0.9698544608503107
12|2|2|3,7,-1.4882574556306436
12|2|2|3,2,9.788393184806306
12|2|2|2,7,-16.79531472
12|2|2|2,5,-4.23
12|2|2|2,6,-15.636748185000002
12|2|2|2,4,-7.191000000000001
12|2|2|2,2,4.783049999999968
12|2|2|2,3,-14.589468
12|2|2|2,1,10.199999999999996
12|2|2|1,7,-13.7646855
12|2|2|1,5,-13.7646855
12|2|2|1,6,-13.7646855
12|2|2|1,2,-13.7646855
12|2|2|1,3,-13.7646855
12|2|2|1,1,-13.7646855
12|2|2|1,4,-13.7646855
3|3|2|8,1,10.265044918900758
3|3|2|8,5,-3.798665826421809
3|3|2|8,2,7.794221281580716
3|3|2|8,7,-3.4234363737042215
3|3|2|8,6,-4.574190000022256
3|3|2|8,4,-3.3969107854922695
3|3|2|8,3,2.624686386677884
3|2|2|1,6,-4.5
5|3|2|5,6,-8.663162192167878
5|3|2|5,4,-8.071107477430143
5|3|2|5,3,-4.5343277407620795
5|3|2|5,1,-3.666007298569779
5|3|2|5,7,-7.7335194049425
5|3|2|5,2,-4.067725022988228
5|3|2|5,5,-5.454894414510001
8|3|1|2,1,-11.468832540992333
8|3|1|2,2,-11.588217047275194
8|3|1|2,3,-12.48074385975
8|3|1|2,7,-12.75579
8|3|1|2,5,-12.75579
8|3|1|2,4,-12.75579
8|3|1|2,6,-12.75579
11|1|1|1,3,-14.999999999103476
11|1|1|1,2,-14.999999999103476
11|1|1|1,1,-14.999999999103476
11|1|1|1,6,-14.999999999103476
11|1|1|1,4,-14.999999999103476
11|1|1|1,5,-14.999999999103476
11|1|1|1,7,-14.999999998719252
5|2|1|10,1,10.002524859104094
5|2|1|10,6,-0.5770691489762582
5|2|1|10,3,2.929053324128169
5|2|1|10,4,4.901052228393217
5|2|1|10,2,2.7468791192680513
5|2|1|10,5,-0.5182031802503699
5|2|1|10,7,-0.3836483210819862
7|1|1|9,2,8.899627909714381
7|1|1|9,1,2.6574171205029153
7|1|1|9,5,2.741691116755074
7|1|1|9,4,2.587085661649262
7|1|1|9,3,2.6662940500217536
7|1|1|9,7,-0.9075173794479601
8|2|1|8,5,3.0090724026099536
8|2|1|8,7,-1.6048030645114837
8|2|1|8,2,9.017669174929079
8|2|1|8,4,6.674329842690109
8|2|1|8,1,9.494158889696118
8|2|1|8,3,9.09533603422265
8|2|1|8,6,-1.149111803757246
9|3|2|6,6,-0.3538843455734321
9|3|2|6,3,9.583994474145891
9|3|2|6,7,-0.43229632250591776
9|3|2|6,5,-0.3865259289440653
9|3|2|6,4,2.9054887249259793
9|3|2|6,2,10.590657477810083
9|3|2|6,1,10.660762940055283
9|3|2|5,1,10.804571177426473
9|3|2|5,6,-1.0498293237190284
9|3|2|5,2,9.981326927855418
9|3|2|5,4,5.388947558957987
9|3|2|5,7,-0.3708130805410011
9|3|2|5,5,-0.4329562423309797
9|3|2|5,3,6.830148491195226
5|2|2|9,1,9.873972803675214
5|2|2|9,2,10.256408704728457
5|2|2|9,4,5.961771614069531
5|2|2|9,7,-0.9326755327549853
5|2|2|9,3,7.684266485667867
5|2|2|9,5,0.5840716752079106
5|2|2|9,6,-1.158811757715581
7|2|1|8,5,-1.3536021564912148
7|2|1|8,6,-3.2503608478890222
7|2|1|8,3,9.572423617992921
7|2|1|8,4,5.5567550463838655
7|2|1|8,7,-3.2558766852992562
7|2|1|8,1,9.162820041376115
7|2|1|8,2,9.21163747061623
7|2|1|7,3,4.469335010219412
7|2|1|7,4,3.186409921380503
7|2|1|7,6,-7.087453099989739
7|2|1|7,1,8.184953763924069
7|2|1|7,2,4.6141648205832535
7|2|1|7,7,-7.184839061309413
7|2|1|7,5,0.6079570212485463
8|2|2|5,4,-4.6027387325468405
8|2|2|5,1,-2.3674662843693017
8|2|2|5,2,-3.4532004135755803
8|2|2|5,3,2.6289066419120526
8|2|2|5,7,-16.21784969648478
8|2|2|5,6,-16.176721359449083
8|2|2|5,5,-14.817727484458404
10|3|2|1,6,-14.13527985
10|3|2|1,7,-14.13527985
10|3|2|1,4,-14.394695895
10|3|2|1,5,-14.394695895
10|3|2|1,2,-14.394695895
10|3|2|1,3,-11.3985
5|4|2|3,6,-6.668419500000001
5|4|2|3,7,-6.780564
5|4|2|3,5,-6.5801295
7|4|2|1,2,-9.855
7|4|2|1,1,-9.855
7|4|2|1,4,-9.855
7|4|2|1,6,-7.65
7|4|2|1,7,-7.65
4|1|1|1,1,-4.5
4|1|1|1,7,-4.5
7|3|1|5,4,-9.65278838837191
7|3|1|5,3,-5.342225155011692
7|3|1|5,2,-5.583647663852209
7|3|1|5,6,-15.437336599087999
7|3|1|5,1,4.495403878752663
7|3|1|5,7,-11.990018317356657
7|3|1|5,5,-14.2540627233179
8|3|1|4,5,-15.674999814379067
8|3|1|4,6,-13.712756051766792
8|3|1|4,2,-7.91619098468697
8|3|1|4,1,-6.414729125859229
8|3|1|4,4,-14.33385714633997
8|3|1|4,3,-9.089286695839284
8|3|1|4,7,-16.9649978519486
9|3|1|3,6,-10.673872219720247
9|3|1|3,3,-12.365475443865789
9|3|1|3,1,-9.39698562748122
9|3|1|3,2,-9.801692592107722
9|3|1|3,7,-15.22184561578038
9|3|1|3,5,-14.714604203296584
9|3|1|3,4,-13.541171788669851
9|3|1|2,4,-12.123693675
9|3|1|2,2,-11.767565101501424
9|3|1|2,6,-13.172535
9|3|1|2,5,-16.5969441
9|3|1|2,1,-11.635752038380256
9|3|1|2,3,-12.809287084962001
9|3|1|2,7,-13.172535
10|3|1|1,7,-14.5762871265
10|3|1|1,5,-14.703400988550001
10|3|1|1,2,-14.703400988550001
10|3|1|1,4,-14.703400988550001
10|3|1|1,1,-14.703400988550001
10|3|1|1,3,-14.703400988550001
10|3|1|1,6,-14.5762871265
1|4|2|10,2,11.70139752836522
1|4|2|10,4,-1.2462050934272422
1|4|2|10,1,5.4840251407184955
1|4|2|10,5,-2.80397475
1|4|2|10,7,-1.7305919593866386
1|4|2|10,6,-1.3388900768876324
1|4|2|10,3,-1.4601006861035684
3|5|1|9,6,-0.5350381619055268
3|5|1|9,5,0.6124969351964754
3|5|1|9,1,12.480364574279735
3|5|1|9,3,4.300391710600839
3|5|1|9,7,0.5773234769787545
3|5|1|9,4,0.4734646883802336
3|5|1|9,2,10.040730082783261
3|5|1|8,7,-7.115995242885445
3|5|1|8,5,-3.82905
3|5|1|8,1,12.198514241097374
3|5|1|8,3,3.0090974667305135
3|5|1|8,4,-5.151801013555872
3|5|1|8,6,-8.472318797302293
3|5|1|8,2,7.2289558534089
3|5|1|7,5,-8.255262986563093
3|5|1|7,6,-8.233774622751584
3|5|1|6,6,-5.9395500000000006
3|5|1|6,2,1.5332542818663037
3|5|1|5,5,-3.015
3|5|1|5,3,0.1725
3|5|1|4,7,-3.015
3|5|1|3,5,-3.015
3|5|1|2,5,-3.015
3|5|1|1,3,-4.5
3|4|1|8,4,-2.8169365039878222
3|4|1|8,7,-2.9200540862454663
3|4|1|8,5,-3.057737149737636
3|4|1|8,3,1.9562487818455376
3|4|1|8,1,11.19982179201694
3|4|1|8,2,9.272373416004625
3|4|1|8,6,-3.0213715104939007
4|4|1|7,5,-6.785340802599006
4|4|1|7,3,-2.6949373448313407
4|4|1|7,7,-7.703563314712397
4|4|1|7,4,-1.0075578260929676
4|4|1|7,1,10.815794373227993
4|4|1|7,6,-6.286272910502437
4|4|1|7,2,1.3253183847867995
4|4|1|6,1,-0.023155661342339817
4|4|1|6,3,-2.1888990290658867
4|4|1|6,5,-3.82905
4|4|1|6,4,-0.44460439923
4|4|1|6,7,-2.7812815413300003
4|4|1|6,6,-4.784557272282601
4|4|1|6,2,1.7496717684339818
8|1|1|5,5,-17.00005670093259
8|1|1|5,1,-7.363088786731275
8|1|1|5,7,-17.856694219238793
8|1|1|5,6,-16.986403257100836
8|1|1|5,3,-7.301930421049983
8|1|1|5,2,-6.976287343932964
8|1|1|5,4,-6.876162084012966
9|1|1|4,5,-17.53487927924527
9|1|1|4,3,-9.23119561566471
9|1|1|4,6,-19.43048891491847
9|1|1|4,7,-19.711767907480414
9|1|1|4,1,-9.232590405173964
9|1|1|4,2,-9.249184453951617
9|1|1|4,4,-8.599332763011375
10|1|1|1,4,-14.928786577350856
10|1|1|1,5,-14.928786577350856
10|1|1|1,6,-14.928786577350856
10|1|1|1,1,-14.928786577350856
10|1|1|1,2,-14.928786577350856
10|1|1|1,7,-11.3985
2|1|1|3,5,-3.015
2|1|1|3,1,0.19848000000000005
2|1|1|3,4,-2.968425
2|1|1|2,2,-0.9217499999999997
3|4|1|1,2,-4.5
1|3|1|6,2,0.4856898
1|3|1|6,3,-3.015
1|3|1|6,1,0.6386898
2|3|2|5,2,0.7692857999999999
2|3|2|5,3,0.1725
2|3|2|5,5,-3.82905
2|3|2|5,4,-3.7679003865
2|3|2|5,1,0.86744613225
3|2|2|10,1,9.45956541604379
3|2|2|10,6,-1.2183343208079855
3|2|2|10,3,6.181646000501543
3|2|2|10,5,-1.1270180530175524
3|2|2|10,2,10.505473551980321
3|2|2|10,7,-1.2230138243651083
3|2|2|10,4,5.450515373992135
11|1|1|5,3,8.542700483818281
11|1|1|5,7,-13.00303113009546
11|1|1|5,5,-12.31217459995668
11|1|1|5,1,8.554566063945
11|1|1|5,6,-17.05206603649749
11|1|1|5,2,8.539182315457245
11|1|1|5,4,-0.1698311230374241
12|1|1|4,6,-19.773623949210293
12|1|1|4,3,8.848249999999995
12|1|1|4,4,6.935557429888392
12|1|1|4,2,8.848249999999995
12|1|1|4,1,8.848250041612443
12|1|1|4,7,-17.12994549690739
12|1|1|4,5,-19.893851149605158
12|1|1|3,5,-21.682499999999393
12|1|1|3,6,-21.68249999999439
12|1|1|3,7,-21.68249999997689
12|1|1|3,4,-15.432089640788623
12|1|1|3,2,-11.057499999999997
12|1|1|3,3,-11.057499999999997
12|1|1|3,1,-11.057499999999994
12|1|1|2,6,-23.54999895202303
12|1|1|2,5,-23.549999517731855
12|1|1|2,4,-15.361925447196267
12|1|1|2,3,-12.924999999999997
12|1|1|2,7,-23.54999806612861
12|1|1|2,2,-12.924999999999997
12|1|1|2,1,-12.924999999999997
3|5|2|8,4,-4.86384975
3|5|2|8,1,12.236423459390926
3|5|2|8,3,3.389155720356428
3|5|2|8,5,-1.223269934228864
3|5|2|8,7,-1.0451799408502467
3|5|2|7,1,9.07122714002478
3|5|2|7,7,-3.015
3|5|2|7,3,-0.8129094932651051
3|5|2|7,4,-1.9739763648388888
6|3|2|3,1,-7.857177330728288
6|3|2|3,6,-7.595019
6|3|2|3,2,-6.887007681263237
6|3|2|3,5,-8.47164555
6|3|2|3,4,-8.784171075
6|3|2|3,7,-7.942229955
6|3|2|3,3,-9.281356297062246
4|3|2|8,1,8.764885355698315
4|3|2|8,4,-0.6878498466246696
4|3|2|8,6,-2.996488539546604
4|3|2|8,3,9.116511902656189
4|3|2|8,5,0.22384592287126137
4|3|2|8,7,-2.089052982274
4|3|2|8,2,10.783736908339849
7|3|1|7,2,9.622030012368125
7|3|1|7,6,-1.1422766695838364
7|3|1|7,1,10.045347516961593
7|3|1|7,3,9.319739665345077
7|3|1|7,7,-5.86368825669917
7|3|1|7,5,-4.913561811369861
7|3|1|7,4,2.383814769769104
8|3|1|6,1,9.923900029747971
8|3|1|6,7,-4.480507110111501
8|3|1|6,5,3.1450089719335934
8|3|1|6,6,-6.469039209273893
8|3|1|6,3,8.704586937227605
8|3|1|6,4,7.766608115214977
8|3|1|6,2,9.694617687278772
2|3|2|6,6,-4.8072856680000005
2|3|2|6,5,-4.7723978178
2|3|2|6,4,-2.807292834
4|3|3|4,7,-6.58538325
4|3|3|4,3,-3.010215705504315
4|3|3|3,6,-5.406975
4|3|3|3,5,-4.0260825
4|3|3|2,4,-6.851325
5|1|1|6,5,-8.331214581940525
5|1|1|6,4,-5.168967858923617
5|1|1|6,6,-13.714238405228969
5|1|1|6,7,-15.113557009288272
5|1|1|6,1,-5.084124045133083
5|1|1|6,3,-4.200620225594007
5|1|1|6,2,-5.232315768991602
5|1|1|5,1,-6.0606572894671595
5|1|1|5,5,-7.9336945585004965
5|1|1|5,4,-6.127285004777638
5|1|1|5,6,-7.172012716775614
5|1|1|5,7,-7.13982735458257
5|1|1|5,2,-6.061232572027722
5|1|1|5,3,-5.936943960324785
5|4|2|5,4,-4.88751900732
5|4|2|5,7,-4.034376495
5|4|2|5,1,2.934115711119687
5|4|2|5,2,-1.3163523144419444
7|4|1|4,7,-7.5386373702219185
7|4|1|4,6,-7.236248641262598
7|4|1|4,4,-9.339580338784675
7|4|1|4,2,-6.827539211414664
7|4|1|4,5,-7.0921466288512125
7|4|1|4,3,-7.0851089723261484
7|4|1|4,1,-2.3604208092950323
11|1|1|2,1,-12.924999999999997
11|1|1|2,4,-12.97630102001757
11|1|1|2,3,-12.924999999999997
11|1|1|2,2,-12.924999999999997
11|1|1|2,5,-17.76242549927921
11|1|1|2,7,-23.521893508337914
11|1|1|2,6,-23.380803169299448
10|3|2|4,7,-2.4815991915262767
10|3|2|4,5,-1.8327617284158413
10|3|2|4,3,3.190498086455946
10|3|2|4,6,-1.4819807525740694
10|3|2|4,1,11.00188700745922
10|3|2|4,2,9.745390318604395
10|3|2|4,4,-1.594668219724976
10|3|2|3,2,9.817170203253006
10|3|2|3,4,-11.505267687381423
10|3|2|3,1,5.767708499999998
10|3|2|3,3,-7.289884836450001
10|3|2|3,7,-3.195225
10|3|2|3,5,-7.512285568500001
10|3|2|3,6,-6.457954050000001
3|3|0|7,3,-9.737780817649108
3|3|0|7,6,-9.36108920920255
3|3|0|7,7,-10.102758440887605
3|3|0|6,1,-2.6918685850801083
3|3|0|6,4,-3.015
3|3|0|6,3,-3.375329648498085
6|1|1|4,7,-9.643083300881063
6|1|1|4,5,-7.8213916124646286
6|1|1|4,3,-7.73792248086856
6|1|1|4,2,-7.649402883256526
6|1|1|4,1,-7.464926283540166
6|1|1|4,6,-9.493069797029547
6|1|1|4,4,-7.49027729037218
6|1|1|3,2,-5.663720724004617
6|1|1|3,3,-5.727238981415385
7|2|2|8,7,-0.9872327749214598
7|2|2|8,2,9.546935196330816
7|2|2|8,5,5.051740690394755
7|2|2|8,3,6.57177111173106
7|2|2|8,6,-0.9517281828532851
7|2|2|8,1,10.141492540128139
7|2|2|8,4,8.065222321674621
10|2|1|4,5,-19.087907250299427
10|2|1|4,6,-19.244929830945562
10|2|1|4,4,-15.283349657710874
10|2|1|4,7,-19.302197615289586
10|2|1|4,3,-9.277676118604912
10|2|1|4,1,-2.2334267711340625
10|2|1|4,2,-8.509190333782975
11|2|1|3,1,-8.552686051536316
11|2|1|3,4,-19.35027163013266
11|2|1|3,7,-21.119999991254872
11|2|1|3,6,-21.119999998209458
11|2|1|3,5,-21.119999968473717
11|2|1|3,2,-10.470899983058144
11|2|1|3,3,-11.175780976882653
13|1|1|2,1,-12.924999999999997
13|1|1|2,7,-23.549999999999994
13|1|1|2,2,-12.924999999999997
13|1|1|2,5,-23.549999999999994
13|1|1|2,4,-23.549999999999994
13|1|1|2,3,-16.114052541966746
13|1|1|2,6,-23.549999999999994
3|3|1|1,4,-4.5
6|2|1|1,6,-7.65
6|2|1|1,5,-7.65
6|2|1|1,1,-7.65
6|2|1|1,4,-7.65
6|2|1|1,2,-7.65
6|2|1|1,7,-7.65
6|2|1|1,3,-7.65
1|4|2|9,1,11.32552425333569
1|4|2|9,5,-3.015
7|3|1|6,2,0.08673834393444689
7|3|1|6,3,-3.1207202355718184
7|3|1|6,7,-8.411655392687727
7|3|1|6,5,-6.501124360304557
7|3|1|6,6,-11.174868198369152
7|3|1|6,4,-4.676316697023579
7|3|1|6,1,8.338227143989403
8|3|1|5,2,-4.014891585379576
8|3|1|5,4,-7.266829400362926
8|3|1|5,3,-7.340654167279526
8|3|1|5,5,-14.227726968127902
8|3|1|5,6,-16.034109200397957
8|3|1|5,7,-15.433717937380873
8|3|1|5,1,3.996697132237503
7|3|2|6,7,-3.0774152689194763
7|3|2|6,3,6.401323991535654
7|3|2|6,1,10.612893421799043
7|3|2|6,5,-3.87270058186112
7|3|2|6,4,1.860464706556158
7|3|2|6,6,-4.24789786936975
7|3|2|6,2,8.055005065909436
6|1|1|6,7,-15.962490747876027
6|1|1|6,6,-15.501814182634893
6|1|1|6,3,-5.165412719667331
6|1|1|6,2,-5.353113127969037
6|1|1|6,4,-5.3111288686526
6|1|1|6,1,-3.797642278338378
6|1|1|6,5,-11.65446776522692
5|3|2|1,7,-12.478950000000001
5|3|2|1,3,-4.5
7|3|2|8,2,10.189613463250321
7|3|2|8,5,0.46828830572746394
7|3|2|8,6,-0.4372708075939528
7|3|2|8,3,9.09024341648301
7|3|2|8,4,5.331921233631115
7|3|2|8,7,-0.4824556201945789
7|3|2|8,1,10.542865993630091
9|3|2|7,6,-0.48099829921722337
9|3|2|7,7,-0.40320463717868926
9|3|2|7,4,6.944194561381251
9|3|2|7,1,10.665416413829051
9|3|2|7,5,-0.37373173436591206
9|3|2|7,3,7.208543336272743
9|3|2|7,2,9.991729811714295
10|3|2|5,1,10.990690125337816
10|3|2|5,2,5.747973337618338
10|3|2|5,4,-1.1885228244675228
10|3|2|5,6,-0.5689100668654199
10|3|2|5,7,-0.30486012990328953
10|3|2|5,5,-0.35808665009690704
10|3|2|5,3,4.908528655682666
3|3|2|4,7,-3.015
3|3|2|4,1,-0.7456390303979036
3|3|2|4,5,-3.0869685000000002
3|3|2|4,6,-2.9935512
3|3|2|4,3,-2.9935512
3|3|2|4,2,0.514145025
3|3|2|3,1,0.07944000000000001
3|3|2|3,5,-4.95657
3|3|2|3,2,-0.45405000000000006
3|3|3|7,3,1.928410340865916
3|3|3|6,6,-10.589747199870567
3|3|3|5,4,-3.015
3|3|3|5,1,-1.667719368439308
3|3|3|5,2,-2.3278346027380934
3|3|3|5,6,-3.82905
3|3|3|5,7,-4.35897225
3|3|3|4,6,-6.3515475
3|3|3|3,2,0.2226074999999999
3|3|3|3,6,-3.015
6|4|1|2,1,-1.0511999999999997
6|4|1|2,2,-3.6348450000000003
6|4|1|9,2,10.385792305565177
6|4|1|9,4,-1.0549006454585743
6|4|1|9,5,-0.24460366876042716
6|4|1|9,6,-0.21816763204298262
6|4|1|9,7,-0.19076096690730945
6|4|1|9,1,3.4619516721080714
7|4|3|8,4,-1.9043366813428166
7|4|3|8,5,-3.82905
7|4|3|8,2,1.5790244386949999
7|4|3|8,1,11.91773127269853
7|4|3|8,7,0.1703380281304156
7|4|3|8,6,0.39279972109196115
7|4|3|8,3,3.4642447778392627
7|4|3|7,6,0.6888618107497776
7|4|3|7,7,-4.7881350000000005
7|4|3|7,3,0.20546004778210988
7|4|3|7,1,11.97079548946869
7|4|3|7,4,0.1968390818511299
7|4|3|7,5,0.19299561102399582
7|4|3|7,2,3.536975373061641
7|4|3|6,1,12.099773637973403
7|4|3|6,6,-3.015
7|4|3|6,4,-0.9176801029541336
7|4|3|6,5,-0.01992346262242659
11|4|1|5,1,11.449917156689427
11|4|1|5,6,-3.856043805414882
11|4|1|5,3,-3.268682004051857
11|4|1|5,7,-3.124212869397512
15|1|0|4,2,-1.0500000000000027
15|1|0|4,6,-1.0500000000000027
15|1|0|4,1,9.999999999999998
15|1|0|4,3,-1.0500000000000027
15|1|0|4,4,-1.0500000000000027
15|1|0|4,7,-1.0500000000000023
15|1|0|4,5,-1.0500000000000023
15|1|0|3,2,-1.0500000000000027
15|1|0|3,5,-1.0500000000000027
15|1|0|3,1,9.999999999999998
15|1|0|3,3,-1.0500000000000023
15|1|0|3,6,-1.0500000000000023
15|1|0|3,4,-1.0500000000000023
15|1|0|3,7,-1.0500000000000023
15|1|0|2,6,-1.0500000000000027
15|1|0|2,1,9.999999999999998
15|1|0|2,2,-1.0500000000000027
15|1|0|2,5,-1.0500000000000023
15|1|0|2,4,-1.0500000000000023
15|1|0|2,3,-1.0500000000000023
15|1|0|2,7,-1.0500000000000023
5|3|2|9,7,-1.0302236110550367
5|3|2|9,2,10.954147034620537
5|3|2|9,1,10.41176456485932
5|3|2|9,4,4.513550714351615
5|3|2|9,3,9.857183427446698
5|3|2|9,5,0.35272167783188263
5|3|2|9,6,-0.42272685337368937
3|4|3|4,3,-3.015
3|4|3|3,2,0.4179
10|1|1|2,1,-12.924999811477562
10|1|1|2,5,-17.67836393629359
10|1|1|2,2,-12.924989182422705
10|1|1|2,7,-20.706468389502568
10|1|1|2,6,-16.5740140278
10|1|1|2,3,-12.924999866625448
10|1|1|2,4,-13.670851672967046
1|3|1|5,3,-3.015
1|3|1|4,1,0.6446999999999999
6|4|2|4,3,-3.598354964473581
6|4|2|4,1,-3.5669018784655915
6|4|2|4,7,-5.4685599691308955
6|4|2|4,5,-4.977575775
6|4|2|4,2,-3.0735817416754982
6|4|2|4,4,-3.7178355833250003
6|4|2|4,6,-5.15488405572
6|4|2|3,2,-3.0279568578896474
6|4|2|3,4,-3.015
6|4|2|3,6,-4.1571
6|4|2|3,1,-4.523271967023126
6|4|2|3,5,-4.0959449999999995
6|4|2|3,7,-4.913761500000001
6|4|2|3,3,-3.2458500000000003
8|4|2|1,1,-12.478950000000001
8|4|2|1,4,-11.3985
6|3|2|6,2,3.8409621937824987
6|3|2|6,4,-1.9998679189564412
6|3|2|6,5,-8.253873086293753
6|3|2|6,1,10.020097926404125
6|3|2|6,3,4.523426797480763
6|3|2|6,7,-10.297748426046343
6|3|2|6,6,-10.335523226356317
4|2|1|9,6,-3.7740097565910844
4|2|1|9,4,-2.1505443270458757
4|2|1|9,3,8.579143728008523
4|2|1|9,7,-2.918247510522672
4|2|1|9,1,9.88248978096141
4|2|1|9,5,-3.6003197769482553
4|2|1|9,2,8.38011496778978
4|4|2|8,3,3.1189525345649853
4|4|2|8,2,11.13138634720492
4|4|2|8,4,0.6088365627345487
4|4|2|8,6,0.09077815972755265
4|4|2|8,1,11.755087610437807
4|4|2|8,5,-0.030246330386185294
4|4|2|8,7,-0.4716559620266135
5|4|2|7,2,9.396983068671322
5|4|2|7,4,5.143392924705788
5|4|2|7,7,-2.161558157465937
5|4|2|7,3,8.310410437445194
5|4|2|7,1,11.43210503243543
5|4|2|7,5,4.38322538403269
5|4|2|7,6,-2.4699071441223657
7|4|1|6,4,2.895994163605314
7|4|1|6,3,8.016431971560175
7|4|1|6,5,-3.355980023194604
7|4|1|6,6,-4.302126399190531
7|4|1|6,7,-3.823196545889545
7|4|1|6,1,10.757410857203636
7|4|1|6,2,6.721768976796269
8|4|1|5,4,5.001499427704104
8|4|1|5,6,-10.935972523304908
8|4|1|5,7,-3.830510694651177
8|4|1|5,1,10.791267416961382
8|4|1|5,3,6.017481838781968
8|4|1|5,2,5.260083067236646
8|4|1|5,5,-7.706630429491916
8|4|1|4,2,-5.951073032363574
8|4|1|4,5,-11.591544570938497
8|4|1|4,4,-7.041210215158643
8|4|1|4,7,-11.831449246263045
8|4|1|4,6,-11.56128965190222
8|4|1|4,1,-2.6301453184106576
8|4|1|4,3,-7.566814252083745
9|4|1|2,5,-11.3049
9|4|1|2,2,-9.379506359757865
5|4|2|8,6,-0.24392167588210548
5|4|2|8,3,8.940753295840915
5|4|2|8,5,0.28054798385397406
5|4|2|8,7,0.32986810379457554
5|4|2|8,2,11.00470693563785
5|4|2|8,4,7.144339514966132
5|4|2|8,1,11.192932482648958
4|2|2|1,6,-4.5
4|2|2|1,7,-4.5
4|2|2|1,1,-4.5
7|1|1|2,5,-9.147675
7|1|1|2,2,-8.063433951150001
7|1|1|2,7,-11.126295
7|1|1|2,4,-9.25434126214095
3|2|2|6,7,-6.389346867218417
3|2|2|6,6,-2.949983509275
3|2|2|6,1,-2.026409007302802
3|2|2|6,2,-1.0780792021797678
3|2|2|6,4,-2.949983509275
3|2|2|6,3,-4.42359392551781
3|2|2|6,5,-4.81670354949714
4|3|2|7,6,-6.330322184559563
4|3|2|7,2,5.12787164715565
4|3|2|7,1,8.53177649890533
4|3|2|7,4,-0.3078688674017962
4|3|2|7,3,-1.2957067410575465
4|3|2|7,7,-5.956002219099721
4|3|2|7,5,-5.356038568801015
10|3|2|2,1,-11.385128204561106
10|3|2|2,3,-14.14557350688975
10|3|2|2,4,-12.217571550000002
10|3|2|2,6,-12.63431655
10|3|2|2,5,-11.565090000000001
10|3|2|2,7,-14.8241371095
10|3|2|2,2,-11.289722552597162
5|4|1|1,1,-7.65
5|4|1|1,7,-4.5
8|3|1|3,7,-15.467212352266694
8|3|1|3,3,-11.601469658988742
8|3|1|3,2,-9.658001867946982
8|3|1|3,4,-11.545083381896283
8|3|1|3,6,-14.203873853171364
8|3|1|3,1,-9.137579228497469
8|3|1|3,5,-11.473725850348968
9|3|1|1,1,-14.394695895
9|3|1|1,4,-14.13527985
9|3|1|1,7,-14.13527985
9|3|1|1,6,-14.13527985
9|3|1|1,5,-14.13527985
9|3|1|1,3,-14.13527985
9|3|1|1,2,-14.13527985
6|2|2|7,5,-4.797043647230801
6|2|2|7,4,4.715652134751329
6|2|2|7,3,6.005735739664069
6|2|2|7,1,6.41748538638876
6|2|2|7,6,-8.186827552963472
6|2|2|7,7,-7.906921761198221
6|2|2|7,2,6.316654081773761
9|3|1|4,3,-7.825581546104606
9|3|1|4,4,-12.290350855782878
9|3|1|4,6,-18.595490922905697
9|3|1|4,2,-8.060991945208619
9|3|1|4,1,-1.2526545426004123
9|3|1|4,5,-18.26381766109777
9|3|1|4,7,-18.569383912962273
10|3|1|3,1,-9.804793659080042
10|3|1|3,2,-9.841484562375769
10|3|1|3,7,-13.309453624307809
10|3|1|3,6,-17.466560356705784
10|3|1|3,3,-14.006139950642083
10|3|1|3,4,-17.970097621525507
10|3|1|3,5,-18.581049764991082
12|3|1|4,6,-2.2027500000000013
12|3|1|4,5,-1.2912384060000028
12|3|1|4,7,-3.3953331960000006
12|3|1|4,3,-0.4146918620951414
12|3|1|4,2,9.574999999999996
12|3|1|4,4,-0.15682500000000232
12|3|1|4,1,10.82499993322344
12|3|1|3,1,10.824999999999996
12|3|1|3,2,9.17959196624252
12|3|1|3,3,-1.437318723192819
12|3|1|3,4,-1.471925955841665
12|3|1|3,7,-1.5186521955154262
12|3|1|3,5,-1.4552137942265522
12|3|1|3,6,-1.4347308205281522
7|3|3|1,1,-7.65
7|3|3|1,3,-4.5
7|3|3|1,6,-4.5
9|3|1|7,1,9.812841333863101
9|3|1|7,4,9.092531792789632
9|3|1|7,6,-1.0143932000342135
9|3|1|7,3,8.823016025457434
9|3|1|7,2,9.391800920633875
9|3|1|7,7,-0.8296844425040736
9|3|1|7,5,-0.5043212605087541
12|1|1|6,1,8.84825000006771
12|1|1|6,3,8.848154697003235
12|1|1|6,7,-2.027165993157906
12|1|1|6,2,8.85009493631437
12|1|1|6,6,-2.085998196988115
12|1|1|6,4,6.846342655111956
12|1|1|6,5,-2.0624653621313453
13|1|1|5,1,9.192499999999994
13|1|1|5,3,9.176876589810066
13|1|1|5,2,9.192499999999994
13|1|1|5,6,-1.7767500000000072
13|1|1|5,5,-1.7767500000000072
13|1|1|5,7,-1.7767500000000054
13|1|1|5,4,-1.7767500000000036
14|1|1|4,1,9.574999999999996
14|1|1|4,4,-1.4325000000000048
14|1|1|4,6,-1.4325000000000048
14|1|1|4,7,-1.4325000000000043
14|1|1|4,5,-1.4325000000000043
14|1|1|4,3,-1.4325000000000043
14|1|1|4,2,9.574999999999996
6|2|1|8,5,-4.125648589687285
6|2|1|8,4,4.186144031205478
6|2|1|8,3,8.359357608974017
6|2|1|8,1,9.900550432312016
6|2|1|8,7,-4.205629567855717
6|2|1|8,6,-4.376645962184759
6|2|1|8,2,7.369806118558479
6|2|1|7,5,-8.0946969903682
6|2|1|7,3,5.25472893559737
6|2|1|7,6,-10.649988968186431
6|2|1|7,2,3.240027168897368
6|2|1|7,1,3.382483151791405
6|2|1|7,4,1.400883193055014
6|2|1|7,7,-10.956981435867128
3|4|1|4,6,-3.015
3|4|1|4,5,-2.80397475
3|4|1|4,3,-2.731161825
3|4|1|3,1,1.0512525000000001
3|4|1|3,4,-3.015
9|1|1|1,6,-13.235265
9|1|1|1,3,-13.235265
9|1|1|1,2,-13.235265
9|1|1|1,4,-13.235265
9|1|1|1,1,-13.235265
9|1|1|1,7,-12.478950000000001
1|5|1|10,4,-1.5332322079925125
1|5|1|10,3,-1.6301092666583221
1|5|1|10,2,6.950761295342178
1|5|1|10,1,12.316940838482349
1|5|1|10,7,-1.120891943046744
1|5|1|10,6,-1.5349716940907565
1|5|1|10,5,-3.3320669786768904
1|5|1|9,7,-8.7763635
1|5|1|9,2,11.150931593487616
1|5|1|9,3,-4.1845413825
1|5|1|8,5,-5.9395500000000006
1|5|1|8,4,-7.72785747
1|5|1|7,6,-6.845987912904416
1|5|1|6,1,2.156579709647064
6|3|3|5,4,-3.015
6|3|3|5,6,-3.2374286325
6|3|3|5,1,7.0769950065082945
6|3|3|5,7,-3.5380644457500003
6|3|3|4,1,-3.1905779417678506
6|3|3|4,2,-2.8657219183443123
4|4|2|6,4,-6.323092603806534
4|4|2|6,5,-2.9178
4|4|2|6,1,9.011738859528874
4|4|2|6,3,0.42196001243515685
4|4|2|6,7,-2.4806523223305
4|4|2|6,2,-1.6656461775
4|4|2|6,6,-2.9178
4|4|2|3,1,0.8321999999999999
4|4|2|3,5,-3.015
2|4|3|7,5,-5.9395500000000006
2|4|3|6,5,-5.9395500000000006
2|4|3|5,6,-5.9395500000000006
2|4|3|4,3,-5.235417
2|4|3|3,1,-0.44591099999999995
3|3|2|5,7,-4.841229021750001
3|3|2|5,4,-6.144325400475001
3|4|1|10,2,10.63963532787982
3|4|1|10,7,-0.3891289254779005
3|4|1|10,6,0.12642118006716152
3|4|1|10,1,7.440745234829537
3|4|1|10,3,3.469469331946672
3|4|1|10,4,0.06534663339729137
3|4|1|10,5,-0.011242455318174943
4|4|1|9,6,-0.12112519609332409
4|4|1|9,3,2.360503917057165
4|4|1|9,5,-0.14915648461022163
4|4|1|9,4,0.5140541170655328
4|4|1|9,1,11.250528613258197
4|4|1|9,2,10.564528871726564
4|4|1|9,7,-0.1626589448570044
5|4|2|4,6,-8.827941465
5|4|2|4,5,-10.5192856755
11|3|2|1,2,-13.7646855
11|3|2|1,5,-13.235265
11|3|2|1,3,-13.235265
11|3|2|1,6,-13.235265
1|3|0|10,7,-1.8080621273320938
1|3|0|10,4,-2.2467658794041316
1|3|0|10,1,10.288858809458377
1|3|0|10,2,-2.0256091888593724
1|3|0|10,5,-2.0780590039571534
1|3|0|10,3,-2.8507470830787414
1|3|0|10,6,-2.428506936319692
1|3|0|9,1,9.408024260559452
1|3|0|9,7,-8.220754027438348
1|3|0|9,3,-9.173741006870769
1|3|0|9,2,-12.454892637326267
1|3|0|9,5,-8.082510936754844
1|3|0|9,6,-9.000611106983234
1|3|0|9,4,-5.098309225418602
11|3|0|1,1,-9.855
11|3|0|1,4,-9.855
2|3|0|10,2,-9.870529223608324
2|3|0|10,4,-5.934343661166055
2|3|0|10,7,-0.879493334272166
2|3|0|10,5,-1.1090177119142193
2|3|0|10,3,-0.9178322699403648
2|3|0|10,1,10.762914218609613
2|3|0|10,6,-0.6864538951289497
2|3|0|9,6,-4.182757806155449
2|3|0|9,4,-3.968872702576173
2|3|0|9,3,-4.506812922795655
2|3|0|9,7,-4.984508151010315
2|3|0|9,2,-3.9263351334861847
2|3|0|9,5,-2.742290614679267
2|3|0|9,1,10.763283200983984
2|3|0|8,1,6.530201638889121
2|3|0|8,7,-4.510063177207128
2|3|0|8,4,-4.769615887008424
2|3|0|8,2,-5.074248608461724
2|3|0|8,6,-2.8138605965317502
2|3|0|8,5,-2.8138605965317502
2|3|0|8,3,-2.5897866442581656
5|4|3|9,4,2.8648340937961128
5|4|3|9,6,-1.429796647344024
5|4|3|9,7,0.3302645281411338
5|4|3|9,1,11.684858769878353
5|4|3|9,2,3.621122754393221
5|4|3|9,5,0.3003406954999191
5|4|3|9,3,7.007413386104673
6|4|3|8,1,11.952731119053784
6|4|3|8,2,3.232888123295969
6|4|3|8,7,0.3378696251744424
6|4|3|8,3,2.527419532498823
6|4|3|8,6,0.2944205189592923
6|4|3|8,5,0.39797596425393356
6|4|3|8,4,0.15230349305607974
10|3|1|6,6,-1.0336809041628203
10|3|1|6,2,9.983608885630542
10|3|1|6,7,-0.9014068844909365
10|3|1|6,5,-0.881165285400237
10|3|1|6,1,10.098431416748973
10|3|1|6,4,5.545739885454787
10|3|1|6,3,8.722631619282378
10|3|1|5,4,0.7173866450673001
10|3|1|5,7,-0.9010241782435365
10|3|1|5,6,-0.8971342232345996
10|3|1|5,2,9.641183863064988
10|3|1|5,5,-0.88317306973438
10|3|1|5,3,8.843616910550466
10|3|1|5,1,10.381252525029751
3|6|2|8,2,12.269177674817852
3|6|2|8,7,-3.015
3|6|2|8,3,-2.0234504129708455
5|6|1|6,2,9.45560041316221
5|6|1|6,7,-3.015
6|6|2|5,5,-7.7883354
6|6|2|4,2,-0.595485
6|6|2|4,7,-3.015
8|6|1|3,4,-3.015
8|6|1|3,7,-3.04335
8|6|1|3,6,-2.968425
8|6|1|2,1,-0.10499999999999989
8|6|1|2,3,-0.9217499999999997
2|4|2|10,5,-0.056826221461609205
2|4|2|10,2,11.583549563502343
2|4|2|10,1,8.923281364827476
2|4|2|10,3,3.0243025762291036
2|4|2|10,6,0.23157272965191433
2|4|2|10,4,0.18170088821921906
2|4|2|10,7,0.07920617671566445
2|4|2|9,4,-14.634840009600538
2|4|2|9,2,3.41088253166716
2|4|2|9,3,0.5921356981303245
2|4|2|9,6,-9.565243537641914
2|4|2|9,1,11.96085356704753
2|4|2|9,5,-4.838999121568205
2|4|2|9,7,-6.545389487068669
2|4|2|8,3,5.513527037098512
2|4|2|7,7,-9.390103821379046
2|4|2|5,2,0.26685899999999996
2|4|2|5,3,0.1725
8|3|3|1,4,-13.235265
4|5|1|5,1,-2.140202872156205
4|5|1|5,3,-2.7647241182999998
4|5|1|5,5,-2.7647241182999998
8|4|1|3,5,-9.3471214725
8|4|1|3,1,-2.6726015413341395
8|4|1|3,7,-10.304130645
8|4|1|3,6,-11.231299239588127
5|1|1|4,1,-3.638110237951163
5|1|1|4,7,-5.3149066902
5|1|1|4,5,-3.038125986
5|1|1|4,3,-3.099492470474031
3|3|2|10,5,-1.106889323562061
3|3|2|10,7,-0.1990267416575817
3|3|2|10,4,-0.42144524444945974
3|3|2|10,1,8.2334508251127
3|3|2|10,2,11.058609962219228
3|3|2|10,6,-0.1396484488237797
3|3|2|10,3,7.042632146684559
7|4|2|7,7,0.22959482186262867
7|4|2|7,5,-2.970782816247145
7|4|2|7,4,3.3387851377941264
7|4|2|7,1,11.313231073944118
7|4|2|7,3,9.069148460784877
7|4|2|7,2,11.017837295078621
7|4|2|7,6,0.17209628237376687
7|4|2|6,1,11.033427962375674
7|4|2|6,6,-1.2843366472690647
7|4|2|6,7,-0.10469542794877551
7|4|2|6,2,9.358917765344641
7|4|2|6,5,-0.3696110196060593
7|4|2|6,3,3.197175999245446
7|4|2|6,4,5.45735500764883
14|1|1|3,5,-1.4325000000000048
14|1|1|3,3,-1.4325000000000048
14|1|1|3,2,9.574999999999996
14|1|1|3,4,-1.4325000000000043
14|1|1|3,1,9.574999999999996
14|1|1|3,6,-1.4325000000000043
14|1|1|3,7,-1.4325000000000043
5|4|3|5,2,-0.5421605679085348
5|1|1|8,3,2.92868620656425
5|1|1|8,5,-8.323296676036165
5|1|1|8,1,6.153721640311049
5|1|1|8,2,2.2323097161656755
5|1|1|8,4,2.6971905850693108
5|1|1|8,7,-9.34884156238411
5|1|1|8,6,-9.586875643906621
6|1|1|7,6,-13.183988485667562
6|1|1|7,4,-0.958854409572949
6|1|1|7,3,2.218822967283612
6|1|1|7,5,-8.709070512062615
6|1|1|7,7,-12.11915533496527
6|1|1|7,1,-0.7593002586692148
6|1|1|7,2,-0.9333387017268051
9|2|1|5,4,-5.605771126045095
9|2|1|5,6,-16.384194936143377
9|2|1|5,5,-14.02215328329553
9|2|1|5,7,-16.829669414294813
9|2|1|5,2,-5.261423490890858
9|2|1|5,1,-0.23964142725945625
9|2|1|5,3,-5.586246785173791
5|4|1|6,5,-4.743520200000001
5|4|1|6,2,-2.478874264080368
5|4|1|6,1,9.121681725298716
5|4|1|6,3,-2.912096175291
5|4|1|6,6,-3.4584715994264226
5|4|1|5,6,-3.0329481825
5|4|1|5,1,1.1799861456433647
5|4|1|5,3,-3.5450275377611726
5|4|1|5,7,-2.82840732675
5|4|1|5,2,-2.070226230406097
5|4|1|5,4,-3.5776754131492305
5|4|1|5,5,-3.461196421444401
6|5|1|5,7,-10.596097985036833
6|5|1|4,3,-2.241818347115583
6|5|1|4,2,-1.4716076593723355
7|5|2|3,2,-3.486036095971471
9|5|2|2,1,-0.29249999999999987
4|7|1|4,2,0.1725
5|7|0|3,1,0.15539999999999993
9|4|2|1,5,-13.7646855
7|3|3|6,2,8.62173945969432
7|3|3|6,6,-0.14878291698053847
7|3|3|6,4,5.324172081058013
7|3|3|6,1,10.945435276848137
7|3|3|6,5,0.060140852279260665
7|3|3|6,7,-0.1970758488731257
7|3|3|6,3,1.5400221305454265
2|3|2|2,4,-3.015
2|3|2|1,7,-4.5
2|5|1|9,5,-0.9805858077052627
2|5|1|9,1,12.558993994411678
2|5|1|9,7,-1.0477280894442345
2|5|1|9,2,7.341464797492336
2|5|1|9,3,4.147684058419239
2|5|1|9,4,0.12222138465017207
2|5|1|9,6,0.2573375467689809
2|5|1|8,1,10.873476350076968
2|5|1|8,2,0.1725
2|5|1|8,3,-0.8613435
2|5|1|8,6,-3.015
2|5|1|8,5,-1.9838528518482186
2|5|1|8,7,-0.7380645027845237
2|5|1|8,4,-0.657306065049599
2|3|0|7,2,-3.015
2|3|0|7,4,-2.85459975
2|3|0|7,1,1.6325418013958994
2|3|0|7,6,-2.85459975
2|3|0|6,1,1.2920874334700865
2|3|0|6,4,-3.015
2|5|0|9,4,-1.6060464548555111
2|5|0|8,1,12.045443844196672
2|5|0|8,4,-3.015
7|4|1|7,1,11.056158569953945
7|4|1|7,2,9.699584207402454
7|4|1|7,5,0.19947293881289568
7|4|1|7,3,8.619549568605766
7|4|1|7,4,2.9364732071157538
7|4|1|7,6,-0.2886416270410988
7|4|1|7,7,-0.2538812842386615
11|1|1|6,5,1.7612450939997089
11|1|1|6,6,-2.2751816754136933
11|1|1|6,4,6.954328464722011
11|1|1|6,2,8.803876776945375
11|1|1|6,7,-2.260327851639166
11|1|1|6,1,8.538518996650588
11|1|1|6,3,8.538678151791117
4|3|2|5,5,-3.82905
4|3|2|5,1,-2.8976334852348993
4|3|2|5,6,-3.060750825
4|3|2|5,7,-2.901047823
4|3|2|5,3,-2.0283889489814175
4|3|2|5,2,-2.5791180639637217
11|1|1|3,7,-21.6818971831948
11|1|1|3,5,-19.421267743437486
11|1|1|3,3,-11.057331605925684
11|1|1|3,4,-11.136801584196533
11|1|1|3,1,-11.057411878384936
11|1|1|3,2,-10.97704049327833
11|1|1|3,6,-21.682473526306843
2|4|0|9,6,-25.442518213946133
2|4|0|9,4,-25.69414776360415
2|4|0|9,3,-25.260257301298488
2|4|0|8,3,-19.058783100216196
2|4|0|8,6,-19.09603623276045
2|4|0|8,4,-19.15707836491567
2|4|0|5,2,-4.910253839999999
2|4|0|5,7,-6.075629387320166
2|4|0|4,1,-0.49024131071767074
6|4|2|2,4,-7.032450000000001
6|4|2|2,2,-5.748871500000001
3|3|3|9,1,11.683196421862528
3|3|3|9,6,-1.3035627884049696
3|3|3|9,5,-0.3528410583267755
3|3|3|9,3,5.082830539266327
3|3|3|9,7,0.18404279016806538
3|3|3|9,2,8.491236002194436
3|3|3|9,4,-0.011723071262647076
6|4|1|8,7,-1.7566563551187553
6|4|1|8,6,-0.8775032145272983
6|4|1|8,2,10.569590388187203
6|4|1|8,1,5.745690271878718
6|4|1|8,5,2.044514782374392
6|4|1|8,3,5.085273660346967
6|4|1|8,4,3.2537310453460355
6|4|1|7,3,8.893111455465544
6|4|1|7,4,3.608839244498846
6|4|1|7,5,-2.329113211665133
6|4|1|7,1,11.055199168863878
6|4|1|7,7,-1.6750740946673586
6|4|1|7,6,-1.2999717186165833
6|4|1|7,2,8.752611323103652
2|3|3|9,4,-3.7508081070352275
2|3|3|9,7,-0.5699588307753229
2|3|3|9,1,11.382470752970967
2|3|3|9,3,-0.008654777061286723
2|3|3|9,6,-0.19720746486145763
2|3|3|9,2,3.648820037150481
2|3|3|9,5,-0.44095075190945465
2|3|3|8,1,10.090601559608954
2|3|3|8,6,-3.015
2|3|3|8,2,2.094679475217996
5|5|1|7,1,9.454850622568165
5|5|1|7,5,-2.1025697847994906
5|5|1|7,4,3.2693479343046277
5|5|1|7,2,5.597906928201782
5|5|1|7,7,-0.8337971242551634
5|5|1|7,3,2.344447001498522
5|5|1|7,6,-0.2547342288180464
10|2|1|6,3,9.156861226337188
10|2|1|6,1,9.294918253917405
10|2|1|6,2,9.149569331401468
10|2|1|6,5,1.5160095822760644
10|2|1|6,4,8.8624005356222
10|2|1|6,6,-1.6026684314584685
10|2|1|6,7,-1.569419761296059
5|3|3|5,1,0.523973937985748
5|3|3|5,5,-2.968425
5|3|3|5,6,-3.7964475
8|3|3|4,6,-5.385986584866805
8|3|3|4,4,-4.956084367500001
8|3|3|4,7,-5.827269825
8|3|3|4,3,8.771582517157624
8|3|3|4,5,-3.87771075
8|3|3|4,2,3.3682252652946034
8|3|3|2,2,-7.402704050725501
8|3|3|2,6,-8.636849999999999
8|3|3|2,4,-9.648945000000001
3|1|1|10,1,7.557798431151075
3|1|1|10,3,8.612650993382662
3|1|1|10,4,5.30390134211699
3|1|1|10,6,-3.6995015968443345
3|1|1|10,7,-3.5827430071315303
3|1|1|10,2,7.1319792676206815
3|1|1|10,5,-3.5341454188382175
7|3|1|8,2,9.52704118471824
7|3|1|8,1,10.793408480588045
7|3|1|8,5,-0.2121526847331487
7|3|1|8,7,-0.9030902453031485
7|3|1|8,6,1.3351846016047313
7|3|1|8,3,7.731602938014687
7|3|1|8,4,6.869424773576195
8|3|1|7,1,10.265393504470431
8|3|1|7,5,-0.9927817113759805
8|3|1|7,3,9.105744697934902
8|3|1|7,6,-0.8873726692999147
8|3|1|7,4,4.660149348250055
8|3|1|7,7,-1.0257575701214903
8|3|1|7,2,9.792551245663613
4|4|1|3,3,-3.7631370000000004
4|4|1|3,7,-3.015
6|1|1|8,1,3.6849872096251506
6|1|1|8,7,-7.715004457431949
6|1|1|8,6,-7.483315622210455
6|1|1|8,5,-6.827449586066479
6|1|1|8,2,5.366138151696177
6|1|1|8,3,5.148135242754804
6|1|1|8,4,4.137246938451733
6|4|1|3,1,-6.410197469664832
4|6|1|6,6,-6.7291785
4|6|1|5,5,-8.7763635
4|6|1|4,6,-8.5642245
4|6|1|3,6,-7.252555455000001
4|6|1|2,1,-2.5884715500000004
8|1|1|3,5,-13.084171075723557
8|1|1|3,6,-13.61009232624194
8|1|1|3,2,-10.65586498832723
8|1|1|3,4,-10.726787850313148
8|1|1|3,1,-10.694938330510661
8|1|1|3,3,-10.690661255334005
8|1|1|3,7,-12.49948672554614
9|4|3|4,1,7.774754999999999
13|3|0|3,6,-4.472809196364867
13|3|0|3,3,-2.311214612404964
13|3|0|3,1,9.999999999999998
13|3|0|3,4,-2.68622793280989
13|3|0|3,5,-1.4616869374554067
13|3|0|3,2,-1.1837802281046916
13|3|0|3,7,-0.7661442026843426
13|3|0|2,2,-3.015
13|3|0|2,6,-3.7485
13|3|0|2,3,-1.2411000000000003
13|3|0|2,1,9.999996880265176
13|3|0|2,7,-0.47064962700000024
13|3|0|2,5,-0.31500000279930446
13|3|0|2,4,-0.3150000000000007
13|3|0|1,1,9.999999999999998
13|3|0|1,2,-4.5
13|3|0|1,3,-9.855
13|3|0|1,5,-7.65
13|3|0|1,4,-7.65
13|3|0|1,6,-13.235265
13|3|0|1,7,-4.5
9|3|1|5,6,-13.405497310213216
9|3|1|5,7,-12.048015193873463
9|3|1|5,2,9.844859031503095
9|3|1|5,4,2.2165430890346993
9|3|1|5,1,9.928228040976268
9|3|1|5,5,-8.458641746490681
9|3|1|5,3,8.972191452794599
6|4|3|1,4,-4.5
10|2|2|6,6,-0.9839435643418806
10|2|2|6,1,10.037000265506993
10|2|2|6,5,-0.978848231279582
10|2|2|6,7,-0.9141286865567304
10|2|2|6,2,10.039014028086992
10|2|2|6,4,6.026873974385192
10|2|2|6,3,9.915660627233235
1|6|1|10,5,1.4804076467776213
1|6|1|10,6,-2.829003915641162
1|6|1|10,4,0.4498303144831629
1|6|1|10,1,12.944547516682793
1|6|1|10,7,0.4763718267311661
1|6|1|10,2,5.602467537877906
1|6|1|10,3,0.7684407689132824
1|6|1|9,1,12.63568152698951
1|6|1|9,6,-3.015
3|3|3|8,1,1.7589414866642727
3|3|3|8,7,-7.397570080292091
3|3|3|8,2,11.69584959566017
3|3|3|8,3,-3.5682944975469635
3|3|3|8,4,-3.6189246728435247
3|3|3|8,5,-9.141172736528832
3|3|3|8,6,-4.062960468864333
6|4|1|6,4,-0.6267554231674913
6|4|1|6,2,4.298285548305223
6|4|1|6,5,-7.45282608489929
6|4|1|6,3,3.865495811717641
6|4|1|6,6,-6.134721437562248
6|4|1|6,7,-9.556864039618567
6|4|1|6,1,8.80241555382546
10|1|1|3,4,-13.571243791218393
10|1|1|3,6,-21.48170338398787
10|1|1|3,5,-12.723607696911275
10|1|1|3,1,-10.807894783529015
10|1|1|3,2,-11.051631807205018
10|1|1|3,7,-21.591132015175322
10|1|1|3,3,-11.036975651927005
7|1|1|7,1,0.44683291264302827
7|1|1|7,5,-5.647148892182023
7|1|1|7,6,-12.745325284337884
7|1|1|7,3,-0.1641083412966865
7|1|1|7,7,-11.995196615787194
7|1|1|7,2,0.04606071133342804
7|1|1|7,4,1.2819005514241302
8|1|1|6,6,-13.353956184296598
8|1|1|6,7,-14.964177686009947
8|1|1|6,5,-10.131352563658032
8|1|1|6,4,-3.8298441389664157
8|1|1|6,2,-3.8284689991929763
8|1|1|6,1,-4.085949574627831
8|1|1|6,3,-3.349447077973212
5|3|3|4,3,-2.685102
6|3|3|3,4,-7.742684572950001
6|3|3|3,6,-7.799095822950001
6|3|3|2,1,-5.5713721095
6|3|3|2,2,-5.7143156445
4|5|3|4,1,0.7381520999999999
3|4|1|7,1,7.748214498623448
3|4|1|7,7,-4.763991259873751
3|4|1|7,4,-0.615306
3|4|1|7,6,-2.7651091234960488
3|4|1|7,5,-3.294480333309064
3|4|1|7,2,3.4135389890151657
3|4|1|7,3,-0.11292474820558507
1|3|0|8,2,-13.385993804051138
1|3|0|8,7,-14.067568401167023
1|3|0|7,7,-7.89594878740088
1|3|0|7,3,-8.159756445443238
1|3|0|6,1,0.269089819127278
1|3|0|6,7,-3.015
1|3|0|6,2,-2.87952772275
1|3|0|6,6,-2.87952772275
1|3|0|6,4,-2.87952772275
1|3|0|6,3,-2.87952772275
2|3|0|5,3,-3.015
2|3|0|4,1,0.7421721600000001
7|3|2|7,1,10.729295829658218
7|3|2|7,6,-0.5462653134934086
7|3|2|7,3,9.42339180843829
7|3|2|7,2,10.074544637559674
7|3|2|7,5,2.0676870261567375
7|3|2|7,7,-0.42990264447708226
7|3|2|7,4,7.42332979877441
5|3|2|10,1,10.97743725321373
5|3|2|10,2,0.36
5|3|2|10,7,-5.081824878184226
5|3|2|10,4,-0.259317937242513
5|3|2|10,5,-0.13004584779341943
5|3|2|10,6,-0.22443132519683306
5|3|2|10,3,3.239320867198027
8|2|2|9,4,7.70117094075867
8|2|2|9,2,9.819520508189362
8|2|2|9,7,-0.3427448345575737
8|2|2|9,1,5.062221566341224
8|2|2|9,3,7.244840349587873
8|2|2|9,5,-0.3981859107043627
8|2|2|9,6,-0.3255515849233768
8|2|2|8,3,8.495210611222214
8|2|2|8,5,3.42524878102677
8|2|2|8,1,9.524884743281504
8|2|2|8,2,9.89212023103967
8|2|2|8,4,8.878382635589517
8|2|2|8,6,-1.0313804357628586
8|2|2|8,7,-1.0556067604323514
4|5|2|5,1,0.4860148962504225
4|5|2|5,3,-0.23765890433768652
7|3|3|3,3,-3.7114665880437006
7|3|3|3,1,-3.8766181291275004
7|3|3|3,5,-4.1571
7|3|3|2,7,-4.23
7|3|3|2,6,-4.23
7|3|3|2,4,-4.854
9|4|2|2,1,-7.367324343999378
9|4|2|2,3,-9.088507499999999
3|4|1|9,2,7.65507592835756
3|4|1|9,3,5.612860280333537
3|4|1|9,6,-0.04634507693973325
3|4|1|9,5,-0.6839355783300629
3|4|1|9,7,0.04218562706823739
3|4|1|9,1,11.725997199842228
3|4|1|9,4,1.0515749553289682
4|5|1|8,1,12.251855043647165
4|5|1|8,5,-1.5588255045309523
4|5|1|8,6,-3.7781307803600646
4|5|1|8,3,1.2127699650285695
4|5|1|8,4,0.7527903243768849
4|5|1|8,7,-4.404032279751137
4|5|1|8,2,9.279350325331796
1|3|0|5,1,-0.13511907749999996
1|3|0|5,3,-3.015
1|3|0|5,2,-2.85459975
1|3|0|5,4,-2.85459975
7|3|2|9,1,10.850729026876849
7|3|2|9,3,7.0153624779109816
7|3|2|9,7,-0.35463181511156594
7|3|2|9,5,-0.28722092491247625
7|3|2|9,2,6.47017521839998
7|3|2|9,4,3.0892973964383827
7|3|2|9,6,-0.15219540111746976
10|2|1|8,3,9.152305428678087
10|2|1|8,6,-0.8272198440583325
10|2|1|8,5,4.629806820604692
10|2|1|8,2,2.7134025061035785
10|2|1|8,4,5.9454678395567
10|2|1|8,1,2.7490274999999973
10|2|1|8,7,-0.4400741648446502
11|2|1|7,6,-1.509858115582978
11|2|1|7,3,9.415460908035477
11|2|1|7,7,-1.5188913955214298
11|2|1|7,4,4.954376044967409
11|2|1|7,2,9.418866237933194
11|2|1|7,1,9.47325107485103
11|2|1|7,5,-1.5065540199447678
3|7|1|10,1,10.781909767774806
10|3|1|9,1,9.950045085116821
10|3|1|9,6,-0.2454042619543088
10|3|1|9,2,3.0130781610760646
13|1|1|8,6,-2.743501739463448
13|1|1|8,1,9.19248744172809
13|1|1|8,2,2.7577499999999984
13|1|1|7,4,-4.381171303706367
13|1|1|7,1,9.192499999999994
13|1|1|7,6,-0.9067235600471435
13|1|1|7,3,6.985380540015591
13|1|1|7,5,-0.9075893627413629
13|1|1|7,7,-1.540411105219919
13|1|1|7,2,6.03947249999999
13|1|1|6,7,-1.9770348172500054
13|1|1|6,3,8.63941943878712
13|1|1|6,6,-1.916949372075006
13|1|1|6,1,9.192499999999994
13|1|1|6,4,-1.6743238982329687
13|1|1|6,2,8.111011567499995
13|1|1|6,5,-1.6304269974750065
5|3|1|9,1,10.336386724006301
5|3|1|9,3,6.293500543292417
5|3|1|9,4,-1.0475440409609107
5|3|1|9,7,-1.1522275532372495
5|3|1|9,6,-1.1658750261889712
5|3|1|9,5,-0.8333768302395214
5|3|1|9,2,9.746398568471454
9|2|2|7,4,9.506195475727964
9|2|2|7,6,-0.9638563376351967
9|2|2|7,1,9.955893052200679
9|2|2|7,5,-0.7816499958918951
9|2|2|7,3,9.6664862067638
9|2|2|7,2,9.804516660729389
9|2|2|7,7,-0.9777992887501157
6|3|2|8,1,10.36157027940378
6|3|2|8,6,-0.40795665573647794
6|3|2|8,3,10.271758315537763
6|3|2|8,2,7.791154549497396
6|3|2|8,5,0.9055431551507063
6|3|2|8,7,-0.2952980787446941
6|3|2|8,4,4.241622266288644
12|2|2|5,1,10.199999999999996
12|2|2|5,2,9.788332352381213
12|2|2|5,5,-0.6689092114307174
12|2|2|5,6,-0.5715900210965676
12|2|2|5,7,-0.7676453700000174
12|2|2|5,4,-0.7983517590000047
12|2|2|5,3,-0.7983517590000044
14|2|0|4,1,9.999999999999998
14|2|0|4,7,-1.0659866870054235
14|2|0|4,3,-1.055398102121483
14|2|0|4,5,-1.0450001880927025
14|2|0|4,6,-0.9635494483129268
14|2|0|4,2,-1.0076311684179493
14|2|0|4,4,-1.0398270680198436
3|4|2|6,3,-1.283750846486202
3|4|2|6,4,-2.7604608876737013
4|5|1|7,6,-4.786330571724915
4|5|1|7,7,-2.163867631980768
4|5|1|7,4,-1.599895732182751
4|5|1|7,1,11.69014152916899
4|5|1|7,5,-0.7803968748806395
4|5|1|7,2,4.8704376775865725
4|5|1|7,3,0.1725
4|5|1|6,1,7.80545298763977
4|5|1|6,6,-1.4723721559803995
4|5|1|6,7,-3.3525854883171444
5|2|2|10,5,-2.350060798576369
5|2|2|10,4,4.111906558721962
5|2|2|10,2,10.061281969688855
5|2|2|10,7,-0.8172806494590088
5|2|2|10,6,-0.629251685329453
5|2|2|10,1,2.7843725644896415
5|2|2|10,3,2.8821580653320598
7|1|1|6,3,-5.032912538419702
7|1|1|6,7,-15.648428438395031
7|1|1|6,5,-8.41995960757127
7|1|1|6,1,-5.171422140898583
7|1|1|6,6,-14.990142693916388
7|1|1|6,2,-5.000476635199545
7|1|1|6,4,-3.370602085857267
6|4|2|7,4,8.020848359989959
6|4|2|7,2,10.799240368914184
6|4|2|7,7,-0.11735149396598629
6|4|2|7,6,-0.7149935177413853
6|4|2|7,1,11.218432446721764
6|4|2|7,5,0.1283608988656005
6|4|2|7,3,3.28588799397579
6|4|2|6,5,-6.288087308552706
6|4|2|6,3,1.8474962651922593
6|4|2|6,6,-2.943120686454674
6|4|2|6,7,-3.6406165855472263
6|4|2|6,4,4.9196091961108115
6|4|2|6,1,11.274047958195727
6|4|2|6,2,8.392444926215909
6|4|2|5,1,3.421815214121597
6|4|2|5,7,-2.8063747233000003
6|4|2|5,2,0.36
6|4|2|5,6,-2.8063747233000003
6|4|2|5,5,-2.875958316
6|4|2|5,4,-3.6567847608394635
6|4|2|5,3,-0.1938191056772906
2|5|1|10,1,11.966205276755323
2|5|1|10,6,0.5459411453724059
2|5|1|10,4,0.4928251066634204
2|5|1|10,2,3.409788624888688
2|5|1|10,7,0.5122612976943121
2|5|1|10,5,0.7891364663739132
2|5|1|10,3,2.868123445660776
7|4|1|9,2,9.489813761102017
7|4|1|9,4,2.853205300475141
7|4|1|9,5,-0.0641007901374472
7|4|1|9,6,-0.08436374044673212
7|4|1|9,7,-0.16093319649187965
8|4|1|8,1,10.772134413342034
8|4|1|8,3,3.154463481152075
8|4|1|8,7,-0.3301767983102476
8|4|1|8,6,-0.06025669940975824
8|4|1|8,5,-0.177900452519836
8|4|1|8,4,3.08007802917489
8|4|1|8,2,3.0963846455436785
12|1|1|7,1,8.848249999999991
12|1|1|7,4,5.809849868825591
12|1|1|7,5,-1.8301965033747176
12|1|1|7,7,-1.549589278639696
12|1|1|7,6,-1.3708383258529637
12|1|1|7,3,4.512593481507229
12|1|1|7,2,2.654471634159885
14|1|1|5,2,9.574999999999996
14|1|1|5,6,-1.432499999995806
14|1|1|5,5,-1.4324999999992178
14|1|1|5,7,-1.432499999999175
14|1|1|5,1,9.574999999999841
14|1|1|5,3,-1.432499999940072
14|1|1|5,4,-1.4324999994905856
8|1|1|8,1,8.489916881854668
8|1|1|8,2,6.44447020071823
8|1|1|8,6,-2.7278839888533306
8|1|1|8,4,2.442100196557835
8|1|1|8,7,-2.7482255798567556
8|1|1|8,3,6.705973236923934
8|1|1|8,5,1.5318145068151794
7|4|1|5,1,2.9377215580557
7|4|1|5,5,-3.247562745
7|4|1|5,6,-8.45416714476334
7|4|1|5,7,-9.179756918165893
7|4|1|5,4,-9.128633762091308
7|4|1|5,2,-1.8691346308197332
7|4|1|5,3,-5.851140846132214
5|1|1|3,1,-2.3115408735000003
5|1|1|3,6,-3.015
5|1|1|3,7,-2.968425
5|3|3|6,1,0.5940749999999999
5|3|3|6,2,7.319185295534753
5|3|3|6,7,-2.867175
7|4|2|2,7,-12.4521615
7|4|2|2,6,-10.709550000000002
12|2|2|4,7,-0.9535858385553496
12|2|2|4,2,10.199999999999996
12|2|2|4,3,-0.8831188683569196
12|2|2|4,1,8.472867583923152
12|2|2|4,6,-0.7274154874704654
12|2|2|4,5,-0.7237791001344883
12|2|2|4,4,-0.6611130000009153
4|4|3|9,2,8.15743744545518
4|4|3|9,5,-0.8181449000590199
4|4|3|9,7,-0.4688121749298664
4|4|3|9,6,0.21774862170484283
4|4|3|9,4,1.4738314275982456
4|4|3|9,1,9.774555199938552
4|4|3|9,3,4.40621579310465
7|4|3|5,2,11.848036666427278
7|4|3|5,3,-3.015
7|4|3|5,4,-2.148505090971656
7|4|3|5,5,-1.7922468571299877
10|4|1|4,1,11.123749486010036
10|4|1|4,4,-1.3883395245616255
10|4|1|4,6,-1.22509263756371
10|4|1|4,3,4.832113725491572
10|4|1|4,7,-0.8673047903747018
10|4|1|4,2,4.467400300222766
10|4|1|4,5,-0.29182113285345856
4|4|2|7,1,11.795417740296655
4|4|2|7,7,-3.059526357328545
4|4|2|7,4,-2.2071181108850153
4|4|2|7,5,-3.2041849242684375
4|4|2|7,2,2.8919810795896477
4|4|2|7,6,-1.4403341567156365
4|4|2|7,3,2.7420210399504885
2|3|0|3,3,-3.015
2|3|0|2,2,-3.015
2|3|0|1,5,-4.5
1|7|2|10,1,12.966446086598909
1|7|2|10,3,-3.015
1|7|2|10,5,-1.883802474524241
8|3|3|9,1,10.65465813888743
11|3|1|8,6,-0.9056827742301109
11|3|1|8,4,-3.524019319068188
11|3|1|8,1,10.480798329360264
11|3|1|8,3,3.0951474560895123
11|3|1|8,7,-0.195525000000001
11|3|1|8,2,3.0952499999843233
11|3|1|7,1,10.442499999999997
11|3|1|7,6,-0.195525000000001
11|3|1|7,3,2.958454574748994
11|3|1|7,4,-0.42776853419098726
11|3|1|7,7,-0.5415853991126796
11|3|1|7,2,5.261924999999998
11|3|1|7,5,-0.42564820787682356
14|1|1|6,1,9.574999999999996
14|1|1|6,2,5.990534408999999
14|1|1|6,6,-1.3935852771642603
14|1|1|6,3,-1.263967807500004
14|1|1|6,7,-1.3499192256750043
14|1|1|6,4,-1.0885567500000035
14|1|1|6,5,-1.3920354205807544
15|1|0|5,3,-1.0682084888237398
15|1|0|5,6,-1.0501628352339392
15|1|0|5,4,-1.0500027695605085
15|1|0|5,1,9.999999999999998
15|1|0|5,7,-1.0499836358279382
15|1|0|5,2,-1.0491624701225195
15|1|0|5,5,-1.049859187794938
5|5|1|8,5,-0.6220630903629669
5|5|1|8,1,11.680571228650678
5|5|1|8,3,3.2799283889106325
5|5|1|8,4,0.23974591209674692
5|5|1|8,2,9.22636371772996
5|5|1|8,6,-0.3373072665978267
5|5|1|8,7,0.4124942202725414
5|4|3|8,3,5.1284272094333225
5|4|3|8,6,-2.783478896775
5|4|3|8,5,-0.38602912154974345
5|4|3|8,2,7.399384517539559
5|4|3|8,1,12.057708041910182
5|4|3|8,4,0.21087728859228178
5|4|3|8,7,0.16401317779291946
6|4|3|7,1,11.705911880611593
6|4|3|7,5,-7.518580455181009
6|4|3|7,4,-3.82905
6|4|3|7,6,-10.094741433575397
6|4|3|7,7,-6.591300479722305
6|4|3|7,2,6.192825234293599
6|4|3|7,3,-0.9461714602115967
10|3|2|6,5,-0.6966741620566641
10|3|2|6,1,11.004999999999615
10|3|2|6,6,-0.38062429556583127
10|3|2|6,2,10.59293011456235
10|3|2|6,3,9.479617739951292
10|3|2|6,7,-0.13711266122542023
10|3|2|6,4,-0.4096898347596803
4|3|3|9,1,11.524503751145561
4|3|3|9,4,0.6119348910723728
4|3|3|9,6,-0.8528718152182879
4|3|3|9,3,6.145675480931736
4|3|3|9,5,-0.03913736393054937
4|3|3|9,7,-0.371983619466102
4|3|3|9,2,5.375125471966875
10|4|1|7,1,11.067546686328518
10|4|1|7,2,0.1725
10|4|1|7,7,-0.02312959748792238
10|4|1|7,6,-0.026750276039066455
10|4|1|7,5,-0.02677499972694264
8|5|1|1,1,-9.855
8|5|1|1,2,-7.65
8|5|1|1,4,-7.65
5|4|1|8,2,9.928492425446507
5|4|1|8,3,5.829947800725652
5|4|1|8,6,-0.15092815039818022
5|4|1|8,7,-0.658098238849343
5|4|1|8,4,4.5740589902506
5|4|1|8,1,11.133246535434669
5|4|1|8,5,-0.6863579545811147
8|1|1|2,7,-13.613792524155002
8|1|1|2,3,-11.506591525730087
8|1|1|2,4,-11.395413862245151
8|1|1|2,6,-14.0309012669085
8|1|1|1,4,-14.8546664843895
3|4|2|4,3,0.397194
4|4|2|2,1,-0.47999999999999987
4|5|2|10,1,11.890607068572228
4|5|2|10,4,0.28029785407073254
9|2|2|9,1,9.6052566123212
9|2|2|9,2,2.7292919172557872
9|2|2|9,5,2.8721225731182973
9|2|2|9,7,-0.3668778158314394
9|2|2|9,6,-0.23696768160486953
11|2|2|8,5,-5.0283
11|2|2|8,6,-0.9830068675823449
11|2|2|8,1,9.411206676331123
11|2|2|8,7,-0.2128154372142445
11|2|2|8,3,2.9264913160453556
11|2|2|8,4,-0.21240000000000164
11|2|2|7,1,10.37999999902063
11|2|2|7,4,-1.218094130764371
11|2|2|7,2,8.240424112916122
11|2|2|7,5,-0.6251437743751979
11|2|2|7,7,-0.6943200520615586
11|2|2|7,6,-0.6247045928215825
11|2|2|7,3,-0.53805902706792
13|2|1|6,1,10.199999999999996
13|2|1|6,4,-0.8713598038437952
13|2|1|6,2,9.573122940987012
13|2|1|6,6,-0.8695140680944436
13|2|1|6,5,-0.8690082961188772
13|2|1|6,3,-0.8693058072832154
13|2|1|6,7,-0.8615706560945955
8|4|2|5,4,-0.17825972988770733
8|4|2|5,3,3.4330411179846
8|4|2|5,2,11.183939846788217
8|4|2|5,1,3.385724999999999
8|4|2|5,5,0.12997768641419213
8|4|2|5,6,0.1073603613669317
8|4|2|5,7,0.1015770539012427
9|4|2|3,2,0.36
9|4|2|3,1,11.623520909759991
9|4|2|3,5,-4.33131075
11|4|1|2,1,10.76377025269011
8|3|1|8,1,9.95184565046564
8|3|1|8,4,2.628229538835671
8|3|1|8,3,8.940256239199705
8|3|1|8,2,9.29591269620308
8|3|1|8,5,1.9400282219630818
8|3|1|8,7,-0.7293181683147849
8|3|1|8,6,-0.9348939662822622
11|1|1|7,1,8.547559650623112
11|1|1|7,3,8.626906840758547
11|1|1|7,5,2.92852566891431
11|1|1|7,2,8.502378045758816
11|1|1|7,7,-2.292927503083215
11|1|1|7,6,-2.236552526889131
11|1|1|7,4,6.074321249695399
10|4|1|3,1,11.10645917342654
10|4|1|3,7,-3.4649550000000002
10|4|1|3,2,2.4923130704969996
10|4|1|3,6,-5.019157335149999
10|4|1|3,4,-5.841851359216544
10|4|1|3,5,-5.906578500000001
4|4|3|8,1,12.4372827435641
4|4|3|8,5,-1.5527807576729142
4|4|3|8,2,2.0518248064971165
4|4|3|8,6,-0.08613347856493869
4|4|3|8,7,0.2691170852222501
4|4|3|8,3,2.472672024332762
4|4|3|8,4,0.33243397568677474
8|3|3|7,4,-1.6807099881714183
8|3|3|7,5,-0.03221248861839003
8|3|3|7,2,11.228939749223388
8|3|3|7,7,0.022631444337193683
8|3|3|7,1,7.441661051072752
8|3|3|7,3,8.146515349016909
8|3|3|7,6,0.05689047051222282
9|3|3|6,3,-2.4516645997460533
9|3|3|6,1,11.567499669757106
9|3|3|6,2,3.4702499999999987
9|3|3|6,5,-1.3560696237704553
9|3|3|6,7,-1.0156881861542104
9|3|3|6,6,-0.7797642303147782
9|3|3|6,4,-0.3614474642031714
10|3|3|5,5,-0.32431494044410575
10|3|3|5,3,-0.28228898076637765
10|3|3|5,2,1.1184257457514502
10|3|3|4,1,10.824999999994597
10|3|3|4,7,-3.015
10|3|3|4,5,-2.3132079
10|3|3|4,2,3.2474897718953084
10|3|3|4,4,-1.3005919404
10|3|3|4,3,-0.5073523773160232
5|4|1|7,1,10.299063464729695
5|4|1|7,3,5.289648825086964
5|4|1|7,2,6.624458658239425
5|4|1|7,4,0.35981946430218015
5|4|1|7,5,-2.9773022395586057
5|4|1|7,6,-4.70317798700066
5|4|1|7,7,-3.637969369296663
3|3|0|8,1,8.636783417195971
3|3|0|8,5,-7.781760988509443
3|3|0|8,7,-10.385998313863112
3|3|0|8,2,-7.972441134822999
3|3|0|8,3,-11.050130812589897
3|3|0|8,6,-13.080074247828376
3|3|0|8,4,-11.010256061482696
5|4|2|9,1,11.664867121466667
5|4|2|9,4,4.047056404258693
5|4|2|9,6,-0.21891922032311462
5|4|2|9,7,0.29336545301437117
5|4|2|9,2,3.3211663518173595
5|4|2|9,5,0.12429783858349389
5|4|2|9,3,6.9782911883164935
9|3|2|8,4,-4.033625543904714
9|3|2|8,1,10.67072938728824
9|3|2|8,2,5.405085076433096
9|3|2|8,7,-0.23000333031961023
9|3|2|8,5,-0.2670179115130636
9|3|2|8,3,8.717187455627926
9|3|2|8,6,-0.17802256242304443
1|3|0|4,1,0.5940749999999999
1|3|0|4,3,-3.015
1|3|0|4,7,-3.82905
9|1|1|6,7,-13.519708694935792
9|1|1|6,3,-1.3447015927136514
9|1|1|6,2,8.267289123716814
9|1|1|6,4,-0.9619160497221337
9|1|1|6,1,-0.6005443974872271
9|1|1|6,5,-0.8865805916739831
9|1|1|6,6,-9.952007417262662
9|1|1|5,1,-7.39047489786996
9|1|1|5,6,-16.947641723688285
9|1|1|5,3,-7.416957031405187
9|1|1|5,4,-7.1133140053412225
9|1|1|5,5,-13.985041724773293
9|1|1|5,2,-4.476344776726779
9|1|1|5,7,-18.07312332258545
10|1|1|4,1,-9.347060733822962
10|1|1|4,4,-10.698602137671717
10|1|1|4,6,-19.806440053299955
10|1|1|4,2,-9.164841134431676
10|1|1|4,3,-9.333548822162308
10|1|1|4,5,-18.09637842592981
10|1|1|4,7,-19.884325690033457
2|4|4|10,4,0.5461846060666669
2|4|4|9,1,12.071636090527988
2|4|4|9,6,-3.015
2|4|4|9,3,-2.0764262561523097
2|4|4|9,4,-0.849971965926776
6|5|2|8,5,-3.2766241562403273
6|5|2|8,6,0.3602485152099321
6|5|2|8,4,3.4854369609331703
6|5|2|8,2,11.643583002598872
6|5|2|8,7,0.21971061726007368
6|5|2|8,3,3.3887140472059474
6|5|2|8,1,3.4634142208099687
8|5|2|5,1,11.964839110156454
8|4|3|4,3,2.763980911328629
8|4|3|3,1,4.357142579937117
4|5|1|4,1,-0.4519701907204471
4|5|1|4,4,-3.015
13|1|1|4,1,9.192499999999994
13|1|1|4,5,-1.7767500000000067
13|1|1|4,4,-1.7767500000000067
13|1|1|4,6,-1.7767500000000067
13|1|1|4,3,9.192499819716412
13|1|1|4,2,9.192499999999994
13|1|1|4,7,-1.7767500000000067
7|3|3|7,2,7.123683696752989
7|3|3|7,3,2.88283794361746
7|3|3|7,4,7.476202041546295
7|3|3|7,1,11.569096699379308
7|3|3|7,7,-0.5256270137740268
7|3|3|7,6,-0.09335375391058284
7|3|3|7,5,0.13005613294566765
13|2|1|5,1,10.199999999999996
13|2|1|5,6,-0.869981799069418
13|2|1|5,5,-0.8699869636101343
13|2|1|5,3,-0.8699988695671627
13|2|1|5,4,-0.8699903914792446
13|2|1|5,2,9.574993903497596
13|2|1|5,7,-0.8697618918981459
8|3|3|5,1,10.789561038364306
8|3|3|5,5,-4.726549733914868
8|3|3|5,7,-2.968425
8|3|3|5,6,-3.293215505796522
8|3|3|5,2,3.3332249653313197
8|3|3|5,4,-1.8371215017062297
8|3|3|5,3,3.2957236080390864
1|3|0|3,4,-3.015
1|3|0|3,3,-3.82905
1|3|0|2,7,-3.015
1|3|0|2,2,-4.23
1|3|0|1,1,-7.65
3|3|0|10,6,-7.480399598752032
3|3|0|10,1,10.703696700480801
3|3|0|10,7,-3.7553929668438144
3|3|0|9,4,-3.8131707039962275
3|3|0|9,3,-4.114900710991381
3|3|0|9,5,-3.858241070988192
3|3|0|9,2,-3.766055775669609
3|3|0|9,7,-3.555592726996561
3|3|0|9,6,-2.3468694021410723
3|3|0|9,1,9.864566024547958
1|2|2|7,1,0.6109293326889599
4|1|1|9,1,5.041733517116337
4|1|1|9,3,6.369064196086796
4|1|1|9,7,-6.183135365814142
4|1|1|9,4,5.649915194605783
4|1|1|9,2,8.22364858494183
4|1|1|9,6,-6.9900271149468125
4|1|1|9,5,-3.828717600087983
9|4|1|6,2,4.755870188105942
9|4|1|6,3,6.557950170846851
9|4|1|6,6,-0.34253229762356335
9|4|1|6,7,-0.2930275969916009
9|4|1|6,5,-0.2557695590112847
9|4|1|6,1,11.041072638542117
9|4|1|6,4,3.16590444742659
10|4|1|5,6,-5.042567587050001
10|4|1|5,5,-2.9176261723810324
10|4|1|5,4,-0.042161303645073436
10|4|1|5,1,11.067500051141732
10|4|1|5,7,-0.026669127503116917
10|4|1|5,2,0.23216925784545375
8|1|1|7,1,3.7363104042382265
8|1|1|7,7,-9.939524170745477
8|1|1|7,5,-3.806445547950334
8|1|1|7,6,-9.759910415314378
8|1|1|7,4,4.432531304457261
8|1|1|7,2,3.6059682471252623
8|1|1|7,3,8.564524488664798
9|3|1|6,3,9.714476128353455
9|3|1|6,5,-1.044270148466791
9|3|1|6,6,-0.8733314808380801
9|3|1|6,1,9.862893392078721
9|3|1|6,4,5.244040847512151
9|3|1|6,7,-0.9134793946892246
9|3|1|6,2,9.750991067189714
2|4|3|10,4,0.6138765785333731
2|4|3|10,1,12.121918639531083
2|4|3|10,6,0.39790949937037057
2|4|3|10,5,0.30992075374606287
2|4|3|10,7,0.30054210537595283
2|4|3|9,1,12.139425943813109
2|4|3|9,4,-2.620858106893136
2|4|3|9,7,-1.6793187430781495
2|4|3|9,3,-0.40795508807954944
11|1|1|4,1,-9.366460848085874
11|1|1|4,3,-9.371225661054952
11|1|1|4,4,-9.364667703653026
11|1|1|4,5,-19.880815587753226
11|1|1|4,2,-5.4248659273817355
11|1|1|4,7,-19.91126625090463
11|1|1|4,6,-19.936564568648887
4|3|3|1,6,-7.65
9|2|1|7,1,9.01907212760793
9|2|1|7,7,-1.7770154666063873
9|2|1|7,6,-1.7135612879188082
9|2|1|7,5,2.1889387944367047
9|2|1|7,4,8.833763764190682
9|2|1|7,2,8.929963385958184
9|2|1|7,3,8.923340696426042
6|3|3|8,2,10.968771673543829
6|3|3|8,7,-1.3661543498548787
6|3|3|8,1,0.45340055830405307
6|3|3|8,4,-0.40123374923746047
6|3|3|8,3,5.597276179932886
6|3|3|8,5,-0.31245219966322146
6|3|3|8,6,-0.27061539148693436
9|3|3|7,1,11.567108020435965
9|3|3|7,7,-4.631001585490415
9|3|3|7,2,3.4702499999842717
9|3|3|7,6,0.10810599933468765
9|3|3|7,4,0.10807835334747774
12|3|1|6,1,10.824999999999996
12|3|1|6,4,-0.1568250126259953
12|3|1|6,3,-0.23366925212205386
12|3|1|6,6,-0.20202750004196282
12|3|1|6,2,6.253037927790082
12|3|1|6,7,-0.23366925000000346
12|3|1|6,5,-0.09225000000000136
3|4|0|9,2,-3.542210948475283
3|4|0|9,1,11.102051173679579
3|4|0|9,5,-0.6054060592148388
3|4|0|9,7,-0.6860126326129388
3|4|0|9,4,-0.5841325541036871
3|4|0|9,3,-0.32283693244659767
3|4|0|8,1,10.018005798610194
3|4|0|8,3,-3.015
3|4|0|8,4,-3.82905
3|4|0|8,2,-2.851667843538249
3|4|0|8,6,-1.2284967642809383
3|4|0|8,5,-1.2863900259983645
6|3|3|6,1,10.870843523157736
6|3|3|6,7,-2.695056909190387
6|3|3|6,2,3.280460378036197
6|3|3|6,6,-1.6795420213116272
6|3|3|6,5,-4.081257465766933
6|3|3|6,3,3.2407695302486736
6|3|3|6,4,-1.0338573580162322
9|3|3|5,3,8.058674516916435
9|3|3|5,4,0.10313904960866313
9|3|3|5,2,3.1327499999999984
6|4|2|8,1,11.249258192974137
6|4|2|8,3,6.882970359798044
6|4|2|8,5,3.6631294219312522
6|4|2|8,2,10.152105475958257
6|4|2|8,7,-0.23379932903101874
6|4|2|8,6,-0.02600185825798942
6|4|2|8,4,9.189876660457788
10|3|2|7,1,11.004999999998402
10|3|2|7,5,-0.11580680678946809
10|3|2|7,3,3.7548952840926293
10|3|2|7,2,7.186672975600619
10|3|2|7,7,-0.11056568235817514
10|3|2|7,4,-0.0742050093629292
10|3|2|7,6,-0.12838207050000647
12|1|1|5,1,8.848249999999991
12|1|1|5,2,8.848254291884823
12|1|1|5,4,2.164424719828457
12|1|1|5,7,-2.081785368622064
12|1|1|5,3,8.848250000000103
12|1|1|5,6,-2.0819144528360316
12|1|1|5,5,-2.0753334189455357
4|5|1|3,4,-3.015
4|5|1|2,1,-0.29249999999999987
7|4|2|9,5,0.08143989100751527
7|4|2|9,7,-0.047817119678070695
7|4|2|9,1,11.365062631942108
7|4|2|8,2,11.404371103178597
7|4|2|8,6,-1.451153828889701
7|4|2|8,5,0.08414040835157587
7|4|2|8,3,5.957914306900248
7|4|2|8,1,3.2759023082770513
7|4|2|8,7,0.13806915241279227
7|4|2|8,4,2.339433463907891
9|4|1|7,1,10.924600502624001
9|4|1|7,4,4.566261554538757
9|4|1|7,3,4.655563314175081
9|4|1|7,7,-2.188277559251021
9|4|1|7,2,5.20096727763849
9|4|1|7,5,-0.3595987475699415
9|4|1|7,6,-0.5056173939375475
4|5|1|9,2,11.004285048152566
4|5|1|9,6,-0.15717713988475748
4|5|1|9,7,0.006384656507976238
4|5|1|9,1,9.716390196213865
4|5|1|9,4,0.4185621691671698
4|5|1|9,5,0.5453471137156662
4|5|1|9,3,3.5331329333008203
10|1|1|7,1,8.270572589073893
10|1|1|7,6,-1.0523628407912626
10|1|1|7,2,8.448383634827643
10|1|1|7,7,-2.271187517479156
10|1|1|7,5,5.190474609443091
10|1|1|7,3,8.47113013265458
10|1|1|7,4,6.7276089387575615
3|5|4|9,3,-3.639485845202407
3|5|4|9,7,7.856047512086461e-05
4|5|4|8,5,-17.70843412880352
4|5|4|8,4,-10.106120742268693
4|5|4|8,7,-10.642470303897866
4|5|4|7,5,-8.987684318397356
4|5|4|6,6,-2.500713479566877
4|5|4|6,1,8.871147192109026
4|5|4|5,1,11.75582537449677
9|4|1|4,1,10.754355171510127
9|4|1|4,2,2.9673287513130813
9|4|1|4,7,-7.893867822159306
9|4|1|4,6,-4.7638009933997685
9|4|1|4,5,-7.479813760038418
9|4|1|4,3,3.1598068394135654
9|4|1|4,4,-4.8041384082880185
9|4|1|5,1,10.777538507006797
9|4|1|5,6,-1.189467123046058
9|4|1|5,3,6.626839180894352
9|4|1|5,4,-0.05182216671960322
9|4|1|5,7,-0.1222347043483147
9|4|1|5,2,8.008045124818572
9|4|1|5,5,-0.14042333411697014
7|5|1|6,1,11.2212491509238
7|5|1|6,2,-1.4311785
7|5|1|6,3,-1.0460733793875432
7|5|1|6,7,-0.6644252534951445
7|5|1|6,6,-0.020699746621419768
7|5|1|6,4,0.14540381718419876
7|5|1|6,5,0.06707603727051839
6|5|1|7,1,0.9225
6|5|1|7,2,10.894748001645297
6|5|1|7,4,-0.6394981966564511
6|5|1|7,7,-0.24663080341483834
6|5|1|7,6,0.01307347458874748
6|5|1|7,5,0.09510354000204932
6|5|1|7,3,3.2665838748450287
11|2|2|6,1,10.357425302292162
11|2|2|6,2,10.379999999999994
11|2|2|6,6,-0.7123379568785977
11|2|2|6,5,-0.7100771238923091
11|2|2|6,7,-0.7046583987229631
11|2|2|6,3,5.047312396036187
11|2|2|6,4,-0.7073717000476675
7|1|1|4,1,-8.786578466916213
7|1|1|4,5,-9.422621795958031
7|1|1|4,4,-8.744090270531474
7|1|1|4,2,-8.622205485640693
7|1|1|4,7,-10.456167238726785
7|1|1|4,3,-8.769657031900891
7|1|1|4,6,-14.584719756994014
6|4|3|6,6,-17.70627103967671
6|4|3|6,4,-8.127252687846386
6|4|3|6,5,-9.053590050735474
6|4|3|6,3,7.475181594300357
6|4|3|5,7,-10.078641633558327
6|4|3|5,5,-6.884157938937717
8|3|3|6,7,-1.469096467862812
8|3|3|6,6,-3.265989800779103
8|3|3|6,1,11.229363618635361
8|3|3|6,2,5.724470125258149
8|3|3|6,3,0.5510778522647494
8|3|3|6,4,-0.05212198378503624
8|3|3|6,5,-0.7716763147317572
4|4|1|2,2,-2.48835
4|4|1|2,6,-3.015
5|6|3|6,1,1.11
11|3|2|5,1,10.824999999999996
11|3|2|5,4,-2.747653856679679
11|3|2|5,2,0.037217155007297886
11|3|2|5,3,-3.098377586832127
11|3|2|5,7,-3.0977492082899087
11|3|2|5,5,-3.098009102067006
11|3|2|5,6,-2.193020606265395
4|2|2|10,1,10.367575538684083
4|2|2|10,7,-0.38087671763674236
4|2|2|10,6,-0.7566874694083472
4|2|2|10,3,4.894881727392697
4|2|2|10,4,2.818005025648396
4|2|2|10,5,-0.6898366084307066
4|2|2|10,2,6.923864859696791
6|2|2|9,2,10.096127967428592
6|2|2|9,4,1.4344336757803315
6|2|2|9,7,-1.4016067334974527
6|2|2|9,5,-0.524927958972568
6|2|2|9,1,9.552501324716847
6|2|2|9,3,9.519871697314423
6|2|2|9,6,-0.9150551792894084
8|3|3|8,1,11.309280452392668
8|3|3|8,4,0.32032499999999997
8|3|3|8,6,0.03145862338416361
8|3|3|8,5,0.03666472780517225
8|3|3|8,2,3.3669779084761067
8|3|3|8,7,0.02356071833016635
11|3|2|7,1,10.8249999986966
11|3|2|7,7,-0.12850169898245375
14|2|0|6,1,9.999999999999998
14|2|0|6,4,-0.3150000000000007
14|2|0|6,3,-0.3150000000000007
14|2|0|6,6,-0.3150000000000007
14|2|0|6,7,-0.3150000000000007
14|2|0|6,2,-0.3150000000000007
5|4|3|7,1,11.81960329980631
5|4|3|7,3,0.7822437726263579
5|4|3|7,4,0.04545983782152234
5|4|3|7,5,0.13881894643999784
5|4|3|7,2,3.5950096779327723
5|4|3|7,6,0.12053646336237822
1|3|2|8,1,3.223295968516191
12|2|1|6,7,-1.2142205169229845
12|2|1|6,5,-1.2136990266488619
12|2|1|6,1,9.817499999999997
12|2|1|6,3,9.621891226529657
12|2|1|6,4,-1.208724128398022
12|2|1|6,6,-1.2100288692237213
12|2|1|6,2,9.754999824438823
2|5|1|6,5,-3.015
2|5|1|5,7,-3.015
2|5|1|4,4,-3.015
2|5|1|3,7,-3.015
2|5|1|2,1,-1.143
9|4|2|4,1,11.629725323807783
9|4|2|4,5,-1.4600395169464686
9|4|2|4,7,-0.9844978434034838
9|4|2|4,6,-0.005443076678577974
9|4|2|4,2,3.4497397222612016
9|4|2|4,4,0.11781405928862458
9|4|2|4,3,2.1178493782441876
3|4|1|2,1,-0.47999999999999987
6|5|2|3,1,-2.667510779699207
5|1|1|9,7,-4.391541919787203
5|1|1|9,2,6.424231917062206
5|1|1|9,6,-6.222509227858586
5|1|1|9,5,-0.5423584053440083
5|1|1|9,4,6.723110657966033
5|1|1|9,1,8.972958712019311
5|1|1|9,3,6.433379567264143
5|3|3|8,5,-0.9269753818888957
5|3|3|8,6,0.10971374242723755
5|3|3|8,7,-0.2984539741025506
5|3|3|8,3,9.28581884040851
5|3|3|8,4,8.602169895120944
5|3|3|8,1,7.246286110830118
5|3|3|8,2,11.237787609403838
7|4|2|3,6,-8.929069649999999
7|4|2|3,3,-5.274223981968543
4|3|2|10,1,11.215680187683875
4|3|2|10,6,-1.4000492912691729
4|3|2|10,4,-1.1975131747864685
4|3|2|10,7,-0.5424233002144598
4|3|2|10,2,0.36
4|3|2|10,5,3.2025886083923756
4|3|2|10,3,7.911884534134063
7|2|1|9,2,9.251688703895644
7|2|1|9,6,-2.282006774496858
7|2|1|9,5,4.112646530353985
7|2|1|9,1,6.1118142681394
7|2|1|9,7,-1.18835149082414
7|2|1|9,3,6.870141377057452
7|2|1|9,4,2.6121744376216833
13|2|0|3,1,10.199999999557729
13|2|0|3,3,-0.31545557850223266
13|2|0|3,7,-0.26319747901383755
13|2|0|3,2,-0.26100250488329574
13|2|0|3,6,-0.2610012273928154
6|5|2|5,1,11.627911109567451
6|5|2|5,6,-3.015
6|5|2|5,5,-2.009261463112449
11|4|1|4,4,0.06733020140437754
11|4|1|4,6,0.23109659938693128
11|4|1|3,1,11.449736912755249
11|4|1|3,4,-2.173316121
11|4|1|3,3,-1.4983712847000001
11|4|1|3,6,-0.30162659545646997
11|4|1|3,7,-0.18818861681952903
3|4|0|7,5,-3.015
3|4|0|7,1,6.333665130529679
3|4|0|6,7,-4.904772974261839
3|4|0|5,1,1.1137657277562507
10|3|0|2,1,-8.057471348503949
3|4|2|5,1,0.34820444907991543
9|3|3|2,1,-9.902468677245151
9|3|3|2,4,-9.51885
4|3|1|10,1,10.286246903481445
4|3|1|10,6,-0.45158870061566425
4|3|1|10,7,-0.7588942124068264
4|3|1|10,5,-0.2293556489071587
4|3|1|10,2,3.0318223708147696
4|3|1|10,4,2.9730554227848605
4|3|1|10,3,5.1168497279774305
4|6|2|10,1,9.474329239329686
10|2|1|9,1,9.428218678077883
10|2|1|9,6,-0.5728834608511126
12|1|1|8,4,-1.5406594579060404
12|1|1|8,6,-1.2731716235817792
12|1|1|8,2,8.848249999981473
12|1|1|8,3,2.654470398753151
12|1|1|8,7,-0.632358383849875
10|4|2|1,2,-11.3985
4|3|3|8,1,9.506181829843158
4|3|3|8,7,-2.0067229011929246
4|3|3|8,2,11.58347208057458
4|3|3|8,5,-0.3454179731930016
4|3|3|8,3,5.410146066106833
4|3|3|8,6,0.13033258279576954
4|3|3|8,4,-0.42202289816450717
5|1|1|2,1,-0.9217499999999997
6|1|1|1,1,-4.5
5|4|3|6,1,11.202169694578501
5|4|3|6,6,-2.8784791988100005
11|3|2|2,4,-18.86627914245
11|3|2|2,1,10.806184716472155
10|1|1|5,1,-6.361469520120328
10|1|1|5,7,-17.688652898613956
10|1|1|5,4,-6.509809139255999
10|1|1|5,3,-6.09523615035819
10|1|1|5,2,-3.6132195455604217
10|1|1|5,6,-17.79132010086677
10|1|1|5,5,-7.189140165772425
7|4|1|8,6,-0.41432526463030955
7|4|1|8,4,7.388126703948313
7|4|1|8,1,10.793022037205056
7|4|1|8,5,-0.34668563482524706
7|4|1|8,2,9.293506668316784
7|4|1|8,7,-0.3694167324493232
7|4|1|8,3,8.599859913332512
9|3|3|3,1,10.138308345125989
1|5|0|8,1,4.103788564176723
10|4|0|2,2,-16.509427650000003
10|4|0|1,3,-13.7646855
11|3|2|4,6,-0.30775467832494713
11|3|2|4,3,-0.30749990411756867
11|3|2|4,2,10.199999871589593
11|3|2|4,1,3.247499999999999
11|3|2|4,5,-0.09225000000000136
11|3|2|4,4,-0.09225000000000136
11|3|2|4,7,-0.09225000000000136
11|3|2|3,6,-15.957306495000001
11|3|2|3,3,-11.7660143455461
11|3|2|3,1,10.824999999999996
11|3|2|3,2,5.107419659803076
11|3|2|3,4,-0.459276073678766
11|3|2|3,7,-0.3066343508497066
11|3|2|3,5,-0.18037316233107797
1|6|1|8,1,1.6232417001566366
4|4|3|7,1,12.028047797836834
4|4|3|7,5,-1.0113744430531042
7|5|1|3,1,-6.492787236910492
7|5|1|3,2,-6.348441027000001
7|5|1|3,5,-5.969924918091564
12|4|0|1,1,5.1
6|4|0|6,1,9.361314133163042
5|4|1|9,1,11.172018247834762
5|4|1|9,2,2.9929291738361887
5|4|1|9,3,7.2214702773616795
5|4|1|9,7,-0.2931260821810742
5|4|1|9,5,-0.09975810374090187
5|4|1|9,4,3.31822877637242
5|4|1|9,6,-0.17704664528827987
5|5|1|5,1,3.5282534582554232
5|5|1|5,3,0.05527650124244756
4|5|2|6,1,8.785730694195752
4|5|2|6,6,-2.768136684728908
3|6|1|9,3,-0.3905455211859089
3|6|1|9,6,1.2059714416235823
3|6|1|9,1,12.262013306885171
3|6|1|9,5,0.7160295829639483
3|6|1|9,4,0.4408501623880657
3|6|1|9,7,0.2820852077277939
3|6|1|9,2,4.438924436358791
10|4|2|4,1,11.449998541784908
10|4|2|4,7,-3.015
5|5|3|3,2,0.5475
8|5|1|2,5,-13.708394100000001
3|4|3|9,4,3.8519871019347423
3|4|3|9,2,12.039544354386548
3|4|3|9,5,-0.2248184231385201
3|4|3|9,3,5.755924677464266
3|4|3|9,1,5.979204816762262
3|4|3|9,6,0.3812657478255118
3|4|3|9,7,0.19837332579539968
3|4|3|8,1,12.264293091619871
3|4|3|8,4,-3.015
3|4|3|8,6,-2.481879000476809
3|4|3|8,3,2.125380368669464
3|4|3|8,5,-1.8072714066863584
3|4|3|8,2,3.5523280552072154
3|4|3|8,7,-0.6974485808526558
2|4|3|8,1,10.26170112373977
7|5|0|3,1,-0.27537121278698606
10|2|1|7,1,9.402344711124433
10|2|1|7,3,9.141755873957147
10|2|1|7,4,6.59990534169279
10|2|1|7,5,2.2911119447178416
10|2|1|7,6,-1.6293168478060345
10|2|1|7,2,9.20417638585932
10|2|1|7,7,-1.6926228254337141
7|4|3|4,1,10.055694558552217
10|4|2|5,3,-4.044534807568413
10|4|2|5,6,0.1633702497448239
10|4|2|3,1,8.478498388040487
10|4|2|3,7,-0.98388496414014
11|4|1|1,1,-14.8546664843895
7|3|3|5,1,11.366093810534327
7|3|3|5,2,3.3620286899470186
7|3|3|5,6,-2.352825489292857
7|3|3|5,7,-1.2473310913345101
7|3|3|5,3,2.548236210921099
7|3|3|5,4,-1.3513359690519104
7|3|3|5,5,-1.8855223704768225
6|3|3|7,3,7.303889839592488
6|3|3|7,7,-0.1547014235690981
6|3|3|7,1,11.256840089794641
6|3|3|7,6,-0.24913465024477702
6|3|3|7,4,-0.3891275561851055
6|3|3|7,5,0.8515545999902341
6|3|3|7,2,9.979121806454193
6|5|1|8,1,11.338414991005092
6|5|1|8,5,3.2016022520633567
6|5|1|8,6,0.006355157273250356
6|5|1|8,2,3.300991666793803
6|5|1|8,4,3.2285305824025605
6|5|1|8,3,3.2809163933500454
6|5|1|8,7,-0.03619502376170125
6|2|1|9,7,-1.9459679658776807
6|2|1|9,5,5.661452028872769
6|2|1|9,6,-2.022055158205341
6|2|1|9,2,9.345354312695612
6|2|1|9,4,7.670309821301117
6|2|1|9,3,7.034352093970669
6|2|1|9,1,8.868544039243927
3|5|2|6,1,3.8430033785481843
3|5|2|6,5,-3.015
10|4|0|6,4,-9.619920287309858
10|4|0|5,2,-0.6079715035567278
10|4|0|4,1,11.098710820230739
10|4|0|4,3,-2.0875500000000002
3|4|3|7,2,9.046922886543594
3|4|3|7,3,-3.015
2|6|1|9,2,9.80000830325109
2|6|1|9,3,-0.9174048503107473
2|6|1|9,7,-0.4271673167095026
2|6|1|9,1,3.7881406588414706
2|6|1|9,5,-0.43117196474121344
2|6|1|9,6,-0.1282954588277347
2|6|1|9,4,0.14697717046454226
3|6|1|8,1,12.368972504421395
3|6|1|8,7,-3.015
3|6|1|8,5,-1.332320265077976
3|6|1|8,4,-0.47356481964399194
3|6|1|8,2,1.7668243787553701
5|5|2|9,4,-9.815432609988125
5|5|2|9,6,-9.840747845679356
5|5|2|9,2,11.46758010358143
5|5|2|9,5,0.1383785155134599
5|5|2|9,7,0.14632838829255748
5|5|2|9,3,1.460272848940832
5|5|2|9,1,3.366765793259461
5|5|2|8,5,-8.41923973023734
5|5|2|8,2,11.700937305148932
5|5|2|8,4,-0.5225071726790498
5|5|2|8,1,7.957027536263804
5|5|2|8,3,5.619834678827489
5|5|2|8,6,-2.547280327795107
5|5|2|8,7,-1.5261068171071837
3|6|0|7,1,8.814319687391766
9|4|2|5,1,11.629902191975853
9|4|2|5,5,-2.5379181081000004
9|4|2|5,2,-0.364315893097001
9|4|2|5,4,0.07244343077760469
9|4|2|5,3,3.263980088365472
13|3|0|4,3,-1.0501336009790025
13|3|0|4,2,-1.0076287126500023
7|3|1|9,1,10.02266132118385
7|3|1|9,5,-0.4135613401593593
7|3|1|9,7,-0.2211937137032514
7|3|1|9,6,-0.4056581686141847
7|3|1|9,3,2.885032546271265
7|3|1|9,2,4.953853711157395
7|3|1|9,4,1.9194100444948379
10|1|1|8,1,8.595491500729738
10|1|1|8,3,2.4806429611054504
10|1|1|8,4,4.220807187254184
10|1|1|8,7,-1.1952406367754076
10|1|1|8,2,4.506991743607859
10|1|1|8,5,2.332779393105767
10|1|1|8,6,-0.6951882798059942
2|3|3|10,1,11.720250850078541
2|3|3|10,3,0.04495607747402808
2|3|3|10,2,3.4449925239666794
2|3|3|10,5,0.15435365182659577
2|3|3|10,7,0.22914868940834537
2|3|3|10,4,0.15980695287909458
2|3|3|10,6,0.18968669449506592
8|4|2|7,1,11.295124017116944
8|4|2|7,6,-0.20472731759651638
8|4|2|7,4,2.0859478275204832
8|4|2|7,7,0.1414865678381032
8|4|2|7,5,0.1323223399342457
8|4|2|7,2,7.083326872215471
8|4|2|7,3,8.38722166369023
13|2|0|1,4,-12.478950000000001
13|2|0|1,6,-11.3985
12|3|0|3,1,10.824999999999996
12|3|0|3,3,-3.015
12|3|0|3,7,-0.33295103032500056
12|3|0|3,2,-0.17481045340147555
12|3|0|3,5,-0.19807954222960608
12|3|0|3,6,-0.1120727648616949
12|3|0|3,4,-0.09458212846321405
4|7|0|6,3,-3.015
4|7|0|5,1,3.8635114803065336
2|3|3|7,3,-3.015
2|3|3|6,1,1.1217967958152102
8|3|2|9,1,10.044479292279046
8|3|2|9,5,-2.6011872571054555
8|3|2|9,6,-0.8356304517807991
8|3|2|9,7,-0.6895528002982276
8|3|2|9,3,5.207773622460765
8|3|2|9,2,1.8757542501680613
8|3|2|9,4,3.0503565573630222
8|4|2|6,1,11.289151222142394
8|4|2|6,5,-0.0731141940759137
8|4|2|6,2,7.450934064108438
8|4|2|6,7,0.013300718453870874
8|4|2|6,3,8.354389982070748
8|4|2|6,4,7.244487457446263
8|4|2|6,6,0.03196711304700227
3|3|3|10,1,10.12819616453478
3|3|3|10,2,3.157677774728854
3|3|3|10,3,3.2706976036607336
3|3|3|10,7,0.11321351287283167
6|4|2|9,1,11.680341646506692
6|4|2|9,5,-0.14049148821555696
6|4|2|9,2,3.4809810119763824
6|4|2|9,7,0.0020254538355265693
6|4|2|9,6,0.030755378359401852
6|4|2|9,4,3.151121875633607
6|4|2|9,3,3.157124322142983
10|2|2|8,1,10.184592048366929
10|2|2|8,3,4.987531446914064
10|2|2|8,7,-0.5186844539471489
10|2|2|8,5,-0.3049769787961626
10|2|2|8,2,5.089542020784526
10|2|2|8,6,-0.7705211029924212
10|2|2|8,4,1.770019320105781
12|2|1|7,1,6.034222152815848
12|2|1|7,2,9.754999975495283
12|2|1|7,6,-0.79776225
12|2|1|7,4,-1.0101705069064209
12|2|1|7,5,-1.1142265683552857
12|2|1|7,7,-1.1747432141094682
12|2|1|7,3,8.951633803499996
7|3|3|8,1,11.133165841138787
7|3|3|8,5,0.03555816900601901
7|3|3|8,3,5.462024786833087
7|3|3|8,7,-0.021818730347892133
7|3|3|8,2,5.530492858221697
7|3|3|8,6,0.11449782506861336
7|3|3|8,4,3.2185820767702746
4|4|1|1,6,-4.5
12|3|0|2,7,-5.080500000000001
12|3|0|2,1,10.822926133170304
12|3|0|2,2,-7.025759950785165
12|3|0|2,5,-7.037531965549616
12|3|0|2,6,-7.045772375884731
12|3|0|2,3,-7.051540663119312
13|2|0|2,1,10.19999998942485
13|2|0|2,5,-6.384316500000001
13|2|0|2,3,-4.23
13|2|0|2,2,-5.080500000000001
9|4|2|7,1,11.629999999884506
9|4|2|7,6,-0.41672224515248574
9|4|2|7,5,0.16684391536158258
9|4|2|7,4,0.24894276907215843
9|4|2|7,7,0.2738234911686896
9|4|2|7,2,5.824617455780334
9|4|2|7,3,0.12224234972059822
9|4|3|3,1,9.071033256735378
9|4|3|3,3,-2.087550000000422
6|3|2|9,1,8.145550003699505
6|3|2|9,4,6.952939686378333
6|3|2|9,2,10.961925738932361
6|3|2|9,7,-0.2567988760863324
6|3|2|9,5,-0.3616333768061629
6|3|2|9,6,-0.20083931969358743
6|3|2|9,3,9.31183243119029
9|2|2|8,1,10.12844732134458
9|2|2|8,7,-1.4651518810102233
9|2|2|8,5,2.1239651646825797
9|2|2|8,2,8.053989107207723
9|2|2|8,3,7.512597869206872
9|2|2|8,4,5.3768628162713625
9|2|2|8,6,-0.7973837359944824
8|4|1|6,1,10.669483222286768
8|4|1|6,3,9.879488751376583
8|4|1|6,7,-0.6385413782479482
8|4|1|6,6,-0.9160083741723277
8|4|1|6,2,10.404287399108647
8|4|1|6,4,6.711950057158981
8|4|1|6,5,3.0817081500907384
7|4|0|6,6,-5.345398039954291
7|4|0|5,1,7.020978127490981
9|4|2|6,1,11.629999998017839
9|4|2|6,3,0.02621564786388302
9|4|2|6,5,-0.6144897729826075
9|4|2|6,6,0.13572190828067754
9|4|2|6,7,0.2659993120624419
9|4|2|6,2,1.28745
9|4|2|6,4,0.12509865771034664
7|2|2|9,1,9.982978506099636
7|2|2|9,5,0.6645279020568486
7|2|2|9,2,5.2919595696656625
7|2|2|9,3,8.0090847123047
7|2|2|9,4,5.035833520226826
7|2|2|9,6,-0.5616804269969828
7|2|2|9,7,-0.8181159128085514
9|2|1|8,1,9.299561309138834
9|2|1|8,5,1.7587102914214077
9|2|1|8,6,-1.1403463728845709
9|2|1|8,3,7.1058816971059535
9|2|1|8,4,4.499782551631913
9|2|1|8,7,-1.5708043246031598
9|2|1|8,2,5.947540729344538
12|2|2|6,1,10.199999999999996
12|2|2|6,4,-0.4669568727322706
12|2|2|6,2,3.059970180452795
12|2|2|6,6,-0.5715900000002443
12|2|2|6,5,-0.6611130000000034
12|2|2|6,7,-0.8198462313000043
12|2|2|6,3,-0.767645370000004
14|2|0|5,1,9.999999999999998
14|2|0|5,5,-0.8735265000000021
14|2|0|5,6,-0.7978950000000019
14|2|0|5,3,-0.9635279850000023
14|2|0|5,2,-0.9264685500000022
14|2|0|5,4,-0.9635279850000023
14|2|0|5,7,-0.9635279850000023
7|1|1|1,1,-12.478950000000001
2|4|0|10,1,11.45567719742492
2|4|0|10,3,-13.263635316899306
2|4|0|10,5,-13.699345173664803
2|4|0|10,4,-13.548954528341397
2|4|0|10,7,-12.781150731618391
2|4|0|10,2,-6.82923631124684
2|4|0|10,6,-13.694778154852315
6|1|1|9,1,8.932409990580984
6|1|1|9,6,-0.9033055663318903
6|1|1|9,3,4.494465025893405
6|1|1|9,2,4.579385116618767
6|1|1|9,4,3.6432362950354236
6|1|1|9,5,5.764764313009224
6|1|1|9,7,-2.462916318683919
7|6|1|6,1,12.011101431229246
7|6|1|6,5,-3.2072556847630986
3|4|2|10,1,11.657315181357037
3|4|2|10,2,3.3222486489186855
3|4|2|10,6,0.1041550250077762
3|4|2|10,3,3.34281108083684
3|4|2|10,5,0.09043043794280532
3|4|2|10,4,0.14538834859187552
3|4|2|10,7,0.07138800198478491
13|2|0|4,1,10.19999999999858
13|2|0|4,3,-0.3416235441480415
13|2|0|4,7,-0.2704852793454739
13|2|0|4,5,-0.2625941908995946
13|2|0|4,2,-0.26113128847560335
13|2|0|4,4,-0.26109190193292214
13|2|0|4,6,-0.2610006233001142
7|6|1|5,3,-0.740889404141065
7|6|1|4,1,9.317971521479159
1|7|1|10,6,1.6990785582746457
1|7|1|9,1,13.013993318230906
1|7|1|9,3,-3.015
1|7|1|9,2,0.1725
1|7|1|9,4,-1.9340428783638586
1|7|1|9,5,-1.1681043896797827
1|7|1|9,6,-1.1681043896797827
6|3|1|9,1,10.514541377961118
6|3|1|9,2,4.8563409791269905
6|3|1|9,4,2.839023425057837
6|3|1|9,3,4.93242919309417
6|3|1|9,7,-0.3533197125258534
6|3|1|9,5,4.792476716411468
6|3|1|9,6,-0.29164504583881407
9|1|1|8,1,8.763500752266065
9|1|1|8,7,-0.7714108090426959
9|1|1|8,2,2.476571488139661
9|1|1|8,4,2.505149076207971
9|1|1|8,5,-0.6606628918648588
9|1|1|8,3,2.470757131099225
9|1|1|8,6,-0.739594909452245
9|5|1|3,6,-16.344056980313706
9|5|1|3,7,-16.771323564057894
9|5|1|2,1,-10.375461941938035
4|5|2|8,1,12.309845958274321
4|5|2|8,7,-3.015
4|5|2|8,6,1.5038959425327838
4|5|2|8,5,0.18427801014669676
4|5|2|8,4,3.3217246898474784
4|5|2|8,2,5.61755575146649
4|5|2|8,3,2.497354001270899
2|5|2|10,1,12.41628182765109
2|5|2|10,4,0.35449098162691756
2|5|2|10,3,3.520121899148068
2|5|2|10,5,0.38790250531744874
2|5|2|10,6,0.3346211645888987
3|6|1|7,1,9.6406107352583
8|4|1|7,1,10.79246009403141
8|4|1|7,5,-0.1852590167789771
8|4|1|7,4,-0.10635742658116971
8|4|1|7,6,-0.25637716893192836
8|4|1|7,2,5.303542508268954
8|4|1|7,3,7.889707820337963
8|4|1|7,7,-0.3384571610483965
4|5|3|9,1,12.390935504037028
4|5|3|9,7,0.4451794773077557
9|4|1|8,1,10.858010539986752
9|4|1|8,7,-0.08500283880454734
9|4|1|8,6,-0.07321230563723553
9|4|1|8,3,3.175909469364514
9|4|1|8,2,3.1625215953335046
9|4|1|8,4,-0.0936669298503439
9|4|1|8,5,-0.11934821382130689
10|2|2|7,1,10.041759337838371
10|2|2|7,4,7.904340104556844
10|2|2|7,2,10.054511125432676
10|2|2|7,5,-0.9953561470014216
10|2|2|7,6,-0.9787344565528519
10|2|2|7,3,8.735269826450821
10|2|2|7,7,-0.9710153111598445
4|5|3|8,1,12.771979674080114
4|5|3|8,7,0.29714921737624456
11|3|0|2,1,-0.9136952579317237
8|3|2|8,4,2.8348941118198008
8|3|2|8,3,8.63851026575689
8|3|2|8,1,10.451634546754617
8|3|2|8,5,0.22803207438660728
8|3|2|8,7,-0.3953836656557269
8|3|2|8,6,-0.3258690696505795
8|3|2|8,2,10.240867700188463
12|3|1|5,1,10.824999999999996
12|3|1|5,3,-1.1796041662557524
12|3|1|5,5,-0.7713667108822795
12|3|1|5,6,-1.0985290833208574
12|3|1|5,4,-1.1951662707516137
12|3|1|5,7,-0.9276437745961015
12|3|1|5,2,-0.3254902677922591
6|2|1|10,3,8.970435965756824
6|2|1|10,1,3.0538573063059076
6|2|1|10,6,-0.43279394915373254
4|4|2|9,1,11.784913501318133
4|4|2|9,4,5.092293391895227
4|4|2|9,5,0.3784180990086401
4|4|2|9,7,0.16920464607151145
4|4|2|9,6,0.34290502306803905
4|4|2|9,2,9.997932799854356
4|4|2|9,3,10.54568899613585
5|5|2|4,1,-2.787444010379965
9|6|1|1,1,-7.65
4|4|1|10,1,10.32710050723142
4|4|1|10,4,0.47519603326905
4|4|1|10,5,0.05459373097240228
4|4|1|10,6,0.016175107092884212
7|5|2|8,1,11.984611577277496
7|5|2|8,2,3.4271925734134956
7|5|2|8,6,0.23221816135148163
7|5|2|8,3,3.479501855517626
7|5|2|8,5,0.2461918525128503
2|7|1|9,1,12.841749553501266
9|5|2|6,1,8.4901510245573
3|5|2|10,1,11.353541350854663
3|5|2|10,7,0.17788607784285393
3|5|2|10,5,0.4209589508425132
4|3|3|10,1,11.091321162551091
4|3|3|10,4,0.010075254736176974
4|3|3|10,7,-0.015965143402087812
4|3|3|10,3,2.871816623103961
4|3|3|10,6,0.07002521191216945
4|3|3|10,2,3.2549224349773658
4|6|2|8,1,12.528129642777069
4|6|2|8,6,-3.015
4|6|2|8,2,3.662508895477409
4|6|2|8,4,-2.027319475649565
4|7|1|8,5,-9.532673194756592
4|7|1|8,2,10.352477345237277
4|7|1|7,4,-0.724614730964801
4|7|1|6,1,10.643800735495056
1|6|0|10,1,9.920675228135549
1|6|0|10,2,0.378166647579685
1|6|0|10,6,-1.9792414412220218
1|6|0|10,5,-0.7889592316413591
1|6|0|10,3,-0.424737452049662
1|6|0|10,4,0.468445104845659
1|6|0|10,7,0.5428479482359614
4|4|2|10,1,11.648236756803712
4|4|2|10,2,3.0750005489402596
4|4|2|10,5,0.14891306095836201
7|5|2|7,1,12.075213892768947
7|5|2|7,7,0.04476005685236615
7|5|2|7,3,3.480444368291165
7|5|2|7,6,0.19190123056668273
7|5|2|7,5,0.2009536600771394
7|5|2|7,2,0.36
11|3|2|6,1,10.824999999999996
11|3|2|6,6,-0.11001489384339287
11|3|2|6,4,-0.0922500001095873
11|3|2|6,7,-0.15682500005369956
11|3|2|6,3,-0.15682500002631358
11|3|2|6,2,5.20049182706788
11|3|2|6,5,-0.09225000000000136
8|2|1|9,1,9.666990390337531
8|2|1|9,6,-0.5515135119477328
8|2|1|9,5,-0.5532568476545089
8|2|1|9,2,2.646084608194469
8|2|1|9,4,4.733274393943565
8|2|1|9,7,-0.544896533633762
8|2|1|9,3,5.951081977575282
4|5|2|9,1,12.296078756375149
4|5|2|9,2,3.352270017218644
4|5|2|9,4,0.23295371596073655
4|5|2|9,5,0.26625857059556796
4|5|2|9,7,0.4489682853768008
4|5|2|9,6,0.27067080693368356
4|5|2|9,3,0.21007007339464448
10|3|3|3,1,10.297662113497289
7|6|0|5,1,6.106357499999974
5|3|3|9,1,11.17947831194631
5|3|3|9,4,0.00041780692705769423
5|3|3|9,6,-0.3035372511531768
5|3|3|9,5,-0.5210942385893836
5|3|3|9,3,3.1985815732526715
5|3|3|9,2,7.439309934370602
5|3|3|9,7,-0.028160055307891695
8|4|3|6,1,12.192469932603275
8|4|3|6,5,-3.015
8|4|3|6,4,-0.3793431959486483
3|7|0|8,4,-2.2196656435093574
3|7|0|7,1,11.315244105101733
8|4|0|5,1,10.631038902402805
8|4|0|5,2,-3.015
4|4|4|9,1,12.23598218285205
4|4|4|9,6,0.2536761442270253
4|4|4|9,7,0.30655293637722353
4|4|4|9,2,3.7670512538081358
8|4|3|8,1,12.17983304570998
8|4|3|8,4,0.2430300975113713
8|4|3|8,2,3.5516727516170206
12|3|1|7,1,10.82499999997155
12|3|1|7,3,-0.09225000000005305
12|3|1|7,5,-0.09225000000000136
12|3|1|7,2,2.87245740064685
15|1|0|6,1,9.999999999999998
15|1|0|6,2,-0.6929277017000519
15|1|0|6,7,-0.7978950000000019
15|1|0|6,5,-0.6898500000000016
15|1|0|6,3,-0.9264685500000022
15|1|0|6,6,-0.9635279850000023
15|1|0|6,4,-0.6898500000000016
5|6|3|8,1,1.3073132338500002
5|4|0|9,1,10.397300998404084
8|5|1|6,1,11.433262691720085
8|5|1|6,6,-1.7319880989000007
8|5|1|6,4,-1.1016372332677506
8|5|1|6,7,-0.6896180710721486
8|5|1|6,2,1.8352274999999998
8|5|1|6,3,-0.9931403029451857
8|5|1|6,5,-0.3670395673658465
3|5|3|10,1,11.028388766865433
3|5|3|10,7,0.4757632597846644
10|4|2|7,1,10.28463362529911
6|1|1|10,1,8.65271593988679
2|6|1|10,1,12.336793917536067
2|6|1|10,5,-0.6421323334758101
2|6|1|10,2,1.714713959631313
2|6|1|10,6,-0.06833866338461689
2|6|1|10,4,0.13292264769239015
2|6|1|10,3,3.6958728130287195
7|5|1|8,1,11.448277663756164
7|5|1|8,2,2.5221347741454383
7|5|1|8,4,0.009209638418359489
7|5|1|8,7,0.14585439720676258
7|5|1|8,5,0.11556670862482558
7|5|1|8,6,-0.0070568833497974374
7|5|1|8,3,6.709200703376602
3|5|0|10,1,10.35070918873511
4|4|4|8,1,12.571335172235846
4|4|4|8,3,-1.2695223125626014
4|4|4|8,4,-0.37976818057359
5|6|2|7,1,12.567728636974577
5|6|2|7,7,-1.276836139843371
10|3|2|8,1,11.004999999974059
10|3|2|8,6,-0.04365000000000165
10|3|2|8,3,3.095218135740407
13|2|1|7,1,10.199999999999996
13|2|1|7,7,-0.26100000000000134
13|2|1|7,6,-0.4437000000000023
13|2|1|7,2,2.8724999972006953
13|2|1|7,5,-0.26100000000000134
13|2|1|7,4,-0.4437000000000023
13|2|1|7,3,-0.26100000000000134
11|2|1|8,1,1.4921173753023496
11|2|1|8,4,4.165785670247015
11|2|1|8,3,9.354500058322483
11|2|1|8,5,-0.8057656246802496
11|2|1|8,6,-0.8047843181629701
11|2|1|8,2,2.806325825446418
11|2|1|8,7,-1.3009527530252571
8|5|2|6,1,12.254999118651044
3|5|2|9,1,12.330293733331915
3|5|2|9,7,-1.1827006328555414
3|5|2|9,3,3.6802000900329106
3|5|2|9,6,0.39965001187656324
3|5|2|9,5,0.1887182340497329
3|5|2|9,2,3.441440538100075
3|5|2|9,4,0.6474300622645665
5|1|1|10,1,8.625649278069249
5|1|1|10,4,2.6034332598009207
1|4|3|10,1,12.324845852314867
1|4|3|10,6,-3.015
1|4|3|10,4,-2.011151906147962
1|4|3|10,2,3.7273369444971407
9|5|1|6,1,11.690931955506823
9|5|1|6,3,0.1725
3|4|3|10,6,-1.218528806212122
3|4|3|10,4,1.9666474455099174
3|4|3|10,3,3.0058430598861516
3|4|3|10,5,0.11972939822659628
3|4|3|10,2,9.006158651464176
4|5|2|7,1,12.386997608598044
4|5|2|7,2,3.5299306251537867
4|5|2|7,5,-1.7475498889007908
4|5|2|7,3,2.971255097451384
4|5|2|7,6,-1.7475498889007908
4|5|2|7,4,-1.0994493148499471
3|4|4|8,1,12.36647122757813
3|4|4|8,2,3.7826201189577855
3|4|4|8,6,-3.015
4|5|1|10,1,11.600052339613915
4|5|1|10,3,3.322029480637995
4|5|1|10,6,-0.07576803269143752
9|2|1|9,1,9.387659673077907
9|2|1|9,5,-0.5745400479059182
9|2|1|9,4,2.679870187759072
7|5|2|5,1,11.918557188726652
7|5|2|5,3,-3.015
3|6|0|9,1,12.124579240169309
3|6|0|9,2,0.19879883110354618
3|6|0|9,5,0.2792973900793628
7|6|1|7,1,12.237553074898202
7|6|1|7,5,-0.10367916833861894
7|6|1|7,6,-0.007242167837033619
7|6|1|7,3,1.8686197499999992
7|6|1|7,4,0.23237733775985311
5|5|3|9,1,12.119076137835584
5|5|3|9,7,0.3671598362526396
10|3|1|8,1,10.163633370582907
10|3|1|8,4,2.991974999940225
10|3|1|8,7,-0.31199495403443384
10|3|1|8,2,2.991974999999987
10|3|1|8,5,-0.31617216699078693
10|3|1|8,3,-0.31751292507739776
10|3|1|8,6,-0.26504509666611115
6|6|2|7,1,11.961872682743836
8|4|1|9,1,10.747301628353956
8|4|1|9,2,3.0568224037567417
8|4|1|9,7,-0.29805610865819127
8|4|1|9,5,-0.1234782332941533
8|4|1|9,6,-0.15034295831478575
9|3|3|8,1,11.468842576923228
9|3|3|8,3,0.1725
5|4|1|10,1,10.917309637417723
5|4|1|10,3,2.8871738905366793
9|3|1|9,1,10.070265837205977
9|3|1|9,5,-0.5170204977619708
9|3|1|9,7,-0.4218032569234607
12|2|1|8,1,9.817499999999994
12|2|1|8,5,-0.3811509661850403
12|2|1|8,4,-0.38115000009070027
12|2|1|8,6,-0.3812497215604221
12|2|1|8,7,-0.3811500002719718
12|2|1|8,2,4.975049999999998
12|2|1|8,3,2.9264999999999985
14|1|1|7,1,9.574999999999996
14|1|1|7,3,-0.7309509483686201
14|1|1|7,6,-0.9411525352920819
14|1|1|7,2,4.88324649176009
14|1|1|7,5,-0.42975000000000135
14|1|1|7,4,-0.42975000000000135
14|1|1|7,7,-0.7305750000000023
6|5|1|6,1,11.54413368408895
6|5|1|6,3,2.141426620612457
6|5|1|6,4,-5.368822674621601
6|5|1|6,5,-5.480312020517963
6|5|1|6,6,-5.668708536741847
6|5|1|6,2,3.229376021602295
6|5|1|6,7,-5.8907787928235935
8|4|2|9,1,11.09805398760842
1|7|0|10,1,13.189137392922186
1|7|0|10,5,-3.015
1|7|0|10,4,-1.9450578718100444
8|1|1|9,1,8.706175665228539
8|1|1|9,3,2.541734506114222
8|1|1|9,5,2.639609230027705
8|1|1|9,2,2.735568134533803
8|1|1|9,6,-0.7484040903799879
13|3|0|6,1,9.999995543235967
13|3|0|6,5,-0.3150005896298822
13|3|0|6,6,-0.3150000339909894
10|4|1|6,1,11.067500000707925
10|4|1|6,5,-3.024862181696854
10|4|1|6,3,1.540108684076975
10|4|1|6,6,0.004207723491439807
10|4|1|6,2,3.0094016815499995
10|4|1|6,7,-0.026739683118237424
10|4|1|6,4,-0.026766520416689765
4|4|0|8,1,10.982269231198378
4|4|0|8,2,-2.0984935306069885
4|4|0|8,4,-0.6993832547210724
4|4|0|8,3,-1.2089721331008925
2|5|2|9,1,12.850875306754691
2|5|2|9,6,-0.5565986655601979
2|5|2|9,2,3.625613175426576
2|5|2|9,7,0.016963999592559276
2|5|2|9,3,3.5085866972769404
10|3|0|1,1,-7.65
1|5|3|10,1,12.768785919478804
12|3|0|6,1,10.816362074432273
12|3|0|6,6,-0.0924420608070985
9|4|3|7,1,10.609582916778338
9|4|3|7,2,0.5475
3|4|0|10,1,11.019864287971401
3|4|0|10,2,-0.11359386104997408
3|4|0|10,5,-0.058195523088929585
7|2|2|10,1,9.669633640341253
7|2|2|10,7,-0.33920281756088694
11|1|1|8,1,8.657244327919079
11|1|1|8,6,-0.694432940058803
11|1|1|8,3,2.5615274999999973
11|1|1|8,2,2.5615274999999973
11|1|1|8,4,2.5615274999999973
11|1|1|8,7,-0.6759596479740078
10|3|3|1,1,-7.65
5|3|1|10,1,10.345359796094211
5|3|1|10,2,0.35263595752010507
5|3|1|10,5,-0.22824861848570632
5|3|1|10,6,-0.23820647762829789
5|3|1|10,7,-0.3346708937703043
5|3|1|10,3,3.0854196240140426
5|3|1|10,4,2.9608388037228286
9|3|3|4,1,11.567499999012316
9|3|3|4,3,2.2482235282071232
9|3|3|4,7,-0.1959032971612583
9|3|3|4,2,3.4702499999999987
6|5|4|8,1,3.917480636189183
11|4|0|7,1,5.5218477
4|6|1|7,1,12.493459462356007
4|6|1|7,3,-0.24591927000000002
6|4|1|10,1,8.097978287221475
10|2|2|9,1,9.731656696767695
10|2|2|9,3,2.975099995763344
6|5|1|9,1,11.504710237638019
6|5|1|9,4,2.2576989679373307
6|5|1|9,6,0.019370705898754715
6|5|1|9,7,0.09023737028219507
6|5|1|9,3,3.191838353135769
6|5|1|9,5,0.10599054711860346
6|5|1|9,2,3.396076477299607
5|7|1|9,1,9.396211379384562
13|2|0|5,1,10.19999999994979
13|2|0|5,7,-0.26100000011522223
6|3|3|9,1,10.836720960886668
6|3|3|9,3,3.102584423237761
6|3|3|9,2,3.4204201617289383
6|3|3|9,5,2.9564859001533206
6|3|3|9,7,-0.009171752364639652
6|3|3|9,6,0.10761566649846568
6|3|3|9,4,0.06552126226101063
6|4|0|5,1,-3.4766544502269374
9|3|2|9,1,10.590019342471477
9|3|2|9,6,-0.1339985963497396
8|6|1|6,1,10.983108442499997
2|5|0|10,1,11.651768096314617
2|5|0|10,2,-3.82905
2|5|0|10,3,-4.33163475
2|5|0|10,4,-3.8215629628726253
2|7|1|10,1,12.963871509958901
2|7|1|10,3,0.1725
5|6|0|7,1,12.336166549117934
5|6|0|7,5,-3.015
6|3|1|10,1,9.868796318238127
5|5|1|9,1,11.6195208702845
5|5|1|9,5,0.12658563170741619
5|5|1|9,7,0.1348212521835496
5|5|1|9,3,2.930778589751054
5|5|1|9,4,0.05115468804466037
5|5|1|9,2,3.354144433298718
7|5|2|6,1,11.917352341774578
7|5|2|6,6,-0.6056100501765304
7|5|2|6,2,0.36
7|5|2|6,7,0.22154231055620474
7|5|2|6,4,3.1550549551946836
7|5|2|6,5,0.20934188218325112
4|6|2|9,1,12.914141426979612
4|6|2|9,5,0.16325110275385857
9|5|0|2,1,-3.1274999999991953
3|4|4|10,1,6.811133247588014
8|4|2|8,1,11.22951287678104
8|4|2|8,7,0.17141882767429478
8|4|2|8,6,0.08868789783916889
8|4|2|8,2,5.09965072517114
8|4|2|8,3,3.3125996686039283
8|4|2|8,4,0.05633474257104787
8|4|2|8,5,0.038446333478926675
13|2|0|6,1,10.199999737937942
13|2|0|6,6,-0.28768323346608876
13|2|0|6,5,-0.26413925573405306
13|2|0|6,2,-0.2610000028552907
13|2|0|6,4,-0.2610000000276656
7|5|3|5,1,8.172944259592608
4|4|4|10,4,-1.7183327741301377
4|5|0|9,1,11.310393596023555
4|5|0|9,5,-2.0994901447933083
4|5|0|9,2,-0.10858137260760667
4|5|0|9,7,0.2967211474756093
2|9|1|9,1,5.192863323160485
5|4|2|10,1,11.439055937757074
5|4|2|10,2,0.13056835263713643
5|4|2|10,5,0.08668541044837176
3|6|0|8,1,13.00739541786129
3|6|0|8,5,-2.459547655612226
3|6|0|8,3,-1.0211337253621042
8|5|1|7,1,11.456359697016387
8|5|1|7,5,0.1436816935569551
8|5|1|7,3,3.3282406792619326
1|6|2|10,1,13.268244241307483
1|6|2|10,3,-3.015
5|6|2|9,1,8.388576391609908
5|6|2|9,6,-0.46756446197829504
7|5|1|5,1,11.29493986649357
7|5|1|5,3,-3.5720166505994504
7|5|1|5,4,-2.3666941554196157
7|5|1|5,6,-3.091963050103496
7|5|1|5,2,-2.391159109280045
7|5|1|5,7,-2.9343890852250887
7|5|1|7,1,11.211661039582774
7|5|1|7,4,0.1787859033034481
7|5|1|7,6,0.2411984893081791
7|5|1|7,5,0.11600671782263891
7|5|1|7,3,3.279775467799497
7|5|1|7,2,5.580536899135476
7|5|1|7,7,-0.0038717904832347824
6|6|1|7,1,12.35222104991529
6|6|1|7,4,-3.015
6|6|1|7,3,-1.4077968419108693
6|6|1|7,5,-0.24001262427542844
6|6|1|7,2,2.4680860471177337
5|6|1|9,1,11.921608934288315
5|6|1|9,3,3.362109225957052
5|6|1|9,2,3.465834744930137
4|6|1|10,1,11.494084204640437
4|6|1|10,3,1.9055075659476208
4|6|1|10,7,0.300630472236028
3|7|1|8,6,1.696950295343302
3|7|1|7,1,13.100028859790413
3|7|1|7,2,0.1725
1|7|3|10,1,5.3063051526172815
6|6|1|6,1,10.955136716465997
2|6|1|8,1,12.767509682398659
11|4|0|1,1,-13.7646855
6|6|2|8,1,10.462701706224587
6|6|2|8,7,-1.2888284949205588
6|6|2|8,2,0.36
3|5|0|8,1,11.33932047585434
3|5|0|8,2,-3.015
4|4|3|10,1,11.24875409403533
9|5|1|7,1,11.820728371582033
9|5|1|7,4,-1.4049427595008097
9|5|1|7,7,0.014579670758740802
9|5|1|7,2,0.1725
5|6|2|8,1,12.505113313695059
7|3|3|9,1,10.953906124498308
5|5|1|6,1,11.13988625070637
5|5|1|6,6,-1.257744442502955
3|7|1|9,1,12.968653842552605
3|7|1|9,3,1.20911702079161
10|3|3|6,1,10.81058018434772
13|3|0|5,1,9.999999911875213
13|3|0|5,4,-3.298714626431428
13|3|0|5,7,-3.2985736168659803
13|3|0|5,5,-3.298536072264331
7|5|2|4,1,3.573225000000051
6|6|2|6,1,10.43258369009183
6|2|2|10,1,10.062306060687346
6|2|2|10,7,-0.34804957742303466
6|2|2|10,2,2.8799488210579534
6|2|2|10,3,3.059552289652555
3|5|3|9,1,12.767116479353428
3|5|3|9,6,0.4042743031299224
3|5|3|9,5,0.361185474306663
6|6|2|9,1,10.139446639080882
2|5|4|10,1,2.4462344784711023
2|5|4|10,2,5.886957980453343
7|4|3|9,1,11.040215511437223
7|4|3|9,2,1.2249029999999999
3|6|3|8,1,13.060875511624868
3|6|3|8,4,-3.015
3|6|3|8,5,-3.82905
6|4|0|7,1,11.091599440367059
6|4|0|7,3,-2.533504892994471
6|4|0|7,5,-2.7073111784076223
7|5|1|4,1,6.220776382561324
4|6|3|9,1,8.735991774154941
4|6|3|9,6,-0.41788864078137583
4|4|0|9,1,11.316220139090165
4|4|0|9,3,-0.4093316594408975
5|5|1|10,1,10.636337596085337
5|5|1|10,7,0.12208838376063759
10|1|1|9,1,8.033221554233883
9|5|0|3,1,3.5077499999999984
11|3|0|6,1,10.45099453759709
11|3|0|6,6,-1.162604925000001
5|6|1|8,1,12.116339563518311
5|6|1|8,2,3.2248957090332575
5|6|1|8,4,0.31130156683070354
5|6|1|8,7,0.4071985949844688
5|6|1|8,6,0.1431836677830576
6|4|3|9,1,11.888119825410875
5|4|0|8,1,10.656790868953838
5|4|0|8,6,-3.5095524374580283
3|4|4|9,4,1.090212102279478
7|3|2|10,1,10.123768800138297
7|3|2|10,7,-0.1272030686617688
6|5|3|8,1,12.419442376057859
7|5|0|7,1,7.459182146065193
9|4|0|3,1,-1.8878718336780227
9|4|0|3,7,-3.015
3|5|3|8,1,12.774014014618833
3|5|3|8,6,-3.015
8|5|2|4,1,6.250049999999997
6|4|4|7,1,12.3502432085464
6|4|4|7,4,-2.823016641145196
2|6|3|10,1,9.193543090169966
6|3|2|10,1,9.599819046577522
6|3|2|10,6,0.4800025455575878
8|5|0|6,1,10.895459890724993
8|5|0|6,2,-3.015
3|5|0|9,3,-0.4758258754922242
3|5|0|9,2,-0.2499721379479457
3|5|0|9,5,-0.09552778497677805
3|5|0|9,4,-0.16479123605348028
3|5|0|9,1,11.772689768677598
5|4|4|8,1,12.242392123534952
12|3|0|5,1,10.824756011641352
12|3|0|5,3,-0.13270462216672366
12|3|0|5,4,-0.0938824899242503
4|7|2|8,1,8.669463764099776
4|4|4|7,1,11.596638882377059
10|4|2|6,1,11.339058303230894
3|6|2|9,1,12.785071516891742
3|6|2|9,4,0.06462746192363866
3|6|2|9,5,0.21209256781413988
3|6|2|9,3,0.318746525635647
7|5|3|7,1,12.724076938327393
7|5|3|7,5,-1.250030422405407
7|5|3|7,3,-0.7413037956837857
7|5|3|7,2,1.5255749999999997
12|2|2|7,1,10.199999999999996
12|2|2|7,4,-0.26100292877841846
12|2|2|7,3,-0.26100000000000134
12|2|2|7,7,-0.26100000000000134
9|4|1|9,1,9.070473638568323
10|5|0|4,1,3.6224999999999996
8|4|3|7,1,12.192491738519506
8|5|1|8,1,11.487411867743647
11|4|0|6,1,11.2235960879265
2|5|1|7,1,8.946379647380738
6|6|1|8,1,11.92513943524358
11|3|2|8,1,9.904143811419868
14|2|0|7,1,9.996090178951418
14|2|0|7,6,-0.3150000000000007
9|4|0|2,1,-3.314999999941881
1|9|0|10,1,8.089670528544136
2|5|2|8,1,11.985483817385376
2|5|2|8,2,3.6476200685078863
2|5|2|8,4,-3.015
1|6|3|10,1,10.77871283340127
1|6|3|10,2,1.6634886304370433
4|6|3|8,1,10.53882587836214
11|4|1|6,1,11.449819347187569
11|4|1|6,5,-0.9158845847316616
11|4|1|6,6,0.07320201519972648
11|4|1|6,2,0.9825
10|3|3|7,1,10.707457291914215
10|3|3|7,6,-2.867175
10|3|3|7,2,3.244422298299949
8|4|3|5,1,11.8990452545041
8|4|3|5,3,1.2388649999999999
8|4|3|5,7,-2.853932880000777
2|5|3|8,1,6.599838081792336
1|7|1|8,1,8.853885912270966
1|7|1|8,7,-3.015
6|5|0|7,1,11.336016241916145
3|8|1|10,1,5.0381384844907195
11|2|1|9,1,9.358774342834199
3|5|4|8,1,12.757091791690245
9|4|0|6,1,9.78394079817527
10|4|1|8,1,11.041608720520546
8|5|1|9,1,9.672369950881023
5|4|4|9,1,10.833715601283775
9|4|3|5,1,1.151623067438878
11|4|0|4,1,5.839499999999999
1|6|0|9,1,12.96935884507868
1|6|0|9,3,-3.015
8|5|0|5,1,3.404474999999998
1|6|4|10,1,3.5266061902444905
7|5|1|9,1,11.24950518258678
3|3|3|2,1,-0.6674999999999999
8|6|1|7,1,11.303100885045541
3|6|2|7,1,6.337211690430767
8|5|2|8,1,12.081918439294451
1|5|2|8,1,5.888735981005339
8|4|0|4,1,0.11949980575099106
2|5|3|10,1,12.109361545110144
2|5|3|10,2,3.642075228717442
2|5|3|10,3,0.31559579153414086
5|5|0|8,1,11.748530015314804
5|5|0|8,2,-3.015
2|6|2|10,1,12.311087913168201
7|4|4|7,1,11.197063779381965
6|4|3|10,1,1.5008025000000003
8|4|0|6,1,10.075369129080324
6|4|2|10,1,9.674673774929696
10|3|0|7,1,8.133812149291854
7|5|3|6,1,10.663262555981277
5|7|2|8,1,8.693736776366752
2|6|2|9,1,12.970321439308892
2|6|2|9,7,-3.015
6|5|3|6,1,11.942891194531898
1|7|2|9,1,7.153419384886057
5|5|2|10,1,7.960393792205162
2|5|3|9,1,11.853351663265787
5|5|3|7,1,12.29575927972967
5|6|2|10,1,5.440868099356484
8|5|3|6,1,9.169574357359794
9|4|0|7,1,10.145459473908428
3|6|4|9,1,5.186845285553444
9|4|2|8,1,10.680762534206686
11|4|0|3,1,3.4349999999999996
10|3|2|9,1,7.6955016743961755
13|2|1|8,1,10.171063536668107
13|2|1|8,4,-0.2610000000008615
15|1|0|7,1,9.999889557232574
4|5|0|8,1,11.787404752676371
4|5|0|8,5,-3.015
5|6|0|8,1,10.337943837665037
6|5|1|10,1,2.73583550362559
9|3|3|1,1,-9.855
2|7|0|10,1,9.424529119502978
6|7|1|8,1,6.419340972837292
11|3|0|4,1,8.767754024999997
4|4|0|7,1,6.885897057536178
4|4|0|7,3,-2.7362691524781075
4|5|3|10,1,6.1366517236275415
12|2|2|8,1,9.505415619591632
4|5|3|7,1,12.366157987634617
2|6|3|9,1,11.074370477152561
7|3|1|10,1,8.677443697194544
10|3|3|2,1,3.2474999762063073
3|7|0|9,1,10.72294847794392
2|8|1|8,1,7.255433371357457
10|4|0|3,1,5.839499999999999
11|4|1|7,1,11.4233637984759
6|5|2|9,1,11.820522590032281
7|6|1|8,1,11.28290192580566
10|4|2|2,1,8.70085379667371
7|4|0|7,1,11.12450687604422
7|4|0|7,7,-4.46399916445677
6|4|4|6,1,3.587447299430533
1|8|1|10,1,13.129432301085316
1|8|1|10,4,-3.015
9|5|1|4,1,11.640750242207126
9|5|1|4,4,-5.473517569712866
9|5|1|4,7,-5.95862158447011
9|5|1|4,3,0.1725
8|5|0|2,1,-5.316749999999998
7|6|2|7,1,11.819276615999996
7|4|4|8,1,10.446992212481236
10|3|0|3,1,-2.2894041000000005
10|3|0|3,7,-5.307732520137238
5|5|3|8,1,12.634830792672606
5|5|3|8,4,0.3235636213577628
5|7|1|8,1,9.886439839793786
8|4|0|7,1,8.576042123325108
12|3|0|4,1,10.822926133170304
12|3|0|4,6,-0.0922500000000035
12|3|0|4,4,-0.09225000000000136
1|9|1|10,1,6.739259347963834
10|5|1|4,1,10.045554749999999
2|6|2|8,1,3.976688087055065
4|4|0|6,1,0.227925638635894
2|8|1|10,1,6.657179722077558
7|4|0|3,1,-2.58599154588595
6|5|3|7,1,12.501516802712375
9|4|2|10,1,0.735
13|2|1|9,1,1.4220000000000002
15|1|0|8,1,5.1
1|8|0|10,6,-18.419491319722518
1|8|0|9,4,-10.363217325065003
1|8|0|8,7,-1.4703606868421224
1|8|0|8,2,1.108908166713849
1|8|0|7,1,13.443212961101779
9|5|2|3,1,3.6224999999999996
4|7|0|8,1,6.1616390460572
5|4|4|7,1,12.23647887965574
5|4|4|7,7,-3.015
9|5|2|7,1,6.157194348316882
9|5|2|5,1,7.933275
2|8|1|9,1,10.010450811766844
8|5|2|7,1,12.254994538235675
8|5|2|7,6,0.2938328076526659
5|3|3|3,1,-3.650866486634122
4|5|4|9,1,10.56073072823985
4|5|4|9,3,-5.384618145000001
4|5|4|9,5,-4.79249430103705
12|3|0|7,1,3.247499900900906
3|6|3|9,1,10.658063236363024
7|5|0|6,1,11.356312017101827
2|7|2|9,1,12.242914870170761
6|7|1|7,1,4.051499999999998
6|6|1|5,1,11.632648202169287
9|4|0|8,1,3.2169476230329854
8|2|2|10,1,8.474184442258434
4|7|1|9,1,12.839307270706684
4|7|1|9,4,-1.6016224961979817
5|6|2|6,1,11.185655918901041
6|5|2|4,1,5.012214580248868
9|5|0|7,1,6.042982730675271
7|4|0|4,1,-1.9160135696606706
6|4|0|8,1,10.696882308415844
6|4|0|8,7,-0.053255757513738365
2|6|0|10,1,11.552511729579862
2|6|0|10,2,-3.015
2|6|0|10,7,-1.9874279091961307
7|4|0|8,1,9.085195642317665
7|4|0|8,6,-0.19506071242362513
5|7|2|7,1,11.124691431483791
3|6|4|8,1,4.227993449233972
3|8|2|9,1,5.150761035766032
3|7|2|9,1,11.160845183677253
4|5|0|7,1,8.532607799973098
5|7|1|7,1,12.704446459405768
5|7|1|7,7,-2.0196043703627304
2|4|4|8,1,9.461394313109725
2|6|0|9,1,6.5427270849953345
7|5|3|8,1,12.287775278821679
5|5|0|9,1,7.589884006650216
7|6|2|6,1,8.462159999999997
7|6|2|6,3,-3.015
5|4|3|10,1,8.36661011794354
5|6|1|5,1,6.243868879497088
3|3|0|5,1,-2.32967113903233
7|5|0|8,1,7.5434841184121995
6|5|0|5,1,-1.380415970113279
5|4|3|4,1,3.2486557169714505
5|7|1|6,1,9.649436501020176
3|6|0|10,1,5.283330409228817
1|3|3|7,1,0.5186291333352103
5|3|3|10,1,10.453027123536689
5|3|3|10,7,0.04476907326221102
3|8|1|9,1,9.841482843319842
6|6|0|5,1,3.760724999999999
4|5|4|10,7,-2.0201125184227675
9|5|1|8,1,11.018449235033545
4|5|5|9,1,1.8695901996589699
9|1|1|9,1,8.507723893341183
9|1|1|9,3,2.4907894491828797
9|1|1|9,5,2.518229181314836
9|1|1|9,6,-0.7729249006015231
9|1|1|9,7,-0.6996367007743438
6|4|4|8,1,10.325633056697649
7|4|4|6,1,8.161215587254498
7|5|2|9,1,10.978413596928746
6|5|0|8,1,11.045520330742427
6|5|0|8,4,-0.0465224754480257
6|5|0|8,7,-0.0287281901637515
9|6|1|4,1,3.8099999999999996
5|5|4|9,1,7.006983557241231
5|8|1|8,1,8.878092738541248
2|9|2|9,1,4.394441983952174
9|4|3|2,1,5.839499999998905
7|5|0|5,1,5.812786933688219
7|6|1|3,1,3.8639999999999985
5|4|0|7,2,-6.155737322846346
5|4|0|7,5,-3.046336070664693
5|4|0|7,4,-3.2650647323488142
5|4|0|6,1,7.395549583508679
5|5|0|7,1,5.869220797814249
6|3|3|10,1,8.426999961862526
6|3|3|10,5,-0.14969708886596925
8|3|2|10,1,3.863547317111715
11|2|2|9,1,6.044002080812709
11|2|2|9,4,-0.21278360629285567
1|4|4|10,1,11.857610436751148
1|4|4|10,7,-3.015
7|4|4|5,1,1.4794560940526782
1|5|5|10,1,1.7066169329913248
3|5|0|7,1,6.24326386070679
2|7|2|10,1,6.5487832202966745
6|4|0|9,1,3.239127850056488
8|6|0|6,1,3.6952499999999984
8|3|1|10,1,0.5475
8|3|1|10,3,2.804188447914466
11|1|1|9,1,5.921138694699525
5|6|3|7,1,8.484244181572643
4|6|0|9,1,11.516170342432904
5|4|4|6,1,6.716676990140663
7|2|1|10,1,9.043226557758679
2|5|4|9,1,10.873915409406994
3|6|2|10,1,9.292275966172513
8|4|3|9,1,0.735
12|3|1|8,1,10.121557239392988
4|6|2|7,1,6.166086891367291
4|6|4|7,1,6.969478159706849
10|5|1|7,1,9.1757925
4|7|2|7,1,3.855984493559956
10|4|2|8,1,4.542959999999999
11|5|0|6,1,3.0
11|3|0|5,1,8.767754024999997
8|5|0|8,1,3.4044749999914576
10|5|1|5,1,3.6224999999999996
1|6|0|8,1,3.7223284471469165
9|4|3|9,1,0.735
13|3|0|8,1,5.1
6|5|2|10,1,5.591268720526216
9|4|0|4,1,9.419615197499995
9|4|0|4,3,-2.1604514434200195
9|4|0|4,5,-2.6806327072758096
9|4|3|6,1,7.519572047498344
7|7|1|7,1,6.600674999999997
10|3|3|8,1,2.7046499999999996
13|3|0|7,1,8.3193
11|4|0|5,1,10.98795119985
1|5|4|10,1,6.640124557290607
7|5|1|2,1,-5.316749787635031
9|4|0|5,1,3.4889999999999985
9|4|3|8,1,5.02218
7|6|2|8,1,9.787511993583061
2|8|2|10,1,3.931198784554263
1|6|2|9,3,-3.015
1|6|2|8,1,3.9739332137079693
8|5|3|7,1,6.139927748928386
2|7|0|8,1,4.057751266216587
1|4|4|9,1,3.8500906878604315
10|5|1|6,1,6.15825
4|8|2|7,1,4.135724999999999
9|5|1|5,1,11.018450643074996
2|6|0|8,1,6.766672162831377
4|8|1|9,1,4.1357239545699995
8|6|1|5,1,6.2819249999999975
1|4|2|8,1,2.0364199789986324
12|4|0|6,1,7.598999999999999
8|4|2|10,1,0.735
12|2|1|9,1,1.2650519699999998
14|1|1|8,1,4.512209877939
9|4|2|9,1,8.539310771839395
2|7|1|8,1,6.674171366896294
3|5|2|5,1,2.627774239841401
12|4|0|5,1,6.569999999999999
5|6|1|10,1,4.220480249982507
7|4|0|2,1,-2.6343165000000006
4|4|0|10,1,5.778192218118648
8|6|1|4,1,6.2819249999999975
7|4|3|1,1,-4.5
7|6|0|7,1,6.291001168800463
4|7|2|9,1,9.480672939284194
4|7|2|9,2,1.3782340180943846
12|3|0|8,1,5.364976176635133
4|6|4|8,1,2.088075
10|3|0|6,1,7.997362622133246
2|5|0|7,1,0.9900431243688999
5|4|3|3,1,-2.414572617144904
4|8|2|8,1,4.118833240133381
3|6|3|7,3,-4.089665712828744
3|6|3|6,1,6.57573078976442
8|4|0|8,1,5.727044033826739
4|7|3|9,1,4.107604986370762
8|5|2|9,1,2.7970977590099997
5|6|0|6,1,3.668637847847421
7|1|1|10,1,2.3017538729761533
8|2|1|10,1,1.7346759456502987
6|7|0|7,1,3.779435840544616
5|4|0|5,1,4.551354494579941
4|6|0|8,1,6.157793638656794
7|4|1|10,1,0.735
11|3|1|9,6,-0.47535715519154653
6|4|0|4,1,-2.2399956478643333
2|10|1|10,1,1.9571999999999998
9|5|0|6,1,5.963174999999998
7|6|0|6,1,3.8639999999999985
5|5|3|10,1,4.213118905490156
10|3|3|9,1,1.3575000000000002
6|5|4|7,1,6.813426496127967
10|4|0|7,1,9.361494524999907
7|4|2|10,1,5.872995584683232
2|8|2|9,1,7.422181588436784
9|4|3|1,1,-4.5
4|6|0|10,1,2.955287459798202
8|5|0|7,1,7.455800249999996
1|7|0|9,1,6.585657516545678
10|3|0|5,1,3.029474999999998
6|6|1|9,1,9.112600944762718
4|5|3|6,1,3.802915293835076
6|5|3|9,1,3.7260496204834985
1|8|1|9,1,4.362856557363023
5|4|4|10,1,2.338794035665845
3|4|4|7,1,3.7800450518423787
9|2|2|10,4,4.4530686418981995
5|5|3|6,1,3.7362724572267987
7|4|3|3,1,3.636591622022002
6|4|1|1,1,-4.5
9|5|0|4,1,5.963174999999998
5|6|0|10,1,2.4058502817231155
4|7|1|10,1,3.672240029756326
1|7|1|7,1,4.026170990754664
6|5|0|6,1,3.752601997499999
4|7|2|6,1,4.120620060142499
6|7|2|9,1,3.8747397090362625
3|5|4|7,1,3.774789364595975
3|5|3|7,1,3.9903838619751397
3|4|3|6,1,3.540512791511957
7|6|2|9,1,6.390487285514637
4|8|1|8,1,6.585846749994925
9|6|0|6,1,3.8099999999999996
7|6|2|5,1,6.568799999999998
12|4|0|2,1,5.1
12|4|0|2,2,-2.205
8|4|0|2,1,-3.3149999999976543
7|6|3|7,1,3.809746538030883
11|3|0|7,3,-0.2986739885963258
6|4|0|10,1,2.6915558974877745
9|3|3|9,1,2.666014754661476
9|3|3|9,6,0.07017142254515853
7|5|4|3,1,1.7325000000000002
6|6|3|7,1,4.032749999999998
10|3|0|4,1,7.096992724847589
5|7|0|7,1,3.9491001789402134
10|3|0|8,1,3.029474999999998
7|7|2|8,1,3.9713399671901106
9|2|1|10,3,2.6597004411544454
5|5|4|8,1,3.9265226571993916
5|7|2|4,1,3.948224999999999
5|5|0|10,1,3.519883366079147
10|5|1|3,1,3.6224999999999996
9|4|0|1,1,-4.5
11|4|1|8,3,0.03370964829233962
6|5|3|10,1,1.4055675053152323
2|5|5|9,1,4.178902607650388
2|7|3|10,1,4.0622755735247384
6|7|1|9,1,3.7794161821255536
4|5|5|8,1,1.900375481831891
1|8|2|10,1,4.15443214156394
8|6|2|4,1,3.8099999999999996
1|4|3|9,1,6.186274968960516
4|5|0|10,1,3.4211419896364714
3|9|1|9,1,4.323224999999995
3|8|0|9,1,6.563148660029688
13|2|0|7,4,-0.26100122739285003
13|2|0|7,1,3.059999999999999
5|5|4|7,1,3.9712082026747737
4|6|2|6,1,3.848879900439762
3|5|4|10,1,6.089317162809612
7|6|2|10,1,1.2072
7|5|4|7,1,2.2995
5|8|1|9,1,3.9669461792415213
6|6|2|3,1,-2.1857742540761165
3|7|2|8,1,4.268849999999852
7|3|3|10,1,3.107388201369472
4|6|3|7,1,4.098225009666625
6|5|3|4,1,3.752604033433266
8|4|4|7,1,2.5088999999999997
6|6|1|10,1,1.11
12|1|1|9,1,2.903985988485065
6|4|4|9,1,3.7028441094476623
6|6|0|9,1,3.7607249999999977
4|6|3|10,1,3.754868905490156
8|6|0|7,1,3.6952499999999984
2|5|2|7,1,3.7999402851746895
2|8|0|10,1,4.154364615479798
7|6|0|8,1,3.8639999999999985
8|6|2|7,1,3.8099999999999996
7|5|3|9,1,3.5739385092306533
