state,action,q_value
0|2|0|1,1,8.898123341889322
0|2|0|1,2,7.365436293455459
0|2|0|1,3,7.39136901415181
0|2|0|1,4,7.4276707553281796
1|4|0|0,4,7.212985940309057
1|4|0|0,3,7.368771562555087
1|4|0|0,2,7.499809244411742
1|4|0|0,0,8.579668979522381
4|5|0|0,2,6.040083471685866
4|5|0|0,3,6.993576736112753
4|5|0|0,1,7.103877676368846
4|5|0|0,0,8.74642171776368
2|6|0|0,0,8.076122466776289
2|6|0|0,4,6.335799763618549
2|6|0|0,3,6.407666936550332
2|6|0|0,1,6.558331602616455
0|10|1|1,2,3.7877221589072945
0|10|1|1,4,3.48911510922983
0|10|1|1,1,4.730874709487119
0|10|1|1,3,3.2198525350683282
2|10|1|1,3,4.082411677754659
2|10|1|1,1,5.451753856856097
2|10|1|1,0,4.321623997337823
2|10|1|1,4,3.232426759326832
3|11|1|1,1,6.177267614004757
3|11|1|1,4,3.2685500149250943
3|11|1|1,0,0.4045247210194315
3|11|1|1,2,3.4709686847550296
1|14|0|0,3,-1.0856903180471895
1|14|0|0,4,-0.9729380587293611
1|14|0|0,0,4.020313946864944
1|14|0|0,2,1.635130900432979
0|2|0|2,3,7.245641372430753
0|2|0|2,2,8.929346794080397
0|2|0|2,4,7.474427166002805
0|2|0|2,1,6.653356159054871
3|3|0|2,0,7.158744385909315
3|3|0|2,2,9.125089135485396
3|3|0|2,4,6.367681436038755
3|3|0|2,1,5.182667979349308
0|4|2|2,2,9.35027545771803
0|4|2|2,4,7.556574634680613
0|4|2|2,1,7.045858119914928
0|4|2|2,3,7.684777243681856
2|7|0|0,0,6.867384119365466
2|7|0|0,3,6.578394941773344
2|7|0|0,4,6.5050760200956415
2|7|0|0,1,6.5269095208298475
0|9|4|3,1,2.668892345051907
0|9|4|3,2,1.5798687820979254
0|9|4|3,4,6.4910785478415916
0|9|4|3,3,4.002597199165383
1|9|4|3,4,5.725935560518031
1|9|4|3,2,2.1460245750332887
1|9|4|3,0,1.4218261802739178
1|9|4|3,3,4.490735361114821
4|12|3|3,2,2.1963547870141706
4|12|3|3,1,3.0882423013825613
4|12|3|3,3,4.7503426689164865
4|12|3|3,0,2.4280631279351024
2|13|3|3,3,6.968986602723437
2|13|3|3,1,2.768937159955148
2|13|3|3,0,1.736145413154871
2|13|3|3,4,2.1586535990357643
1|2|1|2,3,7.145964642559185
1|2|1|2,0,6.221043813710099
1|2|1|2,4,7.0376999750435525
1|2|1|2,2,9.07242047998155
3|4|1|2,0,5.207305500448791
3|4|1|2,2,8.84536505387182
3|4|1|2,1,6.782428822692419
3|4|1|2,4,5.342153192365022
0|4|1|2,3,6.8230697172432
0|4|1|2,1,6.482219508505381
0|4|1|2,4,6.173448046208721
0|4|1|2,2,8.68381850168097
2|7|1|0,4,4.873884793054585
2|7|1|0,0,6.952931585814576
2|7|1|0,1,5.229959427477878
2|7|1|0,3,3.4587249203734096
4|9|1|1,1,6.733363789776352
4|9|1|1,2,4.516370182616072
4|9|1|1,3,5.329317167721279
4|9|1|1,0,3.6804906154366606
1|13|0|0,3,-0.9383317782159638
1|13|0|0,2,1.549652704069561
1|13|0|0,0,4.324508115622369
1|13|0|0,4,-0.9029106738639074
3|13|0|0,4,-0.8184444594891656
3|13|0|0,1,-0.14340257366345383
3|13|0|0,2,0.30938851108014087
3|13|0|0,0,3.267696051857364
4|1|0|1,3,6.894691798214163
4|1|0|1,1,8.808461129352242
4|1|0|1,0,6.0401043562499845
4|1|0|1,2,7.237759279274798
3|2|0|1,0,5.740657146016263
3|2|0|1,4,7.107202231943362
3|2|0|1,1,8.927705307581132
3|2|0|1,2,6.908580146919659
2|3|0|1,3,6.299915692011776
2|3|0|1,1,8.819431784725458
2|3|0|1,0,6.845783616463511
2|3|0|1,4,6.640482974258569
3|4|0|1,2,6.492047286990936
3|4|0|1,1,8.729672544887832
3|4|0|1,0,6.612692575020643
3|4|0|1,4,5.9459394070785825
2|4|0|1,4,5.908049050985588
2|4|0|1,1,8.63065800609053
2|4|0|1,3,5.858527987039944
2|4|0|1,0,6.598498353575039
4|5|0|1,0,6.238313370851389
4|5|0|1,1,7.852676341943479
4|5|0|1,3,6.042541030205372
4|5|0|1,2,5.344042032226964
0|8|1|1,3,5.1843947222640265
0|8|1|1,4,5.285150569663281
0|8|1|1,2,5.05163200619111
0|8|1|1,1,6.529837271571987
4|1|4|1,0,5.883132010902889
4|1|4|1,3,7.079629234387434
4|1|4|1,2,6.69820363903006
4|1|4|1,1,8.871251596505697
0|1|4|1,3,6.485763336007189
0|1|4|1,1,8.731282235679632
0|1|4|1,2,6.862625996059589
0|1|4|1,4,7.799878246407982
3|1|4|1,1,8.999568525125483
3|1|4|1,0,5.9607198276042
3|1|4|1,2,6.75645029071944
3|1|4|1,4,7.716488090491727
1|2|4|4,0,7.295815861805926
1|2|4|4,4,9.871303270373774
1|2|4|4,2,7.417104331064544
1|2|4|4,3,7.462490176708962
0|2|4|4,4,9.84700097184826
0|2|4|4,1,7.719132565292214
0|2|4|4,2,7.398470479114003
0|2|4|4,3,7.43193827674148
4|5|1|1,1,8.592542389496
4|5|1|1,0,6.604135649914763
4|5|1|1,2,7.1516706660239455
4|5|1|1,3,7.17921829106873
1|7|2|2,4,5.234253091687368
1|7|2|2,3,6.590996759691521
1|7|2|2,0,5.636027386432085
1|7|2|2,2,6.985429803874667
4|9|2|2,1,5.5725711130021045
4|9|2|2,2,7.2136413210627595
4|9|2|2,0,4.856486456030457
4|9|2|2,3,5.786635639512756
2|1|1|1,0,6.6016076483508
2|1|1|1,1,9.499111929855278
2|1|1|1,4,7.218773234709087
2|1|1|1,3,7.232210358363413
0|1|1|1,2,7.088722812611203
0|1|1|1,4,7.096830624925202
0|1|1|1,1,9.517654618264496
0|1|1|1,3,7.191070009492708
1|2|3|4,0,6.2487055406194605
1|2|3|4,2,5.843928584155526
1|2|3|4,3,7.203618764380536
1|2|3|4,4,9.450198741323659
0|2|3|4,1,6.675754389277049
0|2|3|4,3,6.743142533981372
0|2|3|4,2,5.250397765378209
0|2|3|4,4,9.505979739687614
2|2|3|4,3,7.054644690353691
2|2|3|4,0,6.532256978622881
2|2|3|4,1,6.150653767613624
2|2|3|4,4,9.526864402355125
3|4|4|4,1,7.271547468293913
3|4|4|4,0,7.429919585899511
3|4|4|4,2,7.198144635092159
3|4|4|4,4,9.196252064052455
4|1|3|1,0,5.975063365528676
4|1|3|1,3,7.647830356302599
4|1|3|1,2,6.523127295349523
4|1|3|1,1,8.843620391291154
0|1|3|1,1,9.126656394596804
0|1|3|1,2,6.660280128306809
0|1|3|1,3,7.1119425344080245
0|1|3|1,4,6.72738280393299
1|3|3|3,3,9.467986489834631
1|3|3|3,2,7.35521129937378
1|3|3|3,0,7.397028915327598
1|3|3|3,4,7.961855699106201
3|10|0|0,0,5.957601888419145
3|10|0|0,1,3.6761420187449216
3|10|0|0,4,3.723423623096205
3|10|0|0,2,2.9538363398754375
0|12|4|4,2,3.61065272656104
0|12|4|4,3,2.4424724387155825
0|12|4|4,1,2.567100926727643
0|12|4|4,4,5.506486846721348
2|13|4|4,1,2.832770630222758
2|13|4|4,4,9.339659321591622
2|13|4|4,3,4.899534143368498
2|13|4|4,0,3.0094110891841206
1|14|4|4,3,4.0666807026375835
1|14|4|4,0,2.321975862163555
1|14|4|4,2,3.500361949764577
1|14|4|4,4,11.999999999999982
3|14|4|4,0,2.728425253201088
3|14|4|4,4,11.999999999999982
3|14|4|4,1,3.095180472281038
3|14|4|4,2,4.791990789611753
3|1|0|4,4,9.49509723480834
3|1|0|4,2,3.9944321108337864
3|1|0|4,0,3.9892084501767293
3|1|0|4,1,4.296053879863695
4|3|0|0,3,7.505342732760189
4|3|0|0,1,7.290881491404285
4|3|0|0,0,8.914139979075262
4|3|0|0,2,7.7333544141038635
3|3|0|0,4,7.26731535650167
3|3|0|0,1,7.556915832517917
3|3|0|0,0,8.57304658104027
3|3|0|0,2,7.463227634412503
1|5|0|0,0,8.807230211529944
1|5|0|0,2,6.854135210829348
1|5|0|0,3,7.223766814121663
1|5|0|0,4,6.464396807560412
0|9|3|3,1,4.787310865146261
0|9|3|3,4,4.264373877143729
0|9|3|3,2,2.9286998007224856
0|9|3|3,3,5.8898000710553315
1|10|3|3,0,4.4138184469567525
1|10|3|3,4,3.4853046745822476
1|10|3|3,2,3.9338919677787643
1|10|3|3,3,7.178402014485712
0|10|3|3,4,3.9412852018320725
0|10|3|3,1,3.4447043741071224
0|10|3|3,3,4.519404378362468
0|10|3|3,2,3.886302181025933
4|4|0|0,0,8.930392233085964
4|4|0|0,1,6.932995056862023
4|4|0|0,2,7.303495318493592
4|4|0|0,3,7.0815898132741895
0|7|1|1,3,5.72760210420376
0|7|1|1,4,6.542826855735216
0|7|1|1,2,6.164931528746042
0|7|1|1,1,8.227390579605972
3|7|1|1,1,7.782618084970655
3|7|1|1,0,5.791286624643953
3|7|1|1,2,5.142334958834902
3|7|1|1,4,6.4202892248261225
1|11|0|0,3,2.487472442532259
1|11|0|0,0,6.023401174626551
1|11|0|0,4,1.5442222154723797
1|11|0|0,2,3.117414374025029
3|12|0|0,4,1.7648625472290438
3|12|0|0,2,2.6067978878980167
3|12|0|0,1,1.069781341913722
3|12|0|0,0,3.5218101040193597
4|14|0|0,2,-1.6505877265224809
4|14|0|0,1,-1.2450800563610183
4|14|0|0,3,0.24654516547997687
4|14|0|0,0,5.047779805756393
2|14|0|0,0,5.8701177798794
2|14|0|0,3,1.2687027304356446
2|14|0|0,4,2.5103270052956166
2|14|0|0,1,0.7057253167856025
0|3|2|4,3,6.923389663255328
0|3|2|4,1,6.891526620810851
0|3|2|4,2,6.641279968607333
0|3|2|4,4,9.122156336244291
3|4|2|4,0,4.831947395837938
3|4|2|4,1,5.400655724032578
3|4|2|4,4,8.775504567262315
3|4|2|4,2,5.068450907223647
0|4|2|4,3,5.771498563204757
0|4|2|4,1,5.5069063897736115
0|4|2|4,2,7.422863961948153
0|4|2|4,4,8.523477956381761
1|4|2|4,2,6.877783738415889
1|4|2|4,3,6.231065285175117
1|4|2|4,4,8.677477503868033
1|4|2|4,0,5.0602070514538635
2|5|4|4,0,7.044867578905284
2|5|4|4,4,8.690061550742096
2|5|4|4,1,6.916395921822785
2|5|4|4,3,7.026325488651759
0|5|4|4,2,6.688526982722801
0|5|4|4,4,8.721503126895698
0|5|4|4,3,6.89011768934726
0|5|4|4,1,6.951896146930002
1|1|2|2,4,7.390601038434314
1|1|2|2,0,6.663238342302782
1|1|2|2,2,9.765581626185634
1|1|2|2,3,7.384719633832045
4|2|2|0,3,6.800119535608847
4|2|2|0,0,8.88580831968816
4|2|2|0,2,7.978250063772164
4|2|2|0,1,6.543412146748516
3|4|2|2,0,7.042609725858747
3|4|2|2,2,9.20204440035222
3|4|2|2,1,7.247041436337311
3|4|2|2,4,7.536377577067922
0|6|2|2,2,7.351194314999603
0|6|2|2,3,6.560175243500075
0|6|2|2,4,6.599968546408935
0|6|2|2,1,6.3399384601855235
2|10|0|0,3,3.5079622466759997
2|10|0|0,1,2.9738378398981804
2|10|0|0,4,3.179864459252018
2|10|0|0,0,6.2057063198288605
1|12|0|0,0,3.8406826248938364
1|12|0|0,3,1.6163440395785
1|12|0|0,2,0.6971264252078445
1|12|0|0,4,1.0058329416970007
0|14|2|2,1,-0.7464956295785603
0|14|2|2,3,-0.11577604771946853
0|14|2|2,2,4.496114628631047
0|14|2|2,4,0.22150751373724648
2|2|1|1,4,8.03206881079311
2|2|1|1,1,9.158833809859413
2|2|1|1,3,7.627184009575983
2|2|1|1,0,6.787581532510274
4|3|1|1,1,9.294998278108222
4|3|1|1,2,7.526354733951662
4|3|1|1,3,7.563797086317622
4|3|1|1,0,6.834104609632509
1|10|0|0,0,5.978131416760073
1|10|0|0,2,3.7364690096489155
1|10|0|0,3,3.3308514611078777
1|10|0|0,4,3.0365655227093074
0|12|3|3,1,3.1258414240861248
0|12|3|3,2,2.8899281353498028
0|12|3|3,4,4.047994818915118
0|12|3|3,3,7.816930820474464
1|12|3|3,2,4.088051692753162
1|12|3|3,4,2.7066803416193657
1|12|3|3,3,7.106857192809157
1|12|3|3,0,1.898786901477148
1|13|3|3,2,0.46795944500571507
1|13|3|3,0,1.4893656120266212
1|13|3|3,3,8.814816877783448
1|13|3|3,4,3.077844155824096
3|1|2|2,4,7.654064633065932
3|1|2|2,0,6.622710614614835
3|1|2|2,1,6.662877095531288
3|1|2|2,2,9.51406312685039
4|1|2|2,2,9.49531934067964
4|1|2|2,1,6.644897005292071
4|1|2|2,0,6.688174699753237
4|1|2|2,3,8.019325428321363
4|8|0|0,1,5.645846006294237
4|8|0|0,3,5.237713045652057
4|8|0|0,2,5.404384726238979
4|8|0|0,0,7.102740333044785
1|9|0|0,4,4.580936898411712
1|9|0|0,0,7.12104642063173
1|9|0|0,2,4.719405117049368
1|9|0|0,3,5.275826426693222
4|10|0|0,1,3.3079815471033216
4|10|0|0,2,3.5489970646975766
4|10|0|0,0,5.675122619110911
4|10|0|0,3,3.7684518326989025
2|12|0|0,3,2.7278431169148973
2|12|0|0,4,1.1572895835213104
2|12|0|0,0,3.094975830597467
2|12|0|0,1,1.8949898519433865
4|2|2|2,2,9.729452528963982
4|2|2|2,3,7.426145013640263
4|2|2|2,0,6.964729170283504
4|2|2|2,1,7.25731882449279
2|5|3|3,0,7.26835187287192
2|5|3|3,1,6.6259116151707085
2|5|3|3,3,8.282374442680513
2|5|3|3,4,6.9206502377398795
0|6|3|3,2,5.3150979866422885
0|6|3|3,4,6.733465188709999
0|6|3|3,3,8.91194645325001
0|6|3|3,1,6.138195373513487
2|8|3|3,3,6.842754757687025
2|8|3|3,0,5.596552038972381
2|8|3|3,4,5.321382905157959
2|8|3|3,1,4.417726564458659
3|12|1|1,4,1.4656140761505443
3|12|1|1,2,2.029037676759552
3|12|1|1,1,4.704797941856977
3|12|1|1,0,1.6954540574482624
4|13|1|1,3,0.9160118737326475
4|13|1|1,2,3.4643773596870844
4|13|1|1,1,7.031465319593976
4|13|1|1,0,0.38920112307851024
3|13|1|1,1,4.769482212244906
3|13|1|1,4,1.2657727235779497
3|13|1|1,0,1.7533019818936129
3|13|1|1,2,0.9355352209725837
0|1|1|2,1,6.115086766813595
0|1|1|2,2,8.90056612303739
0|1|1|2,4,7.491965285973773
0|1|1|2,3,7.188898446180191
1|1|1|2,2,9.118279364421852
1|1|1|2,0,6.066672514575459
1|1|1|2,3,7.1020466854083955
1|1|1|2,4,6.848142809021349
2|3|1|0,4,6.429853604619193
2|3|1|0,1,7.504856907792957
2|3|1|0,0,8.549790055930416
2|3|1|0,3,7.09843082806621
0|6|1|1,1,8.062232014367119
0|6|1|1,3,6.696761059504544
0|6|1|1,2,6.260523313654788
0|6|1|1,4,6.799048458333398
0|13|2|2,2,6.203448997213899
0|13|2|2,1,-0.025551810526233357
0|13|2|2,4,2.7335709019625356
0|13|2|2,3,1.5118008453337253
2|14|3|3,4,4.126021893819971
2|14|3|3,0,-1.4775232838715087
2|14|3|3,3,6.783270674342789
2|14|3|3,1,0.8639938479410136
0|1|4|3,2,5.767800630211772
0|1|4|3,3,8.979067111480171
0|1|4|3,4,8.2931877884323
0|1|4|3,1,6.14486389427368
2|1|4|3,4,8.287882121554427
2|1|4|3,1,5.787174496646073
2|1|4|3,0,5.678935726939843
2|1|4|3,3,9.009431142560398
4|2|4|1,1,7.040350736634093
4|2|4|1,3,5.005977967813258
4|2|4|1,2,7.209995680036183
4|2|4|1,0,4.8461319257693285
1|4|4|3,3,7.553857838606216
1|4|4|3,0,5.330510929556126
1|4|4|3,4,8.268204100749323
1|4|4|3,2,5.338508650350674
3|6|4|4,4,7.610781214666081
3|6|4|4,0,6.573594348942894
3|6|4|4,1,6.323844529568314
3|6|4|4,2,6.351359251924742
4|11|3|3,2,3.485962246759664
4|11|3|3,1,1.8651401358330182
4|11|3|3,3,5.158072482022053
4|11|3|3,0,4.415333467686807
2|12|3|3,3,6.56506497161129
2|12|3|3,1,0.9642299939691287
2|12|3|3,0,2.3558887665402195
2|12|3|3,4,4.028079474230763
3|14|0|0,2,1.6314398736237465
3|14|0|0,1,1.4683754993793976
3|14|0|0,0,5.960606190538966
3|14|0|0,4,2.1535347742888535
4|2|1|1,0,6.909982423629064
4|2|1|1,2,7.475188775329847
4|2|1|1,3,7.406139890789434
4|2|1|1,1,9.715741173388926
0|3|1|1,4,7.4624039784757485
0|3|1|1,2,7.59184499239207
0|3|1|1,1,9.154589352940157
0|3|1|1,3,7.633362287391127
2|3|1|1,4,7.624178890963742
2|3|1|1,3,7.355578878946176
2|3|1|1,1,8.958549831740408
2|3|1|1,0,6.991535798231001
3|8|1|1,1,7.5802365426189064
3|8|1|1,2,4.69082756017261
3|8|1|1,0,5.007084263041335
3|8|1|1,4,5.353617274577786
3|3|4|0,4,7.227592195021869
3|3|4|0,0,8.607824229014115
3|3|4|0,2,6.344295715933634
3|3|4|0,1,6.605054415991573
4|7|0|0,3,6.315242481537004
4|7|0|0,1,5.882749654973688
4|7|0|0,2,5.762628573218577
4|7|0|0,0,7.13830892282128
3|8|0|0,2,4.081388290325734
3|8|0|0,4,5.74583873048304
3|8|0|0,0,6.196251514067893
3|8|0|0,1,4.584878552752586
2|9|0|0,1,3.481601507571728
2|9|0|0,3,4.075586401743739
2|9|0|0,0,5.9687277335366655
2|9|0|0,4,4.95708926194494
4|11|0|0,3,2.266829161927541
4|11|0|0,2,3.3323173431482638
4|11|0|0,0,3.9343922829368694
4|11|0|0,1,1.6704968294191977
3|1|0|0,0,9.097060987152826
3|1|0|0,1,7.458520563778769
3|1|0|0,4,7.165585609095545
3|1|0|0,2,7.17750186314806
0|2|1|1,2,7.585893487146817
0|2|1|1,4,7.91854772783719
0|2|1|1,3,8.122147279917378
0|2|1|1,1,9.22930723662324
0|14|4|4,1,1.4179413929479272
0|14|4|4,2,2.8627515413059674
0|14|4|4,3,2.3551381209655924
0|14|4|4,4,11.999999999999982
2|14|4|4,3,4.549845973756865
2|14|4|4,0,2.7029520014111363
2|14|4|4,4,11.999999999999982
2|14|4|4,1,-0.9183116231322704
4|1|0|0,0,9.5591852775204
4|1|0|0,3,7.22937371384896
4|1|0|0,2,7.102229421436726
4|1|0|0,1,7.3636061090100515
0|2|4|2,3,7.466699154690698
0|2|4|2,4,8.491045782516887
0|2|4|2,1,5.911671922446921
0|2|4|2,2,9.000854498898915
3|4|4|1,4,5.75729426098485
3|4|4|1,2,4.706816294858471
3|4|4|1,0,4.693098191945795
3|4|4|1,1,8.100685052899674
4|6|0|1,0,5.527468510708101
4|6|0|1,3,5.650222888330068
4|6|0|1,1,7.539495789531296
4|6|0|1,2,5.3956742100887185
0|7|0|1,3,3.356186161116814
0|7|0|1,2,5.4428080390844515
0|7|0|1,1,3.782287513606091
0|7|0|1,4,3.5925901621219567
3|7|0|1,4,4.599179543779959
3|7|0|1,1,6.519152852793149
3|7|0|1,2,5.051762392211279
3|7|0|1,0,4.975302302675866
4|9|0|1,3,3.705083953072144
4|9|0|1,2,3.3061693285132034
4|9|0|1,1,5.920266103172582
4|9|0|1,0,3.854658995233953
3|10|0|1,2,0.04123255931538733
3|10|0|1,1,5.135446614312924
3|10|0|1,4,2.7972362548468963
3|10|0|1,0,4.338270533143561
4|3|3|3,2,7.178342134720638
4|3|3|3,1,7.183035811232369
4|3|3|3,3,9.770715645744593
4|3|3|3,0,7.120233093917573
2|6|3|3,3,8.490087402645422
2|6|3|3,1,6.258630173095498
2|6|3|3,4,6.949692857835531
2|6|3|3,0,6.2330628806558925
3|10|1|4,1,3.6495387993590387
3|10|1|4,0,1.5432255731201534
3|10|1|4,4,4.2527427318003825
3|10|1|4,2,1.903741774399176
1|12|4|4,3,3.6888171678431028
1|12|4|4,0,1.7181235107489985
1|12|4|4,2,2.108251962063418
1|12|4|4,4,2.7990694502267326
3|13|4|4,2,0.9850631903936916
3|13|4|4,4,6.656427698177099
3|13|4|4,1,0.8272483530142599
3|13|4|4,0,0.5562010632933756
4|15|0|0,0,10.999999999999982
4|15|0|0,1,1.9546012197257505
4|15|0|0,3,-0.2542130795047537
4|15|0|0,2,1.5504411213989209
1|2|3|3,3,9.754622156558238
1|2|3|3,0,7.520045457766079
1|2|3|3,4,7.5058468858609055
1|2|3|3,2,7.723383035451046
3|7|0|0,2,5.977211688003931
3|7|0|0,4,5.561200765922351
3|7|0|0,0,7.83224850984677
3|7|0|0,1,5.644916306807595
3|9|0|0,2,4.240750105549468
3|9|0|0,4,4.683269267223718
3|9|0|0,0,4.476877472214838
3|9|0|0,1,4.5793061651140246
0|11|1|1,2,2.0801236780474213
0|11|1|1,3,3.1996786225595253
0|11|1|1,1,6.582186220005363
0|11|1|1,4,3.6495584722349266
2|11|1|1,4,2.3213036950565593
2|11|1|1,0,0.9503143183622167
2|11|1|1,3,2.2128574198415296
2|11|1|1,1,6.644627108178237
3|2|2|2,4,7.460290702670982
3|2|2|2,1,7.100537761775101
3|2|2|2,2,10.088648684380217
3|2|2|2,0,7.042424882469993
0|2|2|2,4,7.337269592784196
0|2|2|2,1,7.145184051159963
0|2|2|2,2,9.815464121708798
0|2|2|2,3,7.945412462824791
1|5|2|2,0,5.873579916109795
1|5|2|2,3,7.052310229110095
1|5|2|2,4,7.255845925571153
1|5|2|2,2,8.940528531948447
0|5|2|2,4,6.6286773889537605
0|5|2|2,3,7.001581442867745
0|5|2|2,2,8.662405956618711
0|5|2|2,1,6.750928007076581
4|5|2|2,0,6.8315595411592325
4|5|2|2,1,6.926597974070462
4|5|2|2,3,6.608108409759248
4|5|2|2,2,8.801750968876606
3|2|4|0,1,7.233637161438928
3|2|4|0,2,7.008886544711338
3|2|4|0,0,8.754083121626435
3|2|4|0,4,8.191085776191665
1|5|4|0,4,7.372986130225532
1|5|4|0,3,5.5747568641578695
1|5|4|0,2,3.757260196997735
1|5|4|0,0,5.4781839750488475
4|9|0|0,3,4.67795316774629
4|9|0|0,2,4.725774581734163
4|9|0|0,0,5.711581322072242
4|9|0|0,1,4.316197698839743
4|12|0|0,1,1.9554275386096527
4|12|0|0,0,1.8337557551106534
4|12|0|0,2,3.060786737458933
4|12|0|0,3,0.039260680530701794
4|2|1|0,0,8.752177270235958
4|2|1|0,2,6.695251742494944
4|2|1|0,3,7.0190988015335325
4|2|1|0,1,7.7348161642994695
3|5|1|1,1,8.532725486645854
3|5|1|1,0,7.084119683423815
3|5|1|1,2,7.132714845030234
3|5|1|1,4,7.248943446522558
2|1|3|1,3,7.875325058828705
2|1|3|1,1,8.883478528017655
2|1|3|1,0,6.055337488245885
2|1|3|1,4,6.734029857535204
3|1|3|1,0,5.986936562818702
3|1|3|1,4,7.191938287049026
3|1|3|1,1,8.780015352871654
3|1|3|1,2,6.986615215855925
4|2|3|1,0,5.043284709481241
4|2|3|1,2,7.349881449917316
4|2|3|1,1,8.988230752256761
4|2|3|1,3,7.024724504799023
0|2|3|1,2,7.357290760822822
0|2|3|1,4,7.419451514452664
0|2|3|1,1,8.774128542092487
0|2|3|1,3,8.473571277304076
2|4|3|3,4,7.759484874172542
2|4|3|3,1,7.225401067756904
2|4|3|3,3,9.526188049895856
2|4|3|3,0,7.067087930548833
1|2|3|0,0,8.664254836397397
1|2|3|0,4,7.3333453032140925
1|2|3|0,3,8.4437511850106
1|2|3|0,2,7.261851582767827
0|3|3|3,3,9.316959275577407
0|3|3|3,2,7.110928270375642
0|3|3|3,4,8.052832626159745
0|3|3|3,1,7.424462684255107
3|6|2|2,0,5.79186748331358
3|6|2|2,1,6.000431235130206
3|6|2|2,4,7.119673254516032
3|6|2|2,2,7.475064853205241
3|7|2|2,0,5.62551643998001
3|7|2|2,2,6.577032550596678
3|7|2|2,1,6.086981283606498
3|7|2|2,4,6.309692277456608
1|1|3|3,2,6.696076079097439
1|1|3|3,0,6.862645670227269
1|1|3|3,3,9.716237990048567
1|1|3|3,4,7.702316572995228
2|1|3|3,3,9.601880393395799
2|1|3|3,4,8.274817938342851
2|1|3|3,0,6.83398075686288
2|1|3|3,1,6.748600216610965
3|3|0|4,4,8.313060242873297
3|3|0|4,2,5.8233563265602095
3|3|0|4,1,5.778647258853086
3|3|0|4,0,6.917104740024651
4|5|0|2,0,6.492776532838237
4|5|0|2,1,4.919134808964839
4|5|0|2,3,5.908398039062672
4|5|0|2,2,8.022644052785926
0|6|2|1,1,7.503752397675692
0|6|2|1,2,6.587474841456712
0|6|2|1,4,5.848642470750011
0|6|2|1,3,5.7723985740338115
1|8|2|2,2,6.322760396276713
1|8|2|2,3,5.380275899498044
1|8|2|2,4,4.997940153553232
1|8|2|2,0,4.814449424538641
2|11|0|0,3,3.3953225452753872
2|11|0|0,4,1.971266133535736
2|11|0|0,0,6.130645303572036
2|11|0|0,1,2.9331281731150427
3|4|1|1,2,7.518807669550089
3|4|1|1,4,7.544446123108889
3|4|1|1,0,7.017766816312363
3|4|1|1,1,9.208930393223781
2|4|1|1,3,6.974725978653488
2|4|1|1,1,9.276380589885008
2|4|1|1,4,7.348802799379767
2|4|1|1,0,6.831301320986172
4|7|1|1,3,6.021787012533563
4|7|1|1,1,7.654435483385545
4|7|1|1,2,6.68294986124253
4|7|1|1,0,6.078665110954321
2|3|3|3,4,7.906285564324756
2|3|3|3,1,7.3173479022252765
2|3|3|3,3,9.38225826958547
2|3|3|3,0,6.856482747148423
4|4|3|3,3,9.476613391399807
4|4|3|3,1,7.275279296456014
4|4|3|3,2,7.201393290424947
4|4|3|3,0,6.268394312637332
0|13|1|1,3,0.47031500121472514
0|13|1|1,4,0.8439274085817228
0|13|1|1,1,3.5161758862543993
0|13|1|1,2,1.2203555597394142
3|2|0|0,0,9.260781181045232
3|2|0|0,2,7.443313605449112
3|2|0|0,4,7.493847034138276
3|2|0|0,1,7.374127764075162
1|6|2|2,0,6.202615011035433
1|6|2|2,4,6.396820778051237
1|6|2|2,3,6.450311824134116
1|6|2|2,2,7.938828751312493
0|8|2|2,3,5.4511167012861845
0|8|2|2,4,5.412594498661845
0|8|2|2,2,6.678434564881279
0|8|2|2,1,5.013104222872029
3|10|2|2,1,1.7182685607104244
3|10|2|2,0,5.353457528248728
3|10|2|2,2,6.516865310039111
3|10|2|2,4,4.546530427256857
1|11|2|2,2,7.326898841838895
1|11|2|2,4,4.492583793330006
1|11|2|2,3,2.2357897913291755
1|11|2|2,0,3.147752605497246
4|1|3|3,3,10.151133132446764
4|1|3|3,0,6.730443012143544
4|1|3|3,2,6.535170101341621
4|1|3|3,1,6.69884689261725
3|4|1|4,2,6.278707841309831
3|4|1|4,1,7.411224549838077
3|4|1|4,0,5.8464188523334695
3|4|1|4,4,8.904879693500979
2|5|1|3,4,6.438398902105241
2|5|1|3,0,4.3057835276835235
2|5|1|3,1,6.619528405833854
2|5|1|3,3,6.872598786326207
1|10|2|3,2,2.6699509888183335
1|10|2|3,3,5.472723859063333
1|10|2|3,4,2.051765444214735
1|10|2|3,0,1.6402867603331863
2|11|3|3,4,3.7812941668719833
2|11|3|3,1,2.303896645426262
2|11|3|3,0,4.285665822097847
2|11|3|3,3,5.364954761185363
2|3|0|0,1,7.339738315481833
2|3|0|0,4,7.470668588251842
2|3|0|0,3,7.455160020536798
2|3|0|0,0,9.133096299973076
1|3|0|0,0,8.988907046773013
1|3|0|0,4,7.391794817228192
1|3|0|0,3,6.944468421316765
1|3|0|0,2,7.452085638380839
0|5|1|3,4,6.0521678360673095
0|5|1|3,2,4.842829497397005
0|5|1|3,1,7.035242867168987
0|5|1|3,3,8.027760317695824
4|8|1|2,2,5.477200546689213
4|8|1|2,1,4.0346963593521075
4|8|1|2,3,1.93284936700591
4|8|1|2,0,1.5244862571117244
2|1|2|1,4,6.88420199111456
2|1|2|1,3,7.227770940040048
2|1|2|1,0,5.942487987547288
2|1|2|1,1,8.915776593896544
4|3|2|2,0,7.360986808574739
4|3|2|2,2,9.692446873595397
4|3|2|2,3,7.42645855022587
4|3|2|2,1,6.921518774862485
0|3|2|2,3,8.027396498469408
0|3|2|2,1,7.2177336437209005
0|3|2|2,2,9.235690174686523
0|3|2|2,4,7.530986144075144
4|7|2|2,1,5.460793897544805
4|7|2|2,3,6.381470799227161
4|7|2|2,0,5.148852823255789
4|7|2|2,2,7.6415807602407595
1|10|2|2,3,5.299287137793377
1|10|2|2,0,4.296760720347192
1|10|2|2,4,4.688000059954616
1|10|2|2,2,7.180063299364794
0|12|2|2,4,2.483614717019206
0|12|2|2,3,2.228700335785275
0|12|2|2,1,1.3934930934116827
0|12|2|2,2,7.316680539692605
2|1|0|0,4,7.1955339988871065
2|1|0|0,3,7.153816357746358
2|1|0|0,1,7.182787851565923
2|1|0|0,0,10.057006253875315
2|2|0|0,4,7.172993190510907
2|2|0|0,1,7.379590893616158
2|2|0|0,3,7.344487166476386
2|2|0|0,0,9.449072895126589
4|2|0|0,2,7.513609246878616
4|2|0|0,1,7.659517337335237
4|2|0|0,3,7.404451938651862
4|2|0|0,0,9.659500989188567
1|2|0|0,4,7.462565059616505
1|2|0|0,2,7.546322377541767
1|2|0|0,0,9.220056727061978
1|2|0|0,3,7.4872472362397255
0|3|2|3,2,6.951663700468774
0|3|2|3,3,9.011927071025791
0|3|2|3,1,6.21587730396493
0|3|2|3,4,6.8521718944025345
2|4|0|3,1,5.702722397868954
2|4|0|3,0,6.321117725152084
2|4|0|3,3,8.468817699885578
2|4|0|3,4,6.753898495123159
1|4|0|3,2,5.78343011893034
1|4|0|3,4,5.975753870105068
1|4|0|3,0,6.532461680338798
1|4|0|3,3,8.423669375465183
0|4|0|3,2,5.707638893969514
0|4|0|3,3,8.348613377681227
0|4|0|3,1,6.910292867561709
0|4|0|3,4,5.130282112289759
3|6|0|0,1,6.5112511390392935
3|6|0|0,4,6.234274056989655
3|6|0|0,2,6.3424181737261165
3|6|0|0,0,8.10501630390763
1|6|0|0,3,5.3057680346347365
1|6|0|0,0,8.50140351297051
1|6|0|0,2,6.675340735354094
1|6|0|0,4,6.99157305533274
1|1|0|0,0,9.361493783473868
1|1|0|0,2,7.370013952004134
1|1|0|0,3,7.013132679025252
1|1|0|0,4,7.071724337413767
0|4|1|1,3,7.063685855684524
0|4|1|1,1,8.92354830976126
0|4|1|1,4,7.359333471660547
0|4|1|1,2,6.675178701065958
0|4|3|3,3,9.237125508347347
0|4|3|3,1,7.044313466423276
0|4|3|3,4,7.575916309402052
0|4|3|3,2,7.254156021197262
3|9|1|0,2,2.6744631283713107
3|9|1|0,1,4.357709373069333
3|9|1|0,4,2.1025468851832367
3|9|1|0,0,5.148580879769582
2|10|1|0,4,2.375565443570721
2|10|1|0,3,0.7442192965938091
2|10|1|0,0,2.576524131771025
2|10|1|0,1,4.0650160714574755
4|11|1|1,0,2.324836982492534
4|11|1|1,3,3.2089694247437284
4|11|1|1,1,4.424231638631519
4|11|1|1,2,3.5849191505047253
0|12|1|1,2,2.7280846069109748
0|12|1|1,3,0.8396059323070348
0|12|1|1,1,4.99711332084133
0|12|1|1,4,2.248818519438523
2|13|1|1,1,7.494793195977014
2|13|1|1,0,-1.142524795959706
2|13|1|1,3,-0.4720669718012127
2|13|1|1,4,1.1199107227447231
1|15|4|4,4,10.999999999999982
1|15|4|4,0,1.673115667306641
1|15|4|4,2,1.410256904188604
1|15|4|4,3,2.6847985485171035
3|5|0|0,2,6.927436616842392
3|5|0|0,0,8.464977753121742
3|5|0|0,4,7.031559063841775
3|5|0|0,1,6.939396129443821
0|15|3|3,3,10.999999999999984
0|15|3|3,1,2.1708275436082536
0|15|3|3,4,-0.6963962764858798
0|15|3|3,2,1.2085526504025705
2|1|1|0,0,8.876592471562645
2|1|1|0,3,6.4341370198322565
2|1|1|0,4,6.370662556426414
2|1|1|0,1,7.416626663054849
4|4|1|1,2,7.336437856645286
4|4|1|1,3,7.367584301105619
4|4|1|1,0,7.080758672126837
4|4|1|1,1,8.685807434324866
0|14|1|1,4,-0.6838188836293821
0|14|1|1,3,0.9156286558279999
0|14|1|1,1,3.3278266318258636
0|14|1|1,2,-1.5470805050043752
0|1|2|1,1,8.96587604635094
0|1|2|1,4,6.652224341386075
0|1|2|1,3,6.8934517394214385
0|1|2|1,2,7.503867795208882
1|3|2|0,0,8.59739332899702
1|3|2|0,4,7.449130389360904
1|3|2|0,2,7.637144225527722
1|3|2|0,3,7.133078386817599
0|5|2|3,3,8.09938169460966
0|5|2|3,1,4.97730763201985
0|5|2|3,2,5.262569414020953
0|5|2|3,4,5.6134784171461245
2|11|4|4,4,4.151880878238276
2|11|4|4,1,3.3003907308559675
2|11|4|4,3,3.6826851175673854
2|11|4|4,0,3.1017220556733243
4|14|1|1,1,5.852759602228614
4|14|1|1,3,2.298136777952257
4|14|1|1,0,-1.322920165547251
4|14|1|1,2,1.1157706098654248
1|15|3|3,0,-0.9855396914496516
1|15|3|3,4,1.085053435225282
1|15|3|3,2,0.8055485744464846
1|15|3|3,3,10.999999999999991
2|2|1|4,0,6.379450263417495
2|2|1|4,1,7.033512308301129
2|2|1|4,3,6.161064168495903
2|2|1|4,4,9.420137888424636
0|5|1|1,4,7.059709278114619
0|5|1|1,2,7.02742018586849
0|5|1|1,3,6.9754666397974034
0|5|1|1,1,8.537474156821732
2|8|1|1,1,7.132853073824535
2|8|1|1,3,6.121667767559689
2|8|1|1,4,5.628868731935552
2|8|1|1,0,5.173032411934625
3|14|2|2,0,-1.9914906694076677
3|14|2|2,2,5.056436914066196
3|14|2|2,1,0.130547003427871
3|14|2|2,4,3.9608137126647116
0|1|3|3,4,8.41400520866836
0|1|3|3,1,6.821229999349499
0|1|3|3,3,9.804227143148392
0|1|3|3,2,6.726168517793148
1|6|1|0,3,2.5335293687796847
1|6|1|0,2,2.5005779913736483
1|6|1|0,0,4.379080338342719
1|6|1|0,4,5.944981867224947
3|6|1|0,2,6.268216733151334
3|6|1|0,0,7.332055809081373
3|6|1|0,1,6.305038892980093
3|6|1|0,4,5.499715706589699
0|9|1|1,3,4.42123748578466
0|9|1|1,1,5.60844807930688
0|9|1|1,4,4.987198254683703
0|9|1|1,2,5.310427007190736
3|9|1|1,0,4.511534026797465
3|9|1|1,1,6.013427696068749
3|9|1|1,4,5.327654281190765
3|9|1|1,2,5.1791111694683245
0|4|4|4,3,7.257001229510753
0|4|4|4,2,6.986435421353967
0|4|4|4,4,9.278380538310566
0|4|4|4,1,7.143654688759025
3|7|4|4,1,5.769985688399481
3|7|4|4,4,7.60747354693166
3|7|4|4,2,5.74610715789072
3|7|4|4,0,6.456411344542319
1|7|4|4,4,7.706173615909522
1|7|4|4,2,6.196459637222259
1|7|4|4,0,6.329910372586773
1|7|4|4,3,5.757595918945906
4|13|2|2,2,8.408296698208751
4|13|2|2,3,0.9745761391604009
4|13|2|2,1,0.3839367660183458
4|13|2|2,0,1.107701264952007
2|15|0|0,0,10.999999999999982
2|15|0|0,3,1.73560077082231
2|15|0|0,4,0.2199411239195591
2|15|0|0,1,1.4108227349906433
4|1|2|1,0,6.027788060465438
4|1|2|1,2,7.789677419983728
4|1|2|1,1,9.00873053500819
4|1|2|1,3,7.011544771467371
3|3|2|1,2,7.441929564793708
3|3|2|1,1,8.905071137612488
3|3|2|1,0,5.338791856383991
3|3|2|1,4,5.975350672271212
2|3|2|1,1,8.582093963003384
2|3|2|1,4,4.911957098694517
2|3|2|1,0,4.796796237686872
2|3|2|1,3,3.8358329364849597
1|5|2|4,2,6.201007042245584
1|5|2|4,0,4.695407416786335
1|5|2|4,3,5.769406853923408
1|5|2|4,4,7.886278793534071
2|8|4|4,3,5.0657623744939055
2|8|4|4,1,5.652993054919721
2|8|4|4,4,5.68136221131552
2|8|4|4,0,5.462234885630783
3|1|2|1,1,8.945108860292839
3|1|2|1,0,6.038160916332953
3|1|2|1,2,8.036721580558096
3|1|2|1,4,6.7878850547617775
1|2|2|4,4,9.405794157926831
1|2|2|4,2,5.824465041073099
1|2|2|4,0,6.4825065083486555
1|2|2|4,3,6.644269472487814
4|5|2|0,1,5.776836916852421
4|5|2|0,0,7.722905565023537
4|5|2|0,3,6.0602048447032235
4|5|2|0,2,7.294230621603916
1|6|2|0,3,6.386775023149094
1|6|2|0,2,6.175693165050123
1|6|2|0,4,5.72888487916439
1|6|2|0,0,7.023852284222129
0|10|2|2,2,7.296118163303569
0|10|2|2,3,5.940880772431905
0|10|2|2,1,3.4707261844695023
0|10|2|2,4,4.633977531799273
1|2|1|0,4,6.895597140548203
1|2|1|0,3,7.151928750522804
1|2|1|0,2,6.961119685328278
1|2|1|0,0,8.706453250862031
4|3|1|3,1,6.226405258283714
4|3|1|3,3,9.038316411048942
4|3|1|3,0,5.5218150486260065
4|3|1|3,2,4.642456232976263
1|4|3|3,4,7.789312411099552
1|4|3|3,3,8.846634172244258
1|4|3|3,2,6.311826884841849
1|4|3|3,0,7.284951030317016
1|5|2|3,3,8.076733873501134
1|5|2|3,4,5.305552689712554
1|5|2|3,0,5.6363207520554885
1|5|2|3,2,5.974189972528671
4|9|2|0,2,6.037277723427913
4|9|2|0,0,3.691853864653072
4|9|2|0,3,3.27485704777235
4|9|2|0,1,2.670685524810001
1|13|2|2,0,2.7973066949753926
1|13|2|2,2,2.9822117013217246
1|13|2|2,3,1.1563835554185178
1|13|2|2,4,2.8439285521576063
0|7|3|3,2,5.991416368341855
0|7|3|3,4,5.487880053200545
0|7|3|3,1,6.123737759891488
0|7|3|3,3,7.612588009641492
0|8|3|3,4,6.027810619674864
0|8|3|3,3,7.01057392690426
0|8|3|3,1,6.129152154348261
0|8|3|3,2,4.518189672480809
4|10|3|3,3,5.205347101403551
4|10|3|3,1,2.9586727035166938
4|10|3|3,0,5.006628368228448
4|10|3|3,2,3.54513469230755
2|14|1|1,1,6.370154927171912
2|14|1|1,4,0.9814006404544457
2|14|1|1,0,-1.1137073465756022
2|14|1|1,3,0.9557204824768128
1|1|4|2,0,6.038431843313759
1|1|4|2,2,8.955316610023402
1|1|4|2,3,6.638589359020457
1|1|4|2,4,6.816051741224516
0|1|4|2,4,7.630165633140489
0|1|4|2,2,9.053082548904941
0|1|4|2,3,6.860834939000123
0|1|4|2,1,6.138418973764357
4|2|4|2,3,3.121500338310863
4|2|4|2,1,3.541660624136201
4|2|4|2,0,3.304827910277371
4|2|4|2,2,9.130231884735752
3|3|4|2,2,9.15362245814296
3|3|4|2,0,5.063868584203952
3|3|4|2,4,6.935896113995176
3|3|4|2,1,4.960345416241309
2|6|4|1,3,4.593965539889037
2|6|4|1,0,2.8108861507479794
2|6|4|1,1,5.5251182675315205
2|6|4|1,4,7.273266123592752
3|7|4|0,2,3.8265152350751004
3|7|4|0,4,5.694723266860754
3|7|4|0,0,7.264624580667568
3|7|4|0,1,4.453854594887442
2|7|4|0,0,5.125391003268302
2|7|4|0,3,3.3410863339065306
2|7|4|0,1,3.8679425945569497
2|7|4|0,4,7.0741370983424074
0|9|4|1,3,2.5538607454913573
0|9|4|1,2,3.148439053885897
0|9|4|1,4,4.423729226541315
0|9|4|1,1,5.998330453098212
2|2|0|1,3,6.673262530499508
2|2|0|1,4,7.40310310309978
2|2|0|1,0,6.5760447667120605
2|2|0|1,1,8.97112188440031
4|2|0|1,0,6.19410698631479
4|2|0|1,2,6.7680225120076685
4|2|0|1,1,9.134001131383256
4|2|0|1,3,6.770254550228467
0|8|3|2,3,7.6366331989795455
0|8|3|2,4,2.6610823600672386
0|8|3|2,2,4.865963253738998
0|8|3|2,1,2.5808657691869032
3|11|2|2,2,6.308909358892891
3|11|2|2,4,4.2401128131779116
3|11|2|2,0,4.127421105780529
3|11|2|2,1,3.120543236679153
2|10|0|3,3,4.08664392806863
2|10|0|3,0,6.161274395968913
2|10|0|3,1,-0.33547685943171063
2|10|0|3,4,0.7962305889354401
2|9|1|1,3,4.851261889371409
2|9|1|1,4,4.494431752941636
2|9|1|1,1,7.715465836506691
2|9|1|1,0,4.665947363383596
3|2|1|1,0,6.834619628725511
3|2|1|1,4,7.927252020026383
3|2|1|1,1,9.800262139473308
3|2|1|1,2,7.4086535599741765
4|3|1|0,2,6.827345786037487
4|3|1|0,0,8.349972714044165
4|3|1|0,1,7.475484080463846
4|3|1|0,3,6.686377800246821
0|6|1|3,2,4.458160050493653
0|6|1|3,3,6.159049768747587
0|6|1|3,4,4.501191131663034
0|6|1|3,1,6.010784396730205
3|1|1|1,4,7.258330293686433
3|1|1|1,0,6.5882681197580295
3|1|1|1,2,7.39199580773664
3|1|1|1,1,9.371206839637416
1|6|4|0,0,6.449392878107516
1|6|4|0,3,4.242613214842757
1|6|4|0,2,5.202963203793724
1|6|4|0,4,6.707198230275236
0|8|4|2,3,2.30099800305826
0|8|4|2,2,4.8719650575612485
0|8|4|2,4,6.563591573945446
0|8|4|2,1,3.525039252380302
3|9|4|2,4,6.228810877170532
3|9|4|2,0,1.9135715745129782
3|9|4|2,2,2.8521743741942887
3|9|4|2,1,1.9261879001625388
4|12|2|2,2,3.1078979869375964
4|12|2|2,0,2.493785779427442
4|12|2|2,1,2.3180198721252565
4|12|2|2,3,3.361875373554354
3|3|1|4,0,6.530439358378038
3|3|1|4,4,9.134677988738012
3|3|1|4,1,6.311664811520166
3|3|1|4,2,6.873425952049453
0|4|1|4,3,6.052261075695221
0|4|1|4,2,6.042351332872297
0|4|1|4,4,8.936408026299475
0|4|1|4,1,7.012277995862052
1|6|4|4,0,6.531167534970161
1|6|4|4,4,8.865658540926205
1|6|4|4,2,6.041918795388357
1|6|4|4,3,6.5935763429213
0|6|4|4,2,6.609337999859786
0|6|4|4,4,8.544550133510999
0|6|4|4,1,6.589147454945105
0|6|4|4,3,6.155445930861588
2|7|4|4,1,5.787677221371372
2|7|4|4,4,7.524156644981807
2|7|4|4,3,5.95532674711923
2|7|4|4,0,5.516104159519436
1|9|4|4,3,4.173648839006525
1|9|4|4,4,5.684717847842694
1|9|4|4,0,4.983984745930535
1|9|4|4,2,4.527617364491747
3|1|0|1,4,7.127203202148174
3|1|0|1,2,6.889983185609612
3|1|0|1,1,8.809769856941585
3|1|0|1,0,6.044097427867768
1|5|3|0,4,5.725973761487892
1|5|3|0,2,4.548120314277553
1|5|3|0,0,7.421836290664078
1|5|3|0,3,6.997617048401225
4|7|3|0,1,3.580157956173161
4|7|3|0,2,2.972369161598738
4|7|3|0,3,6.198979305368544
4|7|3|0,0,5.77878061827352
1|7|3|0,3,6.509553380212521
1|7|3|0,2,4.916865130243298
1|7|3|0,0,4.899100109435876
1|7|3|0,4,5.275787407908886
3|1|4|4,0,6.951113744771192
3|1|4|4,4,10.220678328386693
3|1|4|4,1,6.985036895205589
3|1|4|4,2,6.423937426459724
0|1|4|4,2,6.810091252037775
0|1|4|4,4,10.28229839914815
0|1|4|4,1,6.913024446130926
0|1|4|4,3,6.950121128707248
2|1|4|4,4,10.368201917020809
2|1|4|4,1,6.9108238399716315
2|1|4|4,3,6.363550897960588
2|1|4|4,0,6.8831419962323395
4|3|2|0,1,6.303945828909229
4|3|2|0,3,6.723778152167577
4|3|2|0,2,7.908037233053846
4|3|2|0,0,8.556496882792969
4|2|2|3,0,5.013244962594251
4|2|2|3,1,5.754196237675642
4|2|2|3,2,6.435643017098287
4|2|2|3,3,9.487440430764046
0|2|2|3,3,9.4202833384222
0|2|2|3,2,6.017324803409834
0|2|2|3,4,6.5459174801990425
0|2|2|3,1,6.515466260485843
3|4|2|0,1,5.809974981291567
3|4|2|0,4,6.447019424213081
3|4|2|0,2,7.978910342776869
3|4|2|0,0,7.318409853455973
1|4|2|0,4,6.329543468626008
1|4|2|0,0,7.435726216510304
1|4|2|0,2,7.3195473734037995
1|4|2|0,3,5.975309565249135
0|9|2|2,1,5.3302134953242515
0|9|2|2,4,4.923860786451387
0|9|2|2,2,7.032925258936567
0|9|2|2,3,5.86347362540839
1|1|3|0,4,6.688192077173287
1|1|3|0,3,7.523640856367094
1|1|3|0,0,8.872612353000076
1|1|3|0,2,6.413862885876812
4|1|3|0,2,6.5419827707550935
4|1|3|0,1,6.648971127157135
4|1|3|0,0,8.748996225757718
4|1|3|0,3,7.5828046173365475
2|1|3|0,4,6.657636105223837
2|1|3|0,1,6.509437099840154
2|1|3|0,3,7.39613410227096
2|1|3|0,0,8.767328251435636
3|3|1|0,2,6.726623923312048
3|3|1|0,4,6.672538669287389
3|3|1|0,0,8.666227922033233
3|3|1|0,1,7.440654293548114
0|1|2|2,3,7.3763493800317965
0|1|2|2,2,9.472730485445707
0|1|2|2,1,6.662258960511117
0|1|2|2,4,7.564486100435601
4|3|2|1,1,7.42033732859162
4|3|2|1,2,8.10673456000765
4|3|2|1,0,5.536021665512466
4|3|2|1,3,5.957347276679272
4|4|1|0,0,8.587843334514353
4|4|1|0,3,6.410879567390245
4|4|1|0,1,7.639045529533018
4|4|1|0,2,6.937619927990778
1|12|2|2,2,5.789993081768746
1|12|2|2,3,3.047604435996906
1|12|2|2,4,3.5083348600935262
1|12|2|2,0,3.1215494174960856
3|15|0|0,1,2.283495924292511
3|15|0|0,4,-0.38566057933131737
3|15|0|0,0,10.999999999999982
3|15|0|0,2,-0.20768030689040468
1|15|0|0,3,0.7942551700051503
1|15|0|0,4,0.8832213178627767
1|15|0|0,2,1.2193457037218307
1|15|0|0,0,10.999999999999982
1|3|0|3,4,6.701535701131431
1|3|0|3,3,9.11196423378023
1|3|0|3,0,7.066474890579118
1|3|0|3,2,6.50191993491402
4|4|0|3,1,6.3078731708962374
4|4|0|3,2,5.491442137410702
4|4|0|3,0,7.479164570045516
4|4|0|3,3,7.669316769288383
1|6|0|3,4,5.3668300193468745
1|6|0|3,3,7.606839358569974
1|6|0|3,0,5.995154496648004
1|6|0|3,2,4.735820859555541
4|6|0|3,0,5.935106965866553
4|6|0|3,1,4.981891653931661
4|6|0|3,2,4.739368666151732
4|6|0|3,3,7.714802909926884
3|11|0|0,2,3.37521532289953
3|11|0|0,1,1.6731742772555467
3|11|0|0,0,6.627975180114697
3|11|0|0,4,1.5768952299720094
2|13|0|0,0,4.821819263508759
2|13|0|0,3,-0.5155849012038426
2|13|0|0,4,0.604756568278313
2|13|0|0,1,1.4344234326201515
1|3|3|4,4,9.22035067981909
1|3|3|4,0,6.46454446091709
1|3|3|4,3,6.866347873819268
1|3|3|4,2,6.177427221418184
4|6|3|0,2,4.812015884519676
4|6|3|0,0,7.675237183634156
4|6|3|0,3,4.9695740170729215
4|6|3|0,1,4.595222859348226
2|7|3|0,3,6.80902404322701
2|7|3|0,0,5.497207581840823
2|7|3|0,4,4.97973999964382
2|7|3|0,1,4.299531388263142
3|1|1|2,2,9.004671392062884
3|1|1|2,0,5.731354049654231
3|1|1|2,1,5.899444956696653
3|1|1|2,4,7.672330390522819
2|3|1|4,4,9.178149450207377
2|3|1|4,3,6.695797914365938
2|3|1|4,0,6.343283884213343
2|3|1|4,1,6.567701799925506
2|6|1|1,0,6.097648709845059
2|6|1|1,4,6.536756611950975
2|6|1|1,3,6.026843522426431
2|6|1|1,1,7.4237669424717065
4|8|1|1,1,7.529664493702442
4|8|1|1,2,6.001919826006306
4|8|1|1,3,5.4823596521921525
4|8|1|1,0,5.336242982904171
1|8|3|3,3,5.769587326316367
1|8|3|3,2,5.654066942859673
1|8|3|3,4,6.075474798286815
1|8|3|3,0,5.032125319776912
3|3|3|0,4,5.405796419068699
3|3|3|0,0,8.382184544201285
3|3|3|0,2,5.104581183919299
3|3|3|0,1,4.247167066174708
4|3|3|0,1,6.403472275016898
4|3|3|0,3,8.067394202261056
4|3|3|0,2,6.656829380729741
4|3|3|0,0,8.616173311643179
1|5|3|3,0,6.705275201641596
1|5|3|3,4,7.36608699824334
1|5|3|3,2,7.1056476189544036
1|5|3|3,3,8.657785907960434
4|8|3|3,1,5.242533712878758
4|8|3|3,0,5.321601651138329
4|8|3|3,3,6.796730827107647
4|8|3|3,2,5.03709951228211
3|3|0|1,1,8.687628589915732
3|3|0|1,0,6.04199736207851
3|3|0|1,2,6.614743852603147
3|3|0|1,4,6.616354371505487
1|6|3|3,4,6.833272993660284
1|6|3|3,2,6.6301491836877045
1|6|3|3,0,6.877069603985872
1|6|3|3,3,7.119961554818719
4|6|3|3,3,8.602642575683321
4|6|3|3,1,6.415551133120892
4|6|3|3,0,6.585022489960256
4|6|3|3,2,5.807190983924216
3|8|4|2,1,2.9842840612946944
3|8|4|2,2,6.160956989205798
3|8|4|2,4,5.120803660881621
3|8|4|2,0,3.1213645836899384
1|8|4|2,2,3.3107807522099124
1|8|4|2,3,4.307888475736837
1|8|4|2,0,2.2191546210359556
1|8|4|2,4,5.839383116162405
4|6|1|1,0,6.5244106102833594
4|6|1|1,2,7.102296446615929
4|6|1|1,1,8.149667712281447
4|6|1|1,3,6.891762479919406
0|11|2|2,2,7.247815266854268
0|11|2|2,4,3.5375350760184774
0|11|2|2,3,5.337914639264449
0|11|2|2,1,2.9334918668732475
3|1|1|0,2,6.739879276616086
3|1|1|0,1,7.624574481669562
3|1|1|0,0,9.00443244368983
3|1|1|0,4,6.695206425395714
4|1|1|0,3,6.397379847171119
4|1|1|0,1,7.798054275806065
4|1|1|0,0,9.045972305340701
4|1|1|0,2,6.5373520107125405
1|1|1|0,3,6.537250196281798
1|1|1|0,4,6.745306936849845
1|1|1|0,0,9.152301017112036
1|1|1|0,2,6.795461726470328
2|9|3|1,4,0.7884804997082628
2|9|3|1,3,6.9013625829934035
2|9|3|1,1,2.801234468467351
2|9|3|1,0,2.6057101457432528
4|10|3|1,0,1.4211724946227098
4|10|3|1,2,0.3650061149470667
4|10|3|1,1,6.47123601953578
4|10|3|1,3,3.48386520489166
0|10|3|1,1,3.3271775057751216
0|10|3|1,3,4.376941225680393
0|10|3|1,4,1.1491564540101908
0|10|3|1,2,2.447115532723104
1|6|3|0,4,4.010759052695189
1|6|3|0,0,7.236168125933198
1|6|3|0,2,5.370085401424045
1|6|3|0,3,6.500853707592537
4|9|3|3,2,4.471819508579606
4|9|3|3,0,4.576087273207054
4|9|3|3,3,6.4240091820818614
4|9|3|3,1,4.817179024834421
2|9|3|3,3,6.8594087006945
2|9|3|3,4,4.237599619954215
2|9|3|3,1,4.58864336842989
2|9|3|3,0,5.149971238630034
4|13|0|0,0,3.465623360616521
4|13|0|0,2,0.2002736092505305
4|13|0|0,3,0.865377562016433
4|13|0|0,1,1.562550888394336
0|15|2|2,2,10.99999999999999
0|15|2|2,4,1.8414748424734488
0|15|2|2,3,1.5063268524082916
0|15|2|2,1,0.041209764903067325
2|7|3|3,0,5.18242625301554
2|7|3|3,3,6.942125801896065
2|7|3|3,4,6.415392039572063
2|7|3|3,1,6.159197401987336
1|11|3|3,0,1.8613396430975153
1|11|3|3,3,3.4819525388749444
1|11|3|3,4,2.64745282438615
1|11|3|3,2,3.6223686008270666
4|10|1|0,1,4.46773170574747
4|10|1|0,2,1.5269904023906435
4|10|1|0,3,1.9512814019232716
4|10|1|0,0,0.6048639730639894
4|1|0|2,2,9.108400169916695
4|1|0|2,1,6.062042269874643
4|1|0|2,3,7.494466884973197
4|1|0|2,0,6.155131080521694
4|6|0|0,2,6.411639169817316
4|6|0|0,1,6.62291805598609
4|6|0|0,3,6.766825136124547
4|6|0|0,0,7.646986095323792
2|8|0|0,0,6.631695997128051
2|8|0|0,4,5.477179470591006
2|8|0|0,3,5.74623940539534
2|8|0|0,1,5.757992445684361
4|13|3|3,2,0.679596134547392
4|13|3|3,1,1.9013475840823453
4|13|3|3,0,3.0603390506181656
4|13|3|3,3,8.465505522290886
0|6|3|2,3,5.093096319839596
0|6|3|2,2,7.388224061173722
0|6|3|2,4,4.449160941208956
0|6|3|2,1,3.915195289092685
3|9|1|2,2,5.247731427422656
3|9|1|2,4,2.027310855442328
3|9|1|2,0,1.658213087409287
3|9|1|2,1,3.946202952305313
2|12|1|1,1,6.582180860296043
2|12|1|1,3,3.007949973436985
2|12|1|1,0,0.11822334020273823
2|12|1|1,4,1.774633634936378
4|2|2|1,3,6.939844408772417
4|2|2|1,1,8.876611298869246
4|2|2|1,0,5.244333463298113
4|2|2|1,2,8.248970444510974
3|2|2|1,1,9.077153422806584
3|2|2|1,4,7.239226467280028
3|2|2|1,0,5.960120060119981
3|2|2|1,2,7.470226856010776
4|5|2|3,0,4.329826517812484
4|5|2|3,3,8.09161002483721
4|5|2|3,2,5.953708615156781
4|5|2|3,1,5.355035205628765
3|8|2|2,1,4.289007289973453
3|8|2|2,0,5.030629727893287
3|8|2|2,4,5.325729027763256
3|8|2|2,2,7.350759919022772
3|2|3|1,4,4.463661451037395
3|2|3|1,1,8.713985446666888
3|2|3|1,2,5.231754869866089
3|2|3|1,0,4.699822730656095
2|3|3|1,0,5.81302158270136
2|3|3|1,1,7.698833862029281
2|3|3|1,3,8.516368371136176
2|3|3|1,4,6.07686968348425
0|4|3|1,2,6.275180766905303
0|4|3|1,1,8.443157532577246
0|4|3|1,4,6.234023899923842
0|4|3|1,3,7.832319749236624
2|4|3|1,3,6.338394774385446
2|4|3|1,4,4.806545170543144
2|4|3|1,0,4.97727581600908
2|4|3|1,1,8.34530960973819
3|1|4|0,1,6.5729725648803345
3|1|4|0,0,8.842436814332618
3|1|4|0,2,6.448224496077173
3|1|4|0,4,7.447745196186935
1|1|4|0,0,8.81963879208267
1|1|4|0,2,6.400216541335394
1|1|4|0,4,7.0736870254114566
1|1|4|0,3,6.498874897155618
3|14|1|1,1,7.3519237481068584
3|14|1|1,2,4.299588559479457
3|14|1|1,0,-1.6973399927123642
3|14|1|1,4,4.1557369196382155
1|15|2|2,3,-3.801145666033752
1|15|2|2,2,10.999999999999984
1|15|2|2,4,-0.2939848608162303
1|15|2|2,0,-2.1295410881588768
2|8|1|0,1,6.7212683634500925
2|8|1|0,3,3.838024686249396
2|8|1|0,0,5.637953077821039
2|8|1|0,4,3.1325747790990808
1|1|2|0,4,6.5833930154198885
1|1|2|0,2,7.773813404949304
1|1|2|0,3,6.630921942412904
1|1|2|0,0,9.016505413903982
4|1|2|0,2,7.690268344315889
4|1|2|0,1,6.511477707039107
4|1|2|0,0,8.913263258284976
4|1|2|0,3,6.510582340683996
2|2|2|0,4,6.907653327998211
2|2|2|0,3,6.7671760840828235
2|2|2|0,1,6.626260758351652
2|2|2|0,0,8.610642828257857
2|3|2|0,0,8.154993484026487
2|3|2|0,3,5.113581198567022
2|3|2|0,4,6.250700186306731
2|3|2|0,1,5.06917244929593
0|5|2|1,3,5.963673969361732
0|5|2|1,1,7.9528700354812605
0|5|2|1,2,6.7451927517634545
0|5|2|1,4,6.213960721718267
3|5|2|1,2,6.21103534292282
3|5|2|1,1,7.753984559187508
3|5|2|1,0,5.03087064965222
3|5|2|1,4,4.315215341017001
2|7|1|1,3,6.268174166890835
2|7|1|1,1,7.294909799862196
2|7|1|1,0,5.97398325355213
2|7|1|1,4,5.641785051214909
1|1|3|4,2,3.8105478647319972
1|1|3|4,0,3.4346654472064975
1|1|3|4,4,9.441609100914054
1|1|3|4,3,3.4346815362957193
2|1|3|4,4,9.54652580970819
2|1|3|4,0,4.297032988032015
2|1|3|4,1,3.6896220469531893
2|1|3|4,3,2.738274377352131
0|5|3|3,4,6.773387549806188
0|5|3|3,1,6.928763197507361
0|5|3|3,3,8.757814796452772
0|5|3|3,2,7.037037145820554
4|7|3|3,3,7.808217332454839
4|7|3|3,0,5.490170360585326
4|7|3|3,2,5.484888041245583
4|7|3|3,1,5.714256642330347
1|14|3|3,4,1.8992265632274719
1|14|3|3,3,6.387655555086508
1|14|3|3,0,-1.4277195157656921
1|14|3|3,2,-0.47924178867829886
1|7|0|0,4,6.045449743197458
1|7|0|0,0,8.015592617451363
1|7|0|0,3,6.10841062543102
1|7|0|0,2,5.985205230053727
3|2|1|0,0,8.748728809212956
3|2|1|0,4,7.332073651851461
3|2|1|0,2,6.7034661653504095
3|2|1|0,1,7.773333497209572
0|3|1|2,3,7.172347955666222
0|3|1|2,4,6.87566234626473
0|3|1|2,1,7.213671556466318
0|3|1|2,2,8.910341878268817
3|3|1|2,1,6.328094410517079
3|3|1|2,2,9.161080508881621
3|3|1|2,4,5.873628412051783
3|3|1|2,0,5.469717788788581
1|5|1|2,3,4.729387257408181
1|5|1|2,0,4.6739851580118055
1|5|1|2,4,6.072351574021754
1|5|1|2,2,4.158234141003458
3|6|1|2,2,7.996543298460342
3|6|1|2,0,4.773338082281125
3|6|1|2,4,5.235309158409445
3|6|1|2,1,4.9008562502989985
2|9|1|4,0,2.416561523625297
2|9|1|4,3,1.7287930772317828
2|9|1|4,4,4.292007650474936
2|9|1|4,1,3.859737783225369
0|10|1|4,4,4.994576633087867
0|10|1|4,2,1.335529533340247
0|10|1|4,3,0.3858882247990453
0|10|1|4,1,0.950430943652148
1|7|3|3,4,6.214013060962544
1|7|3|3,3,8.165081182934403
1|7|3|3,0,5.39418160440933
1|7|3|3,2,6.096783912282633
1|2|2|3,4,6.044878549457994
1|2|2|3,0,6.439027719161497
1|2|2|3,2,6.791309274474431
1|2|2|3,3,9.312137467871075
0|1|0|2,2,8.88918631741458
0|1|0|2,3,6.90418912445244
0|1|0|2,1,6.154101411878547
0|1|0|2,4,7.311878858090701
2|5|0|0,4,6.8610329561280174
2|5|0|0,3,6.89460569921778
2|5|0|0,1,6.787095524487246
2|5|0|0,0,8.525915557517926
1|2|2|0,4,7.159904990328937
1|2|2|0,3,7.291775227044289
1|2|2|0,2,7.49141493014416
1|2|2|0,0,8.817291616144411
2|1|4|0,0,8.998559489065265
2|1|4|0,3,6.676949513304225
2|1|4|0,4,7.8060112274973825
2|1|4|0,1,6.445395466922676
1|3|4|4,0,7.314165182121275
1|3|4|4,2,7.587758451133819
1|3|4|4,3,7.159776339089433
1|3|4|4,4,9.746848264486859
0|3|4|4,1,7.327330026171952
0|3|4|4,4,9.861465990038715
0|3|4|4,3,7.750166670185017
0|3|4|4,2,7.386614129116857
2|3|4|4,3,7.956535292248196
2|3|4|4,1,7.312291337458163
2|3|4|4,0,7.37321468250217
2|3|4|4,4,10.168726758375785
3|3|4|4,4,9.509856460008544
3|3|4|4,1,7.427851815984041
3|3|4|4,0,7.344259663577493
3|3|4|4,2,6.819197212991781
4|7|4|2,1,-1.6090726039576382
4|7|4|2,2,3.2497572544831232
4|7|4|2,0,0.7021512888832318
4|7|4|2,3,0.5931550489533035
0|7|3|2,2,7.299094635581854
0|7|3|2,1,3.6280603486925265
0|7|3|2,4,4.682190237561803
0|7|3|2,3,5.735251978787066
2|9|3|4,3,5.865283934848018
2|9|3|4,1,1.9731994049439963
2|9|3|4,4,3.2330390924140215
2|9|3|4,0,0.6268082080952344
3|12|4|4,1,3.445398611361291
3|12|4|4,2,1.546197105593132
3|12|4|4,4,4.907561420084363
3|12|4|4,0,0.22222700692733738
1|13|4|4,2,3.4765496243701453
1|13|4|4,4,9.565308814543547
1|13|4|4,3,2.6333656641896055
1|13|4|4,0,3.2341158598229836
1|5|3|2,2,8.42379488778811
1|5|3|2,0,4.863293132061141
1|5|3|2,3,6.574385720348552
1|5|3|2,4,4.616384284624115
3|9|0|1,2,3.248842821408857
3|9|0|1,4,2.9754950735233727
3|9|0|1,1,4.737263881435696
3|9|0|1,0,5.112779996459229
2|9|0|1,1,5.5628012061078085
2|9|0|1,3,2.95673844912419
2|9|0|1,0,2.811380912338223
2|9|0|1,4,3.8685476539035646
0|2|3|3,1,7.64757594468203
0|2|3|3,3,9.674323652258314
0|2|3|3,2,7.604011058457153
0|2|3|3,4,7.597422588581446
3|6|4|2,1,3.7706998221689925
3|6|4|2,0,3.53442059218832
3|6|4|2,2,6.669128926933263
3|6|4|2,4,5.909119656570647
1|6|4|2,0,3.6483907592260407
1|6|4|2,4,7.86310044827276
1|6|4|2,2,5.31218750363936
1|6|4|2,3,3.774807377432677
0|7|4|2,4,4.129193520790742
0|7|4|2,2,7.293543790446126
0|7|4|2,3,3.750748321927054
0|7|4|2,1,4.21121343108085
1|1|0|2,0,6.19664680650114
1|1|0|2,3,7.266601867225868
1|1|0|2,4,7.131463514309105
1|1|0|2,2,8.93144719335026
3|1|0|2,2,9.077063024828917
3|1|0|2,1,6.0739443841400815
3|1|0|2,0,6.160396356235421
3|1|0|2,4,7.266473238185082
1|8|0|0,2,5.213379853721174
1|8|0|0,3,5.551865927459733
1|8|0|0,0,6.86752030554044
1|8|0|0,4,5.524790262543407
2|1|0|1,4,7.179879186941869
2|1|0|1,0,6.022409530215319
2|1|0|1,1,9.044395056683939
2|1|0|1,3,7.133816714201538
0|1|0|1,2,6.9702751239769105
0|1|0|1,1,8.905607424713972
0|1|0|1,4,6.994085458336596
0|1|0|1,3,6.700888085066335
1|4|0|4,4,8.669091304388092
1|4|0|4,2,6.495207638074063
1|4|0|4,3,6.331097883097098
1|4|0|4,0,5.9941759811351965
4|4|0|1,2,6.224452587059868
4|4|0|1,3,5.654225280422786
4|4|0|1,0,6.531263852730863
4|4|0|1,1,8.35569611578339
0|9|0|3,1,0.9551356341257216
0|9|0|3,3,4.96968335583032
0|9|0|3,2,1.2904619393129582
0|9|0|3,4,1.072861943733767
1|9|0|3,2,3.0782078483970845
1|9|0|3,0,4.6285421239188
1|9|0|3,3,4.154855334735287
1|9|0|3,4,3.5168449912714133
2|11|0|3,3,1.5738736626945053
2|11|0|3,0,4.703791352456826
2|11|0|3,1,-0.24958852513538132
2|11|0|3,4,0.4826131078938401
3|2|0|2,2,9.492683968388375
3|2|0|2,1,6.036860825492601
3|2|0|2,0,6.731167255676826
3|2|0|2,4,4.818429936696256
0|15|4|4,1,0.9537446107427723
0|15|4|4,3,-2.553279521828453
0|15|4|4,4,10.999999999999986
0|15|4|4,2,0.20390261325757303
0|8|1|2,4,4.010211733650324
0|8|1|2,3,3.791082515477117
0|8|1|2,2,5.34653715726152
0|8|1|2,1,5.8349266740553
4|10|1|2,3,1.6529031071037308
4|10|1|2,1,4.839111821427965
4|10|1|2,2,2.955288800014623
4|10|1|2,0,2.1017880484315037
4|12|1|1,1,5.62423865446972
4|12|1|1,2,2.647345234587268
4|12|1|1,3,2.5383426381775283
4|12|1|1,0,0.4850807968675966
1|14|2|2,2,5.753564019453571
1|14|2|2,4,2.886592775008603
1|14|2|2,3,1.307176577375483
1|14|2|2,0,-0.7368418628527944
2|2|3|0,1,6.964293704685663
2|2|3|0,4,7.212840837789172
2|2|3|0,0,8.62025664114629
2|2|3|0,3,8.25513076368263
4|5|3|3,1,6.457880993290066
4|5|3|3,0,7.053322133606512
4|5|3|3,2,6.820270932529336
4|5|3|3,3,9.249786789279714
1|9|3|3,3,7.593911729438789
1|9|3|3,4,4.07149077886531
1|9|3|3,0,4.831697268126642
1|9|3|3,2,5.1008969884903115
0|2|1|2,1,6.616924132035822
0|2|1|2,3,7.421828902989991
0|2|1|2,2,9.154593227357209
0|2|1|2,4,7.225423208211557
3|2|1|2,1,5.887946990585447
3|2|1|2,0,5.33971832149018
3|2|1|2,2,9.443489339006215
3|2|1|2,4,5.653900253065743
4|3|1|2,2,8.85647985976862
4|3|1|2,0,5.140006208957181
4|3|1|2,1,6.426408896866212
4|3|1|2,3,6.071785600864758
2|6|1|0,0,6.49181337492853
2|6|1|0,3,4.871981249513616
2|6|1|0,4,5.165282501017267
2|6|1|0,1,7.362300171231697
1|8|0|4,3,2.5961107529199423
1|8|0|4,0,5.299811539885362
1|8|0|4,2,2.5234835527812116
1|8|0|4,4,6.127993338223751
3|8|0|4,2,2.3239382165311264
3|8|0|4,1,2.44377982237505
3|8|0|4,0,4.073022107944049
3|8|0|4,4,5.915605451096553
2|8|0|4,1,2.7125021236541214
2|8|0|4,4,6.845201432415455
2|8|0|4,3,3.2006656289015214
2|8|0|4,0,3.7222952032880867
0|11|4|4,3,3.054388971712466
0|11|4|4,4,5.699461484566923
0|11|4|4,1,2.617013561056842
0|11|4|4,2,3.7813205842861493
3|11|4|4,2,3.034240818347366
3|11|4|4,4,4.340746067846044
3|11|4|4,1,2.2386266844410434
3|11|4|4,0,3.7164160132108632
2|3|1|3,4,6.6550574048744435
2|3|1|3,1,6.830669743275125
2|3|1|3,0,6.473569527572106
2|3|1|3,3,9.200803838700267
4|4|1|3,0,5.527554200478418
4|4|1|3,2,4.906908029145573
4|4|1|3,1,6.760304228938057
4|4|1|3,3,8.65187397551609
1|3|2|2,4,7.9744500490593495
1|3|2|2,0,6.723168543703854
1|3|2|2,3,7.665030262803023
1|3|2|2,2,9.488211532045934
0|7|2|2,4,5.787506492539425
0|7|2|2,1,5.790444258325983
0|7|2|2,3,5.925921469228944
0|7|2|2,2,7.4760897671836295
0|3|0|3,3,8.899139199934439
0|3|0|3,4,6.302741857256054
0|3|0|3,1,6.547708292464818
0|3|0|3,2,6.492725521701032
3|5|0|1,4,5.70601929162972
3|5|0|1,2,6.180596049589799
3|5|0|1,0,5.5568709691541684
3|5|0|1,1,8.425968544979526
2|3|2|3,3,8.839507192388988
2|3|2|3,1,5.3669667546028235
2|3|2|3,4,4.814158567041506
2|3|2|3,0,4.832329981898151
4|8|2|2,1,5.109020855457371
4|8|2|2,0,6.142311941440294
4|8|2|2,2,7.400051227841856
4|8|2|2,3,5.807255810457793
4|8|1|0,3,3.74339652201723
4|8|1|0,0,6.553226450330687
4|8|1|0,1,5.864692949864448
4|8|1|0,2,4.302948512420214
3|10|1|0,2,0.9643311432334936
3|10|1|0,1,3.4775723329957935
3|10|1|0,4,2.0729963736966983
3|10|1|0,0,5.044884194991519
4|3|0|3,0,6.448891016282768
4|3|0|3,2,5.330566353396819
4|3|0|3,3,9.021071146120033
4|3|0|3,1,6.151327149032615
2|3|0|3,4,6.6796656569817605
2|3|0|3,1,6.390004080307337
2|3|0|3,0,7.423037159845392
2|3|0|3,3,8.940499783110644
2|4|2|0,4,5.2245364826145355
2|4|2|0,3,4.952791881189968
2|4|2|0,1,4.374054378076247
2|4|2|0,0,7.955559758907866
4|4|2|0,0,8.324037980038783
4|4|2|0,2,7.3421210495360425
4|4|2|0,1,6.312124930782309
4|4|2|0,3,6.0888802908248465
4|9|3|1,2,2.400127715006966
4|9|3|1,0,1.6913945807930264
4|9|3|1,1,5.479605223117129
4|9|3|1,3,3.268542216432405
2|1|1|4,3,3.6913730607467827
2|1|1|4,1,3.6898036686091253
2|1|1|4,4,9.522291351225787
2|1|1|4,0,3.385606363553984
3|1|1|4,4,9.484599999412128
3|1|1|4,0,4.3965019049611875
3|1|1|4,2,3.062602473899187
3|1|1|4,1,4.6724804357251735
3|6|1|1,4,7.014415725253008
3|6|1|1,2,6.84353024464396
3|6|1|1,0,6.840027977780086
3|6|1|1,1,8.283929995320474
4|1|4|0,2,6.851306666023448
4|1|4|0,1,6.745564681058628
4|1|4|0,3,6.392521223886823
4|1|4|0,0,8.61101362914425
3|2|4|4,2,7.6945887183284505
3|2|4|4,1,7.1132265585673595
3|2|4|4,4,9.745374438800694
3|2|4|4,0,7.5416238304695895
2|2|4|4,1,7.438198539448346
2|2|4|4,4,9.850350377330992
2|2|4|4,0,7.331427239010419
2|2|4|4,3,7.456845378731905
2|2|3|3,1,7.413326974088212
2|2|3|3,4,7.5691478824488385
2|2|3|3,3,9.945032204451408
2|2|3|3,0,7.288681370308059
4|2|3|3,2,7.684058793085314
4|2|3|3,0,7.4365425308808595
4|2|3|3,3,10.10272851716243
4|2|3|3,1,7.170367851420013
2|4|1|0,0,8.285230181367709
2|4|1|0,3,5.6966594545258555
2|4|1|0,4,6.426218503456379
2|4|1|0,1,7.101165555065743
1|10|3|4,2,1.9173794572284801
1|10|3|4,0,0.8709999670060754
1|10|3|4,4,4.110635921898012
1|10|3|4,3,2.3252909981797267
2|10|3|4,0,2.481041100183209
2|10|3|4,1,2.660964011780852
2|10|3|4,3,4.956333541528934
2|10|3|4,4,3.521298796609787
0|11|3|4,2,-1.603663676187238
0|11|3|4,1,1.754093158900315
0|11|3|4,3,5.109821280985153
0|11|3|4,4,1.0940938345387696
3|1|2|0,1,6.425616795212387
3|1|2|0,2,7.577173618878328
3|1|2|0,0,8.775635882873901
3|1|2|0,4,6.640350918617013
1|2|2|2,4,8.006440736246311
1|2|2|2,0,7.088419108271744
1|2|2|2,2,9.587698893073664
1|2|2|2,3,7.766172792165943
3|4|0|0,1,7.018370847795599
3|4|0|0,4,7.262947693170526
3|4|0|0,2,7.159846342452463
3|4|0|0,0,9.009929749957138
4|14|2|2,2,5.557055858139741
4|14|2|2,0,-0.8794786198708717
4|14|2|2,3,1.8433105850077294
4|14|2|2,1,-0.2191039186188112
0|9|1|3,2,1.5348416593089191
0|9|1|3,4,3.3871459034830464
0|9|1|3,3,5.845703769564748
0|9|1|3,1,2.6372243188470885
0|13|3|3,4,1.6781497291929117
0|13|3|3,3,4.502827685160619
0|13|3|3,1,2.677846335878672
0|13|3|3,2,1.6111437653869503
0|3|0|2,1,6.110233475660009
0|3|0|2,3,7.061738342170162
0|3|0|2,2,8.756762267604566
0|3|0|2,4,7.047751961994666
1|3|0|2,2,8.710306768119645
1|3|0|2,0,7.266563546258032
1|3|0|2,3,7.2451290246952285
1|3|0|2,4,6.915970098768597
2|6|0|1,1,7.227881948999861
2|6|0|1,0,5.415639274919997
2|6|0|1,4,5.3338951325316435
2|6|0|1,3,5.269051699144615
4|10|1|1,1,5.406431442758098
4|10|1|1,3,3.593602044836174
4|10|1|1,0,3.5709497298444983
4|10|1|1,2,3.4233817315504136
2|2|4|0,4,8.065818829941314
2|2|4|0,1,7.029854521214106
2|2|4|0,0,9.092833895571987
2|2|4|0,3,7.096722696686881
0|9|4|2,2,5.9076085125994116
0|9|4|2,3,1.9454242299380322
0|9|4|2,1,1.5914037260774503
0|9|4|2,4,3.337409926544418
3|1|3|0,0,8.584294122762552
3|1|3|0,2,6.4870224249265345
3|1|3|0,4,6.979933940555868
3|1|3|0,1,6.648327856011781
3|8|4|4,0,6.176585621347947
3|8|4|4,1,5.636175016314875
3|8|4|4,4,7.111883687227629
3|8|4|4,2,5.529502100135943
0|10|4|4,3,4.2510769215588615
0|10|4|4,1,3.807911444641666
0|10|4|4,4,6.906036990846144
0|10|4|4,2,2.1280521542940725
2|4|0|0,0,8.832773735235957
2|4|0|0,3,7.218122381775379
2|4|0|0,1,7.460875484592988
2|4|0|0,4,7.227127006315559
0|6|4|1,4,6.8384008049194
0|6|4|1,3,4.431503764802513
0|6|4|1,1,7.893375828270625
0|6|4|1,2,5.301345831718613
4|15|2|2,2,10.999999999999982
4|15|2|2,3,0.008613682853659821
4|15|2|2,1,0.7494382990984296
4|15|2|2,0,1.1454200141152868
3|4|2|1,1,8.675149162224415
3|4|2|1,2,6.2806246025728765
3|4|2|1,4,4.929380286326684
3|4|2|1,0,4.396745040624703
4|11|2|2,3,2.963611729891616
4|11|2|2,2,5.038745897645604
4|11|2|2,1,3.2226108122915456
4|11|2|2,0,3.9552013682975464
4|6|2|1,0,4.366252503974812
4|6|2|1,3,3.703321264090832
4|6|2|1,1,6.481438932344979
4|6|2|1,2,7.3939743769455095
3|8|2|1,1,6.8478692001885015
3|8|2|1,4,3.952314753218092
3|8|2|1,2,5.217557554838794
3|8|2|1,0,2.761952900059697
0|1|3|2,2,8.889031660929966
0|1|3|2,1,6.070055809319857
0|1|3|2,4,6.7241110527388015
0|1|3|2,3,7.515198951042727
1|5|3|4,2,4.115370565320731
1|5|3|4,0,5.755501209803176
1|5|3|4,3,4.653050452055285
1|5|3|4,4,8.311488812440073
2|6|3|4,0,3.789920841620404
2|6|3|4,1,4.0571495787498115
2|6|3|4,3,5.481703601513407
2|6|3|4,4,7.6333813228629595
0|6|3|4,2,3.830037183670889
0|6|3|4,4,7.959894517277845
0|6|3|4,1,4.7777519323611175
0|6|3|4,3,5.659518745866043
1|6|3|4,4,7.740640886017443
1|6|3|4,0,4.5606790056788284
1|6|3|4,2,4.596828368960746
1|6|3|4,3,6.12322894713299
3|2|2|0,2,8.220887017723262
3|2|2|0,1,6.69826254508677
3|2|2|0,0,8.825941853196705
3|2|2|0,4,6.993609579311536
0|6|2|4,2,4.784731551616217
0|6|2|4,1,3.4337265676089492
0|6|2|4,3,4.874925359867742
0|6|2|4,4,7.844114680927321
2|6|2|4,4,6.962757900727565
2|6|2|4,0,2.097757924989282
2|6|2|4,1,2.324444366745023
2|6|2|4,3,2.8155695917226624
3|9|2|2,2,7.4413412609435925
3|9|2|2,1,4.864861702332802
3|9|2|2,0,5.090718730310468
3|9|2|2,4,4.217004323821776
1|1|4|4,0,6.9414163645423645
1|1|4|4,2,6.871418022535333
1|1|4|4,4,9.957451851981856
1|1|4|4,3,6.977274210719292
2|10|3|3,0,3.4471642523016306
2|10|3|3,4,3.2305567537669715
2|10|3|3,3,4.251059810726611
2|10|3|3,1,4.13023749134617
2|12|4|4,4,5.802534890497061
2|12|4|4,1,3.8642870527419295
2|12|4|4,0,2.689448821067208
2|12|4|4,3,2.749183539141382
4|10|2|2,0,2.8791820191442814
4|10|2|2,2,6.313875293444818
4|10|2|2,3,4.495135747463447
4|10|2|2,1,2.534999323081802
3|10|1|1,0,3.392289609563224
3|10|1|1,2,4.4733983026561965
3|10|1|1,4,3.424333147351859
3|10|1|1,1,5.910625171389412
2|2|4|1,1,8.891147076292565
2|2|4|1,3,7.2397228507334725
2|2|4|1,4,7.076842380555205
2|2|4|1,0,5.247420058916964
1|3|4|3,2,5.253185028629142
1|3|4|3,3,9.056273370947704
1|3|4|3,4,6.710549010390255
1|3|4|3,0,5.541038461039383
2|3|4|3,1,5.934752635837901
2|3|4|3,3,9.003711764093774
2|3|4|3,4,7.732811996208684
2|3|4|3,0,5.763599798316614
3|6|4|1,0,4.116998788942537
3|6|4|1,4,6.976635079777144
3|6|4|1,1,5.787836086432124
3|6|4|1,2,4.453414476374955
0|8|4|4,4,7.133873976778401
0|8|4|4,2,5.282895623967987
0|8|4|4,3,4.857133898325233
0|8|4|4,1,5.485959086242413
1|1|4|3,4,8.109874668751315
1|1|4|3,3,9.051115864622
1|1|4|3,2,6.135901951546295
1|1|4|3,0,5.817409090107025
3|6|4|0,1,4.011035704518733
3|6|4|0,2,5.022480851685871
3|6|4|0,0,7.644596218995713
3|6|4|0,4,5.293017024855041
2|8|4|0,4,5.432269840003565
2|8|4|0,0,6.349616307583221
2|8|4|0,1,4.051862929983797
2|8|4|0,3,3.6069167421532975
4|1|1|1,2,7.696084024347155
4|1|1|1,1,9.805619966391573
4|1|1|1,0,6.546758347016069
4|1|1|1,3,7.040442476461324
3|13|2|2,0,3.2969024445355264
3|13|2|2,1,2.63720785878006
3|13|2|2,2,7.6099945444455965
3|13|2|2,4,1.3910801607472476
0|15|1|1,4,-0.1557903288095659
0|15|1|1,2,-1.17280695806233
0|15|1|1,3,-1.0443291471257434
0|15|1|1,1,10.999999999999988
4|15|1|1,3,2.4874851057085836
4|15|1|1,1,10.999999999999982
4|15|1|1,2,1.0880494144014263
4|15|1|1,0,1.0920842296104574
3|15|1|1,0,0.03838438208687828
3|15|1|1,2,-0.981272299096241
3|15|1|1,4,4.191866818933809
3|15|1|1,1,10.999999999999982
1|3|4|0,3,6.4031998548341695
1|3|4|0,4,7.62283770793515
1|3|4|0,0,8.693822644535711
1|3|4|0,2,6.962195590100845
0|4|4|2,3,5.376501995584916
0|4|4|2,1,5.969192407169581
0|4|4|2,2,8.78511056140254
0|4|4|2,4,6.628634006117607
3|5|4|2,4,6.623001991302427
3|5|4|2,2,8.017697697863237
3|5|4|2,1,4.074001505677688
3|5|4|2,0,4.598194109098665
4|6|2|2,2,7.7918325648411635
4|6|2|2,0,6.30358880726687
4|6|2|2,3,5.5725953433842745
4|6|2|2,1,6.032300864656255
2|9|4|0,4,3.616211094244816
2|9|4|0,1,2.7981973121521495
2|9|4|0,0,6.176465050122026
2|9|4|0,3,2.172096150182345
0|4|3|2,2,8.093808955711431
0|4|3|2,1,5.4660210191742875
0|4|3|2,4,5.831766344992994
0|4|3|2,3,7.8706862435734735
4|1|3|2,0,5.945394867858947
4|1|3|2,1,5.995728422933833
4|1|3|2,2,8.821811517487035
4|1|3|2,3,8.878429483390942
1|1|3|2,2,8.894438611316192
1|1|3|2,3,7.9643799821439565
1|1|3|2,0,6.024903624671874
1|1|3|2,4,6.5782925436001385
4|11|3|0,2,1.0004914128668054
4|11|3|0,0,2.4062881001970555
4|11|3|0,1,0.35075901522656827
4|11|3|0,3,3.637391604754173
2|12|3|0,0,4.020253637878799
2|12|3|0,1,0.7531139274109784
2|12|3|0,3,0.09774918348646094
2|12|3|0,4,-0.17645157223732558
2|5|1|1,3,6.427674481764329
2|5|1|1,1,8.813142441416927
2|5|1|1,0,6.5654771421099225
2|5|1|1,4,7.408676193793966
3|3|2|2,4,7.503657985394753
3|3|2|2,1,7.0390344565675536
3|3|2|2,2,9.892780061277126
3|3|2|2,0,7.061777578476045
1|9|2|2,4,5.249448928056156
1|9|2|2,3,5.396977166339289
1|9|2|2,0,5.425401810278655
1|9|2|2,2,6.181101091459472
1|4|2|2,3,6.50391614580448
1|4|2|2,4,7.699741510658947
1|4|2|2,2,9.358300575307078
1|4|2|2,0,7.051883006562479
4|4|2|2,1,7.034773697242797
4|4|2|2,2,8.88585708214458
4|4|2|2,0,7.269216881794512
4|4|2|2,3,7.207701659189659
4|5|3|2,0,4.587740376252169
4|5|3|2,3,5.780690477839836
4|5|3|2,2,8.338627787454008
4|5|3|2,1,4.55269016658316
0|5|3|2,3,7.774592822856735
0|5|3|2,1,4.951991146112914
0|5|3|2,4,5.263069054681049
0|5|3|2,2,6.92779941794224
2|11|4|0,3,1.3155090202762445
2|11|4|0,0,2.7139198816603365
2|11|4|0,1,0.246000151257922
2|11|4|0,4,1.154658759975045
4|1|1|2,3,7.483654800053196
4|1|1|2,2,8.975276034113202
4|1|1|2,0,5.920887534572488
4|1|1|2,1,6.062700779705734
2|4|1|3,0,5.843288508396147
2|4|1|3,3,8.421240737750196
2|4|1|3,1,6.769446463937768
2|4|1|3,4,6.486941754109311
0|4|1|3,1,6.623906270294094
0|4|1|3,4,6.050730770594457
0|4|1|3,2,6.039840241448001
0|4|1|3,3,8.737173676580852
1|4|1|3,2,4.827094799871862
1|4|1|3,3,5.928599864161741
1|4|1|3,0,5.271532777575821
1|4|1|3,4,6.914403469626804
4|2|3|0,0,8.5425980767355
4|2|3|0,2,6.7347850241251175
4|2|3|0,3,7.491124626115417
4|2|3|0,1,6.295043465720555
1|7|3|2,2,5.406322006237789
1|7|3|2,3,6.741801642470597
1|7|3|2,4,4.847530209974173
1|7|3|2,0,4.3254167151757
0|3|3|2,1,6.288046181272771
0|3|3|2,3,7.553436052823702
0|3|3|2,4,6.841086143379632
0|3|3|2,2,8.926940850636036
1|3|3|2,2,8.77851593074334
1|3|3|2,4,6.521080369885092
1|3|3|2,3,7.721479271623209
1|3|3|2,0,5.783870269275682
2|2|0|4,3,6.475143397276881
2|2|0|4,1,6.187204447293316
2|2|0|4,4,9.393731903714123
2|2|0|4,0,6.914337471593074
3|2|0|4,2,6.140092748445768
3|2|0|4,1,6.202375914894036
3|2|0|4,4,9.281613838261594
3|2|0|4,0,7.763794403782864
0|5|1|4,4,6.146352176870197
0|5|1|4,1,7.216725916272197
0|5|1|4,3,4.15789483840523
0|5|1|4,2,5.3419233943127145
1|8|4|4,3,5.108243503215863
1|8|4|4,4,6.496568353127395
1|8|4|4,2,5.216750677940048
1|8|4|4,0,5.5733480399034745
3|9|4|4,4,5.509524986878274
3|9|4|4,1,4.564495850722494
3|9|4|4,2,4.917009932967493
3|9|4|4,0,4.709133719026947
4|5|2|1,1,8.101720634410276
4|5|2|1,3,6.099517260817936
4|5|2|1,2,6.903309418071502
4|5|2|1,0,4.885263748467915
1|7|2|0,0,6.722691469731192
1|7|2|0,2,6.8292079606308675
1|7|2|0,3,4.142579902114188
1|7|2|0,4,4.450981043224024
3|12|4|0,1,0.8414798108933524
3|12|4|0,0,-0.23142615512985154
3|12|4|0,2,-0.04933487997184677
3|12|4|0,4,3.372024756988191
1|12|4|0,3,-0.8835072583532071
1|12|4|0,4,1.5642281339596218
1|12|4|0,2,0.9003702288920912
1|12|4|0,0,0.4474201995776962
0|8|0|1,2,2.1147367789850824
0|8|0|1,3,3.818800668599844
0|8|0|1,1,6.301906768980766
0|8|0|1,4,3.2052583208866143
0|9|0|1,1,4.311893029381576
0|9|0|1,2,2.617388232469304
0|9|0|1,4,1.9241723162013724
0|9|0|1,3,2.854824282475089
0|7|4|1,4,4.048775290752891
0|7|4|1,3,3.9731570793571382
0|7|4|1,1,6.760206415338378
0|7|4|1,2,4.922762091811876
4|7|1|0,1,6.558057811414544
4|7|1|0,2,4.30362455454072
4|7|1|0,3,3.7669164439513225
4|7|1|0,0,6.076646716535302
1|8|2|0,0,6.743358437189076
1|8|2|0,4,3.6389389244862853
1|8|2|0,3,3.5029765587718047
1|8|2|0,2,3.0371176992323474
0|10|2|1,3,-0.2784943021194247
0|10|2|1,4,0.5669025323979102
0|10|2|1,2,5.273279156289079
0|10|2|1,1,2.3454265681648336
4|5|0|3,1,5.024850387945121
4|5|0|3,3,8.236344916012483
4|5|0|3,0,6.02409283078658
4|5|0|3,2,5.3443234255596614
3|1|3|2,1,5.610847252374196
3|1|3|2,0,5.347231946876512
3|1|3|2,2,8.774617525337264
3|1|3|2,4,7.315905558998752
4|2|3|2,2,9.225797980703838
4|2|3|2,1,5.075204993642769
4|2|3|2,0,4.477180527346161
4|2|3|2,3,3.9906739332940564
2|4|3|0,0,8.494607551304979
2|4|3|0,3,7.08387668502131
2|4|3|0,1,6.049098301601405
2|4|3|0,4,5.947563060354105
2|6|1|3,0,4.061358292879484
2|6|1|3,4,6.2209984210542375
2|6|1|3,1,5.953809650344477
2|6|1|3,3,6.953456658633898
3|8|1|4,1,1.8941024399853787
3|8|1|4,4,6.640786851229845
3|8|1|4,2,2.4773159205829365
3|8|1|4,0,3.370946351924802
1|3|3|0,3,7.648702064422531
1|3|3|0,4,6.299515036033357
1|3|3|0,2,6.875571276609473
1|3|3|0,0,8.73018946406297
2|15|3|3,1,1.5930712776510256
2|15|3|3,0,-0.9225022771410709
2|15|3|3,4,-0.5245144925976757
2|15|3|3,3,10.99999999999999
2|1|2|0,0,8.855987874052412
2|1|2|0,3,6.715383374372946
2|1|2|0,4,6.697422822904367
2|1|2|0,1,6.554161731321133
4|2|1|3,1,6.441564858145665
4|2|1|3,2,5.256757048137263
4|2|1|3,3,9.156323257650335
4|2|1|3,0,6.28484944940734
2|8|3|0,0,4.641663975853211
2|8|3|0,4,3.514604738529468
2|8|3|0,1,3.4640592140031257
2|8|3|0,3,6.907088411150633
0|11|3|3,1,2.871664338026715
0|11|3|3,3,5.313673919552141
0|11|3|3,2,2.6200454468527075
0|11|3|3,4,3.0729442293578484
3|2|3|4,1,5.642459384634389
3|2|3|4,2,5.751548392408611
3|2|3|4,0,5.280308443298594
3|2|3|4,4,9.206431765097456
0|3|3|4,4,9.01278729723304
0|3|3|4,2,5.936883959143756
0|3|3|4,3,6.158327843381681
0|3|3|4,1,6.354324604844077
3|10|0|4,2,-0.2839582805293929
3|10|0|4,1,0.21387163589464814
3|10|0|4,0,4.820282023540588
3|10|0|4,4,2.436444014625612
2|10|0|4,4,3.1150190024630997
2|10|0|4,3,1.1713691192479445
2|10|0|4,1,1.1966067312151683
2|10|0|4,0,1.0461108831606805
2|3|4|0,0,8.701658594284565
2|3|4|0,4,6.416518139532556
2|3|4|0,1,6.300411818971307
2|3|4|0,3,7.065490575150792
3|3|2|0,0,7.963782636379143
3|3|2|0,4,6.093160337944538
3|3|2|0,2,8.218142125575437
3|3|2|0,1,5.96896501202218
1|6|2|4,4,7.825404811606126
1|6|2|4,0,4.024512216156161
1|6|2|4,2,5.178143132746733
1|6|2|4,3,4.255362390512621
2|8|0|3,1,2.101819100220017
2|8|0|3,0,4.503801050293217
2|8|0|3,3,5.844563700899536
2|8|0|3,4,4.93273651267139
3|1|4|2,4,8.58163126548747
3|1|4|2,1,5.960825079425773
3|1|4|2,0,5.951469420706676
3|1|4|2,2,9.153189050144547
4|1|4|2,3,6.407625358980801
4|1|4|2,2,8.968624229678463
4|1|4|2,1,5.343658216989781
4|1|4|2,0,5.232782042243431
1|2|0|4,0,7.191400113006499
1|2|0|4,4,9.286428695301758
1|2|0|4,3,6.68189937312946
1|2|0|4,2,6.476759173750255
0|2|0|4,2,6.601564093930013
0|2|0|4,3,6.413364292332354
0|2|0|4,4,9.443293925698518
0|2|0|4,1,6.311196896299345
2|3|0|4,3,6.398363533907578
2|3|0|4,0,7.30031519612527
2|3|0|4,4,8.942425561768534
2|3|0|4,1,6.471036997786245
3|10|4|4,2,3.8222902264046095
3|10|4|4,1,3.0420682107438326
3|10|4|4,4,5.860119703912608
3|10|4|4,0,3.6590233094658777
3|12|2|2,0,3.1097773947818745
3|12|2|2,2,6.623510505150923
3|12|2|2,1,1.3769970879681273
3|12|2|2,4,2.173537338406765
2|5|4|3,0,5.042357657790349
2|5|4|3,4,7.866869485898375
2|5|4|3,3,7.491483789799323
2|5|4|3,1,4.7207808578924855
0|5|4|3,1,4.9383255893372455
0|5|4|3,3,8.12609333088251
0|5|4|3,4,6.190911475568613
0|5|4|3,2,4.898927486855024
1|6|4|3,0,4.101948121674284
1|6|4|3,3,7.122389455304136
1|6|4|3,4,5.810439405677073
1|6|4|3,2,4.143389520320561
2|9|4|3,3,3.053611322651316
2|9|4|3,4,6.214245367272595
2|9|4|3,0,2.8809476337583226
2|9|4|3,1,2.6038523481871625
1|4|1|0,3,4.983922743922181
1|4|1|0,2,5.861638166004209
1|4|1|0,0,7.884982039741113
1|4|1|0,4,4.495490254500502
3|5|1|2,2,8.418575201396823
3|5|1|2,0,5.652798291709342
3|5|1|2,1,5.906702057941559
3|5|1|2,4,5.788811942938383
2|10|4|4,3,3.7041695297410033
2|10|4|4,1,3.5194163937415386
2|10|4|4,4,5.545868554699178
2|10|4|4,0,4.118405970051732
1|11|4|4,3,3.170076424406224
1|11|4|4,2,3.020471707285309
1|11|4|4,0,2.6036353123880205
1|11|4|4,4,5.377531925342696
2|6|3|0,3,5.78577194558931
2|6|3|0,4,5.185692334954226
2|6|3|0,0,6.02806650846604
2|6|3|0,1,4.8198240610682195
1|1|0|4,2,4.481394347140837
1|1|0|4,4,9.5418860249811
1|1|0|4,0,4.054442598284048
1|1|0|4,3,4.563220611037305
2|1|0|4,0,4.811885387017788
2|1|0|4,1,4.74851326124363
2|1|0|4,4,9.575675654600063
2|1|0|4,3,3.952930636148008
0|1|0|4,4,9.407591040216463
0|1|0|4,1,3.750390482337928
0|1|0|4,2,5.495710800621719
0|1|0|4,3,4.4247121617997385
0|14|3|3,3,7.050877292475226
0|14|3|3,1,-0.11074722558186068
0|14|3|3,2,1.4107069074522771
0|14|3|3,4,0.9909102075324054
4|8|3|0,1,3.03578953894492
4|8|3|0,3,6.691283765593416
4|8|3|0,2,3.3367022563842195
4|8|3|0,0,5.079422378544322
1|8|3|0,2,2.0802303786734244
1|8|3|0,0,4.87546443007273
1|8|3|0,4,4.385847685992223
1|8|3|0,3,6.94678511247718
0|3|0|1,1,8.622128440157407
0|3|0|1,3,6.965241512301802
0|3|0|1,4,7.442666486303694
0|3|0|1,2,7.7013387999841125
0|5|1|2,3,5.919912672924341
0|5|1|2,2,8.402153241549833
0|5|1|2,1,6.342346577808172
0|5|1|2,4,5.811012824214521
0|2|2|1,4,7.12011400054973
0|2|2|1,3,7.52877215239566
0|2|2|1,2,8.024968047305043
0|2|2|1,1,8.947881463656993
2|3|3|0,0,8.685863568368243
2|3|3|0,1,6.758167446718155
2|3|3|0,4,6.926378140527189
2|3|3|0,3,8.293108550281504
0|5|3|1,4,5.671134134454664
0|5|3|1,1,7.317726036702334
0|5|3|1,2,6.119284352552926
0|5|3|1,3,7.657877242183421
4|7|3|1,3,5.308877338509213
4|7|3|1,1,5.1363424542698715
4|7|3|1,0,4.507045123618537
4|7|3|1,2,4.359339252045156
2|9|2|3,0,0.1697529550038472
2|9|2|3,4,3.1077557859084024
2|9|2|3,1,0.02199535955082238
2|9|2|3,3,0.9247705989601027
0|10|2|3,2,2.2093878550516695
0|10|2|3,1,1.5195019285723752
0|10|2|3,3,5.450713013861695
0|10|2|3,4,3.265592551456523
2|10|2|3,0,-0.05642484279994098
2|10|2|3,4,2.1479330854845307
2|10|2|3,1,0.7434058115464274
2|10|2|3,3,1.1356101796623592
1|11|2|3,3,1.4672429452284725
1|11|2|3,2,4.825653008042508
1|11|2|3,4,1.5884864883171095
1|11|2|3,0,-0.6359486837984041
1|1|2|4,4,9.019639040190944
1|1|2|4,3,3.902466075107109
1|1|2|4,0,4.1551937167228035
1|1|2|4,2,3.749034935568433
0|4|2|1,3,6.35424595798875
0|4|2|1,4,7.1116363700046294
0|4|2|1,1,8.22936275909783
0|4|2|1,2,7.367622012302198
3|9|1|4,2,2.671389006663874
3|9|1|4,4,3.421222349296143
3|9|1|4,1,6.430267052436849
3|9|1|4,0,3.1220431097783448
3|5|2|2,1,7.029189795763431
3|5|2|2,4,7.031955372601064
3|5|2|2,2,8.932121342365976
3|5|2|2,0,6.020108627181193
2|9|1|3,3,6.093271702114126
2|9|1|3,0,1.8430627621270397
2|9|1|3,4,3.4698131481878174
2|9|1|3,1,3.4304263289101073
3|11|1|0,2,1.0611124639572889
3|11|1|0,4,-0.18230408329032988
3|11|1|0,1,3.276668450269856
3|11|1|0,0,3.53826493664751
2|12|1|0,1,0.9799118195424568
2|12|1|0,0,-2.615560120621417
2|12|1|0,3,-2.493074837105754
2|12|1|0,4,-1.3183712153041478
4|1|0|3,0,5.294054680458273
4|1|0|3,3,9.752049094515353
4|1|0|3,2,4.407705231892845
4|1|0|3,1,5.222442336403296
0|1|0|3,2,5.991064009143527
0|1|0|3,4,7.815584293450556
0|1|0|3,1,6.012123246952016
0|1|0|3,3,9.117354700289303
2|1|0|3,1,5.966512045648755
2|1|0|3,0,6.0446280437158215
2|1|0|3,3,8.96931550984129
2|1|0|3,4,7.969818140414432
1|1|0|3,3,8.900074246732975
1|1|0|3,2,6.129822018618713
1|1|0|3,4,7.908744731544748
1|1|0|3,0,6.135266226527776
1|1|2|3,3,8.788182109444262
1|1|2|3,2,5.974205895066362
1|1|2|3,4,7.291646073391529
1|1|2|3,0,6.012640418903338
3|2|2|4,0,6.261324609476668
3|2|2|4,4,9.26825484846869
3|2|2|4,1,6.596553491738855
3|2|2|4,2,6.258695824786503
0|2|2|4,4,9.393403571244773
0|2|2|4,3,6.491365116193597
0|2|2|4,1,6.669264196380289
0|2|2|4,2,6.490126644559679
2|5|2|0,3,2.705931197329502
2|5|2|0,1,3.7450997385468323
2|5|2|0,0,7.410211940426647
2|5|2|0,4,4.093766402107111
3|7|2|0,4,5.4471956671846895
3|7|2|0,0,6.7624265156747025
3|7|2|0,2,6.536846315280681
3|7|2|0,1,4.5248237416143615
1|2|3|2,2,8.825492649064495
1|2|3|2,4,7.779464532374247
1|2|3|2,0,5.990723245450995
1|2|3|2,3,8.008992523940895
2|6|0|4,3,5.199786339746079
2|6|0|4,4,7.751367643066343
2|6|0|4,1,5.659483005604325
2|6|0|4,0,5.153434996903729
3|7|0|4,2,3.8169180059653542
3|7|0|4,0,4.919395479610327
3|7|0|4,4,6.992212760880884
3|7|0|4,1,3.935765877775174
2|7|0|4,0,5.323846052487794
2|7|0|4,3,3.1825699000240353
2|7|0|4,1,4.6734022975593925
2|7|0|4,4,7.235914974143697
2|10|1|4,4,4.789037443392099
2|10|1|4,1,3.2695561838779517
2|10|1|4,0,-0.25536089930210726
2|10|1|4,3,1.106141538867536
1|5|4|4,3,7.039506447144524
1|5|4|4,4,8.421147884310106
1|5|4|4,2,6.899808409849756
1|5|4|4,0,7.171462653616082
3|5|4|4,1,6.861212525469519
3|5|4|4,2,6.939049302792475
3|5|4|4,4,8.483585012986975
3|5|4|4,0,7.002720330379173
0|2|4|1,2,7.0144521775993365
0|2|4|1,1,8.865952450657511
0|2|4|1,4,6.965646362749801
0|2|4|1,3,6.775598113906242
2|4|4|1,3,5.999378160164774
2|4|4|1,4,7.925312486425382
2|4|4|1,1,6.702241708464969
2|4|4|1,0,4.08429732702856
3|2|3|0,0,8.38435033214293
3|2|3|0,1,6.1171397112446755
3|2|3|0,4,6.719755316824296
3|2|3|0,2,6.662927204072801
4|6|3|1,2,4.670968622362659
4|6|3|1,0,4.414597419465122
4|6|3|1,3,7.794632036111041
4|6|3|1,1,6.535232346366455
2|8|3|1,3,7.117757568288734
2|8|3|1,0,2.9648806301045196
2|8|3|1,4,2.5821361386642354
2|8|3|1,1,5.175110914290986
3|6|1|4,1,7.282281274013808
3|6|1|4,2,4.57499432237352
3|6|1|4,0,4.07502572448604
3|6|1|4,4,4.868317740723595
1|9|0|4,3,1.649292680190957
1|9|0|4,2,1.4461213573873741
1|9|0|4,4,4.597821391666272
1|9|0|4,0,2.49836866379161
3|9|0|4,0,4.133743026635992
3|9|0|4,1,2.8106575592009424
3|9|0|4,2,0.9864965139040126
3|9|0|4,4,4.449846593504612
0|8|2|1,1,5.300733341122723
0|8|2|1,3,3.832548115975411
0|8|2|1,4,2.9912415263243735
0|8|2|1,2,6.832323379366114
1|9|2|0,2,5.790015562348907
1|9|2|0,4,2.6985059022919975
1|9|2|0,0,3.7804056079494663
1|9|2|0,3,1.9090708822620672
2|11|3|4,3,1.9231439526231515
2|11|3|4,4,6.002295008680978
2|11|3|4,0,-0.7060965555692142
2|11|3|4,1,-0.0496971965843801
4|4|2|1,2,8.276784250193595
4|4|2|1,3,5.4011177722396075
4|4|2|1,0,3.6092895568947316
4|4|2|1,1,7.1169390877510414
2|6|2|0,4,2.479350330531278
2|6|2|0,3,5.609607542329866
2|6|2|0,1,2.4622739206515125
2|6|2|0,0,3.782028669567348
4|6|2|0,2,6.454536425965404
4|6|2|0,1,4.551590611485672
4|6|2|0,3,6.273892250988077
4|6|2|0,0,6.630994951956653
4|7|2|0,2,5.128617156916738
4|7|2|0,3,4.990265947711277
4|7|2|0,0,7.10103873874386
4|7|2|0,1,3.7219962866831002
2|7|1|4,1,5.42039337380361
2|7|1|4,3,4.05276878573447
2|7|1|4,4,7.2692391875750095
2|7|1|4,0,3.5533990553927635
2|6|4|3,0,4.895819840582671
2|6|4|3,3,5.834879891722045
2|6|4|3,1,4.198847548163882
2|6|4|3,4,7.495784464737534
0|8|4|3,1,2.9183946564776493
0|8|4|3,4,6.3347560554134335
0|8|4|3,2,2.6189402032131754
0|8|4|3,3,3.9965776994923172
2|10|4|3,4,2.980342560160159
2|10|4|3,0,1.1104301813118982
2|10|4|3,3,4.832013730765912
2|10|4|3,1,1.5600489535779478
2|3|3|4,3,7.885917957404308
2|3|3|4,1,5.774769628889374
2|3|3|4,4,6.589046729639578
2|3|3|4,0,5.556603452762969
4|9|0|2,0,3.633696644944667
4|9|0|2,2,5.626694193656564
4|9|0|2,1,2.9864084604212326
4|9|0|2,3,3.117768219326137
0|1|1|3,4,7.619889987788711
0|1|1|3,1,5.692136228498479
0|1|1|3,3,9.163048370985235
0|1|1|3,2,5.911660465640741
2|2|1|0,4,6.744877401138958
2|2|1|0,0,8.579304980163805
2|2|1|0,1,7.447148059678224
2|2|1|0,3,6.923932180040617
1|9|2|3,3,4.349678126824693
1|9|2|3,0,2.597351263603693
1|9|2|3,4,3.982101785129277
1|9|2|3,2,1.524308664172625
1|1|1|3,4,8.155916019050373
1|1|1|3,2,5.7299132907056665
1|1|1|3,0,5.948996181510348
1|1|1|3,3,9.21725453731085
4|1|1|3,1,3.9272960483636306
4|1|1|3,2,4.2283789427711325
4|1|1|3,3,9.63141014008019
4|1|1|3,0,5.102168693039127
2|1|1|3,0,5.930973934556578
2|1|1|3,4,7.871813428794595
2|1|1|3,3,9.09618399591971
2|1|1|3,1,5.7710884339436515
3|4|1|0,4,6.9591854351650335
3|4|1|0,0,7.359914270826666
3|4|1|0,1,8.328142110101508
3|4|1|0,2,6.447191136264822
2|15|4|4,3,-2.412511653300024
2|15|4|4,0,-1.5984447663091546
2|15|4|4,1,-1.8081551573850816
2|15|4|4,4,10.999999999999991
3|15|4|4,1,1.586191048375995
3|15|4|4,0,-0.07248745249626193
3|15|4|4,2,-0.10754626669158585
3|15|4|4,4,10.999999999999993
4|3|0|1,0,5.7024602500261645
4|3|0|1,2,5.798928783525721
4|3|0|1,1,9.075210116846472
4|3|0|1,3,6.383092582759258
1|7|2|3,2,4.0272679931837265
1|7|2|3,0,3.345080570737902
1|7|2|3,4,4.61039041266889
1|7|2|3,3,7.535391807439869
3|5|3|4,2,1.8508032412822815
3|5|3|4,4,3.2556546405099427
3|5|3|4,1,2.6365262068380124
3|5|3|4,0,5.338718781973515
3|6|3|4,1,0.9332230791771776
3|6|3|4,2,2.315133267832858
3|6|3|4,4,6.28912205851651
3|6|3|4,0,1.7362439488864985
4|9|3|0,3,4.666634712793862
4|9|3|0,0,6.672182555975459
4|9|3|0,1,2.1199378044842465
4|9|3|0,2,3.1454619039408054
1|5|2|0,3,5.907413951120782
1|5|2|0,2,6.799211043291039
1|5|2|0,0,8.017904004004578
1|5|2|0,4,6.1210363217222215
2|7|0|1,0,4.935738095460911
2|7|0|1,1,7.073271108671813
2|7|0|1,4,4.838874987625599
2|7|0|1,3,4.267623368282494
1|10|0|2,2,5.182870035392466
1|10|0|2,4,3.0108559688350973
1|10|0|2,3,0.2750818581347344
1|10|0|2,0,3.9874310338291252
2|12|0|4,4,1.504530778677409
2|12|0|4,0,4.201733385282029
2|12|0|4,3,-0.6934817903279673
2|12|0|4,1,0.24532415360098633
2|1|2|3,4,7.550714693465903
2|1|2|3,1,5.798461986183735
2|1|2|3,0,5.856145030115931
2|1|2|3,3,9.15205013204261
1|3|2|3,4,6.798466087646503
1|3|2|3,3,9.044266329586598
1|3|2|3,0,5.92911248259263
1|3|2|3,2,7.0981504136494245
4|3|2|3,0,5.0550039283494055
4|3|2|3,3,8.96009726239609
4|3|2|3,1,5.475774759153339
4|3|2|3,2,6.956867862064408
2|2|2|1,4,6.64292465911622
2|2|2|1,1,8.73892439538641
2|2|2|1,0,5.7283574728853335
2|2|2|1,3,6.781354396276996
4|7|1|2,0,3.130758907164723
4|7|1|2,2,7.193077289358299
4|7|1|2,3,3.067031377297464
4|7|1|2,1,5.905226783092948
0|7|1|2,2,7.5263340214033265
0|7|1|2,4,3.220883984568664
0|7|1|2,1,5.960394356159967
0|7|1|2,3,4.895482900935109
4|5|3|1,0,4.5331807905518575
4|5|3|1,3,7.820950701733538
4|5|3|1,2,4.800798390986606
4|5|3|1,1,5.708802771863545
4|8|0|1,2,4.541477145303473
4|8|0|1,1,6.066883649508293
4|8|0|1,0,4.8740588163112335
4|8|0|1,3,3.736717374367923
2|8|0|1,0,4.377868553327986
2|8|0|1,3,3.0103861243381624
2|8|0|1,4,3.5021644686084223
2|8|0|1,1,6.91954399355794
4|15|3|3,3,10.999999999999982
4|15|3|3,1,-2.776019923229862
4|15|3|3,0,0.49450294886005686
4|15|3|3,2,-1.3732191783003094
0|13|4|4,3,2.072142730496026
0|13|4|4,1,-0.5379433187942275
0|13|4|4,2,3.346363824167166
0|13|4|4,4,6.581304929915101
4|8|1|3,3,3.174852855916157
4|8|1|3,1,5.441485528677988
4|8|1|3,2,3.2301170792613694
4|8|1|3,0,2.826579156710258
1|8|4|0,4,6.645731623579924
1|8|4|0,0,4.044489062279363
1|8|4|0,2,4.205053685433706
1|8|4|0,3,2.461049901354605
0|9|2|3,3,5.8312905084767195
0|9|2|3,2,5.39680132631463
0|9|2|3,1,1.504692721971124
0|9|2|3,4,3.3460387567580776
0|5|3|4,4,7.5595858006635295
0|5|3|4,1,4.399951624935768
0|5|3|4,3,5.495672689959825
0|5|3|4,2,3.326004602946274
2|2|1|3,1,6.592715627585417
2|2|1|3,3,9.466804346747526
2|2|1|3,4,6.357264588117695
2|2|1|3,0,6.342936810787486
1|3|1|3,3,8.88560364040196
1|3|1|3,0,5.740754111451502
1|3|1|3,4,5.768079202721301
1|3|1|3,2,6.122500351203487
3|5|2|4,0,4.93081655583469
3|5|2|4,4,7.866057468221736
3|5|2|4,2,5.850013824693103
3|5|2|4,1,4.920828515480819
3|6|2|4,1,5.378518329403893
3|6|2|4,0,4.653438801999534
3|6|2|4,4,7.918328273801442
3|6|2|4,2,5.125912545443732
0|12|4|1,3,0.000501470424085243
0|12|4|1,1,-0.8812755353173753
0|12|4|1,4,1.2007024019714088
0|12|4|1,2,-0.005178972609150956
3|12|4|1,2,1.157031667163926
3|12|4|1,1,-1.311381445732656
3|12|4|1,0,-1.4995238433640041
3|12|4|1,4,0.8607932409601204
3|7|1|0,4,5.233175991587983
3|7|1|0,0,4.522152754070491
3|7|1|0,2,2.599159875380769
3|7|1|0,1,5.052505221499648
2|10|0|1,1,3.8077771271143144
2|10|0|1,0,4.789257441833207
2|10|0|1,3,1.0915672688956475
2|10|0|1,4,2.1571389558853835
1|12|0|4,0,3.3113607477921563
1|12|0|4,2,0.24101437473283543
1|12|0|4,4,0.16433135776863406
1|12|0|4,3,-0.39775010639116043
0|8|1|3,4,3.9719079229405216
0|8|1|3,3,6.323728218079833
0|8|1|3,1,3.911122139944803
0|8|1|3,2,3.190296797710496
0|9|4|4,4,6.845898093911734
0|9|4|4,3,3.5718230106522655
0|9|4|4,1,4.956848426431443
0|9|4|4,2,4.459243128954808
2|2|3|1,1,8.784064889508706
2|2|3|1,4,7.681874680361191
2|2|3|1,0,5.602609147798501
2|2|3|1,3,8.350869135128107
1|4|3|0,4,6.712900929706606
1|4|3|0,3,7.144500095760535
1|4|3|0,0,7.886836983436691
1|4|3|0,2,6.224556206028291
4|5|3|0,0,7.841700951480338
4|5|3|0,1,4.695008687043974
4|5|3|0,3,7.546913847845829
4|5|3|0,2,5.3106346847843575
1|2|4|0,2,7.210270071109989
1|2|4|0,3,6.980559099361837
1|2|4|0,4,8.17148339266498
1|2|4|0,0,8.656612626603362
0|3|4|3,2,5.6695707596652065
0|3|4|3,1,6.167774160782456
0|3|4|3,3,9.097030997687307
0|3|4|3,4,7.163781657366234
3|4|0|2,1,5.646708365793147
3|4|0|2,4,6.454813685194201
3|4|0|2,0,6.920350906934944
3|4|0|2,2,8.638879428537402
1|4|0|2,3,6.666959019287448
1|4|0|2,4,6.434714151032985
1|4|0|2,0,6.8714707773344825
1|4|0|2,2,8.634238875085556
2|5|2|3,4,3.366515315864732
2|5|2|3,0,3.1674822004754963
2|5|2|3,3,7.040862158031226
2|5|2|3,1,3.582904418474357
4|6|2|3,1,4.823644006932656
4|6|2|3,0,4.647629164699177
4|6|2|3,3,5.118066263933906
4|6|2|3,2,5.907765124024498
0|8|2|3,3,7.160791217801868
0|8|2|3,4,3.4222488240833586
0|8|2|3,1,1.050757418612114
0|8|2|3,2,3.030058353885648
2|15|1|1,1,10.999999999999982
2|15|1|1,3,0.6128793468648042
2|15|1|1,0,1.6176727206632093
2|15|1|1,4,-0.7599767931518512
0|6|1|2,3,5.31570097198677
0|6|1|2,2,8.022897957486286
0|6|1|2,4,4.976760031659493
0|6|1|2,1,6.060084401612712
0|6|3|1,3,6.6913250097375565
0|6|3|1,2,5.141901320779639
0|6|3|1,1,4.444846737769419
0|6|3|1,4,4.824024933115038
3|6|3|1,1,4.789207079562411
3|6|3|1,4,2.3138565789675254
3|6|3|1,2,3.025811620343786
3|6|3|1,0,2.6475984809653847
3|3|1|1,4,7.35120044741324
3|3|1|1,0,6.639950909980633
3|3|1|1,1,9.435196210043156
3|3|1|1,2,7.324219942832283
4|7|2|1,0,3.1990271485702153
4|7|2|1,1,7.4436468244214655
4|7|2|1,3,4.317709066097069
4|7|2|1,2,4.187590705410512
2|7|3|4,4,5.5526683101097865
2|7|3|4,3,6.05660022050523
2|7|3|4,0,2.9181124958497344
2|7|3|4,1,3.7779006887194493
1|2|0|2,2,9.335948716458844
1|2|0|2,0,6.799385505521732
1|2|0|2,3,7.607890826393706
1|2|0|2,4,7.253911840054355
0|13|0|1,2,-2.5612499773556525
0|13|0|1,4,-1.4542428845684976
0|13|0|1,1,-0.5495835833009765
0|13|0|1,3,-0.5782829146019588
4|5|1|3,3,7.565599053383193
4|5|1|3,1,6.445900653880838
4|5|1|3,0,4.980213065138292
4|5|1|3,2,5.35520389510607
0|3|1|4,3,7.1545279621249716
0|3|1|4,4,9.13146388581616
0|3|1|4,1,6.407118390955486
0|3|1|4,2,7.007833298862844
2|9|4|4,4,6.696963961851992
2|9|4|4,1,4.850152931187638
2|9|4|4,3,4.183763124067362
2|9|4|4,0,4.422175349895141
4|4|0|2,3,6.288078397273661
4|4|0|2,0,6.418225678473099
4|4|0|2,2,8.635219566577476
4|4|0|2,1,5.636501778054897
3|4|3|4,1,2.890264052174908
3|4|3|4,2,3.3760914786227127
3|4|3|4,0,3.5565773006912327
3|4|3|4,4,8.140219992614258
0|1|1|4,3,4.187886951977538
0|1|1|4,2,4.014425918541811
0|1|1|4,1,4.437091197272367
0|1|1|4,4,9.586769456810815
1|1|1|4,4,9.347160190810325
1|1|1|4,3,4.434957788369831
1|1|1|4,0,4.772305778302969
1|1|1|4,2,4.556641023759399
2|4|2|1,1,8.125505698859236
2|4|2|1,0,3.7445383311883194
2|4|2|1,3,3.2176481580392053
2|4|2|1,4,3.7302003507467134
2|4|4|4,1,7.077606541393549
2|4|4|4,0,7.232670420797263
2|4|4|4,3,7.613162339687366
2|4|4|4,4,9.365072277579833
1|4|4|4,0,7.277859899883781
1|4|4|4,2,7.507092385845059
1|4|4|4,3,7.471898397878213
1|4|4|4,4,9.049407114398594
1|10|4|4,2,3.970796198427375
1|10|4|4,3,3.364615498552149
1|10|4|4,4,6.084970101325235
1|10|4|4,0,3.240426273135417
4|10|0|2,3,2.1474341434709907
4|10|0|2,2,5.357453986867308
4|10|0|2,0,2.8249933088966457
4|10|0|2,1,0.7042919284871962
2|9|2|0,3,0.26896194501297066
2|9|2|0,1,1.7422025908216507
2|9|2|0,0,-0.16239197848553427
2|9|2|0,4,0.7080788969778047
3|9|2|0,1,0.4736283778136962
3|9|2|0,2,6.302816980101496
3|9|2|0,4,2.47167271876416
3|9|2|0,0,3.939787408494288
0|10|0|1,4,-0.053576087716455334
0|10|0|1,2,-2.877430831354516
0|10|0|1,3,0.6145669625908293
0|10|0|1,1,1.853042183782658
4|10|0|1,1,1.7740396898964972
4|10|0|1,2,0.38269960678484527
4|10|0|1,3,1.8706411619721712
4|10|0|1,0,4.836304115745498
0|6|1|4,1,6.583057709393696
0|6|1|4,3,4.1293728603794015
0|6|1|4,2,4.861067455438515
0|6|1|4,4,5.808715313134777
1|8|2|4,2,3.2772324263974175
1|8|2|4,4,6.874729832566397
1|8|2|4,0,2.687303512046023
1|8|2|4,3,2.5951056330612294
1|5|0|2,0,6.887065508129722
1|5|0|2,4,5.36714111256262
1|5|0|2,3,6.192506314300314
1|5|0|2,2,8.184856238606663
0|5|0|2,3,3.9487757632715135
0|5|0|2,4,1.4532803827495748
0|5|0|2,1,4.655942628043221
0|5|0|2,2,7.814539615504259
3|6|0|2,1,4.824447082901057
3|6|0|2,2,6.713344635241434
3|6|0|2,0,7.012037720753173
3|6|0|2,4,5.368244731549468
1|6|0|2,4,5.500827627691623
1|6|0|2,3,5.0870405654442035
1|6|0|2,0,5.327085719111569
1|6|0|2,2,6.863838690092908
4|7|0|2,1,4.591400297886246
4|7|0|2,2,5.977165066848455
4|7|0|2,3,4.375235640091438
4|7|0|2,0,5.629933471690602
1|7|0|2,4,4.635230395152584
1|7|0|2,3,4.397758534707872
1|7|0|2,0,6.318889881093033
1|7|0|2,2,6.347137826466619
0|1|2|3,3,9.181705421596332
0|1|2|3,1,5.611689036212012
0|1|2|3,4,7.605205878796779
0|1|2|3,2,5.968440478945435
1|4|3|2,4,5.780791154549898
1|4|3|2,2,8.671757867699615
1|4|3|2,0,5.2607569532908895
1|4|3|2,3,7.939189029073832
4|4|3|2,3,7.171175803461832
4|4|3|2,2,8.611336507429256
4|4|3|2,1,5.594924961522411
4|4|3|2,0,4.845347074734702
0|3|4|2,1,6.045743364941567
0|3|4|2,2,8.804641306632726
0|3|4|2,4,7.437221669979181
0|3|4|2,3,6.956192250743689
1|4|4|0,3,5.998970817557391
1|4|4|0,2,6.276444864106152
1|4|4|0,4,8.167829801961703
1|4|4|0,0,7.198630821182135
3|4|4|0,2,5.147264306469187
3|4|4|0,4,7.215015298400026
3|4|4|0,1,6.10454633604296
3|4|4|0,0,8.392023067778632
0|3|4|1,4,7.6440568590421
0|3|4|1,2,6.597150113455188
0|3|4|1,3,7.192940766668824
0|3|4|1,1,8.742806224337926
0|6|0|1,1,6.261945916831284
0|6|0|1,4,3.388104306735852
0|6|0|1,2,5.099956615722277
0|6|0|1,3,5.284913089774873
1|4|3|4,0,5.27486775794236
1|4|3|4,4,8.783127587822912
1|4|3|4,2,5.667339638012564
1|4|3|4,3,5.900643228739925
0|4|3|4,1,5.416465422039321
0|4|3|4,2,5.345362370017707
0|4|3|4,3,4.981079576916839
0|4|3|4,4,8.678715529390496
4|6|3|2,0,4.757183390054975
4|6|3|2,3,6.796452716998305
4|6|3|2,1,4.387030134890892
4|6|3|2,2,5.515020066418642
2|6|4|4,3,5.9994600608137585
2|6|4|4,0,6.682414327998016
2|6|4|4,4,8.300695680592815
2|6|4|4,1,6.933434677644507
3|2|1|4,4,9.456916705345114
3|2|1|4,0,6.465060698051175
3|2|1|4,1,7.13098528627209
3|2|1|4,2,6.504896139402867
0|4|4|1,4,7.175537528320329
0|4|4|1,3,6.832897168026735
0|4|4|1,2,6.240107483920003
0|4|4|1,1,8.388487306632877
4|5|4|1,0,2.534320377077428
4|5|4|1,2,2.967723419531862
4|5|4|1,1,6.557169730039386
4|5|4|1,3,0.8530152281593153
0|3|1|3,2,6.61272906813419
0|3|1|3,3,9.255693418041915
0|3|1|3,4,7.12302853271878
0|3|1|3,1,7.248699246575301
3|6|3|0,0,2.8738541701217843
3|6|3|0,4,2.0346462344254252
3|6|3|0,2,5.694587913434342
3|6|3|0,1,2.613319443285552
2|12|4|1,3,2.517006466708063
2|12|4|1,0,-0.8768907581509141
2|12|4|1,4,1.3447591988549932
2|12|4|1,1,0.2475405598474006
3|13|4|1,1,1.4503107286707428
3|13|4|1,2,0.21247810855431
3|13|4|1,0,-0.44808507064763403
3|13|4|1,4,-0.20100000000000073
3|5|2|0,1,5.177439389285241
3|5|2|0,4,5.695612617338054
3|5|2|0,0,7.898091568302629
3|5|2|0,2,5.338148629635622
0|7|4|4,2,6.33778292965192
0|7|4|4,1,5.995266834465564
0|7|4|4,4,7.829325357251211
0|7|4|4,3,5.588389740812055
3|6|2|1,0,4.608212520714763
3|6|2|1,1,7.422262302690674
3|6|2|1,4,4.322961353620665
3|6|2|1,2,5.607136204518806
0|7|2|1,3,3.9008500496184713
0|7|2|1,2,5.915928016029677
0|7|2|1,1,7.098018971232796
0|7|2|1,4,5.810512260911086
3|7|2|1,4,5.09593603525768
3|7|2|1,2,6.07836465660225
3|7|2|1,1,6.304985607808179
3|7|2|1,0,3.288519709160447
2|5|2|4,1,1.5526249163228116
2|5|2|4,3,6.1712642045580814
2|5|2|4,0,2.4345385690826054
2|5|2|4,4,3.7712351948165574
0|9|1|4,2,1.5931013694296219
0|9|1|4,4,3.724413334769706
0|9|1|4,1,5.522453917716982
0|9|1|4,3,1.9780839984341707
4|10|2|0,3,-0.13602299742939564
4|10|2|0,1,1.3201870032544383
4|10|2|0,2,1.8998088650674854
4|10|2|0,0,5.006732048236898
3|8|0|1,0,4.953845191080427
3|8|0|1,2,3.5538803627658817
3|8|0|1,1,6.309927386865719
3|8|0|1,4,4.424859309776567
0|7|1|4,2,3.7356138915497645
0|7|1|4,4,5.7856973313382944
0|7|1|4,1,6.278853888487557
0|7|1|4,3,3.348282384138329
2|8|1|4,4,3.13206524022552
2|8|1|4,0,4.07148583037287
2|8|1|4,1,2.906855374342625
2|8|1|4,3,3.110277560835259
0|3|3|1,4,7.17707700514407
0|3|3|1,2,6.750478856126014
0|3|3|1,1,8.542608837604558
0|3|3|1,3,8.281805350579491
4|3|3|1,3,5.9972291844005845
4|3|3|1,0,4.818699868176147
4|3|3|1,1,8.993144864521641
4|3|3|1,2,5.117412479269238
3|6|0|1,1,6.296981703151545
3|6|0|1,4,5.135946443152934
3|6|0|1,0,5.961906997716293
3|6|0|1,2,4.8497964941268155
2|12|1|3,1,4.134375494600956
2|12|1|3,0,-0.5707039166536321
2|12|1|3,3,-1.1653852385675019
2|12|1|3,4,-1.2235007778302467
2|4|2|3,4,6.003605349623958
2|4|2|3,3,8.439631122532525
2|4|2|3,0,4.541290384685913
2|4|2|3,1,3.085110519445138
1|3|2|4,3,6.435522692590446
1|3|2|4,0,6.305461190224079
1|3|2|4,4,9.26359403257273
1|3|2|4,2,6.165462572219121
2|5|3|1,3,7.8172332269659135
2|5|3|1,1,5.614582307832064
2|5|3|1,0,5.251982995095684
2|5|3|1,4,4.744678824513687
0|11|2|4,1,1.2303511001809864
0|11|2|4,2,4.89510517361149
0|11|2|4,3,-0.5255425756746772
0|11|2|4,4,3.042572078435799
1|12|2|4,2,5.755189424645369
1|12|2|4,0,-2.7193894231897775
1|12|2|4,4,-0.24796607687540817
1|12|2|4,3,0.4470996374336096
0|11|3|2,1,-0.773306635976606
0|11|3|2,3,4.41197441758343
0|11|3|2,2,1.9123288021495364
0|11|3|2,4,0.9849373360210798
1|11|3|2,2,4.156836009308253
1|11|3|2,4,0.5880085898140779
1|11|3|2,3,1.9844717396150986
1|11|3|2,0,-0.2435819977479326
1|12|3|0,2,-0.995814893039771
1|12|3|0,0,4.7975785290796065
1|12|3|0,4,-0.14831982232848362
1|12|3|0,3,2.253086254512042
3|2|4|1,0,5.461988868893147
3|2|4|1,2,6.327836397592831
3|2|4|1,4,7.490331300686173
3|2|4|1,1,8.924040510827622
4|14|3|3,1,-0.4075834214145615
4|14|3|3,3,11.999999999999982
4|14|3|3,2,0.23048573880892917
4|14|3|3,0,-0.5109505969681489
3|4|0|4,4,8.532252535903003
3|4|0|4,1,6.33596313464596
3|4|0|4,2,6.4779169216359715
3|4|0|4,0,6.193035113671592
4|8|2|0,1,3.572882035427002
4|8|2|0,2,4.810283584334847
4|8|2|0,0,5.781110485310945
4|8|2|0,3,2.5982527976174596
3|8|2|0,2,5.309527345780101
3|8|2|0,1,2.9312061783851195
3|8|2|0,0,5.665693779729264
3|8|2|0,4,2.814645549205415
1|8|1|2,2,3.551257404512736
1|8|1|2,3,2.570909803008038
1|8|1|2,0,2.658337376222145
1|8|1|2,4,1.3088943005804663
4|5|1|0,2,6.012751400317853
4|5|1|0,3,4.936998991845539
4|5|1|0,1,7.055241919591735
4|5|1|0,0,8.110776720823853
4|4|3|1,2,3.9170028886379145
4|4|3|1,3,8.761837241422862
4|4|3|1,0,4.543751112592768
4|4|3|1,1,7.0868565303444075
2|7|3|1,0,3.4663108659765665
2|7|3|1,3,6.745666241550838
2|7|3|1,4,3.673292565465608
2|7|3|1,1,5.749990735741905
0|7|3|1,4,4.387630992525988
0|7|3|1,2,5.453918863003244
0|7|3|1,3,6.164534140225059
0|7|3|1,1,5.376523632911239
2|3|4|1,0,5.704770060214133
2|3|4|1,4,6.929309711281821
2|3|4|1,3,5.706078873715654
2|3|4|1,1,8.663108770519791
4|4|3|0,1,6.076829853187124
4|4|3|0,3,6.378835839177019
4|4|3|0,0,8.33882331498334
4|4|3|0,2,5.917364236788393
0|2|3|2,3,7.897842957264449
0|2|3|2,1,5.85944932278666
0|2|3|2,4,7.612342621565726
0|2|3|2,2,8.835695354713538
3|3|3|1,4,5.134477614394987
3|3|3|1,2,4.034067488150334
3|3|3|1,0,4.400054875122575
3|3|3|1,1,8.655625401280389
4|8|3|2,3,5.92335944860462
4|8|3|2,1,2.4470219303666645
4|8|3|2,0,1.2236387362971073
4|8|3|2,2,4.1150901434021865
1|6|0|4,0,5.573655214009968
1|6|0|4,2,5.0568811545637065
1|6|0|4,4,7.2826781265444405
1|6|0|4,3,2.5803344244927393
1|4|1|2,3,5.395101346003837
1|4|1|2,0,6.472565455809351
1|4|1|2,4,4.431723893393639
1|4|1|2,2,8.14041764696294
2|10|1|3,3,1.825696728650111
2|10|1|3,0,3.4699769699118175
2|10|1|3,1,4.303857464122015
2|10|1|3,4,3.0627215184413603
0|12|2|3,3,-2.1239302028811924
0|12|2|3,2,4.410130867668743
0|12|2|3,1,-0.20297004661023005
0|12|2|3,4,-1.7463643983559272
3|15|2|2,4,-1.6821041653928916
3|15|2|2,1,2.1218099799818777
3|15|2|2,2,10.999999999999982
3|15|2|2,0,-0.4581927208220935
4|1|4|3,0,2.6489808397413652
4|1|4|3,1,5.473490756965553
4|1|4|3,3,9.560154106833723
4|1|4|3,2,3.802499491483759
3|3|4|1,4,6.428830970850624
3|3|4|1,1,8.830947722892747
3|3|4|1,0,4.629795670317347
3|3|4|1,2,5.729428642927022
0|11|1|2,2,4.176463610516495
0|11|1|2,4,1.5538897917346381
0|11|1|2,1,2.4917355467156073
0|11|1|2,3,1.8631294683361768
4|4|1|2,1,7.148747397357136
4|4|1|2,3,5.164292845136941
4|4|1|2,0,5.2880881634182
4|4|1|2,2,8.624817448769868
0|8|3|1,2,3.4187320625034108
0|8|3|1,4,3.8155957118515595
0|8|3|1,3,7.040793454822361
0|8|3|1,1,5.099338202094447
4|2|4|0,0,8.653068312748116
4|2|4|0,2,6.087052181522822
4|2|4|0,1,6.251507621110202
4|2|4|0,3,5.572447223403087
3|9|2|1,0,2.9393947737275647
3|9|2|1,4,2.0917712481149047
3|9|2|1,1,2.6903355988159303
3|9|2|1,2,6.799935765132547
0|9|2|1,4,3.398044878496513
0|9|2|1,3,3.0742840354449648
0|9|2|1,2,5.26376286584393
0|9|2|1,1,4.508693223617613
2|5|0|1,3,5.84361115500642
2|5|0|1,0,7.360014377410023
2|5|0|1,1,7.106152952988021
2|5|0|1,4,5.526670027150409
0|2|4|3,1,5.504787113971412
0|2|4|3,4,5.523760914283217
0|2|4|3,2,6.19159687728464
0|2|4|3,3,9.518141770902913
1|2|4|3,3,9.383814955365132
1|2|4|3,2,5.24629227152981
1|2|4|3,4,5.864499887712758
1|2|4|3,0,6.0317306088419205
1|5|0|4,4,8.283205201420161
1|5|0|4,3,5.386555653434163
1|5|0|4,0,6.393709576285078
1|5|0|4,2,4.973843776898683
4|7|0|3,1,5.064198539135095
4|7|0|3,0,2.9795961313759953
4|7|0|3,3,6.711014300872399
4|7|0|3,2,2.6159611388384976
3|5|0|2,0,6.588965168977931
3|5|0|2,1,5.200401507314824
3|5|0|2,4,5.88242201062546
3|5|0|2,2,8.134644555529214
3|8|1|2,1,6.0082152755036216
3|8|1|2,0,2.8320259084622945
3|8|1|2,4,3.8159322058216842
3|8|1|2,2,3.624081427688283
2|5|1|0,0,8.2179421667145
2|5|1|0,3,5.211164972419015
2|5|1|0,4,5.827148809341981
2|5|1|0,1,6.834985958701575
0|5|2|4,3,4.572812766133818
0|5|2|4,4,6.514403863635158
0|5|2|4,1,5.191711171548147
0|5|2|4,2,7.319522242178865
3|7|2|4,4,6.937892186655133
3|7|2|4,0,3.398761861285913
3|7|2|4,1,4.810926411879629
3|7|2|4,2,4.947231490576968
1|6|1|3,2,2.7146826963814026
1|6|1|3,4,6.249723343418025
1|6|1|3,0,2.5882780233063674
1|6|1|3,3,3.058218571295666
4|7|1|3,1,3.127472541906515
4|7|1|3,3,7.438007817840821
4|7|1|3,0,3.0851502374155753
4|7|1|3,2,2.905110749993018
1|7|1|3,3,6.492642908483175
1|7|1|3,4,2.1238515698851743
1|7|1|3,2,1.8517923408816703
1|7|1|3,0,2.3420564245450612
1|7|2|4,2,6.889495860500151
1|7|2|4,3,4.3807186411550685
1|7|2|4,0,2.2972942299693124
1|7|2|4,4,5.104935962786901
0|10|1|3,4,1.719094542069123
0|10|1|3,3,5.221294034871768
0|10|1|3,2,2.1835137292370383
0|10|1|3,1,2.412488272213336
4|12|1|3,2,-1.0109145567927367
4|12|1|3,3,1.9242110913294816
4|12|1|3,1,2.898072582804323
4|12|1|3,0,-1.618187413056247
0|12|1|3,2,0.12526627317283964
0|12|1|3,3,1.2593037398613436
0|12|1|3,1,2.345288882889727
0|12|1|3,4,-0.32368520070549034
2|11|0|4,0,4.527460249639147
2|11|0|4,3,1.5357598567723598
2|11|0|4,4,2.268246158586086
2|11|0|4,1,1.2582484881624674
4|3|0|2,0,5.655592713475208
4|3|0|2,1,6.434983877018341
4|3|0|2,2,9.123872108987149
4|3|0|2,3,6.101104724297464
0|5|0|1,1,7.733768582415098
0|5|0|1,3,5.289179411472169
0|5|0|1,2,5.498953835900117
0|5|0|1,4,5.273968258573951
1|12|2|0,3,-1.1612522228398352
1|12|2|0,4,0.5430926982465399
1|12|2|0,0,1.5488268580539732
1|12|2|0,2,3.1129400169485395
2|10|3|0,1,1.9337206693840217
2|10|3|0,4,1.8484245121897074
2|10|3|0,3,5.614807443742804
2|10|3|0,0,2.6768253683863548
3|7|4|1,1,5.245433695601582
3|7|4|1,0,3.8602470300107643
3|7|4|1,4,7.398786368775494
3|7|4|1,2,4.667025878924601
1|9|4|2,0,-1.0965925973504564
1|9|4|2,3,3.6251647093410173
1|9|4|2,2,4.628680468799017
1|9|4|2,4,6.30294962756817
0|3|0|4,4,8.972396055435498
0|3|0|4,3,5.8898003866753506
0|3|0|4,2,6.34534894158836
0|3|0|4,1,6.217362905133181
0|6|0|3,1,3.212169830279354
0|6|0|3,3,7.096368048106925
0|6|0|3,4,2.9100896767411477
0|6|0|3,2,4.074635897686581
1|8|0|3,4,4.228676821904435
1|8|0|3,2,3.5659114975905073
1|8|0|3,0,5.729939055204592
1|8|0|3,3,3.9276665118460645
4|9|0|3,3,5.246411436145045
4|9|0|3,2,2.6836271493438444
4|9|0|3,1,2.9342052859881402
4|9|0|3,0,4.302424513102643
3|6|0|4,0,6.293120904041133
3|6|0|4,4,7.695705526492503
3|6|0|4,2,4.9669161667444115
3|6|0|4,1,4.569964387782787
0|7|0|2,2,5.7735984659401876
0|7|0|2,1,2.533242091503369
0|7|0|2,3,3.5029353488600274
0|7|0|2,4,3.1736643493711187
4|8|2|3,0,2.5734713224677663
4|8|2|3,3,2.6118056372783265
4|8|2|3,2,5.622887532258754
4|8|2|3,1,2.1741756952647946
2|5|4|1,4,7.052256610038699
2|5|4|1,0,4.030570223279852
2|5|4|1,3,5.093120018545361
2|5|4|1,1,6.548640962822793
4|6|4|1,0,1.9935561525906387
4|6|4|1,3,4.552378321848785
4|6|4|1,1,1.9031744069230414
4|6|4|1,2,3.238898399709564
2|8|3|4,3,5.153914388167589
2|8|3|4,4,4.972769360295789
2|8|3|4,0,2.4818923257962178
2|8|3|4,1,2.408547740427158
4|6|1|2,3,5.7505998615879115
4|6|1|2,2,7.665806806732298
4|6|1|2,0,4.974756300843424
4|6|1|2,1,5.449532513346221
1|9|1|2,2,2.289675769915485
1|9|1|2,0,0.3928838648335522
1|9|1|2,4,0.20433352949563016
1|9|1|2,3,3.8502181058383305
1|8|0|2,0,3.580480316208864
1|8|0|2,3,4.586773228440024
1|8|0|2,2,5.909271553558807
1|8|0|2,4,4.325506900151756
4|5|4|0,0,6.7372328717487875
4|5|4|0,3,4.199857164760866
4|5|4|0,2,2.912909991745276
4|5|4|0,1,3.661139681298449
3|3|2|4,0,5.6277158230251345
3|3|2|4,1,5.752792443995819
3|3|2|4,4,9.094709782201969
3|3|2|4,2,5.9775737172585695
4|3|4|1,0,2.5052166966090677
4|3|4|1,3,3.060390848098094
4|3|4|1,2,6.496153961565619
4|3|4|1,1,1.3909640584246339
1|5|0|3,3,7.6797932628869585
1|5|0|3,2,4.616581287840625
1|5|0|3,4,5.911966171639052
1|5|0|3,0,7.123532528853637
0|7|2|4,2,4.1419854818698685
0|7|2|4,4,7.1373513299952105
0|7|2|4,1,3.807931011996443
0|7|2|4,3,3.5355664562431213
3|8|0|2,2,5.349014413434988
3|8|0|2,4,3.1952999304806484
3|8|0|2,0,5.257178633605216
3|8|0|2,1,4.311242892801065
1|10|2|0,2,3.826088966416049
1|10|2|0,4,0.9323310409632742
1|10|2|0,3,1.9810203666566117
1|10|2|0,0,6.183276065465873
4|5|4|2,0,2.064088299172101
4|5|4|2,3,5.2805438308148895
4|5|4|2,2,1.7207310707127974
4|5|4|2,1,1.8584003673838305
0|6|4|2,4,5.0259559579426645
0|6|4|2,1,3.1184486177113557
0|6|4|2,2,7.24731313780819
0|6|4|2,3,5.2532196966892775
4|6|4|2,0,1.7277890885250669
4|6|4|2,1,1.5334469922526568
4|6|4|2,3,2.625564053820358
4|6|4|2,2,5.461754196906022
2|2|0|3,0,7.249249213598498
2|2|0|3,4,6.941379483521373
2|2|0|3,3,9.409281492746649
2|2|0|3,1,6.759363063854014
0|2|0|3,1,6.388549885462579
0|2|0|3,2,6.93131980155484
0|2|0|3,3,9.254375306310429
0|2|0|3,4,6.203854016638342
0|4|2|3,1,6.013531553565707
0|4|2|3,2,7.267114775121687
0|4|2|3,3,8.532931080775672
0|4|2|3,4,6.6755157198838155
1|4|2|3,0,5.846957566087625
1|4|2|3,4,6.462231739526968
1|4|2|3,2,6.967399518838007
1|4|2|3,3,8.64152091859065
0|10|2|4,3,1.3532601964985855
0|10|2|4,4,3.7709225731189404
0|10|2|4,2,4.619287758324362
0|10|2|4,1,2.3405444203436208
1|7|1|4,4,5.4653461675541255
1|7|1|4,2,1.9872707207911533
1|7|1|4,0,1.913844814121951
1|7|1|4,3,1.313617108810857
3|5|3|2,4,3.9562205195859863
3|5|3|2,2,6.982463339768061
3|5|3|2,1,3.2077416694789425
3|5|3|2,0,2.815935792000902
4|8|3|1,0,1.5932679007914456
4|8|3|1,3,6.249902483759248
4|8|3|1,2,4.36915947598734
4|8|3|1,1,4.052789245585746
1|3|1|2,2,8.747602591314156
1|3|1|2,0,5.271829013022219
1|3|1|2,3,6.695648316878721
1|3|1|2,4,6.404581245090261
1|2|0|3,0,6.849840678059268
1|2|0|3,4,6.494482751453273
1|2|0|3,2,6.738456810749848
1|2|0|3,3,9.536979652347998
3|3|3|4,0,5.472332841298305
3|3|3|4,4,5.868120886443758
3|3|3|4,1,4.872190018217854
3|3|3|4,2,3.705993456468936
4|9|1|2,1,5.6672595701451645
4|9|1|2,3,1.8846120911779929
4|9|1|2,0,0.8382889523301467
4|9|1|2,2,3.866732132146733
1|6|3|2,2,7.349552777576553
1|6|3|2,3,5.947090215220616
1|6|3|2,4,4.334508875225108
1|6|3|2,0,4.94805495289287
2|5|3|4,4,8.07671389774509
2|5|3|4,1,6.149494421744132
2|5|3|4,3,4.80557774695531
2|5|3|4,0,5.292500942043817
3|11|0|1,2,1.2284837071762111
3|11|0|1,1,2.3467769710135475
3|11|0|1,4,0.42781796051626225
3|11|0|1,0,2.2686508030102503
2|1|4|1,4,8.007141184059632
2|1|4|1,0,6.015407718400332
2|1|4|1,3,6.448655889690837
2|1|4|1,1,8.898001186133857
3|6|2|0,0,7.688588609243079
3|6|2|0,2,6.1758808119916955
3|6|2|0,4,5.163261383554369
3|6|2|0,1,5.024129682595036
4|6|1|0,1,6.929121586284632
4|6|1|0,2,3.6979030688267285
4|6|1|0,0,7.433540429045683
4|6|1|0,3,4.57567040510629
1|10|3|0,4,2.149221152346654
1|10|3|0,2,1.916442342637314
1|10|3|0,0,4.367233082765132
1|10|3|0,3,2.7222001784223693
4|2|4|3,1,2.575456045823522
4|2|4|3,2,3.003577347964714
4|2|4|3,3,9.008923715246217
4|2|4|3,0,4.164139489427049
1|5|4|3,2,4.745092112003592
1|5|4|3,4,6.4949328931852515
1|5|4|3,0,5.0230145255104155
1|5|4|3,3,8.268676007788265
3|1|2|4,4,9.585161759367166
3|1|2|4,2,3.9973309499270133
3|1|2|4,0,4.135050152219348
3|1|2|4,1,3.491604802665323
2|9|0|3,3,4.0790823253693045
2|9|0|3,0,5.34777832284333
2|9|0|3,1,3.044815712617326
2|9|0|3,4,2.1573269607352894
0|4|4|3,3,7.205947535192485
0|4|4|3,4,7.268655702091701
0|4|4|3,1,5.861420676615859
0|4|4|3,2,4.753767560666315
2|3|2|4,3,5.311653311302856
2|3|2|4,1,3.159145196483903
2|3|2|4,0,6.81823838102054
2|3|2|4,4,6.028678836796825
0|11|2|1,3,1.8517461837237617
0|11|2|1,1,0.8642912839380772
0|11|2|1,2,0.8131655992050589
0|11|2|1,4,0.7223254070557552
4|5|1|2,0,5.490361229961654
4|5|1|2,1,5.558397801465293
4|5|1|2,3,5.523856648107329
4|5|1|2,2,8.241459449898652
2|8|1|3,4,3.9793558862189027
2|8|1|3,3,6.577666537604121
2|8|1|3,1,4.753796594281584
2|8|1|3,0,2.854395851490254
4|9|1|3,2,1.9597120677032964
4|9|1|3,0,2.090586113598554
4|9|1|3,3,6.029466232932875
4|9|1|3,1,2.2757589627330432
1|7|4|0,0,7.297575323314722
1|7|4|0,3,4.098206012154447
1|7|4|0,4,4.54844336541384
1|7|4|0,2,3.9948704326667994
4|6|1|3,0,3.1786221174882217
4|6|1|3,1,5.571748615731076
4|6|1|3,3,7.847959200960222
4|6|1|3,2,3.6001573454051052
4|3|4|0,2,7.326424866940764
4|3|4|0,3,4.7795938822552495
4|3|4|0,0,5.8286915752465935
4|3|4|0,1,4.074999938612345
2|4|4|0,0,8.54562012521097
2|4|4|0,1,6.09465234304363
2|4|4|0,3,6.366096163586586
2|4|4|0,4,7.356681058615983
1|9|3|2,4,1.188339493723303
1|9|3|2,3,6.38820471936451
1|9|3|2,0,1.443722664557287
1|9|3|2,2,4.1128347555404385
4|9|3|2,0,1.5875032997231742
4|9|3|2,1,0.7978570301529453
4|9|3|2,2,5.249909737258467
4|9|3|2,3,3.0981070211961197
0|9|3|2,4,0.24713013053631
0|9|3|2,2,1.7081592722679226
0|9|3|2,1,1.0361795289024887
0|9|3|2,3,6.99286882138607
0|1|3|4,1,2.7321392815067345
0|1|3|4,3,4.045503480987964
0|1|3|4,2,4.6481541518769385
0|1|3|4,4,9.662965875850311
3|1|3|4,1,3.0946325984337264
3|1|3|4,2,4.061298573969742
3|1|3|4,0,2.8865315888038157
3|1|3|4,4,9.414602485696696
4|12|3|0,0,0.12437615753772902
4|12|3|0,2,-0.9938220558369322
4|12|3|0,3,1.1266572131395698
4|12|3|0,1,-0.3390160808148348
3|5|3|0,0,7.344189572644076
3|5|3|0,4,4.583810167027512
3|5|3|0,1,3.5685743261314826
3|5|3|0,2,1.9594246325827445
0|6|2|3,4,4.6511252806830345
0|6|2|3,1,4.184925010340537
0|6|2|3,3,8.177333684975155
0|6|2|3,2,4.684433158187655
1|6|2|3,4,5.403996731696981
1|6|2|3,0,4.4537080825308655
1|6|2|3,2,5.856620634162955
1|6|2|3,3,6.69972768131095
4|3|3|2,2,9.03337131623855
4|3|3|2,1,3.6233153760993355
4|3|3|2,0,3.6590283823943937
4|3|3|2,3,4.699291990375301
0|2|1|3,3,9.46911893828344
0|2|1|3,4,6.439916754323684
0|2|1|3,1,7.229479603024586
0|2|1|3,2,6.474680288704637
2|5|0|3,0,6.640095882538672
2|5|0|3,1,5.674260066782052
2|5|0|3,3,8.219134954138172
2|5|0|3,4,6.417173310626063
3|2|3|2,2,9.086652786828957
3|2|3|2,1,3.3578720362581564
3|2|3|2,4,4.310240208135535
3|2|3|2,0,4.437074922797199
0|10|4|1,1,3.2995343292535257
0|10|4|1,4,4.7436312962532385
0|10|4|1,2,1.0441211935800858
0|10|4|1,3,1.6063566218402128
3|9|0|2,0,3.89097720663491
3|9|0|2,4,2.7803431611047134
3|9|0|2,2,5.386196234185972
3|9|0|2,1,0.38618236428494457
3|5|4|0,1,5.456555618816073
3|5|4|0,0,8.087804244256827
3|5|4|0,2,5.415983129675668
3|5|4|0,4,7.397204476975729
0|4|0|1,3,7.234373665554389
0|4|0|1,2,6.399150982617812
0|4|0|1,1,7.753515682901596
0|4|0|1,4,6.041606531300369
2|4|3|4,1,5.342312217914852
2|4|3|4,0,4.858997919472572
2|4|3|4,3,6.845069485332838
2|4|3|4,4,8.768673655710941
0|3|2|1,1,8.687345687300716
0|3|2|1,2,8.025317914442732
0|3|2|1,4,5.9756275865552455
0|3|2|1,3,6.925028991528667
4|2|1|2,0,5.441058049210981
4|2|1|2,3,5.4151901581237745
4|2|1|2,2,9.364620690379903
4|2|1|2,1,6.417132105731195
4|13|0|1,0,-2.768024314513899
4|13|0|1,2,-1.9041328899432963
4|13|0|1,1,0.34691885215469176
4|13|0|1,3,-1.1535474139173882
2|12|0|1,3,1.0511908808868369
2|12|0|1,1,1.0240004540941483
2|12|0|1,4,0.6215745486738213
2|12|0|1,0,-0.8645412452151768
3|13|0|1,4,1.4663842079671192
3|13|0|1,1,2.1537549238163978
3|13|0|1,0,-0.10191454540818949
3|13|0|1,2,-0.33964316994263954
4|8|0|2,2,6.5937809473933635
4|8|0|2,0,4.609317145762107
4|8|0|2,1,2.844809815627309
4|8|0|2,3,3.3040576380893922
3|11|4|0,4,4.6362022479515925
3|11|4|0,2,1.4933771836210135
3|11|4|0,0,0.961725395852427
3|11|4|0,1,1.2100007977555978
1|5|1|0,0,6.570542255075868
1|5|1|0,3,4.003339673276645
1|5|1|0,4,4.489677135605651
1|5|1|0,2,3.5389687212599346
2|9|3|0,3,6.15748407483687
2|9|3|0,1,1.4080176583555046
2|9|3|0,4,2.191619868880718
2|9|3|0,0,3.9786837276605547
3|10|4|0,1,2.060143894524698
3|10|4|0,0,5.977346109282364
3|10|4|0,2,-0.25401072127478974
3|10|4|0,4,3.653215596200723
2|6|2|3,0,2.931621809849614
2|6|2|3,3,1.9774579443215972
2|6|2|3,1,2.5519598765497316
2|6|2|3,4,4.350683279069531
3|8|2|4,0,3.594789775044339
3|8|2|4,1,3.06350723505704
3|8|2|4,2,5.512692811257303
3|8|2|4,4,3.6414286988386393
0|9|2|4,2,3.9206113277270265
0|9|2|4,3,1.6727148435414012
0|9|2|4,1,2.7068878164779417
0|9|2|4,4,3.6063366214568617
3|11|1|4,4,3.245056554820986
3|11|1|4,2,1.6094062094363502
3|11|1|4,0,-0.8887890465660553
3|11|1|4,1,4.788507792965793
0|11|1|4,1,0.6378060316881944
0|11|1|4,3,3.1525192783746494
0|11|1|4,2,1.6112014188159576
0|11|1|4,4,-0.04505416431894593
3|7|1|2,4,2.7685086782077994
3|7|1|2,1,6.392542123933758
3|7|1|2,2,5.528828462366787
3|7|1|2,0,3.8567518798304516
1|11|0|2,3,0.121376559325844
1|11|0|2,4,1.2401935980447196
1|11|0|2,0,1.1883381052255282
1|11|0|2,2,2.495329047339437
3|11|0|2,2,-0.1804946310757648
3|11|0|2,0,4.02751401011343
3|11|0|2,4,-0.6427242354774412
3|11|0|2,1,-0.22904361509247623
0|9|1|2,4,2.840898981046839
0|9|1|2,3,3.620637070484042
0|9|1|2,2,5.787666690258408
0|9|1|2,1,4.598744330560666
4|2|0|3,2,6.122332844557791
4|2|0|3,0,5.855556045328752
4|2|0|3,1,6.278046896664898
4|2|0|3,3,9.513471409378365
0|8|4|1,2,3.441905535265765
0|8|4|1,4,6.623158531565455
0|8|4|1,1,4.552486553380889
0|8|4|1,3,2.5928982333443167
2|8|4|1,4,7.083368686463204
2|8|4|1,0,2.508546057577625
2|8|4|1,1,4.506448555119871
2|8|4|1,3,3.8455811906477213
0|8|1|4,3,2.5286233806024834
0|8|1|4,1,4.608445585712979
0|8|1|4,4,4.852012037651667
0|8|1|4,2,2.0797589754627803
3|12|2|1,2,4.02746353331393
3|12|2|1,1,0.24046692757168697
3|12|2|1,4,-0.02910417484953548
3|12|2|1,0,-0.8197293878856347
2|11|0|1,1,2.620401314110857
2|11|0|1,0,3.179201576713565
2|11|0|1,4,0.20987790512871374
2|11|0|1,3,-0.4137302814192042
3|4|3|2,1,2.538521302820991
3|4|3|2,4,3.3727689746847127
3|4|3|2,2,8.137439813695503
3|4|3|2,0,3.118244331292345
0|11|3|1,4,2.259893242210726
0|11|3|1,3,3.0955143907708487
0|11|3|1,1,-0.8183919636037773
0|11|3|1,2,0.96572621612717
2|6|3|1,0,4.504379220749951
2|6|3|1,4,5.012119881558486
2|6|3|1,3,7.348432317537095
2|6|3|1,1,6.122814113283097
0|2|1|4,1,7.145140396243911
0|2|1|4,4,9.37932946796359
0|2|1|4,3,6.690491487217028
0|2|1|4,2,6.664260696339619
3|10|0|2,1,1.868762745863648
3|10|0|2,2,2.0677274034873743
3|10|0|2,0,4.729946168550361
3|10|0|2,4,1.903627862212825
1|10|2|4,2,2.8790623600465155
1|10|2|4,0,0.31014387653251263
1|10|2|4,3,1.405388206189191
1|10|2|4,4,3.6007437448568482
3|11|2|4,2,-0.01714814452139729
3|11|2|4,0,-0.1797578279217089
3|11|2|4,1,0.338755577681334
3|11|2|4,4,5.39400377777407
3|2|4|2,4,5.036673914924908
3|2|4|2,2,9.259010704957753
3|2|4|2,1,4.1288169265805825
3|2|4|2,0,4.743629319909149
2|6|0|3,1,4.839242962252424
2|6|0|3,0,5.807534468829199
2|6|0|3,3,7.504510515458001
2|6|0|3,4,4.965092266023102
1|7|0|3,0,4.682358340094315
1|7|0|3,2,3.2374950289699833
1|7|0|3,3,7.251749991564314
1|7|0|3,4,3.270422018879238
4|10|2|3,0,2.756810839659476
4|10|2|3,2,2.6659898518226237
4|10|2|3,3,3.6889616167100305
4|10|2|3,1,1.7636879407719803
1|2|1|3,4,6.1634697040689
1|2|1|3,0,5.906254989344547
1|2|1|3,3,9.231097486526206
1|2|1|3,2,6.653693538454195
3|5|1|0,1,7.014032329935032
3|5|1|0,2,6.279621148144505
3|5|1|0,4,5.61896788777553
3|5|1|0,0,8.200137462162735
3|4|3|1,2,6.376829840832942
3|4|3|1,4,2.40920754934814
3|4|3|1,0,2.0970516108997
3|4|3|1,1,4.764759305736307
4|10|2|1,0,1.3129356649474557
4|10|2|1,2,6.471442773043374
4|10|2|1,3,0.42799807526707234
4|10|2|1,1,1.3403753722990306
0|10|3|2,3,6.775030042117585
0|10|3|2,2,3.01162649028149
0|10|3|2,1,-0.013846981803399605
0|10|3|2,4,0.25231150718448625
2|5|0|4,4,8.262464838057456
2|5|0|4,0,6.319925681485967
2|5|0|4,1,4.923826429561506
2|5|0|4,3,6.165094134495935
4|10|0|3,0,6.358480543654953
4|10|0|3,2,2.5348002697821466
4|10|0|3,1,1.700505781092653
4|10|0|3,3,3.1468701645898998
1|5|1|3,2,4.2442132165259085
1|5|1|3,4,4.203694814960374
1|5|1|3,0,4.510551319400087
1|5|1|3,3,7.84186377408585
3|4|4|2,4,5.743968688850972
3|4|4|2,1,5.007943569417568
3|4|4|2,2,8.803538265889113
3|4|4|2,0,4.829723458317826
1|8|3|2,2,6.135323510577624
1|8|3|2,4,2.7935442787006655
1|8|3|2,3,4.72809339976537
1|8|3|2,0,3.802287672289239
2|4|4|3,0,4.499833330216051
2|4|4|3,1,4.899108774661711
2|4|4|3,4,7.376602314431892
2|4|4|3,3,7.642485049225883
1|4|1|4,2,4.907600581344773
1|4|1|4,0,4.100979717196754
1|4|1|4,3,4.405824572575053
1|4|1|4,4,8.583994254010273
2|5|1|4,3,5.064061755200497
2|5|1|4,4,8.059553996047871
2|5|1|4,0,4.939737401091758
2|5|1|4,1,6.172634269229522
3|12|1|0,4,-1.2364255198504308
3|12|1|0,1,3.721997920845297
3|12|1|0,2,1.4336218032559747
3|12|1|0,0,0.3768188925352013
1|2|1|4,2,6.46171418596649
1|2|1|4,0,6.651526748245613
1|2|1|4,3,6.566958926909932
1|2|1|4,4,9.2794326540376
2|4|1|4,1,6.9674410609952435
2|4|1|4,4,8.854748808518217
2|4|1|4,0,5.585021645373744
2|4|1|4,3,5.285275280725995
1|5|1|4,4,7.687316956177507
1|5|1|4,0,2.416215749893551
1|5|1|4,3,4.372481756925894
1|5|1|4,2,4.619829382211766
4|4|4|1,0,2.4474059041358
4|4|4|1,2,2.6499136105450067
4|4|4|1,3,6.595038719909507
4|4|4|1,1,4.353334211474481
0|5|4|1,3,5.395304044415429
0|5|4|1,4,6.313665062001459
0|5|4|1,2,6.043547027049029
0|5|4|1,1,7.628828257624185
0|7|4|3,1,2.9834331220671615
0|7|4|3,3,6.261115032930282
0|7|4|3,4,5.905646666001909
0|7|4|3,2,2.13128734257871
1|7|4|3,4,5.58843889125153
1|7|4|3,0,3.685098828864936
1|7|4|3,3,6.850426408523504
1|7|4|3,2,3.6892458357966076
1|9|4|0,4,3.150565460263104
1|9|4|0,3,1.6981345680440192
1|9|4|0,0,6.404032622058691
1|9|4|0,2,1.1180726114698292
0|5|0|4,1,4.325872197025882
0|5|0|4,4,7.258689426432079
0|5|0|4,2,4.599074430659063
0|5|0|4,3,3.037643351641894
1|3|1|0,2,6.498161555855929
1|3|1|0,4,6.067322819053881
1|3|1|0,0,8.471597118565596
1|3|1|0,3,6.3827982156273775
0|8|0|3,1,0.8878214491234928
0|8|0|3,4,1.7230122171337803
0|8|0|3,3,5.08448507298349
0|8|0|3,2,0.6365471651000927
4|11|0|3,1,-1.5022866993176835
4|11|0|3,3,0.4592990371828013
4|11|0|3,2,-0.703369880753721
4|11|0|3,0,5.1171825137262985
1|11|0|3,2,1.6466375192041647
1|11|0|3,3,0.7618114670758188
1|11|0|3,4,1.5976501199568731
1|11|0|3,0,0.804219992659096
4|4|2|3,1,5.823875325959547
4|4|2|3,2,6.452449671924303
4|4|2|3,3,8.521980441329617
4|4|2|3,0,5.320338330309759
1|2|4|2,4,7.908272701329492
1|2|4|2,3,7.470643795491979
1|2|4|2,0,5.839684479893639
1|2|4|2,2,8.928564624837813
3|12|2|0,2,2.0886548099911453
3|12|2|0,4,-2.7649456081267925
3|12|2|0,0,0.5664390802018392
3|12|2|0,1,0.28710788970577716
2|2|2|4,4,9.17696290954836
2|2|2|4,1,5.693529303262221
2|2|2|4,3,6.593712876655727
2|2|2|4,0,6.746950905056185
2|7|4|3,3,4.375978515397677
2|7|4|3,0,3.5840857536810673
2|7|4|3,4,7.341502688289549
2|7|4|3,1,3.7484214863415186
4|1|2|3,3,9.249982970118705
4|1|2|3,1,4.579907882687069
4|1|2|3,0,4.645893344811619
4|1|2|3,2,3.678772341387144
2|6|1|4,4,7.322428835446606
2|6|1|4,1,6.402441801372841
2|6|1|4,3,3.9944809023814
2|6|1|4,0,3.959831510516443
0|8|2|4,2,5.292442081583299
0|8|2|4,4,4.09401010745117
0|8|2|4,1,1.0722341764354404
0|8|2|4,3,3.010366866418613
1|9|1|4,2,3.096093977976878
1|9|1|4,4,0.8443091532097173
1|9|1|4,0,0.6674433166459591
1|9|1|4,3,1.112777725513327
3|7|0|2,0,4.329824326562172
3|7|0|2,4,5.51595586658398
3|7|0|2,2,6.914434906061741
3|7|0|2,1,2.7903000108249616
3|10|4|2,4,6.8574672575501046
3|10|4|2,1,1.4435891607940718
3|10|4|2,2,1.9262458697664377
3|10|4|2,0,1.1437854269552215
1|3|1|4,3,7.534122342024928
1|3|1|4,0,5.730484922147317
1|3|1|4,2,5.76947477514805
1|3|1|4,4,5.391642329942262
1|9|2|4,3,1.2340380389076764
1|9|2|4,2,3.8319023018382414
1|9|2|4,0,2.5445914684790285
1|9|2|4,4,5.66391973839088
3|9|2|4,0,-0.78337954981648
3|9|2|4,4,6.410561237911052
3|9|2|4,2,2.960878648415972
3|9|2|4,1,2.1131821732020675
4|11|1|0,1,0.13622374989721975
4|11|1|0,2,2.304053561298414
4|11|1|0,3,1.1358824824769946
4|11|1|0,0,3.3809697537710104
2|4|0|4,0,5.205474943161869
2|4|0|4,3,6.549092108131881
2|4|0|4,1,5.65686049859058
2|4|0|4,4,8.732520530999919
1|6|1|4,0,2.2323375422086613
1|6|1|4,2,2.7789285637232264
1|6|1|4,4,7.221877565418396
1|6|1|4,3,2.9149123364563323
1|3|4|2,4,7.191669051621412
1|3|4|2,3,6.4983188699090455
1|3|4|2,2,8.919392945591637
1|3|4|2,0,5.918457697132154
4|3|4|2,0,2.98192080190307
4|3|4|2,3,3.1904973717398404
4|3|4|2,2,8.751521986557625
4|3|4|2,1,3.889209985764402
2|6|4|0,0,7.647522792822274
2|6|4|0,3,4.826216326114334
2|6|4|0,1,4.348040788208373
2|6|4|0,4,6.211905019592879
4|11|1|2,2,1.7657064952781978
4|11|1|2,3,-0.3889871067426143
4|11|1|2,1,3.6202810174198694
4|11|1|2,0,1.7599668286207335
4|7|2|3,3,7.893668440507924
4|7|2|3,2,5.259306454383195
4|7|2|3,1,2.7692964687849773
4|7|2|3,0,2.631405682483607
4|9|1|0,0,2.5104106219137567
4|9|1|0,1,5.716712525125678
4|9|1|0,2,3.702137776639044
4|9|1|0,3,0.6532452618436174
2|7|1|3,4,3.685197676769698
2|7|1|3,1,6.250059327192691
2|7|1|3,3,5.956411728343827
2|7|1|3,0,3.5917462682901475
4|8|2|1,2,6.785990957501366
4|8|2|1,1,2.342713330891663
4|8|2|1,3,2.427922488012128
4|8|2|1,0,3.7636121394564754
0|7|1|3,1,5.37506012627197
0|7|1|3,4,4.847942169362594
0|7|1|3,2,3.9905402433765556
0|7|1|3,3,7.250330154394437
1|12|1|2,0,-0.06538013094527635
1|12|1|2,2,2.16183331252931
1|12|1|2,4,-0.9396468425319702
1|12|1|2,3,-0.7141048413325451
0|12|1|2,3,1.1907896793326895
0|12|1|2,4,-0.8814700091714094
0|12|1|2,1,0.09264600752079571
0|12|1|2,2,1.9360881737442002
1|9|0|2,4,4.330991498511636
1|9|0|2,0,3.668151280449984
1|9|0|2,3,1.7249885738202344
1|9|0|2,2,3.952657270526096
0|8|0|4,4,2.953040955247222
0|8|0|4,2,-0.24842859906972992
0|8|0|4,3,2.100721445723149
0|8|0|4,1,0.5304096039382019
3|5|0|4,0,6.585959492012622
3|5|0|4,4,8.179833426531191
3|5|0|4,1,5.75805506541128
3|5|0|4,2,6.224845930629239
0|10|4|2,2,-0.16978513329852907
0|10|4|2,1,-0.11377248803029405
0|10|4|2,3,1.137285601843132
0|10|4|2,4,6.670591711565799
1|5|4|2,0,3.808092463700119
1|5|4|2,2,6.21445861455907
1|5|4|2,3,5.0163019605939505
1|5|4|2,4,7.2485050471365575
0|5|4|2,1,3.951214011605337
0|5|4|2,2,8.166429828723274
0|5|4|2,3,4.225892134646471
0|5|4|2,4,6.391936893878182
4|12|3|1,3,3.728408670340007
4|12|3|1,2,1.3552471587428345
4|12|3|1,1,1.0360652129047816
4|12|3|1,0,-0.5231562871928503
4|11|0|2,3,1.0231870618284988
4|11|0|2,0,4.633578903948359
4|11|0|2,1,-0.8524092332216888
4|11|0|2,2,3.033423984972004
3|12|2|4,1,0.5409689893306027
3|12|2|4,4,3.45660281576552
3|12|2|4,2,1.3939806429272341
3|12|2|4,0,-0.15246056636336902
0|7|0|4,4,5.797012949434347
0|7|0|4,2,1.5901654188784948
0|7|0|4,3,1.5251130695363941
0|7|0|4,1,1.5631638092889408
2|5|3|0,0,7.750890035636077
2|5|3|0,3,6.474442534394121
2|5|3|0,1,5.810536120111408
2|5|3|0,4,6.439502123962768
1|10|3|2,2,1.4545484294742244
1|10|3|2,0,1.1079248060945894
1|10|3|2,4,1.2103185197596664
1|10|3|2,3,5.079120125838952
0|6|0|2,2,7.286259408317636
0|6|0|2,1,3.353088282580789
0|6|0|2,3,2.7860349910242195
0|6|0|2,4,3.6952358248179986
4|7|3|2,2,7.0785949894199796
4|7|3|2,0,4.575074048833007
4|7|3|2,1,3.985725893569227
4|7|3|2,3,5.2230713415098355
0|7|3|4,3,5.953503431849002
0|7|3|4,1,3.3903388530156304
0|7|3|4,2,4.365605971045255
0|7|3|4,4,5.580642618583445
2|12|1|4,4,3.001953949670162
2|12|1|4,1,1.1046794373468063
2|12|1|4,0,0.09926529119021704
2|12|1|4,3,0.016894490982493716
0|10|4|3,2,0.9596959887330332
0|10|4|3,3,1.8782780532632244
0|10|4|3,1,0.9076368739701157
0|10|4|3,4,5.730741065841164
1|4|4|2,0,5.7269600228401165
1|4|4|2,4,6.784176357379101
1|4|4|2,3,5.551294790204091
1|4|4|2,2,8.548418105394253
0|12|3|2,1,0.16368812539272282
0|12|3|2,3,2.1043154102689803
0|12|3|2,4,3.245844492921522
0|12|3|2,2,-0.6012388898838905
1|12|3|2,4,4.3543676791838966
1|12|3|2,2,1.2213956984190382
1|12|3|2,0,-0.2649948744263371
1|12|3|2,3,1.737408481896037
3|3|3|2,1,6.366867445395492
3|3|3|2,4,2.836250474434951
3|3|3|2,2,2.6106499231625664
3|3|3|2,0,2.620964710156418
1|8|3|4,4,6.824172851456248
1|8|3|4,0,2.34879819574107
1|8|3|4,3,3.4545884409058525
1|8|3|4,2,2.4979531937748827
2|11|3|1,3,4.13307813932667
2|11|3|1,0,-0.6616474018274713
2|11|3|1,1,0.8345686201099682
2|11|3|1,4,0.7897981154484557
1|7|0|4,0,4.284309887807552
1|7|0|4,2,3.869807232861402
1|7|0|4,4,7.279260249305591
1|7|0|4,3,4.653863394367637
3|12|1|4,0,-0.6775325148522369
3|12|1|4,2,0.08111234393951147
3|12|1|4,1,0.8204465188983109
3|12|1|4,4,2.927944185729474
0|12|1|4,4,1.5043263914825862
0|12|1|4,1,1.6544499449886985
0|12|1|4,2,-0.276026037816185
0|12|1|4,3,-0.4592759885074848
4|6|0|2,0,5.987906489477713
4|6|0|2,2,6.616091522674376
4|6|0|2,3,5.952508460085973
4|6|0|2,1,4.061057751192763
1|9|3|4,4,5.204184052535715
1|9|3|4,0,0.4866234835250106
1|9|3|4,3,2.755208604188386
1|9|3|4,2,1.0780734858295162
2|5|2|1,3,6.027364708555053
2|5|2|1,1,0.443398051375782
2|5|2|1,0,2.714565130524773
2|5|2|1,4,2.266136584854905
2|10|4|0,0,0.9972950746604405
2|10|4|0,4,3.1250619560671273
2|10|4|0,3,1.9769411370678396
2|10|4|0,1,1.1791209553571256
0|4|0|2,3,5.394582708853571
0|4|0|2,1,6.041121584099217
0|4|0|2,4,6.243133801704421
0|4|0|2,2,8.492648179126434
0|6|0|4,2,2.454319099743552
0|6|0|4,4,6.359628763839378
0|6|0|4,3,2.4876921563279484
0|6|0|4,1,2.9417958277993144
2|9|0|4,1,1.0598410203827004
2|9|0|4,3,1.923723558844502
2|9|0|4,0,5.011438343537752
2|9|0|4,4,4.428021817019776
3|8|4|0,2,4.048681207912166
3|8|4|0,0,6.442650518900625
3|8|4|0,4,5.555707917519611
3|8|4|0,1,3.910683238758238
2|1|2|4,4,9.321787421838728
2|1|2|4,1,4.6102467195368
2|1|2|4,3,4.835363303899214
2|1|2|4,0,4.074687766321881
2|4|2|4,0,1.7605158827675726
2|4|2|4,3,4.41916936876045
2|4|2|4,4,8.426574157826074
2|4|2|4,1,5.689063257475644
4|9|2|1,3,2.5959991180476774
4|9|2|1,2,6.615217020095832
4|9|2|1,1,3.344332679592407
4|9|2|1,0,2.357305348760317
2|10|4|1,1,1.641256410395818
2|10|4|1,4,2.857725734029114
2|10|4|1,3,1.991726911558274
2|10|4|1,0,1.2192210743980243
2|6|2|1,1,6.40331036986309
2|6|2|1,3,1.3192812106924956
2|6|2|1,4,0.5236194195184822
2|6|2|1,0,0.7281557935724575
2|7|4|1,0,3.787353568181589
2|7|4|1,3,4.024131155235383
2|7|4|1,4,6.9063523136919915
2|7|4|1,1,5.417177365162935
1|8|1|4,3,1.709722545019033
1|8|1|4,2,0.8131346403247431
1|8|1|4,4,5.745564427494787
1|8|1|4,0,1.1626283486242852
4|2|0|2,1,6.366914498240916
4|2|0|2,3,5.858006353542861
4|2|0|2,2,9.408214338570573
4|2|0|2,0,5.616953353885729
1|7|1|0,4,1.460253090667775
1|7|1|0,0,5.886572026408157
1|7|1|0,3,0.3500068720837467
1|7|1|0,2,1.4882353269527224
3|7|4|2,4,3.1683273623510515
3|7|4|2,0,3.653246293294022
3|7|4|2,1,2.794529425985502
3|7|4|2,2,6.701090342658683
0|9|3|4,2,1.603421722901217
0|9|3|4,4,1.9180533911070456
0|9|3|4,1,0.31282525487534163
0|9|3|4,3,3.8232778032579198
2|8|4|3,1,3.502332360299575
2|8|4|3,3,5.991519648662276
2|8|4|3,0,3.164014878953418
2|8|4|3,4,3.9371336845906115
1|3|0|4,3,6.834243452539891
1|3|0|4,4,9.214911187409761
1|3|0|4,0,7.085083828146924
1|3|0|4,2,6.600613607175842
4|10|1|3,1,3.134772186552676
4|10|1|3,0,0.5996349169645849
4|10|1|3,3,5.125374717720543
4|10|1|3,2,0.44756205209567346
3|12|1|2,4,-0.8116461117712682
3|12|1|2,2,3.9119729341557843
3|12|1|2,1,1.3187299211917813
3|12|1|2,0,0.15806285627355254
4|12|1|2,3,0.09425745148684352
4|12|1|2,1,2.777584498829289
4|12|1|2,2,3.316384695481193
4|12|1|2,0,-0.6844992281721924
2|13|3|0,3,6.579784374949017
2|13|3|0,0,1.4090596668452422
2|13|3|0,1,-0.9750000000000001
2|13|3|0,4,-0.33025629294484193
3|9|4|1,1,6.146180724727205
3|9|4|1,4,4.392799892263027
3|9|4|1,2,2.719039083955579
3|9|4|1,0,1.2609241469605799
3|8|4|1,2,4.125094561625397
3|8|4|1,4,6.22354989757802
3|8|4|1,1,3.1333432053831385
3|8|4|1,0,3.948770059953826
2|9|4|1,1,2.6756270840384575
2|9|4|1,4,6.500059371654182
2|9|4|1,0,1.1512590217987337
2|9|4|1,3,2.1013656430378536
4|8|0|3,3,6.927417455462059
4|8|0|3,0,5.216463357557171
4|8|0|3,2,3.6334690310450997
4|8|0|3,1,3.1948888722088555
3|10|2|0,4,3.085390977694719
3|10|2|0,1,2.4291638969091442
3|10|2|0,2,2.3795511210011298
3|10|2|0,0,1.5748420258978968
4|11|2|0,3,1.1743316235972527
4|11|2|0,0,3.7523088735901706
4|11|2|0,2,1.8569697428794358
4|11|2|0,1,0.712840939599663
3|11|2|0,2,2.258751253960261
3|11|2|0,4,0.3204776985906108
3|11|2|0,0,4.475381746147198
3|11|2|0,1,2.5626047476913567
4|11|1|3,0,0.4868156129319845
4|11|1|3,2,0.22053874396901174
4|11|1|3,1,2.8949848267391345
4|11|1|3,3,3.8855922624862678
0|11|1|3,4,1.1917512395526402
0|11|1|3,3,1.012109483479704
0|11|1|3,1,5.057622463062114
0|11|1|3,2,0.940853259309116
4|7|0|1,2,3.1029481639830725
4|7|0|1,1,6.948311281289322
4|7|0|1,0,4.694188511548198
4|7|0|1,3,4.563059683012565
3|4|3|0,4,4.168935602424839
3|4|3|0,0,8.04126387104144
3|4|3|0,2,4.403241713039753
3|4|3|0,1,4.780166331508843
2|7|0|3,0,5.059520874090393
2|7|0|3,3,7.007665452038867
2|7|0|3,1,3.6551280323970525
2|7|0|3,4,3.212491093203477
4|3|4|3,1,3.583484296962871
4|3|4|3,3,8.080472179568414
4|3|4|3,2,3.0862672228746315
4|3|4|3,0,3.665150454127559
4|12|0|3,3,2.0158510715521514
4|12|0|3,2,-0.2645823406000513
4|12|0|3,1,-0.3887930643852705
4|12|0|3,0,-0.015966272385972757
0|4|0|4,2,7.060943598619722
0|4|0|4,4,6.12163144762912
0|4|0|4,1,5.487329780988009
0|4|0|4,3,5.7855355587248445
2|11|1|3,1,2.175102623334231
2|11|1|3,4,0.4306393613087858
2|11|1|3,0,0.5676918422517817
2|11|1|3,3,4.65366496676624
0|8|3|4,1,1.9723868020364246
0|8|3|4,3,6.46426014761304
0|8|3|4,2,2.3767699587798155
0|8|3|4,4,4.207684600848721
1|8|2|3,3,1.0871954926145107
1|8|2|3,4,3.085741323515076
1|8|2|3,0,4.093097297160593
1|8|2|3,2,5.778832148788948
2|9|1|0,4,2.0889484724287226
2|9|1|0,1,3.6862984336582616
2|9|1|0,3,2.399709482395714
2|9|1|0,0,5.81987867647869
1|7|3|4,0,3.190899423803572
1|7|3|4,3,5.319864073920156
1|7|3|4,4,6.497039024009347
1|7|3|4,2,3.4072955493857786
2|10|3|1,1,-0.37761628848847034
2|10|3|1,0,-0.21594018887307334
2|10|3|1,3,6.576023197661975
2|10|3|1,4,0.5336702076895539
3|11|4|1,2,0.17911828948464809
3|11|4|1,1,-0.4562463912077299
3|11|4|1,4,4.156182197750008
3|11|4|1,0,0.8048204945537873
2|11|4|1,3,0.3316371314056118
2|11|4|1,0,0.2623609961742348
2|11|4|1,1,-0.16053343845938334
2|11|4|1,4,3.627093435653615
3|5|1|4,4,8.44965601320744
3|5|1|4,0,5.28653848085994
3|5|1|4,1,5.538629720707519
3|5|1|4,2,5.271008111944376
3|11|2|1,2,-0.5934365135336721
3|11|2|1,0,-0.6532418537861729
3|11|2|1,1,4.3796367295269105
3|11|2|1,4,0.056285605107077835
0|10|0|3,1,0.8135177507049851
0|10|0|3,4,1.4175689731915564
0|10|0|3,2,-0.2194917068092348
0|10|0|3,3,0.6945759245759879
1|7|4|2,2,4.5684397804365515
1|7|4|2,0,1.345134986125709
1|7|4|2,4,7.123322200470711
1|7|4|2,3,4.192757455369367
4|11|0|1,1,2.803484769954587
4|11|0|1,0,1.4143970112435982
4|11|0|1,3,1.7672185162887002
4|11|0|1,2,-0.47976923364966606
1|9|3|0,3,5.504671173141169
1|9|3|0,0,4.20719238260336
1|9|3|0,4,2.6311577991056367
1|9|3|0,2,2.788730804985241
0|9|3|1,3,5.642859280805587
0|9|3|1,4,2.5526704652771923
0|9|3|1,1,6.2048589617463366
0|9|3|1,2,2.6110087093784062
3|10|4|1,1,4.167646185210227
3|10|4|1,2,-0.7942803938019163
3|10|4|1,0,0.5637057115485468
3|10|4|1,4,6.154332744573409
2|11|1|0,1,1.690941332652208
2|11|1|0,4,0.6292457672842149
2|11|1|0,3,-0.5368709765521864
2|11|1|0,0,3.222065416207123
4|6|4|3,2,3.8997067388205395
4|6|4|3,0,1.5325582401892304
4|6|4|3,1,0.5569933348064712
4|6|4|3,3,1.7434054077319812
3|8|1|0,1,6.507325196033517
3|8|1|0,2,3.724021015140156
3|8|1|0,4,3.487290752258842
3|8|1|0,0,3.8402180760860793
2|12|3|1,3,3.060049179112127
2|12|3|1,4,0.7968403526377098
2|12|3|1,0,0.5270807389229717
2|12|3|1,1,1.5459964397333394
4|10|3|2,3,2.089553334018303
4|10|3|2,2,5.0674023244821536
4|10|3|2,1,0.7055039861733958
4|10|3|2,0,1.6219582252827527
0|7|2|3,4,5.801241388812678
0|7|2|3,2,3.2438799036590664
0|7|2|3,1,3.985126866529312
0|7|2|3,3,6.88524788561187
3|10|2|1,4,1.300204468454368
3|10|2|1,0,1.0726638092205674
3|10|2|1,1,4.2248295837622925
3|10|2|1,2,2.5764470548265863
1|10|4|0,4,3.0142186682752543
1|10|4|0,2,0.8074797832902851
1|10|4|0,0,4.827535501100292
1|10|4|0,3,0.6830007406047858
0|8|0|2,4,4.113549473638107
0|8|0|2,3,0.9577903092779463
0|8|0|2,2,1.808618682550556
0|8|0|2,1,0.7519566432700721
4|12|1|0,1,0.11351192092154283
4|12|1|0,2,0.14167708798406775
4|12|1|0,0,2.7210699192966783
4|12|1|0,3,0.5443442830213857
2|2|4|3,1,5.019219068032773
2|2|4|3,3,9.424830877647217
2|2|4|3,4,6.023537694061809
2|2|4|3,0,5.449118859406582
4|10|3|0,2,-0.13649708459398907
4|10|3|0,3,5.081507131536254
4|10|3|0,1,-0.7686963469947146
4|10|3|0,0,1.8875290852557691
1|11|0|4,2,0.2785689766852889
1|11|0|4,4,3.761442203891064
1|11|0|4,0,2.294776447130654
1|11|0|4,3,0.697486707741342
0|1|2|4,3,4.010142632165389
0|1|2|4,4,9.52815989473072
0|1|2|4,2,3.882834821866191
0|1|2|4,1,4.350834125676521
3|7|3|4,4,5.008703198592164
3|7|3|4,1,2.0443079789036944
3|7|3|4,2,0.6443103373965596
3|7|3|4,0,2.6809177400074478
4|4|4|0,1,3.0202378257829863
4|4|4|0,2,3.642311448859236
4|4|4|0,0,7.927180385560684
4|4|4|0,3,2.914986332097831
1|8|1|3,3,4.648698067461495
1|8|1|3,2,0.8688152698535272
1|8|1|3,4,2.126613173705806
1|8|1|3,0,2.365277969542387
4|7|4|1,0,0.68456758733934
4|7|4|1,2,2.3194227276996457
4|7|4|1,1,1.5902959524136226
4|7|4|1,3,1.2714589209249123
1|12|0|2,2,-0.8955586479079846
1|12|0|2,3,0.9173615379301268
1|12|0|2,4,-1.2187076450389716
1|12|0|2,0,-1.666937082020834
2|13|4|1,0,-0.4128929652831782
2|13|4|1,4,2.910415320782973
2|13|4|1,1,-0.8934287563278086
2|13|4|1,3,-1.3451100076926055
0|13|4|1,2,-1.1267688272448755
0|13|4|1,1,5.012621948487099
0|13|4|1,3,-0.4849865793989758
0|13|4|1,4,0.5399999999999994
1|9|1|0,0,2.8393507802791222
1|9|1|0,4,1.268528212278292
1|9|1|0,3,0.43594255632851775
1|9|1|0,2,0.4338916019003529
0|5|0|3,3,7.963456462517046
0|5|0|3,2,4.317091257320874
0|5|0|3,1,3.9108689339704843
0|5|0|3,4,4.218395220732952
3|9|3|4,4,2.66647757805928
3|9|3|4,1,0.12387702003405468
3|9|3|4,0,0.7457447594079321
3|9|3|4,2,0.8599815625708485
1|10|0|4,3,1.4688956501641415
1|10|0|4,2,2.334804487165205
1|10|0|4,4,3.696488618041396
1|10|0|4,0,2.0667390998389847
0|10|3|4,3,4.57541539173593
0|10|3|4,4,0.6817310606285532
0|10|3|4,2,1.1440748452799316
0|10|3|4,1,1.1883336831816365
3|10|2|4,4,5.180426435394752
3|10|2|4,1,0.5303700423991635
3|10|2|4,0,0.7833325993457255
3|10|2|4,2,3.871716122501541
4|9|2|3,0,2.4738766382639756
4|9|2|3,3,3.222680950260738
4|9|2|3,1,0.8624087693002384
4|9|2|3,2,3.4936504160891255
3|12|0|1,0,-0.25564623243041834
3|12|0|1,2,0.6530767246003186
3|12|0|1,4,-2.058698749175911
3|12|0|1,1,2.251154395253917
0|12|0|1,3,-0.46135856071056186
0|12|0|1,2,-1.3607988597068572
0|12|0|1,4,-0.30562150251344467
0|12|0|1,1,1.0222520230942411
0|9|0|2,4,0.9651292018608385
0|9|0|2,2,1.4186159715733708
0|9|0|2,3,3.0435966322408534
0|9|0|2,1,0.6074503300418915
0|10|1|2,3,2.0906139250741798
0|10|1|2,2,4.085049648547238
0|10|1|2,4,3.317010742685319
0|10|1|2,1,2.1201318390886725
0|11|2|3,1,1.152044206843851
0|11|2|3,2,4.500577432532459
0|11|2|3,4,-0.6360736650958049
0|11|2|3,3,2.932974885311172
3|10|1|2,4,0.4478158327888164
3|10|1|2,0,0.33834769043601554
3|10|1|2,1,3.725086132190376
3|10|1|2,2,3.044943866532052
4|13|3|1,3,3.9473676585594384
4|13|3|1,2,-0.6627514671526562
4|13|3|1,0,-0.02538520582904153
4|13|3|1,1,-0.8775000000000001
1|11|3|0,0,1.9718311222601512
1|11|3|0,4,0.6684302101039086
1|11|3|0,2,1.4328663165230706
1|11|3|0,3,2.61441391475924
1|11|1|3,0,-0.2451505174842317
1|11|1|3,2,0.3448938333375858
1|11|1|3,3,0.1
1|11|1|3,4,0.1508633498395605
1|11|1|0,3,-2.204810672355198
1|11|1|0,0,-1.3415892075271516
1|11|1|0,4,-0.17847796140874547
1|11|1|0,2,-0.4627659494023542
2|8|2|0,3,-0.9694509886938083
2|8|2|0,0,3.537179752640264
2|8|2|0,1,0.4227918940716525
2|8|2|0,4,0.6889107041125636
2|5|4|0,3,5.6192730873883745
2|5|4|0,1,5.498880756687565
2|5|4|0,0,7.760760457656137
2|5|4|0,4,6.729125495203829
0|6|4|3,3,6.958458032389555
0|6|4|3,1,3.6487431680514746
0|6|4|3,4,4.479874845756726
0|6|4|3,2,3.9929780638190127
1|11|3|4,4,5.243810838625826
1|11|3|4,2,1.1219567006149567
1|11|3|4,3,1.7176091387376329
1|11|3|4,0,-0.3188463746788
0|10|0|4,4,2.3775932868053884
0|10|0|4,2,0.36292826706940723
0|10|0|4,1,0.21554465171495565
0|10|0|4,3,-0.2892920683479425
1|6|1|2,4,5.987122251964715
1|6|1|2,3,3.342888355644812
1|6|1|2,2,4.776277975886331
1|6|1|2,0,2.99511067780502
1|8|4|3,4,6.956119537669845
1|8|4|3,0,3.198325894567018
1|8|4|3,2,1.9408101552263162
1|8|4|3,3,5.022968906963773
1|11|2|4,2,0.01077175716028661
1|11|2|4,4,5.115761925194471
1|11|2|4,0,0.9376485199878315
1|11|2|4,3,1.4888161315642758
3|5|4|1,4,6.368498033974988
3|5|4|1,0,4.411552156263438
3|5|4|1,2,5.245125395812864
3|5|4|1,1,8.148421528842368
0|11|0|1,3,-1.1004753778654919
0|11|0|1,1,1.5606123823963516
0|11|0|1,2,-0.6872316857790008
0|11|0|1,4,0.4537962470766349
4|13|2|0,0,-1.4711675393001433
4|13|2|0,1,-0.435574532828285
4|13|2|0,3,-1.0616433802789347
4|13|2|0,2,1.4602574033571019
0|12|3|1,1,5.515884194835932
0|12|3|1,2,0.5351067374324323
0|12|3|1,3,2.3862807579435534
0|12|3|1,4,-0.13311261491625925
4|4|4|3,1,2.2746322251290865
4|4|4|3,2,5.425154102205004
4|4|4|3,3,2.86884994182859
4|4|4|3,0,2.100611901490042
2|7|2|3,3,2.130714134628791
2|7|2|3,4,1.799054116718625
2|7|2|3,0,3.779719748074597
2|7|2|3,1,1.3584247782785215
3|5|3|1,1,7.471856898647243
3|5|3|1,2,3.4197017783055217
3|5|3|1,0,2.3988343996822414
3|5|3|1,4,2.584910722349565
3|8|3|4,1,2.6864579186897224
3|8|3|4,0,0.22274348428050467
3|8|3|4,4,1.0382661287060155
3|8|3|4,2,0.9425696626827307
4|4|4|2,1,4.693071343660003
4|4|4|2,2,3.7753202872778804
4|4|4|2,3,1.4384809617228453
4|4|4|2,0,2.5821085953056127
3|9|4|0,4,5.007553473474559
3|9|4|0,2,1.5748401283433424
3|9|4|0,1,2.0970731885791296
3|9|4|0,0,5.182651980251667
3|11|1|2,2,4.715164631388712
3|11|1|2,1,3.887088953474525
3|11|1|2,4,0.9349487065687027
3|11|1|2,0,1.193549276824351
1|10|4|2,0,1.013504735586132
1|10|4|2,2,3.2971067824803706
1|10|4|2,4,6.964427573999097
1|10|4|2,3,1.0943956665779844
2|2|2|3,0,6.86041561663544
2|2|2|3,3,6.25460579013855
2|2|2|3,1,5.887642534510911
2|2|2|3,4,4.478871333708225
2|11|1|4,3,1.8222347664635532
2|11|1|4,1,1.645297912842341
2|11|1|4,0,-0.7689146585920128
2|11|1|4,4,4.80997691525905
0|7|0|3,3,6.212068385791553
0|7|0|3,4,2.2350963676986106
0|7|0|3,2,1.1072875263195583
0|7|0|3,1,0.9153623682826478
4|12|0|1,2,-1.0538849340290157
4|12|0|1,1,1.8385718594543656
4|12|0|1,0,0.060776229143623184
4|12|0|1,3,-0.01953941836425198
3|12|0|4,2,0.417057423751174
3|12|0|4,4,-0.6541219494037389
3|12|0|4,0,3.9712332459273965
3|12|0|4,1,0.5268111489064887
2|12|0|3,0,0.7310439483737842
2|12|0|3,3,2.6815801239831947
2|12|0|3,1,-0.899753629086087
2|12|0|3,4,-0.21754834705261022
1|10|4|3,0,1.3095177235163034
1|10|4|3,4,5.9307985604028435
1|10|4|3,3,2.4754074761247327
1|10|4|3,2,1.3432141013945096
3|9|3|0,2,0.021663709595155692
3|9|3|0,1,1.8731939634334607
3|9|3|0,4,0.12349095919286507
3|9|3|0,0,-0.15824540331757836
3|10|3|0,4,0.30487972262606583
3|10|3|0,0,1.8204007110791707
3|10|3|0,2,0.2394082214263353
3|10|3|0,1,0.06689938407326872
2|11|3|0,3,3.8117291820757115
2|11|3|0,1,1.2457541853510234
2|11|3|0,4,0.22556351266561653
2|11|3|0,0,4.28045896367478
4|5|4|3,2,2.2802206854292613
4|5|4|3,3,5.082361855130525
4|5|4|3,0,2.595892981478187
4|5|4|3,1,2.6003823710061744
2|12|4|0,1,-0.7225634926727069
2|12|4|0,0,0.8734129265040751
2|12|4|0,4,4.927265015723902
2|12|4|0,3,-1.1811401328337168
3|11|0|4,2,0.6384393817104137
3|11|0|4,0,5.970757398951842
3|11|0|4,1,0.7787256694913574
3|11|0|4,4,0.792396689408006
1|12|4|2,0,-0.209250725599346
1|12|4|2,2,3.5528063576342404
1|12|4|2,4,1.677314611971438
1|12|4|2,3,0.8502149937520944
0|12|4|2,2,-0.8689275381488415
0|12|4|2,3,1.6656724833289565
0|12|4|2,4,2.69625607622061
0|12|4|2,1,0.2417092945518336
1|10|0|3,2,0.7287392228367051
1|10|0|3,3,3.878741719619575
1|10|0|3,4,2.4034224050803648
1|10|0|3,0,5.167900939185351
1|7|1|2,2,5.902691444955221
1|7|1|2,0,2.3098933173718366
1|7|1|2,3,1.7271403148356201
1|7|1|2,4,1.6927058884687676
4|12|2|0,2,3.4028012608117457
4|12|2|0,1,0.6064962801160191
4|12|2|0,3,1.0825112399844863
4|12|2|0,0,2.095615504390594
2|7|2|4,3,4.456863149189457
2|7|2|4,1,1.0366470862018025
2|7|2|4,4,1.598231045432689
2|7|2|4,0,1.2799849541716593
3|8|3|1,1,3.242326987329708
3|8|3|1,4,1.2730376923338942
3|8|3|1,2,1.119925934121288
3|8|3|1,0,0.24567781172183878
4|11|3|2,3,0.7855754238414487
4|11|3|2,0,-0.34046714461544453
4|11|3|2,2,4.360295782776177
4|11|3|2,1,0.11659246359941997
2|8|2|3,1,0.9763486511677417
2|8|2|3,4,3.320558489783527
2|8|2|3,0,1.052415854864746
2|8|2|3,3,1.1141191648293511
4|11|3|1,3,2.347694122989841
4|11|3|1,2,-0.1947484931754333
4|11|3|1,1,0.43302727447537015
4|11|3|1,0,-0.30085421722793315
3|13|4|0,0,-1.70031641708627
3|13|4|0,1,-2.10429991634721
3|13|4|0,2,0.779688212258794
3|13|4|0,4,0.015828687066062552
0|12|3|4,3,4.2497566103403965
0|12|3|4,1,0.6765312950902418
0|12|3|4,2,-0.9864912739752165
0|12|3|4,4,1.585488597919782
0|11|4|1,1,2.349026441326235
0|11|4|1,3,2.414668240798916
0|11|4|1,4,2.8897836904339815
0|11|4|1,2,0.7711826910971197
4|8|4|0,0,2.7711547102178784
4|8|4|0,1,-0.713538252044714
4|8|4|0,2,0.4625722075153735
4|8|4|0,3,0.5253513109251224
2|10|2|4,3,-1.0818143443170127
2|10|2|4,4,-0.5805496723936985
2|10|2|4,0,-0.6879489340319338
2|10|2|4,1,1.3005493118855993
3|13|1|0,4,-1.9935129617268748
3|13|1|0,1,0.26198249999917084
3|13|1|0,2,-0.9226233650000002
3|13|1|0,0,1.2291974630678832
1|8|1|0,3,-1.964496290897569
1|8|1|0,0,1.5185306125795353
1|8|1|0,2,2.457562675834729
1|8|1|0,4,0.7345398440400333
2|13|3|1,4,-0.13023969610451208
2|13|3|1,1,0.2319744864359362
2|13|3|1,3,1.6822531209374971
2|13|3|1,0,-0.4281740828773526
4|13|1|2,1,-0.6859085007431728
4|13|1|2,0,-1.263872509245004
4|13|1|2,3,0.8314377615870768
4|13|1|2,2,-0.46584189242878593
1|13|1|2,0,-3.1029922341195837
1|13|1|2,3,0.3129296416744032
1|13|1|2,4,-0.3464852754488366
1|13|1|2,2,2.3030915155681497
2|10|2|0,4,-1.1446440885533162
2|10|2|0,3,0.2889328070597
2|10|2|0,0,0.24774935591177435
2|10|2|0,1,1.2394970237738012
3|7|3|1,4,1.3052248870394072
3|7|3|1,0,2.7921890512207947
3|7|3|1,2,0.7167183164789844
3|7|3|1,1,0.8915013578155498
1|9|1|3,0,3.3338227817794257
1|9|1|3,2,0.4063742533355583
1|9|1|3,3,-0.3170026566848861
1|9|1|3,4,1.048322583440415
3|10|3|4,2,0.17471915111720923
3|10|3|4,0,1.2826871177325958
3|10|3|4,4,2.7408090035904777
3|10|3|4,1,0.6442776495900834
1|10|1|2,0,0.3895189878936634
1|10|1|2,3,0.37303253615226717
1|10|1|2,4,0.8405864929880115
1|10|1|2,2,2.874134777193282
2|7|2|0,0,5.292574463604903
2|7|2|0,4,-0.19656158885706493
2|7|2|0,3,1.507700200848833
2|7|2|0,1,1.5105148253364238
3|7|1|4,1,5.478334365655825
3|7|1|4,0,2.6723132301304577
3|7|1|4,2,3.8521667537838367
3|7|1|4,4,6.541334744007952
1|11|2|0,3,1.0222326893121318
1|11|2|0,0,3.7149840124541647
1|11|2|0,2,1.8293816612754399
1|11|2|0,4,0.07638660045164158
4|12|0|2,1,-0.3442453102766215
4|12|0|2,2,-0.9953059626141245
4|12|0|2,3,-0.7660629771535707
4|12|0|2,0,2.6237591058898007
1|10|1|4,2,0.395091908589875
1|10|1|4,3,0.02645183736599041
1|10|1|4,0,0.39742318035130003
1|10|1|4,4,1.4898791088038155
4|10|4|0,0,0.7491227708048951
4|10|4|0,2,-0.19467983960183832
4|10|4|0,3,0.20042799906803463
4|10|4|0,1,-0.30900706662711885
4|11|2|1,1,2.678171320657162
4|11|2|1,2,1.6480043689795945
4|11|2|1,3,0.09874026749391535
4|11|2|1,0,-0.40548617641254525
4|8|4|1,3,0.9910480179359009
4|8|4|1,2,1.5281282505471183
4|8|4|1,1,0.4214493278506173
4|8|4|1,0,0.6411671684762659
4|13|1|0,2,-0.09672601080336136
4|13|1|0,0,-1.0589787230729657
4|13|1|0,1,1.9421909266499355
4|13|1|0,3,-0.5045257976736793
2|13|1|0,3,-2.0597682725376383
2|13|1|0,4,-0.9426623629340025
2|13|1|0,0,-0.9481581483168411
2|13|1|0,1,1.9361268420781212
0|13|1|2,2,-1.1306182235112432
0|13|1|2,4,-0.7318229950371805
0|13|1|2,3,-0.37693073045414377
0|13|1|2,1,-1.4228975626512148
1|10|1|3,4,1.790941423625971
1|10|1|3,0,-0.7219814497242172
1|10|1|3,2,-0.5398017253521344
1|10|1|3,3,0.4451371379247785
0|13|0|2,1,-1.1764046677761428
0|13|0|2,4,-0.07241747667100207
0|13|0|2,3,-0.6342457589414477
0|13|0|2,2,0.9497573279088527
1|13|0|2,3,-1.5923480287041056
1|13|0|2,2,1.8884759851624464
1|13|0|2,4,-1.428306475430345
1|13|0|2,0,-0.9248765574166944
4|7|4|3,0,1.3847352448386134
4|7|4|3,1,-1.0438094507287792
4|7|4|3,3,0.6640156177120902
4|7|4|3,2,0.6477812165924921
4|11|2|3,1,0.6192578237569918
4|11|2|3,2,5.669562893420212
4|11|2|3,3,1.4616981321617573
4|11|2|3,0,0.5403219410488999
3|6|3|2,1,4.5426232059484875
3|6|3|2,0,1.6497307577168603
3|6|3|2,2,1.776185648519301
3|6|3|2,4,2.3005298294553516
0|12|2|1,3,0.18590748977377775
0|12|2|1,2,1.9811811099194363
0|12|2|1,4,0.44239792119122184
0|12|2|1,1,0.15777464235953248
3|7|3|2,2,4.292759352728418
3|7|3|2,0,1.2740939120710915
3|7|3|2,4,0.2861731263168164
3|7|3|2,1,1.1472432616232093
2|9|2|4,0,0.1378587381607833
2|9|2|4,4,1.6738542534648382
2|9|2|4,3,0.22668812858712306
2|9|2|4,1,0.5097487329006922
1|12|3|4,3,0.24152400146301006
1|12|3|4,4,7.6167709361146185
1|12|3|4,0,-1.335159825503826
1|12|3|4,2,-1.593024758775596
2|11|4|3,4,5.07743727515962
2|11|4|3,0,0.9638887027917062
2|11|4|3,1,0.06880963515702745
2|11|4|3,3,2.396857044467862
4|8|4|2,0,0.4946687980571068
4|8|4|2,3,2.3875744522301865
4|8|4|2,1,0.15583665153206444
4|8|4|2,2,0.7482480581591516
1|13|2|0,2,3.465662854210958
1|13|2|0,4,-0.9847655037474237
1|13|2|0,3,-0.5475
1|13|2|0,0,0.059466733321896614
0|11|4|3,4,6.342690348876132
0|11|4|3,2,0.6747237318285897
0|11|4|3,1,0.2465551128939634
0|11|4|3,3,0.7282119199003476
2|13|1|3,0,-1.0587722894837999
2|13|1|3,3,0.6551361765096165
2|13|1|3,1,-1.2160471446098693
2|13|1|3,4,0.7218429410657312
0|13|1|3,3,0.28853491837135004
0|13|1|3,4,0.991883282100569
0|13|1|3,2,-0.004511275965619283
0|13|1|3,1,0.03817714655618345
3|12|0|2,1,-1.7458883534339547
3|12|0|2,4,-0.6078190380675712
3|12|0|2,0,2.207124226313823
3|12|0|2,2,-0.8026404685527628
0|12|0|2,3,0.8988875485696121
0|12|0|2,4,1.859505350609877
0|12|0|2,2,0.5141778630358893
0|12|0|2,1,-0.7792712104214919
1|11|4|2,2,4.276025239891698
1|11|4|2,3,0.5407598535487201
1|11|4|2,0,-0.9267736150614554
1|11|4|2,4,2.428486350943638
1|13|0|3,4,-1.3673903232942668
1|13|0|3,3,1.2958588954909043
1|13|0|3,0,-1.6813610618386083
1|13|0|3,2,-0.6653131403166213
0|10|0|2,2,3.4781223136336106
0|10|0|2,4,-0.2863944279851406
0|10|0|2,3,0.1874790090045273
0|10|0|2,1,-0.1157025309923955
1|12|0|3,3,2.3106902696546845
1|12|0|3,2,0.09203077487038805
1|12|0|3,0,0.3488015807599447
1|12|0|3,4,0.13529249108251168
1|11|4|0,2,-0.752558328555158
1|11|4|0,3,1.7511979875301236
1|11|4|0,4,3.2120966926705132
1|11|4|0,0,1.9959957221971751
0|9|0|4,3,0.31497666261970964
0|9|0|4,4,2.5903076818774573
0|9|0|4,1,0.4533097438601236
0|9|0|4,2,0.6716999394912024
0|13|3|2,1,-0.05999878134145071
0|13|3|2,3,4.078181230534815
0|13|3|2,4,-0.039775207250973194
0|13|3|2,2,1.4466690185182005
1|13|3|2,2,1.844525322483169
1|13|3|2,0,0.01623246235242434
1|13|3|2,3,1.921007581249997
1|13|3|2,4,-0.47137336500000004
4|6|4|0,0,5.741410521127126
4|6|4|0,2,2.465200522711043
4|6|4|0,1,2.1744332335724987
4|6|4|0,3,2.2842182378446823
4|13|2|1,0,-0.16665954564258204
4|13|2|1,2,4.990726461803032
4|13|2|1,1,0.35754370625161624
4|13|2|1,3,0.04900368044653023
0|13|2|1,2,1.9909213760793352
0|13|2|1,4,-1.3361695871293076
0|13|2|1,1,-0.40335591572092966
0|13|2|1,3,0.0016055388975565812
3|13|2|0,1,-1.533941401725781
3|13|2|0,4,0.029078391001644204
3|13|2|0,2,2.00333249998682
3|13|2|0,0,0.5269794922188258
4|12|2|1,2,3.5248464281478533
4|12|2|1,0,-0.46595905690479295
4|12|2|1,1,0.8919070824355898
4|12|2|1,3,1.3425253653638025
2|7|2|1,4,1.1873172513954369
2|7|2|1,1,1.2249056161797807
2|7|2|1,0,1.3207358228757389
2|7|2|1,3,2.796446787349858
1|13|4|2,3,-1.4715200245491622
1|13|4|2,2,3.253182066537274
1|13|4|2,4,0.5673869332711887
1|13|4|2,0,-0.4711148645319533
0|13|4|3,2,-1.5954897087824824
0|13|4|3,1,-0.526568046769899
0|13|4|3,4,1.5403499999999979
0|13|4|3,3,0.19500624999999855
3|13|1|2,2,-0.03826013730469441
3|13|1|2,4,-0.12503372663116524
3|13|1|2,0,-0.12693122384128683
3|13|1|2,1,-0.962534703462621
2|13|0|3,4,-1.0105150176355322
2|13|0|3,0,-0.6766241202737036
2|13|0|3,1,-1.6970622103711142
2|13|0|3,3,1.640247106661263
3|11|4|2,4,3.4125197428784606
3|11|4|2,2,0.5425453695867918
3|11|4|2,0,-0.06188922054813129
3|11|4|2,1,0.17382829867818494
2|13|4|0,0,0.8718885661026601
2|13|4|0,3,-1.363894651446641
2|13|4|0,4,2.6022787412505926
2|13|4|0,1,-0.19050230980158214
0|12|2|4,1,-0.6409962704606591
0|12|2|4,4,3.408819064756535
0|12|2|4,2,0.6952632167847654
0|12|2|4,3,0.32515357763775854
1|12|2|3,2,-0.5569349651727813
1|12|2|3,3,3.5705578033635104
1|12|2|3,0,-1.2807406572683848
1|12|2|3,4,-1.091971821228026
4|12|2|3,0,-0.6293293008893726
4|12|2|3,2,-0.35822566924581034
4|12|2|3,3,3.488097471467986
4|12|2|3,1,-0.7721858100634822
1|11|4|3,0,0.6637949683897248
1|11|4|3,4,5.599876589409276
1|11|4|3,3,1.2421123083287977
1|11|4|3,2,0.33602447534620844
3|7|3|0,2,0.1111376902337941
3|7|3|0,4,0.015820659124200942
3|7|3|0,1,1.2480303550367322
3|7|3|0,0,4.383247622295175
1|10|1|0,0,-1.0197519658707543
1|10|1|0,3,1.1853183741158386
1|10|1|0,2,0.2134569591573663
1|10|1|0,4,0.19502726064835274
4|7|4|0,3,4.163956619592392
4|7|4|0,0,2.4072791736100156
4|7|4|0,2,1.4486178550034536
4|7|4|0,1,1.7927516418006535
2|13|0|1,3,-0.804322795424965
2|13|0|1,4,0.37299546185743154
2|13|0|1,0,-0.672469173340735
2|13|0|1,1,0.11519123816433452
0|11|4|2,2,0.4293511287282473
0|11|4|2,3,0.4305492240995874
0|11|4|2,1,0.6123665900752109
0|11|4|2,4,3.1771638009319325
3|8|3|2,4,1.9607654877430938
3|8|3|2,1,-0.017809815903319426
3|8|3|2,2,1.220056876498568
3|8|3|2,0,-0.047297431727681416
3|9|3|1,1,1.2204446960145423
3|9|3|1,2,0.12254679580930389
3|9|3|1,4,0.2227010972517106
2|11|2|0,0,0.12407388965535665
2|11|2|0,1,0.2981842608508347
2|11|2|0,4,0.32323576134009274
2|11|2|0,3,-0.4527926074844765
3|11|3|4,1,1.0614697664047932
3|11|3|4,2,0.00614925057282052
3|11|3|4,0,0.015205974942530315
3|11|3|4,4,0.5884097447693285
3|9|3|2,0,0.9216984675055321
3|9|3|2,1,0.18580399650062002
3|9|3|2,4,0.2567412583657879
0|11|0|4,4,0.6153977701015119
0|11|0|4,3,0.06311379292798501
0|11|0|4,1,0.3189509601708027
0|11|0|4,2,-0.33330129099641737
4|11|4|0,0,0.7328100767420699
4|11|4|0,1,0.2404671412375156
4|11|4|0,3,0.5509780593193699
4|11|4|0,2,0.1641622746087984
0|11|0|2,2,0.833536711637566
0|11|0|2,3,-0.07346146690192157
0|11|0|2,1,-0.45
0|11|0|2,4,0.08215004249616549
4|13|3|0,0,0.017576133990601872
4|13|3|0,3,2.440923616143495
4|13|3|0,1,-1.7993073004457467
4|13|3|0,2,-0.2212601019347119
2|12|3|4,1,0.011862300039925777
2|12|3|4,3,-0.6441243178944374
2|12|3|4,4,4.676061049139737
2|12|3|4,0,-0.7362954472268932
0|13|0|3,2,-0.12237780506028023
0|13|0|3,1,-0.1060764711184671
0|13|0|3,4,-0.5174232782991501
0|13|0|3,3,0.3988651617975546
1|13|4|3,2,-0.6140393292381996
1|13|4|3,0,-0.5500239644431404
1|13|4|3,3,1.5149585356013855
1|13|4|3,4,-0.24800000000000066
2|13|4|3,0,-1.5377159463747514
2|13|4|3,1,-0.9214723707124783
2|13|4|3,4,4.5326414572928
2|13|4|3,3,0.5299999997809588
1|13|3|0,2,-0.01649621790001271
1|13|3|0,4,-0.5
1|13|3|0,3,0.1703324999999819
1|13|3|0,0,0.6527322492170524
1|13|4|0,0,-1.2490187151290464
1|13|4|0,3,-1.0218109062663863
1|13|4|0,4,0.983701213312497
1|13|4|0,2,-0.5
0|13|2|3,2,-0.11164066629609118
0|13|2|3,3,1.414129796787245
0|13|2|3,1,-0.5749555766402815
0|13|2|3,4,-0.35087868339333345
2|13|2|3,4,0.8157206606234666
2|13|2|3,1,-1.6155696744436285
2|13|2|3,3,-0.5177604765831141
2|13|2|3,0,-0.45451766571078117
3|13|0|2,2,0.46691507642836744
3|13|0|2,0,-1.3419126757304716
3|13|0|2,1,-0.5086712816459295
3|13|0|2,4,-0.004559099110484188
4|8|4|3,1,0.5252269574447825
4|8|4|3,3,2.314769170366491
4|8|4|3,2,0.7456231439517265
4|8|4|3,0,0.45876803440490493
2|8|2|4,4,0.49913272377232565
2|8|2|4,0,-0.7050123988663217
2|8|2|4,3,2.0159947128926445
2|8|2|4,1,1.3206942534817694
2|8|2|1,4,1.346596994022656
2|8|2|1,0,0.469714441467865
2|8|2|1,3,0.7023646386542146
2|8|2|1,1,2.693693167519302
4|9|4|2,0,-0.7728960069848382
4|9|4|2,1,-0.7200646269155644
4|9|4|2,2,-0.08354274336680367
4|9|4|2,3,1.1565369285296532
0|13|3|1,3,2.344634755079731
0|13|3|1,2,-0.0008266155596260872
0|13|3|1,1,0.3346479691499793
0|13|3|1,4,0.13261329155394952
2|9|2|1,4,1.3348857693793021
2|9|2|1,1,-0.6250656891487529
2|9|2|1,0,-0.329995746554014
2|9|2|1,3,0.26819375346498564
3|13|2|1,4,0.013718000046417003
3|13|2|1,2,2.3539584348385376
3|13|2|1,1,-0.0699562937483838
3|13|2|1,0,0.13437314848825732
3|13|4|2,1,-0.4230614901590051
3|13|4|2,4,-0.5301969367507219
3|13|4|2,2,3.001898398571045
3|13|4|2,0,-0.5009191020149895
4|13|0|2,2,-0.3586427385540996
4|13|0|2,1,-0.9750000000000001
4|13|0|2,3,1.8686583553681166
4|13|0|2,0,-0.545279766002017
1|13|1|3,0,-0.4855611602701223
1|13|1|3,3,2.4729365047837524
1|13|1|3,2,-0.016209996326165828
1|13|1|3,4,-0.8775000000000001
3|8|3|0,1,2.01459733685637
3|8|3|0,0,0.913546592815591
3|8|3|0,4,0.555814395700398
3|8|3|0,2,0.025386032724223323
4|13|3|2,1,-0.8387512904004606
4|13|3|2,2,0.7734584757381298
4|13|3|2,0,-0.8513363322184014
4|13|3|2,3,4.4490312787590325
0|13|4|2,3,-1.0201250000000002
0|13|4|2,4,-0.29265000000000063
0|13|4|2,2,3.122350870161802
0|13|4|2,1,-1.3236961730876327
1|13|2|3,0,-0.4298587212838327
1|13|2|3,2,-0.5365460770830892
1|13|2|3,4,-0.4924656681497075
1|13|2|3,3,0.7167693468821017
4|9|4|0,0,1.55904003817699
4|9|4|0,1,0.1232424497420726
4|9|4|0,3,0.2593321286057602
2|11|2|1,4,0.35772579172592667
2|11|2|1,3,0.204548391015517
4|9|4|3,1,0.6115759654362825
4|9|4|3,2,-0.45
1|11|1|2,3,0.11823679156465393
1|11|1|2,0,0.06174763891300117
1|11|1|2,2,-0.45
1|11|1|2,4,0.058566546722693374
2|11|2|3,0,-0.7449942568919048
2|11|2|3,1,0.29928015661313256
2|11|2|3,4,-0.25647721152803254
2|11|2|3,3,-0.4
3|11|3|1,4,0.4000908741436263
1|11|1|4,0,-0.412997020260424
1|11|1|4,2,0.47398454805278023
1|11|1|4,4,-0.4
1|11|1|4,3,-0.33807864536102683
0|11|0|3,3,0.2655239853935882
0|11|0|3,1,0.043821789707525684
0|11|0|3,2,0.03721481221993252
0|11|0|3,4,0.1517200451179853
3|10|3|2,1,0.041532228674763305
4|11|4|1,0,-0.1628485734791137
4|11|4|1,1,-0.2666661236305588
4|11|4|1,2,-0.45
4|11|4|1,3,0.0997366551210645
3|10|3|1,2,-0.38674758059878195
3|11|3|0,1,0.5990078712778184
2|11|2|4,4,0.8451665336671419
2|11|2|4,3,0.14674530654999157
2|11|2|4,1,0.3260140860018251
4|9|4|1,0,-0.5
4|10|4|2,0,0.21675962793745415
