state,action,q_value
1|1|1|0,0,4.4792261401466975
1|1|1|0,4,2.8324561599653233
1|1|1|0,6,2.7925021568178403
1|1|1|0,2,2.7566013687354114
1|1|1|0,7,2.6986491465528957
1|1|1|0,5,2.4893901435735377
1|1|1|0,3,2.5884180710850804
0|2|1|3,5,2.4871805684095047
0|2|1|3,4,2.6678105920817616
0|2|1|3,7,2.039553972773516
0|2|1|3,1,2.3236722191369568
0|2|1|3,2,1.922358900315773
0|2|1|3,3,3.7099761934322015
0|2|1|3,6,1.50577210048406
5|2|1|3,4,2.266592278679385
5|2|1|3,1,1.7175627003801088
5|2|1|3,0,1.653998274476194
5|2|1|3,2,1.6670070034152167
5|2|1|3,6,1.4529203249578124
5|2|1|3,3,3.4911941615702307
5|2|1|3,7,2.065675977805352
4|3|1|3,6,0.5654965640993985
4|3|1|3,1,0.9133566769338979
4|3|1|3,2,0.9829350176434787
4|3|1|3,0,-0.1362587659691788
4|3|1|3,5,1.181128478750179
4|3|1|3,3,3.110047267022052
4|3|1|3,7,0.5194855833497886
6|3|1|3,3,2.9927961883544856
6|3|1|3,2,-0.36397747543931847
6|3|1|3,7,0.8433229436051464
6|3|1|3,1,1.5484470448271943
6|3|1|3,4,0.0627597264993587
6|3|1|3,0,-0.09003443246961798
6|3|1|3,5,0.8091687441345835
3|5|1|1,5,0.11170546062146958
3|5|1|1,7,0.4168808696305688
3|5|1|1,6,-0.40602342205884634
3|5|1|1,1,1.662893924771466
3|5|1|1,2,-0.1883174182053367
3|5|1|1,0,0.07981820048721185
3|5|1|1,4,-0.10141707219187115
5|5|1|1,7,-0.05650968159956497
5|5|1|1,1,2.6012998616902827
5|5|1|1,3,-1.1536865586477205
5|5|1|1,2,0.7341649766659385
5|5|1|1,4,-0.3615232166397799
5|5|1|1,6,0.529264332950289
5|5|1|1,0,-0.2943446484265788
0|1|2|2,1,2.9306865648213987
0|1|2|2,3,3.058979524893016
0|1|2|2,4,3.2303410204264424
0|1|2|2,7,3.2839889686327735
0|1|2|2,2,4.826199231111903
0|1|2|2,5,2.9610637597471277
0|1|2|2,6,3.19619527855143
1|1|2|2,3,3.12504937898242
1|1|2|2,7,3.177432047284379
1|1|2|2,2,4.801645800283608
1|1|2|2,0,2.8707368429079905
1|1|2|2,6,3.1958602698338074
1|1|2|2,4,3.073419669893752
1|1|2|2,5,3.2101887227355035
3|1|2|2,7,3.3714642934334975
3|1|2|2,4,3.1381693133293296
3|1|2|2,5,3.391568092261845
3|1|2|2,1,2.9153755715751823
3|1|2|2,6,3.203819910200905
3|1|2|2,2,4.8016779199711515
3|1|2|2,0,2.892942086086427
7|1|2|2,3,3.289700378180613
7|1|2|2,5,3.3567385115521433
7|1|2|2,2,4.868482259891031
7|1|2|2,1,2.9145404628977167
7|1|2|2,6,3.3709738372842675
7|1|2|2,0,2.8941687628213884
7|1|2|2,4,3.468945124166275
4|1|2|2,2,4.807997071454565
4|1|2|2,1,2.9276363827313445
4|1|2|2,5,3.3398558160490452
4|1|2|2,3,2.7620315565564284
4|1|2|2,6,2.1753065819372686
4|1|2|2,7,3.1967030651827164
4|1|2|2,0,2.9080138662998576
2|2|5|4,5,3.2123981736427427
2|2|5|4,4,3.794982716420954
2|2|5|4,7,2.9455929071189555
2|2|5|4,6,2.9020105897207653
2|2|5|4,3,2.1436212055414803
2|2|5|4,1,2.3682642129856
2|2|5|4,0,2.161479526752596
5|1|1|0,3,2.665620247621067
5|1|1|0,6,2.612977599623146
5|1|1|0,7,2.737488732127059
5|1|1|0,0,4.546894479586918
5|1|1|0,2,2.7801721637840675
5|1|1|0,1,2.9473397307211595
5|1|1|0,4,2.7451505066112287
3|4|1|1,2,1.1649110268635097
3|4|1|1,4,0.9097074797287633
3|4|1|1,5,1.7861532550276704
3|4|1|1,0,0.6858058434643671
3|4|1|1,6,1.610853603363247
3|4|1|1,7,1.1357720656443757
3|4|1|1,1,3.0560445523059414
2|4|1|1,3,1.305381808015729
2|4|1|1,7,1.3535457048387298
2|4|1|1,5,0.6682888652140613
2|4|1|1,6,1.1039292432885712
2|4|1|1,4,1.2232150700832032
2|4|1|1,0,0.9574399935067108
2|4|1|1,1,1.9148342269014988
4|5|1|1,6,-1.4895045982572752
4|5|1|1,5,-0.05252823540318313
4|5|1|1,2,0.012503123818684514
4|5|1|1,7,-1.04024084178643
4|5|1|1,0,-0.19478292706062983
4|5|1|1,1,0.3684780391273963
4|5|1|1,3,-0.1885422572068886
6|5|1|1,4,-0.9064265223201933
6|5|1|1,1,1.669159531416834
6|5|1|1,5,-1.3307286171355004
6|5|1|1,0,-0.6260395677785376
6|5|1|1,2,-1.2310175342465268
6|5|1|1,3,-1.844208724588875
6|5|1|1,7,-0.06843021525640318
3|1|3|2,7,2.8182393720580787
3|1|3|2,1,2.5431949255863135
3|1|3|2,4,2.800613672192638
3|1|3|2,0,2.417606384551768
3|1|3|2,5,2.841133953108345
3|1|3|2,6,2.5757749274683057
3|1|3|2,2,4.479817271726807
7|1|3|2,2,3.987952169841888
7|1|3|2,3,3.6819905358845917
7|1|3|2,1,2.6135782320389587
7|1|3|2,4,3.008195963875866
7|1|3|2,5,2.713411364687055
7|1|3|2,0,2.6168510121137296
7|1|3|2,6,2.6956674523696558
2|2|3|4,5,2.5852858462022428
2|2|3|4,4,4.462634286004946
2|2|3|4,0,2.12049922706149
2|2|3|4,1,1.5846431642135037
2|2|3|4,6,2.4789980256299544
2|2|3|4,3,1.8572581568968796
2|2|3|4,7,2.783918717669757
5|2|3|4,2,1.487458275552092
5|2|3|4,4,4.411511948252102
5|2|3|4,1,0.9938195020674251
5|2|3|4,7,1.9627508891418273
5|2|3|4,6,1.8568742059096661
5|2|3|4,0,1.6209267631571787
5|2|3|4,3,2.2581413177071417
4|3|3|0,6,2.0774123866106264
4|3|3|0,5,1.9045486877521882
4|3|3|0,0,2.1603564973480904
4|3|3|0,3,2.7915020252479033
4|3|3|0,1,1.2641219603076514
4|3|3|0,2,1.7360099034392893
4|3|3|0,7,1.3431157262148914
6|4|3|0,2,-0.6207401961570906
6|4|3|0,5,-0.10505316057177513
6|4|3|0,3,2.101545416072715
6|4|3|0,1,0.13679313398953077
6|4|3|0,4,0.10468344457200815
6|4|3|0,0,1.7334548722407974
6|4|3|0,7,1.0505328602467534
2|1|3|3,0,2.863643190298992
2|1|3|3,7,2.9180179589798607
2|1|3|3,1,3.0112787549763422
2|1|3|3,3,4.535049338121756
2|1|3|3,6,3.096890446439546
2|1|3|3,4,3.3333493737922
2|1|3|3,5,3.1182274608291722
0|1|3|3,2,2.9213372218260547
0|1|3|3,6,3.116304060585954
0|1|3|3,3,4.715474356289962
0|1|3|3,4,3.065046284113132
0|1|3|3,5,3.151437957600396
0|1|3|3,1,3.0050154699600435
0|1|3|3,7,3.304044088168843
7|1|3|3,0,2.8583121767209567
7|1|3|3,3,5.075121642104213
7|1|3|3,1,2.9089874417563575
7|1|3|3,5,3.3188404916515624
7|1|3|3,6,3.348611169107044
7|1|3|3,2,2.9395694552787783
7|1|3|3,4,3.1799899412226402
6|3|3|3,4,3.009719086915255
6|3|3|3,0,2.01515736140109
6|3|3|3,1,2.4540344964038163
6|3|3|3,2,2.4237380737151257
6|3|3|3,5,2.455045076542563
6|3|3|3,7,2.3097304948286497
6|3|3|3,3,3.775746758464069
4|3|3|3,5,2.466875480147407
4|3|3|3,0,2.0002390322609456
4|3|3|3,7,2.576472805563895
4|3|3|3,6,2.347017814943308
4|3|3|3,2,2.461831435725299
4|3|3|3,3,4.277264306888613
4|3|3|3,1,2.038247281417331
0|1|1|1,6,2.872634238207004
0|1|1|1,3,2.9540562856202675
0|1|1|1,5,2.889624756170745
0|1|1|1,4,3.02299202238257
0|1|1|1,7,3.216077067360038
0|1|1|1,1,4.745241685773648
0|1|1|1,2,2.921710768084429
6|1|1|1,2,3.163482595056076
6|1|1|1,5,3.0144062412706
6|1|1|1,1,4.379334142754263
6|1|1|1,7,3.1150316015247363
6|1|1|1,3,3.0832144286805976
6|1|1|1,4,3.134471393502546
6|1|1|1,0,2.8195559648654376
2|1|1|1,7,3.192425075164424
2|1|1|1,5,3.0615804290996973
2|1|1|1,4,3.1528034705890975
2|1|1|1,6,3.095036779558975
2|1|1|1,0,2.7990161474126567
2|1|1|1,3,3.134728668259721
2|1|1|1,1,4.578955201001788
7|1|1|1,0,2.8253195891269263
7|1|1|1,5,3.055284852257186
7|1|1|1,1,4.852372625680446
7|1|1|1,4,3.138262899637407
7|1|1|1,6,2.906142970384848
7|1|1|1,3,3.093002246941496
7|1|1|1,2,3.0233858910711593
3|1|1|1,5,3.0395286726803477
3|1|1|1,0,2.8563464369506497
3|1|1|1,1,4.528681567820093
3|1|1|1,2,2.8931944832914103
3|1|1|1,7,3.1435966090320258
3|1|1|1,6,2.8766834974540427
3|1|1|1,4,3.229068458438996
5|2|1|1,1,4.421187015899967
5|2|1|1,7,3.0339361714525963
5|2|1|1,2,1.620417807250886
5|2|1|1,4,2.5645213106606075
5|2|1|1,3,2.8502448453646974
5|2|1|1,6,2.883182129510981
5|2|1|1,0,2.549631432537442
5|2|0|1,1,3.5347384772264343
5|2|0|1,4,2.392185284929772
5|2|0|1,6,2.3882880476435138
5|2|0|1,3,1.3822012196613058
5|2|0|1,7,1.9247646532182132
5|2|0|1,2,2.0869290044232085
5|2|0|1,0,1.671801978930551
1|3|0|2,0,0.5359929350131037
1|3|0|2,5,1.4415490397929935
1|3|0|2,6,1.5152237271280053
1|3|0|2,7,1.2559451185205635
1|3|0|2,4,1.5913866526142304
1|3|0|2,3,0.4047495672780306
1|3|0|2,2,2.571102471116784
0|3|0|2,4,1.2063441569366269
0|3|0|2,7,1.3286326599526095
0|3|0|2,2,3.042870321498071
0|3|0|2,6,1.3495443232334865
0|3|0|2,5,1.7814090399257652
0|3|0|2,1,0.49341116022500064
0|3|0|2,3,1.4381278935213835
4|3|0|2,7,0.9101440959603425
4|3|0|2,6,1.5807970465602612
4|3|0|2,3,0.9719037824539886
4|3|0|2,5,0.5251463400946481
4|3|0|2,2,1.0615856166748214
4|3|0|2,1,0.7601493833658939
4|3|0|2,0,0.6957613474109146
7|4|0|0,1,-0.031236641941678578
7|4|0|0,5,0.9732655970914217
7|4|0|0,0,1.9547627844580437
7|4|0|0,3,0.9703776876460988
7|4|0|0,4,0.7958037206195167
7|4|0|0,6,1.1871677174244675
7|4|0|0,2,1.2994997732996771
1|4|0|0,4,0.9159347671594722
1|4|0|0,2,1.5208779318224126
1|4|0|0,7,1.7823142523091646
1|4|0|0,6,1.132929850330933
1|4|0|0,0,2.699754702073392
1|4|0|0,3,0.14734463227154637
1|4|0|0,5,1.050419294535456
4|4|0|0,1,0.3714437420006619
4|4|0|0,5,0.9248951124120689
4|4|0|0,3,0.9160808138520603
4|4|0|0,2,1.118773970226523
4|4|0|0,6,1.165215342274142
4|4|0|0,7,1.17519712161767
4|4|0|0,0,3.1902614084051812
4|1|3|3,1,2.98113473522541
4|1|3|3,2,2.9226283360861003
4|1|3|3,5,3.2436307354913705
4|1|3|3,6,3.3503514918184725
4|1|3|3,7,3.088404779769851
4|1|3|3,0,2.875122594295741
4|1|3|3,3,5.033512532205672
1|1|3|3,0,2.910123308437722
1|1|3|3,6,3.4232931038330743
1|1|3|3,3,5.032640458034387
1|1|3|3,2,2.9554908487620937
1|1|3|3,7,3.2850236200269918
1|1|3|3,4,2.6741322822301434
1|1|3|3,5,3.123282840510477
3|2|6|4,0,2.086119862188539
3|2|6|4,4,3.6899112077237164
3|2|6|4,1,1.9788698833469263
3|2|6|4,7,3.184968238548309
3|2|6|4,6,3.474360824968993
3|2|6|4,2,1.6951039241337207
3|2|6|4,5,2.501153647930582
0|2|6|4,6,3.602283255971239
0|2|6|4,7,2.5553478864287915
0|2|6|4,4,4.439745279753458
0|2|6|4,3,1.9648655646916446
0|2|6|4,5,2.819814405887713
0|2|6|4,2,1.7228229599371385
0|2|6|4,1,1.67847214466148
6|3|7|3,0,0.6419150573416923
6|3|7|3,1,0.9268559877439188
6|3|7|3,7,1.4449651179169622
6|3|7|3,5,1.7034769235734908
6|3|7|3,2,0.5189236636986907
6|3|7|3,4,1.6460182984173504
6|3|7|3,3,3.482130152397354
0|3|7|3,7,2.262159057750765
0|3|7|3,4,2.1156517266064134
0|3|7|3,6,1.5532711472288272
0|3|7|3,5,1.9587413120428327
0|3|7|3,1,1.535870904164653
0|3|7|3,2,1.5039672910934667
0|3|7|3,3,3.3380605954180966
5|1|3|1,7,3.060111529541984
5|1|3|1,1,4.5243155766104515
5|1|3|1,4,2.7747560612757125
5|1|3|1,3,3.735203151511687
5|1|3|1,6,2.8384740827045976
5|1|3|1,2,2.775848042073142
5|1|3|1,0,2.5782797415796157
7|1|3|1,0,2.6089870388204246
7|1|3|1,4,2.907661821133839
7|1|3|1,1,4.573460077240315
7|1|3|1,6,2.740308386348045
7|1|3|1,5,2.804047637758857
7|1|3|1,3,3.4595212631740555
7|1|3|1,2,2.444110767201074
0|1|3|1,4,2.880815490268734
0|1|3|1,3,3.306037451292223
0|1|3|1,7,2.9654865514048523
0|1|3|1,6,2.720198619333142
0|1|3|1,1,4.679239262836122
0|1|3|1,2,2.709457579754714
0|1|3|1,5,2.793570965535185
4|2|3|1,3,3.1622382214167573
4|2|3|1,0,2.073277976901519
4|2|3|1,7,2.6407732179399503
4|2|3|1,6,2.330651439617846
4|2|3|1,2,2.407906244958754
4|2|3|1,1,4.15291665115266
4|2|3|1,5,2.9371418726845566
3|2|3|1,6,2.384646434908742
3|2|3|1,1,3.8657125800763863
3|2|3|1,4,2.297730662946392
3|2|3|1,7,1.9749669376422747
3|2|3|1,2,2.211797941556026
3|2|3|1,0,1.9632477319308896
3|2|3|1,5,2.4311172280415123
6|2|3|1,5,2.6544907191948197
6|2|3|1,3,2.967508308588794
6|2|3|1,2,2.3644558978272077
6|2|3|1,7,2.434074832549815
6|2|3|1,0,1.8438541022978385
6|2|3|1,1,4.213510512195088
6|2|3|1,4,1.8116668544414305
5|2|3|1,0,1.9609727280790497
5|2|3|1,4,2.5522822455260696
5|2|3|1,6,2.5298073849375506
5|2|3|1,1,4.133156138696505
5|2|3|1,2,2.4112442270117307
5|2|3|1,3,3.259024567558234
5|2|3|1,7,2.7915808326462175
3|1|3|1,7,2.6871487391165414
3|1|3|1,1,4.510084396703142
3|1|3|1,0,2.460596684475437
3|1|3|1,5,2.909136788566306
3|1|3|1,6,2.7435688244170224
3|1|3|1,2,2.751718244891969
3|1|3|1,4,2.837919149073767
4|1|3|1,7,2.7771845007847227
4|1|3|1,5,2.8757152701459616
4|1|3|1,2,2.677017321104609
4|1|3|1,1,4.595832882892642
4|1|3|1,3,3.404529481441022
4|1|3|1,0,2.5621109035237377
4|1|3|1,6,2.700720834327126
1|2|3|3,5,2.962581979672035
1|2|3|3,2,2.6219609012685434
1|2|3|3,7,3.333211810520915
1|2|3|3,4,2.933990023977121
1|2|3|3,3,4.792983852719099
1|2|3|3,0,2.227688048790147
1|2|3|3,6,3.1250792587110596
5|2|3|3,0,2.4312069607102686
5|2|3|3,1,2.8557534087044902
5|2|3|3,6,2.451722587547872
5|2|3|3,4,2.43307511199159
5|2|3|3,7,3.2353901475831077
5|2|3|3,3,4.253159430459237
5|2|3|3,2,2.5967139501445153
5|1|2|2,7,3.2130091143586874
5|1|2|2,4,3.3408621897362267
5|1|2|2,3,3.2821896641236425
5|1|2|2,0,2.9107242975809635
5|1|2|2,1,2.8830840067694816
5|1|2|2,2,4.926868478124063
5|1|2|2,6,3.017862750625161
7|3|2|0,2,2.81319707481288
7|3|2|0,4,1.0885177013919158
7|3|2|0,1,1.5228239670272665
7|3|2|0,6,1.5918277556712837
7|3|2|0,3,0.5119362704817251
7|3|2|0,5,1.1145426359554111
7|3|2|0,0,3.330162467630416
2|4|6|6,6,3.74866607035109
2|4|6|6,7,2.624873751163573
2|4|6|6,5,1.9623407128442631
2|4|6|6,0,1.6766243810367847
2|4|6|6,3,2.0631412580804893
2|4|6|6,1,1.6476554682629716
2|4|6|6,4,1.7095446942743338
6|6|0|0,4,-0.7233158518320705
6|6|0|0,7,0.5114805800189208
6|6|0|0,1,-1.1908845046803156
6|6|0|0,5,-1.0590720910296256
6|6|0|0,2,-0.14498053701345048
6|6|0|0,3,-1.669838195749701
6|6|0|0,0,2.155828024715056
4|6|0|0,3,-1.2675063015552397
4|6|0|0,7,-1.2336554852234394
4|6|0|0,5,-0.9001537329406503
4|6|0|0,1,-1.8006361727102091
4|6|0|0,0,2.5500295203562118
4|6|0|0,2,-1.8453740205383842
4|6|0|0,6,-0.9915054889449096
3|7|0|0,2,-0.6740152583431617
3|7|0|0,5,0.281002417451407
3|7|0|0,7,0.3248620135665804
3|7|0|0,0,2.380733356378704
3|7|0|0,4,0.12937380693990608
3|7|0|0,1,0.8594760878145822
3|7|0|0,6,-0.35175458365787804
3|1|0|0,0,4.833700896106411
3|1|0|0,7,2.4296483180286934
3|1|0|0,2,2.9984934471513807
3|1|0|0,4,2.916033421607286
3|1|0|0,6,2.893070063187201
3|1|0|0,5,2.93010851743415
3|1|0|0,1,3.008475145183022
0|6|2|2,1,-1.3512814814034724
0|6|2|2,2,2.829564507270297
0|6|2|2,6,-1.5840468799436622
0|6|2|2,3,-0.7199876882197049
0|6|2|2,5,-0.42772657118707763
0|6|2|2,7,0.5349901558932806
0|6|2|2,4,0.8785123637270249
1|6|2|2,6,-0.44352294840751955
1|6|2|2,3,-0.33750267876997037
1|6|2|2,2,1.7474974834880617
1|6|2|2,7,-0.3177040623715813
1|6|2|2,4,0.06518797990196316
1|6|2|2,5,-0.26598160712200103
1|6|2|2,0,-0.4752029624614592
6|6|2|2,3,-0.8308393919852187
6|6|2|2,7,-0.3519253183868005
6|6|2|2,1,-1.9908717807811678
6|6|2|2,0,-0.7676188166952654
6|6|2|2,2,3.6509357005361904
6|6|2|2,4,0.21443142665775694
6|6|2|2,5,-0.03806100473922874
3|6|2|2,5,-0.4366416052083758
3|6|2|2,0,-1.6967619243750978
3|6|2|2,2,2.5760957478533943
3|6|2|2,4,0.461981370979654
3|6|2|2,1,-2.0951364761209588
3|6|2|2,6,-0.652199989867486
3|6|2|2,7,0.12316122303563334
5|7|2|2,4,-0.45281547832923014
5|7|2|2,1,-1.1278425811490942
5|7|2|2,0,-2.2506133369229406
5|7|2|2,2,1.4346533889460322
5|7|2|2,7,2.907503085791707
5|7|2|2,6,-0.7718247815225543
5|7|2|2,3,0.20550755888671346
4|7|2|2,0,-1.5792549781095695
4|7|2|2,3,-0.7156581474341533
4|7|2|2,6,1.1995199713873725
4|7|2|2,5,-0.09943579171046546
4|7|2|2,7,1.3081302200556912
4|7|2|2,1,-1.5668175809716638
4|7|2|2,2,5.0337208498443005
6|1|3|3,2,2.575301507938486
6|1|3|3,0,2.4278485404000714
6|1|3|3,1,2.969523348792375
6|1|3|3,7,3.558947205099719
6|1|3|3,5,3.242667941151169
6|1|3|3,4,3.445588630210972
6|1|3|3,3,4.957006789714668
3|1|4|2,1,2.652028841494594
3|1|4|2,5,2.82021943177436
3|1|4|2,2,4.753691948998975
3|1|4|2,6,2.6572144542527956
3|1|4|2,4,3.7588472708134426
3|1|4|2,7,2.944385973702756
3|1|4|2,0,2.644694290716802
1|1|4|2,0,2.608191362332715
1|1|4|2,3,2.7832460635977765
1|1|4|2,6,2.8103205350522726
1|1|4|2,2,4.798364746041143
1|1|4|2,5,2.8851839379365147
1|1|4|2,4,3.0255992233176277
1|1|4|2,7,2.76346577159663
0|1|4|2,2,4.744915473939548
0|1|4|2,1,2.6007906327768646
0|1|4|2,7,2.7971051851080877
0|1|4|2,6,2.83596441594449
0|1|4|2,4,3.85086703572859
0|1|4|2,3,2.790973630149949
0|1|4|2,5,2.809677041236795
2|2|4|0,5,2.6058530110504865
2|2|4|0,0,4.302174723186477
2|2|4|0,3,2.9226473115220606
2|2|4|0,6,2.792918851529618
2|2|4|0,4,3.5542686364184095
2|2|4|0,7,2.3586038206871516
2|2|4|0,1,2.585752761659789
5|3|4|0,2,1.3258737970156473
5|3|4|0,1,1.418942912824242
5|3|4|0,0,3.565211926006462
5|3|4|0,3,0.7904562275215045
5|3|4|0,7,1.7993991801244356
5|3|4|0,6,2.027984414756935
5|3|4|0,4,2.391608839357632
2|3|4|0,6,0.9611352333533698
2|3|4|0,0,3.828199293711401
2|3|4|0,3,2.0367121247405833
2|3|4|0,4,2.824050234963406
2|3|4|0,7,2.3488617820781212
2|3|4|0,1,1.502452692652847
2|3|4|0,5,2.4422354899886054
6|3|4|0,4,2.5554356350926035
6|3|4|0,2,1.6738546628466706
6|3|4|0,1,1.8091786601983881
6|3|4|0,5,2.034876056638783
6|3|4|0,3,1.1032394335327673
6|3|4|0,0,3.3035391567030516
6|3|4|0,7,1.581293996101571
7|1|0|1,5,2.9151571852421445
7|1|0|1,3,2.778096147805265
7|1|0|1,0,2.3242355398182637
7|1|0|1,6,2.5917605456249992
7|1|0|1,1,4.195637068748887
7|1|0|1,4,2.8465848501802307
7|1|0|1,2,2.7987742153814317
5|1|0|1,1,4.068367719879967
5|1|0|1,2,2.9861103717687607
5|1|0|1,7,2.7956568607869574
5|1|0|1,6,2.5969625477632765
5|1|0|1,3,2.622235994346835
5|1|0|1,0,2.2851738130697052
5|1|0|1,4,2.6472572283939093
1|2|0|0,5,2.659035415944773
1|2|0|0,3,2.8835873975152184
1|2|0|0,0,3.8336452161726657
1|2|0|0,6,2.920342382933774
1|2|0|0,2,2.707613154974687
1|2|0|0,4,2.757657205609501
1|2|0|0,7,2.847959427297306
5|2|0|0,4,2.6153626423465997
5|2|0|0,7,2.6886795774213126
5|2|0|0,6,2.2513670026229535
5|2|0|0,2,2.5961417982622224
5|2|0|0,0,4.298138984185211
5|2|0|0,1,2.595253128239806
5|2|0|0,3,2.7016457875272253
4|3|0|0,0,3.157531968904168
4|3|0|0,1,1.456616020713906
4|3|0|0,3,2.2744805145835567
4|3|0|0,5,1.0598311677093033
4|3|0|0,7,1.9723407429524804
4|3|0|0,2,1.7474816004522624
4|3|0|0,6,1.5574573483930703
0|6|4|4,6,-0.3596423636188419
0|6|4|4,3,-2.338645714845429
0|6|4|4,5,-0.8269088805553969
0|6|4|4,2,-1.1081879514482804
0|6|4|4,7,-0.991215440125063
0|6|4|4,1,-1.8507682379093988
0|6|4|4,4,1.0588578253132626
6|7|4|4,4,2.949647858070199
6|7|4|4,7,0.22761919556069174
6|7|4|4,1,-1.908582986054522
6|7|4|4,2,-1.434198829291966
6|7|4|4,3,-2.10852306645881
6|7|4|4,0,-1.3324073880956542
6|7|4|4,5,0.4066636385052112
0|1|0|5,2,2.2280859108711675
0|1|0|5,1,1.9615224234961803
0|1|0|5,6,3.04267241542288
0|1|0|5,3,2.223619495050107
0|1|0|5,4,2.1843778712885187
0|1|0|5,5,4.180360279687129
0|1|0|5,7,2.776890619856285
2|1|0|5,6,3.0200332734223307
2|1|0|5,3,1.6063419773848397
2|1|0|5,1,2.1778619746894265
2|1|0|5,4,2.215897338771159
2|1|0|5,0,2.2430155423463978
2|1|0|5,7,2.943880607236365
2|1|0|5,5,4.167498823493657
6|2|0|2,7,2.1105440097328843
6|2|0|2,4,1.7926217875105228
6|2|0|2,3,2.055267321718193
6|2|0|2,0,1.2447786505786367
6|2|0|2,5,1.444401039036873
6|2|0|2,2,3.7405087570894837
6|2|0|2,1,1.466848753634579
7|2|0|2,6,2.234932444509601
7|2|0|2,1,1.2086055233632917
7|2|0|2,0,1.641991341805954
7|2|0|2,5,1.4498854412342348
7|2|0|2,3,1.9136230003274621
7|2|0|2,4,1.9483939672973345
7|2|0|2,2,3.5334439894668104
4|3|0|5,1,0.015162464015729987
4|3|0|5,5,2.9952706982476545
4|3|0|5,3,0.019297038311822362
4|3|0|5,2,0.3369496879810545
4|3|0|5,0,1.0297280638001485
4|3|0|5,6,0.8746804013927654
4|3|0|5,7,0.8607221592242132
1|3|0|5,7,0.6866998032041391
1|3|0|5,5,3.424058853359619
1|3|0|5,3,0.6831771134319957
1|3|0|5,2,0.30535978155974397
1|3|0|5,4,0.18065585433549752
1|3|0|5,6,0.7458760980795719
1|3|0|5,0,0.7943682209796143
2|2|6|3,0,2.0367524372024275
2|2|6|3,5,2.6145089172116043
2|2|6|3,4,2.6023626367795445
2|2|6|3,7,2.2550728267959843
2|2|6|3,1,2.294100288341287
2|2|6|3,6,3.5216403642405956
2|2|6|3,3,4.2443395593705295
0|2|6|3,1,2.331104432001906
0|2|6|3,4,2.297338475490815
0|2|6|3,3,4.338098888514266
0|2|6|3,2,2.266560183332945
0|2|6|3,5,2.7064192469607526
0|2|6|3,7,2.3513972440223636
0|2|6|3,6,3.5471740552432296
1|2|6|3,2,2.2130374512255018
1|2|6|3,0,2.157926010248332
1|2|6|3,3,4.368916544906385
1|2|6|3,5,2.861615609997003
1|2|6|3,4,2.628731481252711
1|2|6|3,7,2.6033386628247475
1|2|6|3,6,3.1979367362313695
5|3|6|6,7,2.790736114109818
5|3|6|6,6,3.708078608652954
5|3|6|6,1,2.464009989932363
5|3|6|6,0,1.8608559536289138
5|3|6|6,2,2.2317838009506294
5|3|6|6,3,2.452378017254437
5|3|6|6,4,2.2920179481678318
7|3|6|6,1,2.0627707892721663
7|3|6|6,2,2.029454633042141
7|3|6|6,4,2.080268202621592
7|3|6|6,6,4.748754691341106
7|3|6|6,0,1.8487828809075675
7|3|6|6,5,2.0781928133719005
7|3|6|6,3,2.1157570813368745
1|3|6|6,6,3.6457855862648407
1|3|6|6,0,2.018988522636011
1|3|6|6,3,2.608050702474588
1|3|6|6,4,2.802065408349118
1|3|6|6,5,2.88143560192446
1|3|6|6,2,2.4067284836543172
1|3|6|6,7,2.6350087094941843
3|1|5|4,0,2.49908821248248
3|1|5|4,4,4.724400634957585
3|1|5|4,5,3.624118043041844
3|1|5|4,6,2.9926368200839066
3|1|5|4,2,2.412116204954396
3|1|5|4,7,2.822186596478219
3|1|5|4,1,2.450989802546359
0|1|5|4,3,2.619195302773522
0|1|5|4,4,4.49350443440226
0|1|5|4,6,2.793880799691221
0|1|5|4,1,2.356774423257974
0|1|5|4,2,2.5098633604518117
0|1|5|4,7,2.6375922976346917
0|1|5|4,5,4.000936569153426
4|2|5|1,5,3.3636126137876357
4|2|5|1,0,2.172340286042164
4|2|5|1,3,2.4528321159773943
4|2|5|1,1,4.3154284149797855
4|2|5|1,6,2.386059826010681
4|2|5|1,2,2.460763702142882
4|2|5|1,7,2.940514817276888
5|3|5|6,6,3.786579055475079
5|3|5|6,0,1.1992464173411574
5|3|5|6,3,-0.10387273828054608
5|3|5|6,1,0.1323588651790131
5|3|5|6,7,0.20555574987274858
5|3|5|6,4,0.8717595005711094
5|3|5|6,2,1.2313786994034037
6|5|5|5,3,0.5409270864786122
6|5|5|5,5,3.467092790060801
6|5|5|5,1,1.3481285105868281
6|5|5|5,2,0.4101870861503964
6|5|5|5,0,0.30606653391520094
6|5|5|5,7,1.7461853160580703
6|5|5|5,4,1.7445410929451708
3|5|5|5,5,3.3647981388312678
3|5|5|5,4,1.8615026383850428
3|5|5|5,2,2.218512219346806
3|5|5|5,6,2.304184610327561
3|5|5|5,7,1.7379102942863933
3|5|5|5,0,0.8774268913508703
3|5|5|5,1,1.0468762413144663
1|1|0|4,6,2.7939678561185586
1|1|0|4,2,2.3253283432900362
1|1|0|4,3,2.366859132016231
1|1|0|4,7,2.907992394713807
1|1|0|4,0,2.349230337495454
1|1|0|4,4,4.268046272797657
1|1|0|4,5,2.71896753126314
6|2|0|0,4,2.2236071311782846
6|2|0|0,7,2.705544031035455
6|2|0|0,5,2.6954155015333274
6|2|0|0,1,2.457637115063647
6|2|0|0,2,2.8456721695494687
6|2|0|0,3,2.843164864183331
6|2|0|0,0,3.8452351874008923
1|3|0|0,3,1.7463566777583568
1|3|0|0,4,2.0987834368557845
1|3|0|0,6,2.06988581176039
1|3|0|0,2,1.9725524712618165
1|3|0|0,0,3.913527322741422
1|3|0|0,5,2.3111939654972105
1|3|0|0,7,1.0241614859496635
3|4|0|0,6,1.2280087436754523
3|4|0|0,5,0.8536619070339811
3|4|0|0,0,3.0705939363948636
3|4|0|0,7,0.8677806942634052
3|4|0|0,1,0.4984487377274359
3|4|0|0,4,1.482660579744533
3|4|0|0,2,1.171795906424188
6|5|0|0,3,-0.2169355682821377
6|5|0|0,7,0.30730217061665177
6|5|0|0,0,2.4940487885767983
6|5|0|0,4,0.7757638230530342
6|5|0|0,1,-0.21068663907565058
6|5|0|0,5,-0.06793732437703226
6|5|0|0,2,0.03422406283564505
3|5|0|0,5,-0.31122695345856977
3|5|0|0,7,0.07147833056512629
3|5|0|0,0,2.1512455086245987
3|5|0|0,2,-0.6484433840226322
3|5|0|0,6,0.5751155895472786
3|5|0|0,4,0.18290637467210175
3|5|0|0,1,-0.5358135404745514
2|1|6|3,4,2.83083957647283
2|1|6|3,5,2.6902233224307595
2|1|6|3,3,4.835152586226781
2|1|6|3,6,3.409852730956133
2|1|6|3,0,2.5543573671464896
2|1|6|3,1,2.5656815352785274
2|1|6|3,7,2.730787712935024
4|1|6|3,5,2.710820094177053
4|1|6|3,3,4.6343826961889105
4|1|6|3,1,2.4397880026441854
4|1|6|3,2,2.3863319108197745
4|1|6|3,0,2.562842644580537
4|1|6|3,6,3.791580145409539
4|1|6|3,7,3.0415238757823926
5|1|6|3,3,4.738720918901896
5|1|6|3,0,2.3159496907194725
5|1|6|3,1,2.435200632992262
5|1|6|3,4,2.8183341469607917
5|1|6|3,7,2.763525615925507
5|1|6|3,2,2.1614450345078726
5|1|6|3,6,3.29557680887102
3|2|6|6,6,4.601432040946064
3|2|6|6,2,2.8039139842049097
3|2|6|6,7,3.2978295201192553
3|2|6|6,0,2.8586657901107175
3|2|6|6,4,2.8624809417692
3|2|6|6,1,2.5777094152473157
3|2|6|6,5,3.164157743809754
6|5|4|0,3,-0.5749476014076611
6|5|4|0,0,-0.2493862933183848
6|5|4|0,2,-0.40554799152800913
6|5|4|0,4,3.7766202655864087
6|5|4|0,5,0.40875692791103235
6|5|4|0,7,-0.30481572663946765
6|5|4|0,1,-0.5844587879115952
3|5|4|0,7,0.5365204439808163
3|5|4|0,4,3.97424065749684
3|5|4|0,0,1.1212960636860545
3|5|4|0,6,0.6226544634669254
3|5|4|0,5,-1.9231473386551585
3|5|4|0,2,-0.04610569056302254
3|5|4|0,1,0.5240430135744708
7|5|4|0,5,-1.4681591727526964
7|5|4|0,4,3.7576181550862393
7|5|4|0,0,-0.20466517834299056
7|5|4|0,2,-0.3030585093786453
7|5|4|0,1,0.23829513883593462
7|5|4|0,6,-0.6312367695655143
7|5|4|0,3,0.4636891313056783
2|2|3|3,5,2.9682513156008925
2|2|3|3,3,3.6716377482552818
2|2|3|3,0,2.6684409155417375
2|2|3|3,4,2.6360806819587945
2|2|3|3,7,3.2013982281224944
2|2|3|3,1,2.7939413997144986
2|2|3|3,6,2.925487684271994
7|2|3|3,5,2.906297279034893
7|2|3|3,6,2.6397052193080803
7|2|3|3,0,2.336244749097965
7|2|3|3,3,4.291466231254431
7|2|3|3,1,2.5650270867226297
7|2|3|3,2,2.1379305077378663
7|2|3|3,4,3.2085781742516697
6|2|3|3,5,2.18140707122675
6|2|3|3,2,2.887188705050432
6|2|3|3,3,4.543043999859572
6|2|3|3,1,2.3815370081510987
6|2|3|3,4,3.038464439873312
6|2|3|3,0,2.907301463423062
6|2|3|3,7,2.984342943094023
5|1|1|1,4,3.1310269809915647
5|1|1|1,6,3.1212527080280816
5|1|1|1,1,4.873099970446091
5|1|1|1,3,3.2393155909924873
5|1|1|1,2,3.013073282225895
5|1|1|1,7,3.102911186407131
5|1|1|1,0,2.8437510373545276
4|1|1|1,7,3.339856462479058
4|1|1|1,3,3.0679565076888755
4|1|1|1,6,3.09966940117203
4|1|1|1,5,3.2019780519426453
4|1|1|1,2,2.9596810998234027
4|1|1|1,0,2.8204091320721845
4|1|1|1,1,4.763830079697454
7|2|4|4,2,2.3846436544020997
7|2|4|4,6,3.03083255128512
7|2|4|4,4,5.0258483843543305
7|2|4|4,3,3.0340374882675207
7|2|4|4,0,2.523855735687949
7|2|4|4,5,2.656815751380687
7|2|4|4,1,2.9204750515608304
2|2|4|4,3,3.041951842519344
2|2|4|4,6,2.700277018316532
2|2|4|4,5,3.0694331671864727
2|2|4|4,4,4.532443668227818
2|2|4|4,1,3.031520341285123
2|2|4|4,0,3.021516926870317
2|2|4|4,7,3.4904594097723103
3|4|4|4,5,1.5744063341459391
3|4|4|4,0,1.4392611025669255
3|4|4|4,6,1.965250761483602
3|4|4|4,1,1.2501199152706732
3|4|4|4,7,1.8160939112164902
3|4|4|4,2,1.6423820966913607
3|4|4|4,4,3.1806651509283266
5|4|4|4,1,1.2881329138938902
5|4|4|4,6,2.018735776689852
5|4|4|4,7,1.6917367966092565
5|4|4|4,2,1.4301990785044842
5|4|4|4,3,1.762808879258889
5|4|4|4,4,3.4304357526713996
5|4|4|4,0,1.8895934945485948
1|4|4|4,6,2.4962453017479604
1|4|4|4,4,4.248987072566522
1|4|4|4,3,2.309831352358262
1|4|4|4,0,1.8388788275312986
1|4|4|4,7,2.412252787311112
1|4|4|4,2,1.8365624395185431
1|4|4|4,5,2.4054361895927285
6|4|4|4,1,2.033410425647173
6|4|4|4,0,1.305791759856935
6|4|4|4,7,2.022230378645397
6|4|4|4,4,3.784332289015074
6|4|4|4,5,0.24174700239170155
6|4|4|4,3,0.4249083439494772
6|4|4|4,2,2.013267446927484
5|1|6|0,2,2.9494441321767524
5|1|6|0,1,2.8558807713274743
5|1|6|0,3,2.770899186422658
5|1|6|0,0,4.670088434523313
5|1|6|0,4,2.8354558313086535
5|1|6|0,7,2.7356142084561856
5|1|6|0,6,3.382046249846751
2|1|6|0,4,2.1970976168385006
2|1|6|0,6,3.3594457402263216
2|1|6|0,1,2.7215185099695036
2|1|6|0,3,3.015170422265667
2|1|6|0,0,4.641747768194559
2|1|6|0,7,3.043095498897599
2|1|6|0,5,2.8153028532468602
4|1|6|0,7,2.8367161708216
4|1|6|0,6,3.5377231091208916
4|1|6|0,3,2.7262087493690275
4|1|6|0,2,2.765904547465303
4|1|6|0,0,4.610793023711989
4|1|6|0,1,2.688956767892249
4|1|6|0,5,2.8684717162131004
7|2|6|0,5,1.6891270695628386
7|2|6|0,1,2.2324946269955435
7|2|6|0,4,2.2791267674375844
7|2|6|0,0,3.7895963572439357
7|2|6|0,3,1.7126969656970625
7|2|6|0,6,2.923295945175715
7|2|6|0,2,2.1258833903183
5|2|6|0,7,2.810019524596886
5|2|6|0,3,2.542536496518797
5|2|6|0,1,2.5531303254418445
5|2|6|0,2,2.4987391863833586
5|2|6|0,4,2.131418858009393
5|2|6|0,6,3.1071834024246012
5|2|6|0,0,3.45895433126045
1|2|6|0,3,2.5951314065488704
1|2|6|0,7,2.6453426671292215
1|2|6|0,4,2.9343360502611215
1|2|6|0,2,2.769773730144397
1|2|6|0,0,4.167490266440767
1|2|6|0,6,2.945584729583449
1|2|6|0,5,2.6454375879086167
6|2|2|2,4,3.0688681248643146
6|2|2|2,7,3.172090433141051
6|2|2|2,5,3.065595305510391
6|2|2|2,2,4.861289722692829
6|2|2|2,3,2.181831963691944
6|2|2|2,1,2.698322781458311
6|2|2|2,0,2.751867574801674
4|2|2|2,3,2.5438171888311514
4|2|2|2,2,4.310244983861937
4|2|2|2,6,2.5206090852259497
4|2|2|2,7,3.048899234087776
4|2|2|2,1,2.6764298500550256
4|2|2|2,5,3.350722759597413
4|2|2|2,0,2.607275043508929
3|2|2|2,6,2.883960640072235
3|2|2|2,5,2.677985967327229
3|2|2|2,0,2.5562305006337267
3|2|2|2,4,3.258383014542254
3|2|2|2,7,3.0886477196415187
3|2|2|2,2,4.714992585723678
3|2|2|2,1,2.674920154549079
4|3|2|0,2,2.7404772217682942
4|3|2|0,6,1.4655063004822155
4|3|2|0,5,1.7968394906613525
4|3|2|0,7,1.5864956403995805
4|3|2|0,3,1.5586127099294307
4|3|2|0,1,1.0741608071662263
4|3|2|0,0,2.9339974643168065
2|4|0|0,1,-0.020763821718891927
2|4|0|0,5,0.8377492064460075
2|4|0|0,7,1.3463481143362777
2|4|0|0,6,1.3427163768736492
2|4|0|0,0,3.0360639604711075
2|4|0|0,4,1.1281841119697742
2|4|0|0,3,1.5813790687696623
7|1|4|5,4,1.8194734496826113
7|1|4|5,6,3.1593794377528863
7|1|4|5,1,1.4337233947858892
7|1|4|5,3,1.551766390667503
7|1|4|5,2,1.3396408807636557
7|1|4|5,5,4.467257293905132
7|1|4|5,0,1.619756756999278
4|1|4|5,2,1.7100865843817672
4|1|4|5,0,2.218943320547419
4|1|4|5,5,4.701526405940632
4|1|4|5,6,2.9721098453167683
4|1|4|5,3,2.2116848561100624
4|1|4|5,1,2.1775219382345905
4|1|4|5,7,2.8775455295555648
2|1|4|5,0,1.994730672007525
2|1|4|5,1,2.012721317481347
2|1|4|5,6,3.1763585394453417
2|1|4|5,3,2.02835985009369
2|1|4|5,7,2.9107949130495547
2|1|4|5,4,2.445788768463209
2|1|4|5,5,4.760885869476336
0|1|4|5,6,2.9591743614215966
0|1|4|5,7,2.826990208190717
0|1|4|5,1,2.2697721215231974
0|1|4|5,4,2.154189210198237
0|1|4|5,2,1.3729100948479722
0|1|4|5,3,2.2531190046696303
0|1|4|5,5,4.703213498104997
6|2|4|4,0,2.593510452992628
6|2|4|4,1,2.6071716570853294
6|2|4|4,5,3.119851397474065
6|2|4|4,7,3.3046049466646146
6|2|4|4,4,4.726958219778283
6|2|4|4,2,2.530305576463268
6|2|4|4,3,2.98665571388448
0|2|4|4,2,2.8613331877088983
0|2|4|4,4,5.081629547093459
0|2|4|4,6,3.5630763403811354
0|2|4|4,1,2.8488883973925585
0|2|4|4,3,2.9038640405261087
0|2|4|4,5,3.3429882986995954
0|2|4|4,7,3.201260412321912
3|2|7|1,0,2.007917019630746
3|2|7|1,5,1.6645381018786278
3|2|7|1,1,3.992752026756648
3|2|7|1,6,2.4088190275216363
3|2|7|1,7,3.1271944881052263
3|2|7|1,4,2.0953702196456816
3|2|7|1,2,2.2326535227410997
0|2|7|1,3,2.125944123938866
0|2|7|1,2,2.6289096259012514
0|2|7|1,7,3.4069140190110434
0|2|7|1,5,2.5774173158515765
0|2|7|1,6,2.6978346510342206
0|2|7|1,1,4.071169249407425
0|2|7|1,4,2.699859816406088
5|2|7|1,6,1.6437385179898776
5|2|7|1,3,1.6838960174552946
5|2|7|1,2,2.1445314356250607
5|2|7|1,0,1.5955398811463783
5|2|7|1,1,4.104449161596951
5|2|7|1,7,3.1914692852073157
5|2|7|1,4,2.652200476504306
5|5|0|0,3,-1.5916114717597982
5|5|0|0,2,-0.8886916481124358
5|5|0|0,0,1.4136014775967838
5|5|0|0,1,-0.18132725822990065
5|5|0|0,4,1.4127425688602195
5|5|0|0,6,-0.839479102864582
5|5|0|0,7,0.28938905172566576
2|1|4|4,4,4.968100940348873
2|1|4|4,1,2.8936326495534423
2|1|4|4,3,2.940994638713313
2|1|4|4,5,3.3359276255799446
2|1|4|4,7,3.640985382310773
2|1|4|4,0,2.9144138390698493
2|1|4|4,6,2.8619673848844283
4|2|7|7,3,3.0177629829826156
4|2|7|7,1,2.9737249018451792
4|2|7|7,7,4.963550931380263
4|2|7|7,5,3.0373418817827815
4|2|7|7,0,2.9291452627808368
4|2|7|7,6,3.0876208598602775
4|2|7|7,2,3.3676745246539186
3|2|7|7,6,3.253257060250293
3|2|7|7,1,2.9929098044529874
3|2|7|7,5,3.0013684996574623
3|2|7|7,4,2.931252069166862
3|2|7|7,2,3.1862944348535702
3|2|7|7,0,3.1681878445452445
3|2|7|7,7,4.875404344741308
6|3|7|7,0,2.4932658585671943
6|3|7|7,4,2.316964272824033
6|3|7|7,7,4.315906370185305
6|3|7|7,1,2.60058369786632
6|3|7|7,2,1.6384034197339565
6|3|7|7,5,2.4665717624016557
6|3|7|7,3,2.090371020496569
0|3|7|7,3,2.2642338314550576
0|3|7|7,5,2.736829833242149
0|3|7|7,7,4.137732715307304
0|3|7|7,4,2.122619050504088
0|3|7|7,2,2.6065682672355326
0|3|7|7,1,2.7137376615084663
0|3|7|7,6,2.909972590694319
3|4|7|7,1,1.9682943021764285
3|4|7|7,6,1.2412263928052523
3|4|7|7,5,2.762338324117892
3|4|7|7,7,2.004436396785816
3|4|7|7,4,2.0986744828653148
3|4|7|7,2,1.2604135235935157
3|4|7|7,0,1.0847401186406858
1|5|7|7,3,2.27695278707984
1|5|7|7,2,0.8828081406304336
1|5|7|7,5,2.1902917223012994
1|5|7|7,6,0.7176357401747259
1|5|7|7,0,0.7210687534725961
1|5|7|7,4,2.113353809055436
1|5|7|7,7,4.058590731682754
5|1|3|0,1,2.707257542459335
5|1|3|0,2,2.8734623844103298
5|1|3|0,4,2.7613516264154354
5|1|3|0,7,2.992990202354778
5|1|3|0,0,4.563101650363828
5|1|3|0,3,3.5400596103566864
5|1|3|0,6,2.797579081869219
1|1|3|0,6,2.933083631973153
1|1|3|0,7,2.8580883045273553
1|1|3|0,2,2.589183515743041
1|1|3|0,4,2.9402044137618755
1|1|3|0,0,4.543079434301318
1|1|3|0,5,2.8075916782367343
1|1|3|0,3,3.1388168527696174
6|1|3|0,3,3.560833855072973
6|1|3|0,0,4.569015415886825
6|1|3|0,7,2.9838352604378295
6|1|3|0,1,2.6662367593094256
6|1|3|0,4,2.840636087509576
6|1|3|0,5,2.808950434883369
6|1|3|0,2,2.6903052516262433
3|1|3|0,0,4.516622819260592
3|1|3|0,2,2.9304320751941284
3|1|3|0,5,2.8706936128801996
3|1|3|0,6,2.8943960800142787
3|1|3|0,4,2.930622421458255
3|1|3|0,1,2.740659418499785
3|1|3|0,7,2.948613568468903
0|2|3|3,4,3.1186854077587367
0|2|3|3,1,2.7045463909976633
0|2|3|3,5,3.081570896780882
0|2|3|3,3,4.578083564773038
0|2|3|3,2,2.3768087324718983
0|2|3|3,7,2.436198001634499
0|2|3|3,6,2.9745999499412408
4|4|3|3,2,1.5363872728181687
4|4|3|3,3,4.146128273824998
4|4|3|3,5,1.3294612780962005
4|4|3|3,7,1.6134601932447057
4|4|3|3,0,1.140238421289805
4|4|3|3,1,0.9339788126339053
4|4|3|3,6,0.4228877233677468
2|4|3|3,3,3.719835058327387
2|4|3|3,0,1.0783498840486703
2|4|3|3,5,2.161868027047482
2|4|3|3,1,1.0578054456664208
2|4|3|3,6,0.7557376173685474
2|4|3|3,7,1.7376016648681818
2|4|3|3,4,2.196779884120122
6|1|4|5,0,1.685437415826705
6|1|4|5,3,2.079088060673026
6|1|4|5,5,4.629850273726726
6|1|4|5,7,3.846839224527026
6|1|4|5,4,2.2802923001996014
6|1|4|5,1,1.7392361735721111
6|1|4|5,2,1.6489759163448525
1|1|4|5,3,2.2155378850018965
1|1|4|5,2,1.5515715402956094
1|1|4|5,7,3.2744643079977296
1|1|4|5,0,2.2350265863542687
1|1|4|5,4,2.353303405617024
1|1|4|5,5,4.712619267556491
1|1|4|5,6,2.80171395599286
3|1|4|5,7,2.511774263937363
3|1|4|5,2,1.5550404096085881
3|1|4|5,5,4.72206545954191
3|1|4|5,1,1.8909316314653555
3|1|4|5,0,2.0477070249116047
3|1|4|5,4,2.43410167982223
3|1|4|5,6,2.742392650619873
1|1|2|3,0,2.5053918299232354
1|1|2|3,7,2.829434599183031
1|1|2|3,4,3.0928719958793134
1|1|2|3,2,2.526933585129565
1|1|2|3,5,3.0711680026244017
1|1|2|3,3,4.587395764162485
1|1|2|3,6,2.7578233855769163
0|1|2|3,6,2.880621729439947
0|1|2|3,7,2.9589458902448174
0|1|2|3,2,2.5135662466134057
0|1|2|3,1,2.4631047786227014
0|1|2|3,4,2.9110635037709325
0|1|2|3,5,3.1096538161246543
0|1|2|3,3,4.520551028270741
6|1|2|3,5,3.0348519708168364
6|1|2|3,4,2.92695946564744
6|1|2|3,1,2.43029333824977
6|1|2|3,2,2.4446406358786046
6|1|2|3,7,2.9104645065746046
6|1|2|3,3,4.448789540178176
6|1|2|3,0,2.4422376617665598
5|1|2|3,3,4.536234282058759
5|1|2|3,1,2.368036454946356
5|1|2|3,2,2.455665903395082
5|1|2|3,0,2.3736648598579895
5|1|2|3,7,3.212577604829168
5|1|2|3,6,2.9452841511664327
5|1|2|3,4,2.969031368401072
3|3|2|4,0,0.367814369980061
3|3|2|4,1,1.5660430665142435
3|3|2|4,5,1.2274437912747875
3|3|2|4,7,1.440776178981306
3|3|2|4,4,3.848126355285693
3|3|2|4,6,1.2797592870772798
3|3|2|4,2,1.2225421728352215
0|3|2|4,4,3.8231364485617103
0|3|2|4,2,2.183519589885751
0|3|2|4,7,0.9765813641672442
0|3|2|4,5,1.6138256905909123
0|3|2|4,1,1.0186864497702723
0|3|2|4,6,1.0567236915659168
0|3|2|4,3,1.0684493312188774
4|5|2|0,2,0.18326275244524948
4|5|2|0,3,-0.13311455172541042
4|5|2|0,7,-0.9041366515269311
4|5|2|0,1,-0.8411601520878551
4|5|2|0,5,-0.7516920990792206
4|5|2|0,6,-0.2016451239629355
4|5|2|0,0,1.4658420130952619
2|1|1|0,6,2.6345908852381275
2|1|1|0,5,2.691320483846128
2|1|1|0,3,2.5655390278799057
2|1|1|0,7,2.618792905914661
2|1|1|0,4,2.6260650949051114
2|1|1|0,1,3.256704462645197
2|1|1|0,0,4.525293416241365
6|1|1|0,1,3.544493682057589
6|1|1|0,5,2.669697426375643
6|1|1|0,4,2.5674704920994316
6|1|1|0,7,2.7210677525890357
6|1|1|0,2,2.6479739956711
6|1|1|0,0,4.4814502051464515
6|1|1|0,3,2.8290757550973193
4|1|1|0,1,3.4938243335568915
4|1|1|0,3,2.686807002297546
4|1|1|0,5,2.7000251366594235
4|1|1|0,2,2.659359523660006
4|1|1|0,6,2.7023694825840785
4|1|1|0,7,2.748514080419291
4|1|1|0,0,4.512447991150584
6|1|4|4,2,2.906545136171666
6|1|4|4,3,2.422955009849072
6|1|4|4,5,3.429320062455334
6|1|4|4,7,3.530321971113478
6|1|4|4,4,5.031352796078339
6|1|4|4,0,2.9905979562431875
6|1|4|4,1,2.9116861347034657
1|1|4|4,5,3.3973608750432804
1|1|4|4,0,2.930750708291636
1|1|4|4,7,3.561282647969237
1|1|4|4,6,3.507050741073188
1|1|4|4,4,4.979202257955976
1|1|4|4,3,2.971249091006792
1|1|4|4,2,2.9300341580350677
5|1|4|4,0,2.970320881549071
5|1|4|4,2,2.9312542715857846
5|1|4|4,7,3.596217836002753
5|1|4|4,1,2.9415612369323894
5|1|4|4,3,2.386513618988059
5|1|4|4,6,3.2767166682640654
5|1|4|4,4,4.970171544748767
0|1|4|4,6,3.345629154275671
0|1|4|4,7,3.4719413438059448
0|1|4|4,4,4.561517329274654
0|1|4|4,3,2.9377932017557997
0|1|4|4,1,2.953463477443081
0|1|4|4,5,2.6741988598318955
0|1|4|4,2,2.9183084574689593
3|1|4|4,2,2.9153226425032437
3|1|4|4,7,3.4629483010425965
3|1|4|4,6,3.1924891560483
3|1|4|4,1,2.9799865519792
3|1|4|4,4,5.069612258804728
3|1|4|4,5,3.3239021500589705
3|1|4|4,0,2.9445007786171984
5|1|3|3,0,2.9053712610862146
5|1|3|3,6,3.4112471703224436
5|1|3|3,3,4.931830610679586
5|1|3|3,1,2.9610461040313343
5|1|3|3,2,2.2352698346882507
5|1|3|3,7,3.0998466222102556
5|1|3|3,4,3.0772453760251097
7|2|3|1,5,2.920895285293536
7|2|3|1,3,3.3362955279029287
7|2|3|1,2,2.191855543365813
7|2|3|1,0,2.031085636042263
7|2|3|1,4,1.9764233420888997
7|2|3|1,6,2.1915982089910457
7|2|3|1,1,4.265713832362215
4|1|0|1,6,2.5468666953391934
4|1|0|1,0,1.8522350854296952
4|1|0|1,1,4.172429513941684
4|1|0|1,2,2.4304581047988543
4|1|0|1,7,2.514534561406777
4|1|0|1,3,2.777417359842861
4|1|0|1,5,2.7280030584511823
6|1|0|1,4,2.828097023988394
6|1|0|1,5,2.562123528233071
6|1|0|1,1,4.284427358483079
6|1|0|1,7,2.738021149258261
6|1|0|1,2,2.6592920878405835
6|1|0|1,0,1.8912027168077101
6|1|0|1,3,2.6160600674371817
0|1|0|1,6,2.552958626671819
0|1|0|1,4,2.613691015181087
0|1|0|1,2,2.5307748470876787
0|1|0|1,5,2.6014433232886307
0|1|0|1,7,2.6417474482017593
0|1|0|1,1,4.121978672997213
0|1|0|1,3,2.5525799061978054
2|1|0|1,6,2.6133274101094006
2|1|0|1,7,2.553526839937388
2|1|0|1,5,2.6908233286243095
2|1|0|1,3,2.718024259254501
2|1|0|1,4,2.6929518588226786
2|1|0|1,0,2.334964909657402
2|1|0|1,1,3.8762126858503576
7|1|6|4,5,2.5252533008493416
7|1|6|4,2,2.298317621139847
7|1|6|4,4,4.788527577479135
7|1|6|4,0,2.060543799457084
7|1|6|4,3,2.4285542008786316
7|1|6|4,1,2.4968104580366832
7|1|6|4,6,3.3741858409963936
5|1|6|4,1,2.443917782439417
5|1|6|4,2,2.2141807773295534
5|1|6|4,6,3.598578355262902
5|1|6|4,7,2.252769934705176
5|1|6|4,4,4.737734791229014
5|1|6|4,0,2.3406785253743756
5|1|6|4,3,2.203555224009134
1|1|6|4,6,3.676295475195294
1|1|6|4,4,4.781723538709782
1|1|6|4,7,2.8273857627336847
1|1|6|4,5,2.7062066761196832
1|1|6|4,2,2.359202092145752
1|1|6|4,0,2.627475519220478
1|1|6|4,3,2.4629042332276883
6|2|7|7,5,2.3027037064310867
6|2|7|7,4,2.2723242542326574
6|2|7|7,3,2.4707568107093523
6|2|7|7,1,2.8299223543506793
6|2|7|7,2,3.2633450913554625
6|2|7|7,0,2.460150782100052
6|2|7|7,7,4.753552786177646
5|2|7|7,7,4.734592070199951
5|2|7|7,3,3.040536351010218
5|2|7|7,2,3.000735343529363
5|2|7|7,1,2.74762136806785
5|2|7|7,6,3.1667450067361638
5|2|7|7,4,2.9653232313422113
5|2|7|7,0,2.945656726761049
7|4|1|1,0,0.5230686812531006
7|4|1|1,5,0.8115796602883871
7|4|1|1,3,0.7308426664064736
7|4|1|1,2,-0.6647799055152537
7|4|1|1,1,3.2933431807030984
7|4|1|1,4,0.4567468237143904
7|4|1|1,6,1.4672367709284682
0|4|1|1,3,0.8908310648203298
0|4|1|1,4,1.1950051600198672
0|4|1|1,5,0.8503495168810608
0|4|1|1,6,1.5096024807842785
0|4|1|1,1,2.9185642331792687
0|4|1|1,2,0.9030650519372496
0|4|1|1,7,1.4705527198037895
4|1|0|5,5,4.108632586287257
4|1|0|5,7,2.837391897960217
4|1|0|5,3,2.2536882227644712
4|1|0|5,2,2.172555980136396
4|1|0|5,0,2.2051992972032455
4|1|0|5,1,2.2128211603961665
4|1|0|5,6,3.0526976785123088
7|2|0|0,0,4.822262652896072
7|2|0|0,5,2.18017164129677
7|2|0|0,2,2.6725304987088307
7|2|0|0,6,2.7276801174383145
7|2|0|0,1,2.366052147813429
7|2|0|0,4,2.6486404214743704
7|2|0|0,3,2.7735586022197856
0|4|6|6,5,2.252166320617509
0|4|6|6,7,1.9581830043341775
0|4|6|6,4,2.0177486916028085
0|4|6|6,6,3.8035841512265276
0|4|6|6,2,2.0798133747820198
0|4|6|6,1,2.121274537163965
0|4|6|6,3,2.2075298786906967
5|4|6|6,2,1.9413784210283247
5|4|6|6,3,1.790535790864992
5|4|6|6,4,2.0664095955685826
5|4|6|6,6,2.926996455108984
5|4|6|6,0,1.6568770464461018
5|4|6|6,1,0.5502262033485396
5|4|6|6,7,1.9706824057428416
7|5|6|6,0,2.3573239653420197
7|5|6|6,6,3.586375898742044
7|5|6|6,2,0.8397778310631091
7|5|6|6,1,0.31389831390797746
7|5|6|6,3,2.596009134415644
7|5|6|6,5,0.22224581956033856
7|5|6|6,4,1.5055252279440734
3|1|1|0,6,2.6120576926869274
3|1|1|0,2,2.6079375277781116
3|1|1|0,5,2.772798636473101
3|1|1|0,0,4.493719703088097
3|1|1|0,4,2.5557121230810376
3|1|1|0,1,3.3938937789897583
3|1|1|0,7,2.5533466334364165
2|2|1|0,4,2.6322651358644253
2|2|1|0,7,2.405230744550684
2|2|1|0,1,2.864988674600713
2|2|1|0,5,2.214009725486538
2|2|1|0,6,2.1688999204070587
2|2|1|0,0,3.7576455528264057
2|2|1|0,3,2.309578402132049
4|3|1|0,1,2.1437294335778496
4|3|1|0,7,1.4613550468177896
4|3|1|0,2,1.5808394468630154
4|3|1|0,3,1.0256279782414244
4|3|1|0,0,2.7396024598172715
4|3|1|0,6,0.8892854852731147
4|3|1|0,5,0.6867059322911108
6|1|4|1,2,2.755529235978459
6|1|4|1,7,2.881334251076742
6|1|4|1,5,2.851478299246531
6|1|4|1,0,2.5646556296209124
6|1|4|1,3,2.7082634623346657
6|1|4|1,4,3.0790650836337004
6|1|4|1,1,4.593990566971474
2|1|4|1,5,2.8286013984063363
2|1|4|1,1,4.541477068254572
2|1|4|1,4,3.6042699379114094
2|1|4|1,7,2.7169347199831986
2|1|4|1,6,2.643159895907337
2|1|4|1,0,2.5387040778670293
2|1|4|1,3,2.687520226772558
5|1|4|1,3,2.652900680144987
5|1|4|1,0,2.568540700356925
5|1|4|1,2,2.5760711023584295
5|1|4|1,1,4.533914611857953
5|1|4|1,6,2.813169391519388
5|1|4|1,7,2.8781709470120393
5|1|4|1,4,3.4619013646452435
3|2|4|1,4,3.09010068917449
3|2|4|1,1,4.280607156923336
3|2|4|1,5,2.746661557226163
3|2|4|1,0,2.351257455757586
3|2|4|1,7,2.569820457114778
3|2|4|1,6,2.760497860227415
3|2|4|1,2,2.5605596066221326
3|3|6|6,6,3.559938182496304
3|3|6|6,0,2.233337744064885
3|3|6|6,1,1.5278943971446237
3|3|6|6,7,3.275585263606369
3|3|6|6,2,2.079450304549305
3|3|6|6,4,2.158380914837371
3|3|6|6,5,2.928234726852685
7|6|0|0,3,-1.021277757463967
7|6|0|0,6,-0.018961162603524456
7|6|0|0,4,-1.4784858325107488
7|6|0|0,5,-2.0850038265905257
7|6|0|0,2,-0.6099203849796337
7|6|0|0,1,-0.37039193892124467
7|6|0|0,0,3.4940719562568314
3|6|0|0,1,-0.8897336690688067
3|6|0|0,5,-0.741677923349759
3|6|0|0,2,-0.7081732050265114
3|6|0|0,7,-0.19702322775151207
3|6|0|0,0,3.0582545232793725
3|6|0|0,6,0.5498353470957034
3|6|0|0,4,0.2039333764237823
1|6|0|0,5,-0.06339465116911253
1|6|0|0,3,-0.6657228795244405
1|6|0|0,6,-0.5990937612220234
1|6|0|0,2,0.6433202689722167
1|6|0|0,7,-0.8312505838590036
1|6|0|0,0,2.1326700792271964
1|6|0|0,4,-0.043842706934427836
5|7|0|0,0,5.803668347183544
5|7|0|0,2,1.2518112624419395
5|7|0|0,4,-0.33105371512824067
5|7|0|0,7,0.07511067816879324
5|7|0|0,6,1.1176919008033985
5|7|0|0,3,-1.397275420373326
5|7|0|0,1,-0.14626582503427593
0|8|6|6,4,-1.592792507311515
0|8|6|6,7,-0.7391586441542355
0|8|6|6,2,-0.1629744654367044
0|8|6|6,5,1.2981257325016082
0|8|6|6,6,10.999999999999982
0|8|6|6,1,3.025498648776078
0|8|6|6,3,-0.7787695102417127
7|2|2|0,0,4.0829174684005105
7|2|2|0,4,2.519110335668591
7|2|2|0,6,2.476743082451705
7|2|2|0,2,3.0428731306810297
7|2|2|0,5,2.5537346566752883
7|2|2|0,3,2.1764824472885698
7|2|2|0,1,2.2501269383145885
0|3|2|2,7,2.5185070680679433
0|3|2|2,5,2.531658431788317
0|3|2|2,2,4.2892426528133045
0|3|2|2,4,2.6850867204772917
0|3|2|2,6,2.8419483448083143
0|3|2|2,1,1.4261647411309681
0|3|2|2,3,2.2247447328930305
7|3|2|2,4,2.58709737104873
7|3|2|2,0,2.19332244766366
7|3|2|2,6,1.7424500424605656
7|3|2|2,2,4.24418242019294
7|3|2|2,5,2.0687078574112947
7|3|2|2,3,2.1751333657422647
7|3|2|2,1,2.0973581420362897
4|3|2|2,2,4.470764981311349
4|3|2|2,1,2.023350482718889
4|3|2|2,7,2.4562206641452864
4|3|2|2,3,2.4302498916767012
4|3|2|2,5,2.514728700386054
4|3|2|2,6,2.067714974356393
4|3|2|2,0,1.6726727921649258
2|5|1|1,7,0.05784272083298604
2|5|1|1,6,-0.46266078127561394
2|5|1|1,0,-0.6740662226496105
2|5|1|1,1,1.0486159989641322
2|5|1|1,3,-0.8662798811351339
2|5|1|1,4,0.3760049657761733
2|5|1|1,5,0.3561988825218131
7|5|1|1,4,0.23970609734242318
7|5|1|1,0,-1.8733087937283528
7|5|1|1,6,0.22953547240672348
7|5|1|1,2,0.44844032658062605
7|5|1|1,3,-0.5483736285258067
7|5|1|1,1,0.9018148715256642
7|5|1|1,5,0.4974171520732953
1|2|1|3,7,2.4041956546090497
1|2|1|3,4,2.2666825379698645
1|2|1|3,0,1.9925376943795845
1|2|1|3,5,2.1219252456474105
1|2|1|3,2,2.044556180595032
1|2|1|3,3,3.7273324795541227
1|2|1|3,6,1.4733567941789087
7|2|1|3,2,0.6381555428590464
7|2|1|3,4,1.9020688614594712
7|2|1|3,3,3.715441121365422
7|2|1|3,1,1.4210185364727532
7|2|1|3,6,0.7567533861692979
7|2|1|3,5,1.3547768973817642
7|2|1|3,0,1.3901241196737986
2|2|1|3,1,1.9126075940601843
2|2|1|3,7,2.076475023869958
2|2|1|3,4,2.3345812773148675
2|2|1|3,0,1.9243344316076019
2|2|1|3,6,1.3519146777777715
2|2|1|3,5,2.4673711668632206
2|2|1|3,3,3.8359532323023133
2|2|3|1,4,2.145582478350847
2|2|3|1,7,2.3288092232173914
2|2|3|1,0,1.8609187630185196
2|2|3|1,5,2.6850359584978705
2|2|3|1,3,3.394858186990824
2|2|3|1,1,4.192938656825087
2|2|3|1,6,2.8669501259652264
0|2|3|1,4,2.673959069838391
0|2|3|1,2,2.595189508008834
0|2|3|1,6,2.611805891597234
0|2|3|1,1,4.2076222767739395
0|2|3|1,3,3.624840940492061
0|2|3|1,7,2.5669525819295558
0|2|3|1,5,2.745056199479258
6|5|7|7,3,2.291631525855176
6|5|7|7,7,5.047137658349264
6|5|7|7,4,1.0867798186514184
6|5|7|7,5,3.005698039626624
6|5|7|7,2,1.2239059943336195
6|5|7|7,0,1.557127107951276
6|5|7|7,1,2.5527011441115026
0|3|3|3,6,2.5136426001935375
0|3|3|3,5,2.690673530116996
0|3|3|3,2,2.5558068874105215
0|3|3|3,1,2.6550675751388138
0|3|3|3,7,2.490585865089145
0|3|3|3,3,3.7833136699653513
0|3|3|3,4,2.5354559209038374
1|3|3|3,6,2.4364872017971466
1|3|3|3,5,2.8170547269419357
1|3|3|3,7,2.8759194280712235
1|3|3|3,3,3.9993647608537257
1|3|3|3,2,2.201554630751432
1|3|3|3,0,2.0675909625960953
1|3|3|3,4,2.463758216848018
7|1|3|4,5,2.8657285878874257
7|1|3|4,3,2.1736724425254446
7|1|3|4,4,4.560096222859189
7|1|3|4,1,2.0623628893907737
7|1|3|4,0,2.312507787607324
7|1|3|4,2,2.252353641597452
7|1|3|4,6,2.689401993294842
3|7|1|1,0,-0.31884705571234745
3|7|1|1,2,-2.4151262744961657
3|7|1|1,6,-0.25476434760894895
3|7|1|1,1,4.165885043143369
3|7|1|1,5,0.4524111593410478
3|7|1|1,7,1.1841589205133056
3|7|1|1,4,-1.170840684166351
0|7|1|1,3,-1.3407113516052678
0|7|1|1,6,1.6796635598716567
0|7|1|1,5,0.7710976499232306
0|7|1|1,7,-1.3668745735827155
0|7|1|1,2,-1.691475666467225
0|7|1|1,4,-0.7394307524350076
0|7|1|1,1,5.567308560373163
2|8|1|1,7,-1.080362773634052
2|8|1|1,1,10.999999999999982
2|8|1|1,3,0.4320653695173601
2|8|1|1,0,1.4721979381602932
2|8|1|1,6,0.5890514916850429
2|8|1|1,4,0.6620267807735554
2|8|1|1,5,0.10961201315768948
7|1|4|4,3,2.9372658053862604
7|1|4|4,0,2.9800216487116535
7|1|4|4,6,3.4724036613234146
7|1|4|4,2,2.917200255431205
7|1|4|4,4,5.425307166848963
7|1|4|4,5,3.520474923183909
7|1|4|4,1,2.925830372513053
1|1|5|4,5,3.244034266659803
1|1|5|4,0,2.5145718943989634
1|1|5|4,7,2.9902793915436425
1|1|5|4,3,2.5018004014108977
1|1|5|4,6,2.8924468144817705
1|1|5|4,2,2.4719553104193426
1|1|5|4,4,4.624367606681833
5|1|5|4,4,4.459878603644074
5|1|5|4,3,1.4481570798832666
5|1|5|4,6,3.5829764311437713
5|1|5|4,0,1.8333101283819755
5|1|5|4,1,1.7783665929105856
5|1|5|4,2,1.514463522382998
5|1|5|4,7,2.395032915734571
0|2|5|1,4,2.62010919929414
0|2|5|1,1,4.245714383016055
0|2|5|1,6,2.4757764345537154
0|2|5|1,3,2.274106807723891
0|2|5|1,5,3.4616352181043952
0|2|5|1,2,2.51834524476339
0|2|5|1,7,2.8175269626688775
3|2|5|1,0,2.2007641257060286
3|2|5|1,4,2.558563801136167
3|2|5|1,5,3.4477831881218344
3|2|5|1,7,2.7718047956139276
3|2|5|1,2,2.215987092149983
3|2|5|1,6,2.6996026725522633
3|2|5|1,1,3.4126439356656433
1|2|7|3,6,2.0408992909855246
1|2|7|3,3,4.034836641065465
1|2|7|3,4,1.8855190765178944
1|2|7|3,7,3.037956168901635
1|2|7|3,5,2.3257130608974164
1|2|7|3,0,1.8685851860291893
1|2|7|3,2,1.6747168307535445
4|3|7|7,2,2.5398160078556797
4|3|7|7,7,4.152450503389826
4|3|7|7,6,2.7256426947171897
4|3|7|7,5,2.344247992686279
4|3|7|7,1,1.8022434577675295
4|3|7|7,3,2.4015941314121214
4|3|7|7,0,2.74860911475902
2|3|7|7,3,2.1525759570544976
2|3|7|7,1,2.052118147150148
2|3|7|7,4,1.8466591734000226
2|3|7|7,5,2.3486610414533162
2|3|7|7,7,4.5223853289375775
2|3|7|7,0,2.692378461748713
2|3|7|7,6,2.504669499144385
3|1|5|5,7,3.4846678699364397
3|1|5|5,1,2.9852074458082014
3|1|5|5,0,2.615732466294892
3|1|5|5,4,2.4496158494477496
3|1|5|5,5,5.014461039625846
3|1|5|5,6,3.8342843181482253
3|1|5|5,2,3.002079290638557
7|1|5|5,0,2.9113130768324256
7|1|5|5,5,5.158383118441709
7|1|5|5,4,2.8244815406534185
7|1|5|5,1,3.006774335501538
7|1|5|5,6,3.402607162123311
7|1|5|5,2,2.3824449003737422
7|1|5|5,3,2.97607929909491
0|1|5|5,6,3.4513918922907623
0|1|5|5,3,2.9758214628640776
0|1|5|5,5,4.773305089229636
0|1|5|5,1,3.0573418730480846
0|1|5|5,4,2.9046908530635673
0|1|5|5,2,2.9788634201275213
0|1|5|5,7,3.506752668330784
6|1|5|5,0,2.893958138155094
6|1|5|5,7,3.4122663577360983
6|1|5|5,5,4.9596510203466355
6|1|5|5,3,2.9748952072653125
6|1|5|5,1,3.033002687121838
6|1|5|5,2,2.9915664377444657
6|1|5|5,4,2.9542991071860447
1|1|5|5,2,2.9671334151940125
1|1|5|5,6,3.5743308110988323
1|1|5|5,3,2.991535720353281
1|1|5|5,0,2.6957600626413667
1|1|5|5,4,3.0156119819347116
1|1|5|5,7,3.3667749044083393
1|1|5|5,5,5.006629445460162
3|4|2|0,0,1.880871111132839
3|4|2|0,4,0.3897430207765912
3|4|2|0,6,0.4708734797666509
3|4|2|0,2,3.1486342067990356
3|4|2|0,5,0.826584738388161
3|4|2|0,7,0.1259951903718473
3|4|2|0,1,0.14336911514448075
0|5|2|2,1,0.5451984890690559
0|5|2|2,2,2.910470752677586
0|5|2|2,7,1.0682739119212916
0|5|2|2,6,0.6610226687480741
0|5|2|2,5,0.8111605848268477
0|5|2|2,3,0.26006887902791254
0|5|2|2,4,0.9793451279340443
1|5|2|2,3,0.12591703336270643
1|5|2|2,0,-1.3609523309877238
1|5|2|2,6,0.6627826799697732
1|5|2|2,4,-0.48862347040833154
1|5|2|2,7,0.016394817675156867
1|5|2|2,5,0.07049210062270704
1|5|2|2,2,2.19467615183799
3|5|2|2,1,0.04216658423226528
3|5|2|2,6,0.14248966811288968
3|5|2|2,5,0.5582711039879583
3|5|2|2,7,1.432594846753663
3|5|2|2,2,3.729868747474505
3|5|2|2,0,-0.28234292527137583
3|5|2|2,4,0.968211394836189
1|3|2|2,5,2.528985651484898
1|3|2|2,3,2.2392478215895504
1|3|2|2,4,2.4899469293166843
1|3|2|2,2,4.46214150039214
1|3|2|2,0,1.7254783655981782
1|3|2|2,7,2.8079788760191766
1|3|2|2,6,2.1889393247521287
5|5|2|2,4,-0.05539633374072456
5|5|2|2,6,0.8416032971345435
5|5|2|2,1,-0.9864714627224517
5|5|2|2,7,1.1768715833570915
5|5|2|2,2,4.20872255838225
5|5|2|2,3,-0.42530703661598007
5|5|2|2,0,-1.3401415213785104
4|6|2|2,0,-1.4568093176804762
4|6|2|2,6,0.13411614109451378
4|6|2|2,1,-1.4491432252275167
4|6|2|2,3,0.13874167302538234
4|6|2|2,7,-0.9046710224199093
4|6|2|2,5,0.15148956775041916
4|6|2|2,2,4.99460555130636
2|8|6|6,6,10.999999999999982
2|8|6|6,4,-1.2546301367308688
2|8|6|6,5,-0.24265968090152246
2|8|6|6,3,0.40704858051972465
2|8|6|6,0,0.9602349780797171
2|8|6|6,7,-0.7138212004646716
2|8|6|6,1,-1.262441249479222
2|2|6|6,6,5.246458756229021
2|2|6|6,0,3.018071651685083
2|2|6|6,1,2.816904091745461
2|2|6|6,3,3.079381468486924
2|2|6|6,5,3.1095612240048074
2|2|6|6,4,2.554223667807097
2|2|6|6,7,3.387645922508256
6|6|7|7,1,1.297312416892865
6|6|7|7,4,2.453707500146668
6|6|7|7,2,4.644547374186979
6|6|7|7,3,1.2823806333464132
6|6|7|7,7,7.8133833838554185
6|6|7|7,5,3.867365466438775
6|6|7|7,0,1.1789915680920513
1|6|7|7,4,1.9161230853297462
1|6|7|7,0,2.2386152619726585
1|6|7|7,7,6.131805133720833
1|6|7|7,6,2.765666772072146
1|6|7|7,3,2.362440039710507
1|6|7|7,5,-1.3604842903573742
1|6|7|7,2,3.571201161363964
4|6|7|7,7,6.864081661615512
4|6|7|7,3,2.374782613897578
4|6|7|7,2,2.962298242340874
4|6|7|7,6,3.626819850518081
4|6|7|7,1,3.660438020779113
4|6|7|7,0,2.672730474072972
4|6|7|7,5,1.6427101581048258
7|8|5|5,3,-0.6279744244756811
7|8|5|5,2,0.6864180063838726
7|8|5|5,0,-0.6978723839152985
7|8|5|5,6,-1.7669704249048108
7|8|5|5,1,0.09517644027017952
7|8|5|5,5,10.999999999999982
7|8|5|5,4,1.5044417034268327
3|8|5|5,6,-2.337453035986629
3|8|5|5,2,1.9603532499691025
3|8|5|5,4,0.7211481031162089
3|8|5|5,0,-1.809292633076843
3|8|5|5,1,1.6810449706972919
3|8|5|5,7,-1.3795994139300731
3|8|5|5,5,10.999999999999982
5|3|0|1,4,1.030634638359497
5|3|0|1,7,1.3208540236327817
5|3|0|1,0,1.2170140904960631
5|3|0|1,6,1.3823879190534851
5|3|0|1,2,0.9063831881023785
5|3|0|1,1,2.2770119377137625
5|3|0|1,3,1.0405070392730338
4|3|0|1,0,0.8844728455142099
4|3|0|1,6,1.3789712587985636
4|3|0|1,2,0.5989519239549558
4|3|0|1,1,2.585087613132554
4|3|0|1,5,1.1959734481114044
4|3|0|1,7,0.4802142966821834
4|3|0|1,3,0.931273004352604
0|3|0|1,2,1.024518372786924
0|3|0|1,5,1.4921096239071354
0|3|0|1,6,1.2238698223393925
0|3|0|1,1,2.386063672508686
0|3|0|1,3,1.1808309052099681
0|3|0|1,4,1.3285741155985575
0|3|0|1,7,1.3076244111009743
5|4|0|0,0,2.6425942564474565
5|4|0|0,7,1.2024200021875762
5|4|0|0,6,0.6870806145312918
5|4|0|0,3,0.5939422678101061
5|4|0|0,4,1.1671277942123683
5|4|0|0,2,1.2458684097057278
5|4|0|0,1,1.1808307921422494
0|5|6|6,5,1.9252487936719531
0|5|6|6,7,2.208546136516695
0|5|6|6,4,1.9707242797170892
0|5|6|6,3,2.021263534202946
0|5|6|6,6,5.935113263261581
0|5|6|6,2,0.6673811261499699
0|5|6|6,1,1.6058844492063973
5|5|6|6,7,2.8336413867094157
5|5|6|6,0,2.181398731666669
5|5|6|6,4,1.6933348865693993
5|5|6|6,2,1.51816478736149
5|5|6|6,1,2.182126035005787
5|5|6|6,3,0.7686199382153004
5|5|6|6,6,3.321791939811369
4|1|4|0,2,2.7362461386557637
4|1|4|0,6,3.0157340648469138
4|1|4|0,3,2.5163687428101515
4|1|4|0,5,2.782905666827078
4|1|4|0,7,2.8676828971400816
4|1|4|0,1,2.893606950997941
4|1|4|0,0,4.556821240333496
2|1|4|0,7,3.0071392538368076
2|1|4|0,1,2.921360780406211
2|1|4|0,6,2.8221220208795326
2|1|4|0,5,2.9399825883916204
2|1|4|0,3,2.843129637613427
2|1|4|0,4,3.382645578237902
2|1|4|0,0,4.711598507813028
7|1|4|0,5,2.752265046330443
7|1|4|0,2,2.9775880514560913
7|1|4|0,1,2.965359989740256
7|1|4|0,6,2.8509620700167333
7|1|4|0,4,3.859648609477958
7|1|4|0,0,4.681705555758285
7|1|4|0,3,2.873846716759323
5|1|4|0,1,2.967248660686873
5|1|4|0,7,2.8339337271723717
5|1|4|0,2,2.7442703741933108
5|1|4|0,6,2.8781867786935345
5|1|4|0,4,3.669310338218
5|1|4|0,0,4.733456881441159
5|1|4|0,3,2.8117252205602568
1|1|4|0,0,4.608656980007293
1|1|4|0,6,2.7231764163239873
1|1|4|0,5,3.180276114434545
1|1|4|0,2,2.7667573867480617
1|1|4|0,7,2.8189690331939152
1|1|4|0,3,2.8245834051546965
1|1|4|0,4,3.3475694568705645
0|2|4|2,5,2.6806083559304206
0|2|4|2,4,3.152035589207955
0|2|4|2,2,4.413051407003503
0|2|4|2,6,2.766595745725419
0|2|4|2,7,2.79932087458392
0|2|4|2,3,2.659041072051703
0|2|4|2,1,2.1988057885181016
5|2|4|2,3,1.3363185179653854
5|2|4|2,6,2.580930015452591
5|2|4|2,2,4.369332415176215
5|2|4|2,0,1.9338758888684058
5|2|4|2,1,1.8332095367891075
5|2|4|2,7,2.3497665739550375
5|2|4|2,4,3.425371703234123
5|3|2|1,0,0.7755012271729653
5|3|2|1,2,3.1222896952746493
5|3|2|1,1,2.6084247784588053
5|3|2|1,4,1.4501808984928748
5|3|2|1,3,1.2440196770433232
5|3|2|1,7,1.179595027297538
5|3|2|1,6,1.282789246961915
0|3|2|1,6,1.9120433999859583
0|3|2|1,7,1.6900126395000747
0|3|2|1,3,1.8837606826541953
0|3|2|1,2,2.898297371975121
0|3|2|1,1,3.222774942965299
0|3|2|1,5,1.3895243184566421
0|3|2|1,4,1.4388824574940977
6|3|2|1,4,1.807370540131142
6|3|2|1,3,1.6382951599297861
6|3|2|1,1,3.281641610284519
6|3|2|1,0,1.1964479574483526
6|3|2|1,5,0.7520180139247694
6|3|2|1,2,2.1540721078763347
6|3|2|1,7,1.22120409156606
4|4|2|0,2,2.0675709515421756
4|4|2|0,3,0.7757052769604345
4|4|2|0,1,-1.0593634966751995
4|4|2|0,5,0.7364253584132485
4|4|2|0,7,0.2149701109824582
4|4|2|0,6,1.0040629672280637
4|4|2|0,0,1.016333306066782
2|5|0|0,5,0.6537894865396376
2|5|0|0,7,0.09752071334997182
2|5|0|0,3,0.0832666901106431
2|5|0|0,6,0.03737628119958381
2|5|0|0,0,0.5415884394250001
2|5|0|0,1,-1.3833513797220929
2|5|0|0,4,0.4816251949880432
5|6|0|0,3,-0.8464811394621253
5|6|0|0,1,-1.447654612842983
5|6|0|0,7,-0.1539535388703413
5|6|0|0,4,-0.9273349390469978
5|6|0|0,2,-1.3386979886122112
5|6|0|0,6,-1.396831128196765
5|6|0|0,0,1.927223444412911
2|1|0|4,7,2.9066410619850758
2|1|0|4,4,4.098137917614381
2|1|0|4,3,2.3570049954011854
2|1|0|4,1,2.3283565098779144
2|1|0|4,6,3.0937714547574733
2|1|0|4,0,2.3757488138844143
2|1|0|4,5,2.7895374243445357
7|1|0|4,2,2.3062357871263077
7|1|0|4,6,2.889631101621842
7|1|0|4,5,3.0973742301207654
7|1|0|4,1,2.1692723024516387
7|1|0|4,4,4.053912826210583
7|1|0|4,3,2.2182045503273926
7|1|0|4,0,2.2283016928502417
3|3|0|0,5,2.0403144686640164
3|3|0|0,6,2.294453362497229
3|3|0|0,4,1.786290879787297
3|3|0|0,1,1.4841383767513625
3|3|0|0,2,2.1932060954897676
3|3|0|0,0,3.53356878903405
3|3|0|0,7,2.219585427730676
5|3|0|0,4,1.7560168432924597
5|3|0|0,6,1.9068150550528695
5|3|0|0,2,1.8312641747356253
5|3|0|0,7,1.9051059963957402
5|3|0|0,3,1.8912287059896407
5|3|0|0,1,1.6691547411317347
5|3|0|0,0,3.4749483551896985
5|1|0|0,4,2.9522773001193783
5|1|0|0,1,2.8875954548442864
5|1|0|0,7,2.9509167256010906
5|1|0|0,0,4.600611060732047
5|1|0|0,6,3.006299571612957
5|1|0|0,2,3.1174864849527673
5|1|0|0,3,3.1301587247453893
4|1|0|0,6,2.860881739891322
4|1|0|0,0,4.729306689399663
4|1|0|0,3,2.9301512789886197
4|1|0|0,1,2.7167241943268428
4|1|0|0,5,2.935220505181208
4|1|0|0,7,2.4025914081079156
4|1|0|0,2,3.10470559708843
6|1|0|0,0,4.901390645636163
6|1|0|0,2,3.0792283465835064
6|1|0|0,5,2.8123072507167612
6|1|0|0,1,2.9351264190736495
6|1|0|0,7,3.1813089015949734
6|1|0|0,3,2.8905439660421277
6|1|0|0,4,2.991711038229972
0|2|1|1,3,2.8908767902521104
0|2|1|1,6,2.7296201644213576
0|2|1|1,2,2.819917932893464
0|2|1|1,5,2.9680027019433997
0|2|1|1,7,2.8242184857181463
0|2|1|1,1,4.5623580047726815
0|2|1|1,4,2.8461867570742156
3|2|1|1,5,2.9868452256578606
3|2|1|1,0,2.5585465235494174
3|2|1|1,4,2.979086342091233
3|2|1|1,7,2.9751194131804355
3|2|1|1,1,4.289398260289141
3|2|1|1,6,2.8802589243315633
3|2|1|1,2,2.3639628711619043
7|3|1|1,0,1.8425053855665392
7|3|1|1,3,1.9514741200213679
7|3|1|1,5,1.4936809675469793
7|3|1|1,1,3.940450545676831
7|3|1|1,2,1.859356842605047
7|3|1|1,4,2.3159208813957712
7|3|1|1,6,1.651493766580275
6|4|1|1,7,0.3244277032396196
6|4|1|1,4,1.604715541585048
6|4|1|1,0,0.1904735861346856
6|4|1|1,1,3.2258994608715263
6|4|1|1,2,1.2155732616243906
6|4|1|1,3,0.7925088123895072
6|4|1|1,5,0.7883391894437028
5|4|1|1,4,0.6056653583183877
5|4|1|1,7,1.1329364239193327
5|4|1|1,6,1.364902046863824
5|4|1|1,2,0.8452981075553403
5|4|1|1,0,0.9356283987261074
5|4|1|1,1,3.1558260277909826
5|4|1|1,3,0.8603492041270197
1|7|3|3,3,5.302391691059067
1|7|3|3,0,-0.5969403985746217
1|7|3|3,6,1.0153078172271521
1|7|3|3,2,0.05250929152296202
1|7|3|3,5,-0.8764265568537204
1|7|3|3,4,-2.20976467696389
1|7|3|3,7,0.171916931034431
3|1|2|1,6,2.814668654313258
3|1|2|1,4,2.7038629699273398
3|1|2|1,2,3.829350500336541
3|1|2|1,1,4.248785290142949
3|1|2|1,5,2.7029820694225903
3|1|2|1,0,2.4438587315658
3|1|2|1,7,2.7651757943440427
6|1|2|1,3,2.722357644096224
6|1|2|1,7,2.496104398495617
6|1|2|1,0,2.5284975210011833
6|1|2|1,2,3.773549754430402
6|1|2|1,1,4.595811130876
6|1|2|1,5,2.5712671085735654
6|1|2|1,4,2.7602956125881573
4|1|2|1,7,2.7895421197182193
4|1|2|1,6,2.934068158846408
4|1|2|1,5,2.532947550134936
4|1|2|1,0,2.5631279354445566
4|1|2|1,3,2.8329045206617756
4|1|2|1,2,3.562853645221592
4|1|2|1,1,4.524537872533256
7|1|2|1,0,2.569090052784935
7|1|2|1,5,2.6540256143669647
7|1|2|1,4,2.7490721889432095
7|1|2|1,2,3.112090600951321
7|1|2|1,3,2.5858174103780374
7|1|2|1,6,2.781629395798965
7|1|2|1,1,4.576233242994461
0|1|2|1,1,4.6273157104486975
0|1|2|1,5,2.718966253023032
0|1|2|1,3,2.6342639644849486
0|1|2|1,2,3.5556507633241474
0|1|2|1,7,2.656467865371104
0|1|2|1,6,2.5381046683042765
0|1|2|1,4,2.63601286845
1|2|2|2,4,3.3410893956652252
1|2|2|2,3,3.043178093721013
1|2|2|2,5,2.6173040977992432
1|2|2|2,6,3.095995980834376
1|2|2|2,2,4.495534789269592
1|2|2|2,7,3.237760063536222
1|2|2|2,0,2.4174573209046297
6|2|1|1,2,2.8792745968278144
6|2|1|1,0,2.5855985612636605
6|2|1|1,7,3.1150763950958353
6|2|1|1,5,2.9484797637540057
6|2|1|1,3,2.8276780500783953
6|2|1|1,4,2.6558492511189744
6|2|1|1,1,3.8131215374098892
2|2|1|1,5,2.8745017148937095
2|2|1|1,1,4.549135043899169
2|2|1|1,0,2.572357971009091
2|2|1|1,3,2.9976784741786453
2|2|1|1,7,2.764955343820061
2|2|1|1,4,2.9003275415594656
2|2|1|1,6,2.8425831395687116
5|3|1|1,0,1.2293613299669404
5|3|1|1,6,2.283620561691193
5|3|1|1,7,2.129832361404332
5|3|1|1,1,3.3566900880909096
5|3|1|1,2,2.0255154400689173
5|3|1|1,3,2.136545290168866
5|3|1|1,4,2.2466220411840685
0|3|1|1,7,2.3297814257678184
0|3|1|1,5,2.0035311019135467
0|3|1|1,3,2.277260909321119
0|3|1|1,4,1.7058221928436423
0|3|1|1,1,3.7517757399701934
0|3|1|1,2,2.0828564619749206
0|3|1|1,6,2.3432410987095595
3|3|1|1,0,0.8639974756002716
3|3|1|1,4,1.5266406523805336
3|3|1|1,1,3.832015285263225
3|3|1|1,7,2.4805342595804647
3|3|1|1,6,2.198384898629534
3|3|1|1,5,2.2551883151354453
3|3|1|1,2,1.2255099557114613
2|1|5|0,7,2.710201346113315
2|1|5|0,6,2.7591063593876313
2|1|5|0,4,2.745677976651598
2|1|5|0,1,2.7725244770534467
2|1|5|0,0,4.724162593702227
2|1|5|0,3,2.2088144899346043
2|1|5|0,5,3.4200854986573646
7|3|5|5,4,2.6070284119602274
7|3|5|5,5,5.043515134868873
7|3|5|5,3,1.6500545977986567
7|3|5|5,2,2.283208000737189
7|3|5|5,0,2.019806734897481
7|3|5|5,1,2.5690711189943167
7|3|5|5,6,1.3846303662518955
4|3|5|5,6,2.7207744942980976
4|3|5|5,0,2.6519322606451476
4|3|5|5,7,3.2167313752612294
4|3|5|5,5,4.6913060033754155
4|3|5|5,2,2.883041220334975
4|3|5|5,3,2.8131196469256388
4|3|5|5,1,0.882460348779875
6|3|5|5,0,2.400531465251325
6|3|5|5,4,2.7347357313715213
6|3|5|5,2,2.1467544255611677
6|3|5|5,3,2.6863893655015394
6|3|5|5,1,2.4966766827532103
6|3|5|5,5,4.415256548451054
6|3|5|5,7,2.0561530314144982
0|4|5|5,5,2.064337015168419
0|4|5|5,4,1.9349121191004124
0|4|5|5,6,1.7440152996043443
0|4|5|5,3,2.035322339185508
0|4|5|5,1,2.7973592321923477
0|4|5|5,7,1.2042357047010999
0|4|5|5,2,0.6509365128335176
5|6|2|2,2,2.5489183749477204
5|6|2|2,7,0.14091402568059763
5|6|2|2,3,-0.8452197936850836
5|6|2|2,0,-1.8011386854065436
5|6|2|2,6,-0.014607170437125255
5|6|2|2,4,-0.9928734981217828
5|6|2|2,1,-2.3404721577241046
2|7|3|3,7,-1.8284330826611137
2|7|3|3,6,-1.3714361061718576
2|7|3|3,5,2.073429219334923
2|7|3|3,0,-2.09126968606673
2|7|3|3,1,-1.2745464354599938
2|7|3|3,3,4.710854385261543
2|7|3|3,4,-3.026857026671287
2|2|1|5,4,1.8362340881999895
2|2|1|5,7,1.928483781264664
2|2|1|5,6,1.087558629462513
2|2|1|5,5,3.7389295175410817
2|2|1|5,1,2.449945954545659
2|2|1|5,3,1.3660817436416186
2|2|1|5,0,1.7059710122787997
4|2|1|5,2,1.4040074182946038
4|2|1|5,7,1.5753296022110914
4|2|1|5,3,1.4450891143361586
4|2|1|5,0,1.931833139549031
4|2|1|5,1,2.1207639549959865
4|2|1|5,6,1.481723593796561
4|2|1|5,5,4.265768837606548
7|2|1|5,5,3.886001530683933
7|2|1|5,0,1.1128462025757444
7|2|1|5,4,0.5644643628762511
7|2|1|5,1,1.4971919249924264
7|2|1|5,2,0.6720566386660793
7|2|1|5,6,0.8772718822690477
7|2|1|5,3,1.3541454051284136
3|4|2|2,0,1.1393884396381304
3|4|2|2,5,1.0957079568955987
3|4|2|2,4,1.8799067029260996
3|4|2|2,1,1.3111550128243032
3|4|2|2,7,1.7021902044351649
3|4|2|2,6,0.9068629017454702
3|4|2|2,2,4.315353228083482
0|4|2|2,5,1.9760314182132477
0|4|2|2,3,0.8879463827421631
0|4|2|2,6,2.1927913162374444
0|4|2|2,2,1.6655500355381052
0|4|2|2,4,1.5972144316551264
0|4|2|2,1,1.1156910863475211
0|4|2|2,7,2.0982847478922713
6|5|2|2,2,4.165699211272645
6|5|2|2,4,0.825682009417478
6|5|2|2,3,0.27154811444064975
6|5|2|2,7,0.4577339234441716
6|5|2|2,5,-0.274399166686393
6|5|2|2,1,-0.5160169711147976
6|5|2|2,0,-0.37101110202872856
2|6|2|4,5,-1.1210715308432577
2|6|2|4,7,-1.9639768929628028
2|6|2|4,6,-0.9952888175790148
2|6|2|4,4,0.291935207607563
2|6|2|4,3,-1.2449858234620503
2|6|2|4,0,-2.363608878849251
2|6|2|4,1,-1.3251201786120652
5|6|2|4,3,-2.2680183988875005
5|6|2|4,6,-2.087754074108169
5|6|2|4,0,-1.7867311147885547
5|6|2|4,4,-0.5239745884175502
5|6|2|4,2,-2.885568431949924
5|6|2|4,1,-1.905919003737851
5|6|2|4,7,-1.6419667026909959
7|5|0|0,5,0.1881172093044588
7|5|0|0,3,0.6770699683778417
7|5|0|0,2,-0.30847215137592476
7|5|0|0,0,2.9671902265387446
7|5|0|0,1,-0.21944363659963856
7|5|0|0,6,0.5332756072036225
7|5|0|0,4,1.0063934158561458
2|7|0|0,5,0.6729131045812207
2|7|0|0,4,-0.17099334420293266
2|7|0|0,0,6.107624336518129
2|7|0|0,3,0.5948819665510141
2|7|0|0,6,1.4134936630406563
2|7|0|0,1,0.7126021634164862
2|7|0|0,7,-1.1825347864496278
7|2|2|6,3,1.047041460496911
7|2|2|6,2,3.0805694070226584
7|2|2|6,0,0.9889897556511563
7|2|2|6,4,1.307759072184972
7|2|2|6,5,1.4679777909285647
7|2|2|6,1,0.7645579262255152
7|2|2|6,6,2.456617700729621
3|2|2|6,5,1.565121813829542
3|2|2|6,4,1.306515308390025
3|2|2|6,0,1.4451389092323408
3|2|2|6,2,2.2165449943147726
3|2|2|6,7,0.7502742104029133
3|2|2|6,1,1.55160271218853
3|2|2|6,6,4.483652190299908
5|2|2|6,6,3.901897101685768
5|2|2|6,7,1.0796212567652184
5|2|2|6,1,1.0433200350391578
5|2|2|6,4,1.4281659762763457
5|2|2|6,0,1.7786892531587148
5|2|2|6,3,1.3866064267589167
5|2|2|6,2,1.9817254749076538
6|4|2|2,7,1.661896058879523
6|4|2|2,0,1.282930869678638
6|4|2|2,4,1.1290869190251436
6|4|2|2,2,4.719174811594276
6|4|2|2,5,2.220085538445409
6|4|2|2,3,0.7446239595263235
6|4|2|2,1,1.1762720710285848
7|4|2|2,0,-0.1868474486289905
7|4|2|2,6,1.6988062649884212
7|4|2|2,5,2.0565942444504204
7|4|2|2,1,1.2813234557554274
7|4|2|2,4,2.3764255835656853
7|4|2|2,3,1.1919278108742628
7|4|2|2,2,3.736875265309198
2|1|0|3,3,4.147991713571019
2|1|0|3,1,2.255579220348235
2|1|0|3,7,2.7648561428429277
2|1|0|3,4,2.9123296255373265
2|1|0|3,0,2.362543600089798
2|1|0|3,5,2.822497144089463
2|1|0|3,6,2.8587085955116756
3|2|0|0,0,4.467697518136551
3|2|0|0,1,2.5390507173440446
3|2|0|0,2,2.571269885831081
3|2|0|0,6,2.7376158578032204
3|2|0|0,7,2.8961202829605903
3|2|0|0,4,2.820567145719151
3|2|0|0,5,2.6074893177945127
0|3|6|6,1,2.6731786354236684
0|3|6|6,7,2.4143948578877312
0|3|6|6,3,1.9784197864156448
0|3|6|6,4,2.687501815816199
0|3|6|6,6,3.8624047055779736
0|3|6|6,5,2.616414331458853
0|3|6|6,2,1.4135675193853066
7|4|6|6,1,2.2066876448400494
7|4|6|6,6,5.298331556032306
7|4|6|6,3,2.1057556377361926
7|4|6|6,4,2.3707859915396488
7|4|6|6,0,1.3599945927033246
7|4|6|6,5,1.2523993648959741
7|4|6|6,2,1.1006673500831274
1|4|6|6,3,1.8177819150565435
1|4|6|6,4,2.095695175559365
1|4|6|6,0,1.9483939607169756
1|4|6|6,5,2.1391785288704344
1|4|6|6,7,2.208801480297902
1|4|6|6,2,0.6051447999997696
1|4|6|6,6,4.102901697900389
4|2|0|0,2,2.3418924673128894
4|2|0|0,5,2.7151822527383693
4|2|0|0,1,2.7814757510092565
4|2|0|0,7,2.8265311505303785
4|2|0|0,0,4.184859671258866
4|2|0|0,3,2.7452435445280288
4|2|0|0,6,2.8160434155854754
2|3|0|0,0,3.463933279861161
2|3|0|0,4,2.0143653080546873
2|3|0|0,7,1.5381284330377287
2|3|0|0,1,1.6318563404728366
2|3|0|0,6,2.185697244019889
2|3|0|0,3,2.2278311126385106
2|3|0|0,5,1.8313613499266352
0|5|1|1,4,-0.6643998929548326
0|5|1|1,3,-1.0251937351086333
0|5|1|1,5,-0.5941582786193398
0|5|1|1,6,-0.06182112216490468
0|5|1|1,2,-0.08524539747512244
0|5|1|1,7,0.020864320530129935
0|5|1|1,1,2.135190472228824
4|6|1|1,5,0.026299590307402476
4|6|1|1,0,-1.3490375644208852
4|6|1|1,2,-0.8003371108043954
4|6|1|1,3,-0.027687944583030234
4|6|1|1,1,2.9213778907825283
4|6|1|1,6,0.365485592192907
4|6|1|1,7,0.6512312636200464
5|6|1|1,0,-2.0836187969867073
5|6|1|1,3,-1.7433703349438872
5|6|1|1,6,-0.24219911427912394
5|6|1|1,2,-0.6116295406709317
5|6|1|1,4,-0.7306439587993705
5|6|1|1,1,1.73250589525632
5|6|1|1,7,-1.2409740486424785
7|1|0|0,1,2.6024507521173903
7|1|0|0,3,3.117587733777834
7|1|0|0,5,2.9935781438423468
7|1|0|0,0,4.9288211823929515
7|1|0|0,4,3.1754007688422865
7|1|0|0,6,3.1453676476464074
7|1|0|0,2,3.2123569150188533
1|1|0|0,0,4.873603471653169
1|1|0|0,4,3.040430690608434
1|1|0|0,6,3.0775350461366564
1|1|0|0,5,2.728828193489571
1|1|0|0,7,2.942081455110481
1|1|0|0,2,3.032427715004388
1|1|0|0,3,2.995843528656077
0|2|3|2,3,3.5809093089764628
0|2|3|2,4,2.7357149444251894
0|2|3|2,1,2.2730759003386374
0|2|3|2,2,4.182519188091186
0|2|3|2,5,2.725520955521417
0|2|3|2,6,2.1080914809139806
0|2|3|2,7,2.922062891677248
3|3|0|2,5,1.0750704027459321
3|3|0|2,4,0.7612797657937805
3|3|0|2,1,0.72634023412223
3|3|0|2,2,2.6083622065161043
3|3|0|2,6,1.302511873463021
3|3|0|2,0,0.93184553456039
3|3|0|2,7,1.0955357753954391
5|3|0|2,7,1.4075729124724172
5|3|0|2,0,0.43685590071880187
5|3|0|2,4,0.6622524626337744
5|3|0|2,2,2.70595689441284
5|3|0|2,3,1.5005773939771005
5|3|0|2,1,0.48797287503138354
5|3|0|2,6,1.0957384403761101
7|3|0|2,4,1.4079386756294412
7|3|0|2,2,1.1885542646304987
7|3|0|2,3,0.9786450030877105
7|3|0|2,0,1.2706747897765247
7|3|0|2,6,1.059610816244642
7|3|0|2,5,1.6676792641513745
7|3|0|2,1,0.7096980197996905
4|4|0|2,7,-0.03689818729135878
4|4|0|2,0,-0.464954667709894
4|4|0|2,5,1.1716453615977072
4|4|0|2,3,0.24243149134925793
4|4|0|2,2,1.398011099447245
4|4|0|2,6,0.9566261134020031
4|4|0|2,1,-0.3600791920730061
7|1|5|0,5,3.3935374997609764
7|1|5|0,0,4.707302765976737
7|1|5|0,3,2.7833172453873396
7|1|5|0,1,2.7333531022864146
7|1|5|0,6,2.800614731752105
7|1|5|0,2,2.9536654486214937
7|1|5|0,4,2.9484961117684687
6|3|0|0,2,2.2169287295509505
6|3|0|0,0,3.6268946514666047
6|3|0|0,7,1.9772684523951756
6|3|0|0,3,1.8330080346709843
6|3|0|0,1,1.931702969457018
6|3|0|0,5,1.5504787916097946
6|3|0|0,4,2.0311803709939733
6|4|0|0,3,1.224377464230118
6|4|0|0,5,0.6844922985707242
6|4|0|0,1,0.7445868526598818
6|4|0|0,2,0.7884844972481012
6|4|0|0,7,0.6371703956603609
6|4|0|0,4,1.1180005513181708
6|4|0|0,0,3.160795093659357
2|2|0|0,3,2.650529668149234
2|2|0|0,7,2.8793119790322548
2|2|0|0,4,2.756396301309029
2|2|0|0,0,4.301601027960774
2|2|0|0,6,2.61564722420219
2|2|0|0,1,2.4276319981386023
2|2|0|0,5,2.7256122753983223
0|4|3|3,5,1.795924666633421
0|4|3|3,2,1.4580948272495926
0|4|3|3,4,1.5654354923599558
0|4|3|3,3,4.009046275067053
0|4|3|3,1,1.0826619833882898
0|4|3|3,6,1.25076687416259
0|4|3|3,7,2.1441638669102883
5|4|3|3,0,0.9059521024039676
5|4|3|3,1,0.9989268850864998
5|4|3|3,2,1.2395126094751434
5|4|3|3,7,0.49712224183184145
5|4|3|3,4,1.7577469432211865
5|4|3|3,6,2.122513039262433
5|4|3|3,3,3.57502009728238
4|1|6|1,3,2.6384388736532016
4|1|6|1,1,4.630815776755137
4|1|6|1,0,2.5838695824798443
4|1|6|1,6,3.3983556068967213
4|1|6|1,2,2.8036093374963693
4|1|6|1,7,2.9316662139897383
4|1|6|1,5,2.826657422639585
3|1|6|1,7,2.897018543041579
3|1|6|1,1,4.642001020664158
3|1|6|1,5,2.7526501457594152
3|1|6|1,4,2.6014860628535543
3|1|6|1,0,2.6089374495423643
3|1|6|1,2,2.752954632726455
3|1|6|1,6,3.830355833617045
7|1|6|1,6,3.624719354055615
7|1|6|1,5,2.8349523872142854
7|1|6|1,4,2.610287579153622
7|1|6|1,3,2.7118630275313405
7|1|6|1,2,2.902380527417653
7|1|6|1,1,4.685449583936961
7|1|6|1,0,2.3898675131052363
6|4|5|1,3,1.5467460343546946
6|4|5|1,5,3.4931000752590986
6|4|5|1,2,-0.4558348268900001
6|4|5|1,0,0.0019084989914182338
6|4|5|1,1,2.1533822648839576
6|4|5|1,4,1.460090994510243
6|4|5|1,7,0.49762560665175076
3|4|5|1,5,1.9505920247752744
3|4|5|1,7,1.1985296093833193
3|4|5|1,1,1.8299473973307692
3|4|5|1,4,0.7856628463579206
3|4|5|1,6,1.4911300082254217
3|4|5|1,0,0.9429157115908318
3|4|5|1,2,0.7664651217223981
1|2|4|4,0,2.8092210924665975
1|2|4|4,4,4.514806089422071
1|2|4|4,3,2.93222819755505
1|2|4|4,7,3.474897769982821
1|2|4|4,2,2.9429627319592466
1|2|4|4,6,3.2638586304968387
1|2|4|4,5,3.61748353601272
4|4|7|2,3,1.1342138848395593
4|4|7|2,6,1.6133959905088593
4|4|7|2,2,2.263996412959706
4|4|7|2,7,1.9599020366543767
4|4|7|2,1,-0.12178353732938074
4|4|7|2,0,0.03401088666039728
4|4|7|2,5,1.2814363157756117
3|4|7|2,7,2.3584001756947455
3|4|7|2,1,-0.50515397671182
3|4|7|2,4,0.7913735446807427
3|4|7|2,0,0.4090843854684522
3|4|7|2,2,1.6450793158439334
3|4|7|2,6,2.1563597982787495
3|4|7|2,5,0.8073812357729742
7|6|2|2,0,-0.42607285147197993
7|6|2|2,3,-0.8936427639017974
7|6|2|2,1,-3.0615637089753647
7|6|2|2,5,0.11655608135447715
7|6|2|2,4,-2.0012998148141286
7|6|2|2,2,2.7366092500678394
7|6|2|2,6,-0.27324884945703554
6|7|2|2,7,0.5176307540866334
6|7|2|2,0,-1.083712199730731
6|7|2|2,1,-0.5972693733599692
6|7|2|2,5,-0.02302255868640104
6|7|2|2,2,5.175522902037875
6|7|2|2,4,-0.012713615251014776
6|7|2|2,3,-0.8333219993919395
2|1|0|0,5,2.9142781763140757
2|1|0|0,7,2.9374449644148397
2|1|0|0,4,2.9638034226535344
2|1|0|0,0,4.843358690158417
2|1|0|0,3,3.0826000428983256
2|1|0|0,1,3.064984068543064
2|1|0|0,6,2.975251102880957
5|3|2|2,2,4.0774141023726935
5|3|2|2,1,2.299037016931077
5|3|2|2,7,2.063520055981252
5|3|2|2,3,1.9729128945022738
5|3|2|2,4,2.0818193990265046
5|3|2|2,6,2.3629837872744672
5|3|2|2,0,1.7974918014685326
2|5|1|3,1,-1.7762215330470772
2|5|1|3,5,0.778056578666058
2|5|1|3,0,-1.6895856442275583
2|5|1|3,4,-0.5323888602980873
2|5|1|3,7,-0.5290347244209861
2|5|1|3,3,-0.409769413881393
2|5|1|3,6,-0.009735645987996505
6|1|4|0,3,2.775082586177905
6|1|4|0,1,2.740356804314164
6|1|4|0,0,4.66011161383323
6|1|4|0,4,3.2597405133194868
6|1|4|0,7,3.0148448925956934
6|1|4|0,2,2.6565988214494136
6|1|4|0,5,2.5920651662282044
3|1|4|0,1,2.9730509426459384
3|1|4|0,6,2.9427804054482736
3|1|4|0,4,3.839949888062926
3|1|4|0,5,2.9090225614313576
3|1|4|0,2,2.968757623675972
3|1|4|0,7,2.707845375656637
3|1|4|0,0,4.6507756984610475
7|2|4|0,0,4.2391931373447065
7|2|4|0,2,2.8139954000312075
7|2|4|0,4,3.320160840790059
7|2|4|0,3,2.3427522621953165
7|2|4|0,5,2.4889309336921803
7|2|4|0,6,2.4655288480343023
7|2|4|0,1,2.678823678116393
0|3|4|2,7,1.603508993124444
0|3|4|2,1,1.6842748227220528
0|3|4|2,2,3.6213395914843174
0|3|4|2,3,2.090726661548215
0|3|4|2,4,2.8310639921381244
0|3|4|2,6,2.3961751842720163
0|3|4|2,5,1.3360401205121557
5|2|2|4,1,1.8261615179307567
5|2|2|4,2,0.950530447372232
5|2|2|4,6,1.3294566038697007
5|2|2|4,4,4.437134546811034
5|2|2|4,0,1.7515924328172892
5|2|2|4,3,1.6786395071128006
5|2|2|4,7,1.4011262964920421
1|3|2|4,2,2.007010793374168
1|3|2|4,0,1.3197429199223376
1|3|2|4,3,0.17499228060664163
1|3|2|4,6,1.7999746521487487
1|3|2|4,5,1.3713789212789071
1|3|2|4,4,3.752851761825288
1|3|2|4,7,2.0369386848420814
2|4|4|4,0,2.0689348299733292
2|4|4|4,5,2.5069335188896713
2|4|4|4,1,1.2928793270364323
2|4|4|4,7,1.855667482204224
2|4|4|4,4,4.765769701760903
2|4|4|4,3,0.9690313436936178
2|4|4|4,6,2.485115905241222
0|4|4|4,5,2.5964201512707463
0|4|4|4,4,4.8338755750285145
0|4|4|4,2,1.756261316318283
0|4|4|4,6,2.762679343218506
0|4|4|4,1,1.9524218006733456
0|4|4|4,7,1.989651449321257
0|4|4|4,3,1.9477341032014794
1|3|6|2,7,2.0370400609219885
1|3|6|2,2,2.884024322224325
1|3|6|2,5,2.0485453671144733
1|3|6|2,3,1.9102045687415112
1|3|6|2,6,3.084108671247023
1|3|6|2,0,0.9423826891205992
1|3|6|2,4,2.2121954498380867
7|5|6|2,0,-0.5302134405697773
7|5|6|2,2,4.402468786782547
7|5|6|2,4,1.4118106827613532
7|5|6|2,5,0.7457057868975088
7|5|6|2,6,1.8825151681059744
7|5|6|2,3,1.0861744145910464
7|5|6|2,1,0.8989283090760245
0|5|6|2,3,-0.6543824010942831
0|5|6|2,7,1.4431077291395242
0|5|6|2,1,1.4253685233922109
0|5|6|2,4,1.3170980659074218
0|5|6|2,2,4.5738651075264425
0|5|6|2,5,0.7314170209621125
0|5|6|2,6,0.7212774914866957
2|2|3|5,5,4.344059965522844
2|2|3|5,4,1.270649271998675
2|2|3|5,0,1.541108458390203
2|2|3|5,6,2.350190593778036
2|2|3|5,7,1.725737986132657
2|2|3|5,1,1.6410443750114379
2|2|3|5,3,2.611563331761133
5|4|3|4,6,-0.9909096893683866
5|4|3|4,2,-0.11033506720776029
5|4|3|4,1,0.3383205928649461
5|4|3|4,4,1.294599439246496
5|4|3|4,7,-0.28850637667813894
5|4|3|4,0,0.2543860409644825
5|4|3|4,3,-0.5202805927102108
6|4|3|4,4,2.6260074870864405
6|4|3|4,7,-0.2029701500832331
6|4|3|4,2,-1.1533731236436364
6|4|3|4,1,-0.32664243409479693
6|4|3|4,0,-0.06456687809753865
6|4|3|4,5,0.18230128221073855
6|4|3|4,3,0.5157902963129288
4|6|3|3,6,-2.504456455427851
4|6|3|3,7,0.3462985560118079
4|6|3|3,0,-1.2909679559447838
4|6|3|3,2,-2.207801908462145
4|6|3|3,3,2.416916541091769
4|6|3|3,1,-1.7121614224547128
4|6|3|3,5,-0.04865058381234316
6|6|3|3,4,-0.6935734544474292
6|6|3|3,7,-0.48318153445330614
6|6|3|3,2,-1.56970828824155
6|6|3|3,3,1.8289799666501134
6|6|3|3,0,-0.2932440332172561
6|6|3|3,5,-0.7962045302750853
6|6|3|3,1,-0.911952738700166
7|6|3|3,4,-0.8801642169007047
7|6|3|3,0,-1.0157300751181444
7|6|3|3,6,-0.2470367483542419
7|6|3|3,5,-1.0742076728489052
7|6|3|3,3,1.3563316283324884
7|6|3|3,1,-0.9802258287244225
7|6|3|3,2,-1.7161986253036476
0|4|0|1,4,0.4742826640003538
0|4|0|1,7,0.1836832606910876
0|4|0|1,5,0.3336162594453903
0|4|0|1,1,0.6082365813375377
0|4|0|1,2,0.21840228372777665
0|4|0|1,6,-0.05198103365949591
0|4|0|1,3,0.43556022100202435
4|5|0|0,1,-1.4036910229933777
4|5|0|0,2,-0.24605554978656693
4|5|0|0,5,0.3452747630130384
4|5|0|0,3,-0.6998965466056676
4|5|0|0,6,-0.7927714798127096
4|5|0|0,7,1.1014494895462472
4|5|0|0,0,1.836017666450218
5|4|2|2,3,1.5008624368489372
5|4|2|2,0,0.35754308568709353
5|4|2|2,1,1.0884472173566435
5|4|2|2,4,1.5073180324733024
5|4|2|2,2,3.791861666140001
5|4|2|2,7,1.3414137271722009
5|4|2|2,6,2.299023430356846
4|5|2|2,7,1.3513399415760003
4|5|2|2,1,-1.5781457204820801
4|5|2|2,3,-0.10507604859733236
4|5|2|2,0,0.4520476884486112
4|5|2|2,2,1.2408103930554788
4|5|2|2,6,1.1035708078013116
4|5|2|2,5,-0.8593585672867995
7|5|2|2,6,0.5975145036266134
7|5|2|2,5,0.7508324078743321
7|5|2|2,3,-0.8611975508522424
7|5|2|2,2,1.7832033593644843
7|5|2|2,0,-1.126338428784972
7|5|2|2,1,-0.361257157409411
7|5|2|2,4,0.046699735193869545
5|2|7|2,3,2.1396593412097418
5|2|7|2,1,1.621936940611792
5|2|7|2,6,2.016891691948481
5|2|7|2,2,4.0045431189252945
5|2|7|2,4,2.296586856941863
5|2|7|2,0,1.45600339361949
5|2|7|2,7,2.9264085450279564
3|3|7|7,1,2.76609787359168
3|3|7|7,4,1.8929612483343254
3|3|7|7,2,2.512156977149747
3|3|7|7,0,1.4880970009078143
3|3|7|7,6,2.6101695513164853
3|3|7|7,7,3.723664685508792
3|3|7|7,5,2.5954704558866135
1|3|7|7,3,2.1481549802267814
1|3|7|7,5,2.7686602408278693
1|3|7|7,7,4.27150788534372
1|3|7|7,6,2.4939187948091845
1|3|7|7,2,1.9584284953385507
1|3|7|7,4,2.5478987045245205
1|3|7|7,0,2.1344774560447717
6|1|0|2,1,2.2571685645338335
6|1|0|2,5,2.673103323244739
6|1|0|2,3,2.6582084189500104
6|1|0|2,4,2.8766688164850684
6|1|0|2,2,4.335064775910901
6|1|0|2,7,2.748619332152492
6|1|0|2,0,2.355186357181631
1|1|0|2,3,1.9934646845645652
1|1|0|2,0,2.3511553830521486
1|1|0|2,7,2.869798505619084
1|1|0|2,5,2.503757215362177
1|1|0|2,6,2.7107294991532838
1|1|0|2,4,2.790031018531323
1|1|0|2,2,4.28846574479903
3|1|0|2,5,2.9826967679991423
3|1|0|2,6,2.6759637288981413
3|1|0|2,1,2.289772892103462
3|1|0|2,7,2.567421784154252
3|1|0|2,4,2.6298660354494565
3|1|0|2,2,4.284918660133464
3|1|0|2,0,2.336219142430857
0|7|2|2,1,-1.5128997804344255
0|7|2|2,6,-1.33260856955302
0|7|2|2,3,0.32958347010675426
0|7|2|2,2,3.6416213864708853
0|7|2|2,5,-0.6398968711332254
0|7|2|2,7,-1.024276493447356
0|7|2|2,4,1.219626663113166
4|1|5|5,1,3.037984532826319
4|1|5|5,2,3.0263512868814852
4|1|5|5,6,3.4441596699296118
4|1|5|5,0,2.8991310114332123
4|1|5|5,7,3.6118342800501813
4|1|5|5,5,5.041366282694536
4|1|5|5,3,2.9826697521514585
5|4|0|2,3,-0.5022861108390715
5|4|0|2,2,1.5017214537502515
5|4|0|2,0,-0.7847821079754967
5|4|0|2,6,-0.08982671813557841
5|4|0|2,1,-1.228885930565635
5|4|0|2,7,-0.024703967810484756
5|4|0|2,4,0.27635274903719353
4|2|5|5,5,4.6422626531514295
4|2|5|5,0,2.5504336703314845
4|2|5|5,3,2.998036974802467
4|2|5|5,1,3.2009936823467644
4|2|5|5,2,3.3215350468158062
4|2|5|5,6,2.9667812745017508
4|2|5|5,7,2.6993639952160398
5|5|7|7,6,2.216509502406873
5|5|7|7,3,1.7565518918587826
5|5|7|7,7,5.248484066830014
5|5|7|7,0,0.49131960785248674
5|5|7|7,4,1.6780419213517828
5|5|7|7,1,0.5485407252414798
5|5|7|7,2,0.9361972649721659
7|7|0|0,3,0.7020717299925029
7|7|0|0,6,-0.6331875773724566
7|7|0|0,2,0.0376775578460814
7|7|0|0,4,0.8361111119215563
7|7|0|0,5,-0.16552253649848483
7|7|0|0,1,-0.3077798322808009
7|7|0|0,0,6.812520473414194
6|7|0|0,3,-0.4611378166366912
6|7|0|0,5,0.8045400450966431
6|7|0|0,4,-0.16976872108223962
6|7|0|0,1,1.3024004401151557
6|7|0|0,2,-1.9261202280674592
6|7|0|0,7,-0.7394205470276317
6|7|0|0,0,4.117107879336602
1|1|0|3,2,2.274467846884334
1|1|0|3,4,2.7962956663643417
1|1|0|3,3,4.1033561219673045
1|1|0|3,5,2.63145165383607
1|1|0|3,7,2.738041990203636
1|1|0|3,6,2.692366183522627
1|1|0|3,0,2.3396613861437574
7|1|0|3,6,2.881567821171511
7|1|0|3,5,2.779534242452638
7|1|0|3,3,4.285584593917548
7|1|0|3,1,2.207066575421618
7|1|0|3,2,2.2497005547402495
7|1|0|3,0,2.260807652367038
7|1|0|3,4,3.03179682211704
5|4|7|2,1,0.21967014911649546
5|4|7|2,6,1.5502912343447537
5|4|7|2,2,3.3158209006978314
5|4|7|2,3,1.2008173178893837
5|4|7|2,7,1.780124484448021
5|4|7|2,4,1.021908830436763
5|4|7|2,0,0.7741125651130374
1|4|7|2,3,1.4023483214444392
1|4|7|2,4,0.09952123329498344
1|4|7|2,7,2.704583934654424
1|4|7|2,2,2.500961152599187
1|4|7|2,5,2.324406683690948
1|4|7|2,6,1.6949365869793533
1|4|7|2,0,0.5232667052108434
4|5|7|7,6,1.5067906518421657
4|5|7|7,2,0.39561063424909704
4|5|7|7,3,1.6678354428067836
4|5|7|7,1,0.9546158109524434
4|5|7|7,0,0.33597826390533175
4|5|7|7,7,6.3154762725155935
4|5|7|7,5,0.9108886324345465
4|2|6|6,6,4.732452690108717
4|2|6|6,2,2.7880039649371935
4|2|6|6,3,3.0570585011687705
4|2|6|6,0,3.1233237691911713
4|2|6|6,7,3.495655653734122
4|2|6|6,5,3.3322987432983235
4|2|6|6,1,3.1241993375579318
6|4|0|1,3,0.028721655822236153
6|4|0|1,1,0.7334111050726686
6|4|0|1,2,0.37813205530611843
6|4|0|1,4,0.17803746211842758
6|4|0|1,7,-0.2997129960290952
6|4|0|1,5,0.28642315386472406
6|4|0|1,0,-0.8877817035519906
3|4|0|1,6,0.900237926555329
3|4|0|1,4,0.7087740952651613
3|4|0|1,5,0.6794390159277229
3|4|0|1,0,-0.13892387418362678
3|4|0|1,1,0.4579560146944825
3|4|0|1,7,0.09884582246620724
3|4|0|1,2,-0.40735150035899487
1|5|0|2,3,0.11502110306986511
1|5|0|2,2,0.004033506959000677
1|5|0|2,7,0.02977640409680249
1|5|0|2,0,-1.0545801169419673
1|5|0|2,5,-0.5308067224811666
1|5|0|2,6,-0.3862797992830402
1|5|0|2,4,-0.7363409074832784
3|5|0|2,6,-0.7707586647485953
3|5|0|2,2,1.10697988265095
3|5|0|2,1,-0.7404715509829662
3|5|0|2,7,-0.2931815684965954
3|5|0|2,0,-0.7508338076398801
3|5|0|2,4,-2.1932029071199235
3|5|0|2,5,-0.2800424925937569
6|5|0|2,0,-1.5097742704662651
6|5|0|2,7,0.39790647813884616
6|5|0|2,1,-1.2454823683645988
6|5|0|2,5,-0.07947268842081967
6|5|0|2,2,0.42837787743087485
6|5|0|2,4,0.032751727518387536
6|5|0|2,3,-0.34247886461049115
0|6|1|1,2,0.08267920415885026
0|6|1|1,5,-0.2880336768178115
0|6|1|1,7,-0.26425592566605893
0|6|1|1,4,-0.5073025839152623
0|6|1|1,3,-0.3950771485717393
0|6|1|1,6,0.20971152696556877
0|6|1|1,1,0.9369087938320402
2|6|1|1,5,-0.3466091469130156
2|6|1|1,6,-1.3099694621156055
2|6|1|1,3,-0.3640380224972833
2|6|1|1,0,-1.9826810664540502
2|6|1|1,1,3.9022596015992583
2|6|1|1,7,-0.18830265857575076
2|6|1|1,4,-0.7149499682781651
5|7|1|1,1,3.959490353832436
5|7|1|1,4,-1.392754844569303
5|7|1|1,2,-2.072615396207033
5|7|1|1,3,-1.5764150615015584
5|7|1|1,6,-0.5633818290966831
5|7|1|1,7,0.396758198950525
5|7|1|1,0,-0.6669202956537346
1|8|6|6,4,-0.9123370159309806
1|8|6|6,3,0.4915114919601538
1|8|6|6,6,10.999999999999982
1|8|6|6,5,0.5330396833497386
1|8|6|6,7,2.646745054808265
1|8|6|6,2,-1.186553406582393
1|8|6|6,0,-1.6913579554805813
4|8|6|6,1,0.8188251798416323
4|8|6|6,6,10.999999999999982
4|8|6|6,5,-1.942474754629601
4|8|6|6,2,0.3559639112403194
4|8|6|6,7,-1.3446189977006178
4|8|6|6,0,-0.5125344124996197
4|8|6|6,3,-0.2784003350255693
1|2|0|2,4,2.1920918337873894
1|2|0|2,6,2.350513650813094
1|2|0|2,2,3.651736645169119
1|2|0|2,3,2.135578709795827
1|2|0|2,0,1.5453842611215203
1|2|0|2,7,2.165776812758551
1|2|0|2,5,2.3232714345414758
3|7|2|2,2,5.3838950827660215
3|7|2|2,4,0.4409935492157211
3|7|2|2,6,0.46915028176961415
3|7|2|2,7,-2.07402253010795
3|7|2|2,5,-1.652221599196837
3|7|2|2,0,-1.29033183987279
3|7|2|2,1,-1.7499759203177119
4|1|7|2,3,2.718252900127135
4|1|7|2,6,1.9966944221745813
4|1|7|2,7,2.9683573771616834
4|1|7|2,5,2.7822729805467445
4|1|7|2,0,2.482321905895107
4|1|7|2,1,2.39089503787809
4|1|7|2,2,4.743879890970049
3|1|7|2,6,2.569686714091806
3|1|7|2,4,2.451708853944111
3|1|7|2,5,2.2905222033493073
3|1|7|2,0,2.4063466441119385
3|1|7|2,2,4.85205663531625
3|1|7|2,7,3.495178907832586
3|1|7|2,1,2.4412580265671324
6|1|7|2,5,2.4601965421285845
6|1|7|2,0,2.3459142163720452
6|1|7|2,2,4.845894697768171
6|1|7|2,4,2.40640120124906
6|1|7|2,7,3.474470067214722
6|1|7|2,1,2.271771159282485
6|1|7|2,3,2.4305350616057577
5|1|7|2,2,4.742665517094146
5|1|7|2,4,2.465115811562318
5|1|7|2,1,2.4997818092694764
5|1|7|2,7,3.616551919900144
5|1|7|2,6,2.6011136752408306
5|1|7|2,3,2.660788349055154
5|1|7|2,0,2.037493595986848
2|2|7|7,7,5.584545899449136
2|2|7|7,0,2.9326027887567196
2|2|7|7,6,2.8801389371627244
2|2|7|7,4,2.634854617120741
2|2|7|7,5,2.9716701648184483
2|2|7|7,1,3.1056697115810916
2|2|7|7,3,2.3750066052756527
2|3|1|1,3,2.2984819467582764
2|3|1|1,0,1.287762748377491
2|3|1|1,6,1.9723261975356916
2|3|1|1,7,1.993775186622904
2|3|1|1,5,2.4084992533736918
2|3|1|1,1,3.7758449725888727
2|3|1|1,4,2.416043134129728
4|3|1|1,5,1.9750074609479646
4|3|1|1,1,3.8961953804006293
4|3|1|1,7,2.6092856840983165
4|3|1|1,3,0.7629861736846622
4|3|1|1,0,2.0273030541364685
4|3|1|1,6,2.47098186097023
4|3|1|1,2,1.758857025572938
0|1|4|1,2,2.9297437387633622
0|1|4|1,6,2.9009920382160677
0|1|4|1,5,2.8497310754604905
0|1|4|1,1,4.565782365240732
0|1|4|1,7,2.741718008110606
0|1|4|1,3,2.6918163439433824
0|1|4|1,4,3.3575593396590158
1|2|4|2,4,3.0929017094451363
1|2|4|2,5,2.55438169034262
1|2|4|2,2,3.8792292993877546
1|2|4|2,0,2.3085067601836897
1|2|4|2,6,2.9274919472760046
1|2|4|2,7,2.634988663821629
1|2|4|2,3,2.3309655520528016
4|4|1|1,5,0.977476252710147
4|4|1|1,1,3.21313152792022
4|4|1|1,7,1.739661945569905
4|4|1|1,0,-0.23932997332021583
4|4|1|1,6,1.6472239571728344
4|4|1|1,3,0.9102890538238213
4|4|1|1,2,1.0762413118403265
6|2|0|4,0,1.303399517523586
6|2|0|4,7,0.6316049044638843
6|2|0|4,3,1.0621688526361703
6|2|0|4,2,0.6712364606234488
6|2|0|4,4,3.4495215544299858
6|2|0|4,1,1.9361345553495077
6|2|0|4,5,0.2814238814862752
0|2|0|4,1,1.6554142604791815
0|2|0|4,7,1.5605766980483575
0|2|0|4,3,1.5222258450434927
0|2|0|4,5,1.923124787319786
0|2|0|4,4,3.5802359242675825
0|2|0|4,2,1.4003409584914417
0|2|0|4,6,1.6523715194022301
1|2|0|4,4,3.5437766854707506
1|2|0|4,0,2.1273933232813893
1|2|0|4,2,1.3644967971086441
1|2|0|4,7,1.3318086172944938
1|2|0|4,6,1.309483556383428
1|2|0|4,5,1.7384429950161122
1|2|0|4,3,1.3988583632036613
1|5|0|0,6,-0.3552884797307682
1|5|0|0,2,-0.11967054545639845
1|5|0|0,3,-0.23195515608785605
1|5|0|0,5,-0.4066321388512569
1|5|0|0,0,0.08765820074875524
1|5|0|0,7,-0.5969001813276804
1|5|0|0,4,-0.31926334835118886
6|1|6|5,4,1.1429227090332226
6|1|6|5,1,1.471306650682759
6|1|6|5,3,1.5780484299279705
6|1|6|5,2,1.1192546245558632
6|1|6|5,0,1.5397050737133684
6|1|6|5,5,2.6931611541713902
6|1|6|5,7,3.7992585470782125
4|1|6|5,1,2.2107538205949404
4|1|6|5,0,2.412044142437445
4|1|6|5,7,2.2764069675841276
4|1|6|5,6,2.894948056757461
4|1|6|5,5,4.590724220104285
4|1|6|5,2,2.3793162319916887
4|1|6|5,3,2.4271363093899136
1|1|6|5,2,2.073043305813462
1|1|6|5,5,4.821258375720202
1|1|6|5,4,2.0962265673672182
1|1|6|5,7,2.4620642736716367
1|1|6|5,0,2.3605273628307133
1|1|6|5,3,2.377889585648903
1|1|6|5,6,3.5535981579989304
2|1|6|5,7,2.7661595797138125
2|1|6|5,4,2.207509482657493
2|1|6|5,5,4.702436222372839
2|1|6|5,0,2.5419490945135768
2|1|6|5,3,2.4349422745293463
2|1|6|5,6,4.25508356946089
2|1|6|5,1,2.5368358998729783
7|2|6|1,2,1.7310186766243685
7|2|6|1,5,1.7275841822424998
7|2|6|1,4,1.6281363784949587
7|2|6|1,3,1.1166502280954747
7|2|6|1,0,1.643635446192792
7|2|6|1,1,3.616235798593956
7|2|6|1,6,3.667919943240768
2|2|6|1,6,3.4851281958591835
2|2|6|1,4,2.0751756673857176
2|2|6|1,1,3.261337292415042
2|2|6|1,0,2.112467747782421
2|2|6|1,5,2.16029426209527
2|2|6|1,7,2.457530113797528
2|2|6|1,3,2.748444611383264
3|2|3|0,5,1.6202350845298337
3|2|3|0,1,2.0419173862256366
3|2|3|0,0,4.009015356189653
3|2|3|0,2,2.20006052244489
3|2|3|0,7,2.005496992071304
3|2|3|0,4,2.130023619729307
3|2|3|0,6,2.3162610017871472
5|2|3|0,1,2.1514095676584777
5|2|3|0,4,2.2688580017576627
5|2|3|0,7,2.1447484931972487
5|2|3|0,6,2.7476683755789564
5|2|3|0,3,3.140018218412336
5|2|3|0,2,2.661446940826159
5|2|3|0,0,4.147122754649241
1|2|3|0,4,2.646484016905439
1|2|3|0,7,2.6673287210538774
1|2|3|0,2,2.7412108605437946
1|2|3|0,0,4.054225819972586
1|2|3|0,3,3.1141533867401288
1|2|3|0,5,2.639603669982194
1|2|3|0,6,2.569060343723311
7|1|6|0,6,3.5003073137757834
7|1|6|0,2,2.787268353757621
7|1|6|0,0,4.619227325234084
7|1|6|0,1,2.7213496850356926
7|1|6|0,4,2.878322074929742
7|1|6|0,3,2.579029578042135
7|1|6|0,5,2.723665214188249
6|3|5|0,1,2.0057104124594134
6|3|5|0,2,1.9353536457678202
6|3|5|0,3,1.3539381379215742
6|3|5|0,5,2.216578649589932
6|3|5|0,7,1.9967512846251823
6|3|5|0,4,1.8040644424789758
6|3|5|0,0,3.747164605823703
1|3|5|0,3,1.903168687878007
1|3|5|0,0,3.398652259921734
1|3|5|0,7,1.7345897286871237
1|3|5|0,6,2.3398985384239426
1|3|5|0,4,1.8405403726404006
1|3|5|0,2,2.2084759281763686
1|3|5|0,5,2.7470850257007644
3|3|5|0,1,2.1727887894569506
3|3|5|0,2,2.202680290482088
3|3|5|0,7,1.2795067194408936
3|3|5|0,4,1.9990221055026802
3|3|5|0,6,2.2693800774109363
3|3|5|0,5,2.853398673884652
3|3|5|0,0,3.0598234725755087
4|4|5|5,1,0.22571825785304497
4|4|5|5,5,4.574725773126004
4|4|5|5,0,1.2265165702875642
4|4|5|5,3,1.9945923388080367
4|4|5|5,2,1.1799864174180372
4|4|5|5,6,2.471476149526001
4|4|5|5,7,2.981483916142939
6|1|1|3,7,2.8494848208501917
6|1|1|3,0,2.4138586227467114
6|1|1|3,5,2.901588454803596
6|1|1|3,3,4.504559124149697
6|1|1|3,4,2.9058385551865324
6|1|1|3,1,2.3586649679216394
6|1|1|3,2,2.3559523656480987
7|1|1|3,2,2.443235891897179
7|1|1|3,5,3.045778303688534
7|1|1|3,4,3.181117673833363
7|1|1|3,0,2.380981137298334
7|1|1|3,3,4.481504258170241
7|1|1|3,6,2.722832491735229
7|1|1|3,1,2.375031232344722
2|1|1|3,5,2.7890509228412887
2|1|1|3,1,2.412268320257005
2|1|1|3,6,2.750084552408078
2|1|1|3,3,4.4739767909762564
2|1|1|3,0,2.317046795159503
2|1|1|3,7,2.6949374073782604
2|1|1|3,4,2.9350954598951606
5|1|1|3,7,2.5101450092799444
5|1|1|3,4,2.758776444722925
5|1|1|3,1,2.3729160935674507
5|1|1|3,0,2.400349035546942
5|1|1|3,2,2.3932080549710326
5|1|1|3,3,4.544952890030109
5|1|1|3,6,2.8713695766982794
4|1|1|3,1,2.3745611431767197
4|1|1|3,7,3.0836489168862093
4|1|1|3,5,2.9938837671603413
4|1|1|3,2,2.3850230366056886
4|1|1|3,6,2.971555958930109
4|1|1|3,0,2.401902118374338
4|1|1|3,3,4.52377957698489
3|5|0|1,4,-2.118241197582735
3|5|0|1,2,-0.9093128990967799
3|5|0|1,1,0.8150128715177749
3|5|0|1,5,-2.089975592628513
3|5|0|1,0,-1.5288959385134426
3|5|0|1,6,-0.6208837506368801
3|5|0|1,7,-1.1613081848212932
3|1|0|5,5,4.1737203925209965
3|1|0|5,0,2.1006713412989053
3|1|0|5,6,2.9228050243321597
3|1|0|5,2,2.1944437033398327
3|1|0|5,4,2.262093461136028
3|1|0|5,1,2.278682606774522
3|1|0|5,7,2.9182239357056576
7|3|0|0,1,1.787992021079273
7|3|0|0,2,1.280582460751203
7|3|0|0,5,2.166289459766321
7|3|0|0,3,2.127263938614605
7|3|0|0,4,2.0281602908911354
7|3|0|0,6,1.7604342871655325
7|3|0|0,0,3.457729194096702
4|1|7|7,5,2.9903463920200832
4|1|7|7,7,5.268302786158101
4|1|7|7,1,2.619600557301047
4|1|7|7,6,2.9094814320792186
4|1|7|7,2,2.746546303924567
4|1|7|7,3,3.049996156236063
4|1|7|7,0,2.463007344827232
5|1|7|7,0,2.762731959256587
5|1|7|7,2,2.8789094101130397
5|1|7|7,6,3.005465158672696
5|1|7|7,3,2.2699522473061196
5|1|7|7,4,2.9992271812488362
5|1|7|7,1,2.8540004322695034
5|1|7|7,7,5.2145625644266405
0|1|7|7,7,5.2594561088274485
0|1|7|7,2,2.877526864764515
0|1|7|7,3,2.8634610100561226
0|1|7|7,1,2.8216994593650395
0|1|7|7,6,2.798537967901663
0|1|7|7,5,2.38427929387633
0|1|7|7,4,3.1202338621190395
2|7|5|5,1,-2.1193054165758283
2|7|5|5,3,-2.6972870332179193
2|7|5|5,0,-2.2248317942168687
2|7|5|5,5,3.229742074624749
2|7|5|5,6,-0.36151305167572334
2|7|5|5,7,0.02330436612939557
2|7|5|5,4,-2.663076160871147
0|1|0|3,4,2.745216803955463
0|1|0|3,5,2.564371457245187
0|1|0|3,7,2.767610454006226
0|1|0|3,3,4.310294500317978
0|1|0|3,6,1.7366540197960467
0|1|0|3,2,2.305229093655106
0|1|0|3,1,2.264404967410433
4|1|0|3,5,2.8098864643162034
4|1|0|3,1,2.185219182435959
4|1|0|3,6,2.7018579176644635
4|1|0|3,7,2.8026631992413185
4|1|0|3,2,2.2277702885701345
4|1|0|3,0,2.302426872006319
4|1|0|3,3,4.267420784342717
0|3|5|5,6,2.231165007380872
0|3|5|5,7,2.6895019473495694
0|3|5|5,5,4.258947739122246
0|3|5|5,2,2.5472520658416538
0|3|5|5,4,2.8987321798921952
0|3|5|5,3,2.40880573067208
0|3|5|5,1,2.471242483167257
1|2|3|5,7,2.349239272244253
1|2|3|5,0,2.0820640754312323
1|2|3|5,6,2.0546831571270427
1|2|3|5,3,2.2178496343071212
1|2|3|5,5,3.8718719407384112
1|2|3|5,4,1.203575576361216
1|2|3|5,2,1.849917504376332
7|3|3|1,1,3.516679481422745
7|3|3|1,0,1.3036764825677263
7|3|3|1,6,1.0675936407769768
7|3|3|1,2,0.9732173964529576
7|3|3|1,3,2.613915726526466
7|3|3|1,4,0.4935924246550878
7|3|3|1,5,1.0698889938139842
1|4|3|3,7,2.2380182047125965
1|4|3|3,4,1.5520627894549544
1|4|3|3,5,2.0289818410720377
1|4|3|3,0,1.3685731478308258
1|4|3|3,2,1.2593450386967906
1|4|3|3,6,0.5537653482285004
1|4|3|3,3,4.3224217641659
5|1|2|1,2,3.5549663759171257
5|1|2|1,1,4.583187297157877
5|1|2|1,7,2.8289895347443137
5|1|2|1,4,2.7445090585968623
5|1|2|1,0,2.5729567051841165
5|1|2|1,6,2.7835647429160706
5|1|2|1,3,2.793465434198607
4|2|6|1,0,2.0373057119972886
4|2|6|1,3,2.616675672784657
4|2|6|1,5,1.9740696863572529
4|2|6|1,6,3.2434779004596996
4|2|6|1,1,3.4873088734909965
4|2|6|1,7,2.4740763291562966
4|2|6|1,2,2.649787341168511
0|2|6|1,7,2.520597769077592
0|2|6|1,6,3.395341149597357
0|2|6|1,3,2.619502340178256
0|2|6|1,5,2.7965333127677043
0|2|6|1,2,2.639334796490695
0|2|6|1,1,3.9106847974336274
0|2|6|1,4,2.60004754935621
6|1|5|4,5,3.631379082188316
6|1|5|4,4,4.59022793105249
6|1|5|4,1,2.374297860888261
6|1|5|4,0,2.5598629209525137
6|1|5|4,7,2.756393320734768
6|1|5|4,2,2.282517693399354
6|1|5|4,3,2.5082155930878574
5|2|7|0,3,2.1325859723631684
5|2|7|0,1,2.4024013762519556
5|2|7|0,6,2.2578026611080295
5|2|7|0,2,1.9072791339587987
5|2|7|0,4,1.6668033200794938
5|2|7|0,0,3.056510205499699
5|2|7|0,7,3.3534243745839882
3|2|7|0,5,2.2840884407770123
3|2|7|0,2,2.160004329324269
3|2|7|0,1,2.001999293218059
3|2|7|0,7,3.1770908016688773
3|2|7|0,4,2.1372364003931823
3|2|7|0,6,2.526841776029891
3|2|7|0,0,3.607483478931031
1|2|7|0,0,3.461137503284459
1|2|7|0,6,2.3802921937812944
1|2|7|0,4,2.1090224532612987
1|2|7|0,2,2.3066514664999254
1|2|7|0,7,3.276476666476726
1|2|7|0,5,2.3251255065129253
1|2|7|0,3,2.2085723315917383
5|3|7|7,6,2.9208842763962526
5|3|7|7,1,1.7791953002473588
5|3|7|7,4,2.7345622742800084
5|3|7|7,2,2.730988143270649
5|3|7|7,7,3.7294527419314627
5|3|7|7,3,2.1107338467435603
5|3|7|7,0,2.5073263867654383
2|1|1|5,3,2.297380877527748
2|1|1|5,7,3.1079767626471897
2|1|1|5,0,2.2678745125096746
2|1|1|5,6,2.9333234643359853
2|1|1|5,1,2.2434215754467544
2|1|1|5,5,4.402109366367229
2|1|1|5,4,2.350523298316513
3|1|1|5,0,2.257775730927771
3|1|1|5,7,2.8354239715852647
3|1|1|5,4,2.270636942747731
3|1|1|5,1,2.2765630694777643
3|1|1|5,2,2.230622484574284
3|1|1|5,5,4.371424159821137
3|1|1|5,6,2.911552175244681
0|1|1|5,4,2.1764448112024923
0|1|1|5,6,2.8752497939830186
0|1|1|5,7,2.83971001489419
0|1|1|5,5,4.569574564831212
0|1|1|5,1,2.377924472224852
0|1|1|5,3,1.7591569730588525
0|1|1|5,2,2.3733872484170924
4|1|1|5,5,4.495988507069455
4|1|1|5,3,2.3039245207610257
4|1|1|5,1,2.3328768906295876
4|1|1|5,0,2.22594330312309
4|1|1|5,2,2.1831243612073097
4|1|1|5,7,3.0358921769365907
4|1|1|5,6,2.7040432036587916
5|2|1|0,0,3.835912689438328
5|2|1|0,6,2.290652735405909
5|2|1|0,4,2.2262362597110283
5|2|1|0,2,1.9920314991212313
5|2|1|0,1,2.688392789049006
5|2|1|0,7,2.469422994152539
5|2|1|0,3,2.08595729845573
2|1|6|4,3,2.334747828580621
2|1|6|4,4,4.622642117324076
2|1|6|4,5,2.652642411846749
2|1|6|4,6,3.3123548786782013
2|1|6|4,1,2.3062616942604723
2|1|6|4,0,2.4842191209101485
2|1|6|4,7,2.6919223279460724
3|1|6|4,1,2.405861457153698
3|1|6|4,0,1.5522576325511535
3|1|6|4,6,2.6850226153221595
3|1|6|4,5,2.3845912418935447
3|1|6|4,4,4.827471178485073
3|1|6|4,7,2.7730977253599853
3|1|6|4,2,2.464843482060806
0|2|6|6,2,3.176805886439926
0|2|6|6,4,3.05063530740926
0|2|6|6,1,3.1196156180077237
0|2|6|6,5,3.0447567124913726
0|2|6|6,7,2.932113722964688
0|2|6|6,3,2.903992520088586
0|2|6|6,6,4.628581589286354
3|2|0|1,2,1.7185598110555396
3|2|0|1,5,1.983611541045692
3|2|0|1,0,1.2855060903301414
3|2|0|1,7,1.798998870040805
3|2|0|1,1,3.3506431889604236
3|2|0|1,4,2.0120633221967053
3|2|0|1,6,2.173672884276087
2|3|0|1,4,1.5152987191938991
2|3|0|1,6,1.143755141549378
2|3|0|1,1,2.7508410339676765
2|3|0|1,0,0.8184447913225037
2|3|0|1,5,1.227265792816886
2|3|0|1,3,0.5560149205126225
2|3|0|1,7,1.5094698859645082
4|4|0|1,7,-0.07691940273905978
4|4|0|1,3,-0.509469801242955
4|4|0|1,2,-0.605972340572568
4|4|0|1,5,-0.2501283312845243
4|4|0|1,1,0.9875288397597377
4|4|0|1,6,0.013159708143264816
4|4|0|1,0,-0.9245557299044435
7|5|0|1,4,-0.42034078093784294
7|5|0|1,3,-0.7038809287931269
7|5|0|1,5,-2.2071948209538457
7|5|0|1,6,-0.3718728557516101
7|5|0|1,0,-1.5295453415447235
7|5|0|1,1,-1.1512300677501477
7|5|0|1,2,-0.6598023036029396
4|5|0|1,2,-0.9268644542051209
4|5|0|1,0,-2.3069600693313204
4|5|0|1,5,-0.38356931496793795
4|5|0|1,7,-0.8760067301386845
4|5|0|1,6,-0.6155795750032931
4|5|0|1,1,1.3493561551108921
4|5|0|1,3,-1.549280709906058
2|5|0|1,6,-1.2751241199210592
2|5|0|1,4,-0.28946814351439193
2|5|0|1,0,-1.3649133051136457
2|5|0|1,7,-0.7646291911805075
2|5|0|1,1,0.3750099320518797
2|5|0|1,5,-1.1878916682147476
2|5|0|1,3,-1.1326865338294054
3|1|5|2,2,4.612764887547181
3|1|5|2,1,2.506048940311871
3|1|5|2,4,2.7619108221422612
3|1|5|2,7,2.8374788044628634
3|1|5|2,0,2.507089871592356
3|1|5|2,5,3.5518646768319644
3|1|5|2,6,2.809632752895939
4|3|5|7,5,2.7436958136780487
4|3|5|7,6,2.074740981531276
4|3|5|7,3,1.439165556716065
4|3|5|7,7,4.530480304048538
4|3|5|7,0,0.6164697792828066
4|3|5|7,1,0.4238459970070704
4|3|5|7,2,1.8041039819053193
5|3|5|7,4,1.0570203753471747
5|3|5|7,6,1.1799245675257626
5|3|5|7,7,4.599773474207184
5|3|5|7,1,0.5648049336534904
5|3|5|7,0,0.9619754421796582
5|3|5|7,3,1.4233242725385675
5|3|5|7,2,1.0423566872589245
6|4|5|7,5,4.029108252457383
6|4|5|7,4,0.43153863888910293
6|4|5|7,1,0.08278123595814824
6|4|5|7,3,1.072511975504285
6|4|5|7,0,1.3623867998390078
6|4|5|7,7,2.695106202964559
6|4|5|7,2,1.2211135098520032
5|6|7|7,6,2.18721979022594
5|6|7|7,1,0.08401129519014008
5|6|7|7,3,2.3186124836093938
5|6|7|7,0,2.6406603341756063
5|6|7|7,4,1.2009678299232398
5|6|7|7,2,0.847568332368897
5|6|7|7,7,5.025592257466098
3|1|4|1,1,4.503034083925213
3|1|4|1,7,2.684043065690533
3|1|4|1,5,2.6063795770009497
3|1|4|1,6,2.908997491154591
3|1|4|1,0,2.537014036391405
3|1|4|1,2,2.725620653115928
3|1|4|1,4,3.808923788513344
6|3|4|7,3,0.9738730278220745
6|3|4|7,7,5.032883631537146
6|3|4|7,5,0.24534792607865438
6|3|4|7,2,0.3650070584712998
6|3|4|7,1,1.6466519757863476
6|3|4|7,4,0.15230085054938614
6|3|4|7,0,1.3294239053592702
3|3|4|7,7,4.86948725303727
3|3|4|7,5,1.158360705994536
3|3|4|7,6,1.179072658739004
3|3|4|7,2,2.0731374724878475
3|3|4|7,0,1.4779743915421577
3|3|4|7,4,0.4754388870867723
3|3|4|7,1,0.6320812889265874
7|5|4|4,4,4.678035406419512
7|5|4|4,1,0.4574524135930217
7|5|4|4,0,0.35669176348758735
7|5|4|4,6,1.2609195359889274
7|5|4|4,5,0.6926792564781641
7|5|4|4,2,0.6673802255583946
7|5|4|4,3,0.6950182607632619
1|2|5|2,0,2.3683777988554375
1|2|5|2,5,3.5618232162250223
1|2|5|2,7,2.7819530838603073
1|2|5|2,3,2.4837447083692923
1|2|5|2,4,2.0586100801885254
1|2|5|2,6,3.021916572041262
1|2|5|2,2,3.136519727028925
0|2|5|2,5,3.55650211169759
0|2|5|2,2,4.428418100792612
0|2|5|2,4,3.0203679806985253
0|2|5|2,1,2.1327623723736195
0|2|5|2,3,2.899287536095794
0|2|5|2,7,2.5417926964986295
0|2|5|2,6,2.853411911834806
5|3|6|2,4,2.1689332440233953
5|3|6|2,2,2.6283348666309196
5|3|6|2,3,1.8571571340182744
5|3|6|2,0,1.4447383380693797
5|3|6|2,7,2.059770263766055
5|3|6|2,6,3.4362263116309877
5|3|6|2,1,1.0280918467301707
4|3|6|2,5,2.089487816429917
4|3|6|2,6,1.8170584138299162
4|3|6|2,2,2.743930209367011
4|3|6|2,0,1.25486894409962
4|3|6|2,3,1.5749451206297054
4|3|6|2,1,1.492722320155426
4|3|6|2,7,1.874276660650186
2|4|6|0,7,2.060609773847664
2|4|6|0,6,1.7145710923800126
2|4|6|0,5,0.8248589924735367
2|4|6|0,0,2.824353656999071
2|4|6|0,1,-1.0509483293717976
2|4|6|0,4,1.1712629897709188
2|4|6|0,3,1.244054888256482
7|4|6|0,5,1.355566949018865
7|4|6|0,1,0.7185615789257637
7|4|6|0,0,3.8706691686574315
7|4|6|0,3,1.3112827985465303
7|4|6|0,2,1.0371284713053415
7|4|6|0,4,0.9041841007241258
7|4|6|0,6,2.2309792790525886
7|2|1|1,2,2.814517503571015
7|2|1|1,5,2.433687161420952
7|2|1|1,6,2.444736258540698
7|2|1|1,4,2.9931771643083134
7|2|1|1,1,4.223643761964757
7|2|1|1,3,2.699176637117186
7|2|1|1,0,2.3861951042788716
1|5|0|4,3,-2.4692109258721917
1|5|0|4,2,-1.370181852615928
1|5|0|4,5,0.007486913051458767
1|5|0|4,7,0.04671227447039139
1|5|0|4,0,-1.566715842990872
1|5|0|4,6,0.18622898486052283
1|5|0|4,4,1.3018713264460429
3|5|0|4,4,0.9500272787628219
3|5|0|4,0,-1.6697475862872782
3|5|0|4,7,-1.8201792828106709
3|5|0|4,2,-1.0116021179447479
3|5|0|4,1,-1.7206670116405474
3|5|0|4,5,-0.06324930444010579
3|5|0|4,6,-0.29815867648893385
5|2|2|1,1,4.070763623778502
5|2|2|1,7,2.040924256681932
5|2|2|1,3,2.4396015477108652
5|2|2|1,0,2.1132043029971093
5|2|2|1,6,2.28886156055762
5|2|2|1,2,3.199183347888357
5|2|2|1,4,2.408736378609644
1|4|2|2,6,1.75601087349726
1|4|2|2,7,1.984984762977558
1|4|2|2,0,0.8934827473618726
1|4|2|2,3,1.5532027796853494
1|4|2|2,4,1.5290831351843397
1|4|2|2,5,1.6908652319417021
1|4|2|2,2,3.1573028929993603
4|4|2|2,6,1.4367065594756632
4|4|2|2,5,1.3704713920794833
4|4|2|2,1,0.7323343602756467
4|4|2|2,2,3.7900867008340717
4|4|2|2,0,1.3048839372625678
4|4|2|2,3,0.2043129756127725
4|4|2|2,7,1.012082650553758
7|1|1|0,5,2.5942913332716566
7|1|1|0,2,2.6407041416617347
7|1|1|0,0,4.442693139590049
7|1|1|0,6,2.738482260312813
7|1|1|0,1,3.260863400312906
7|1|1|0,4,2.721648797119307
7|1|1|0,3,2.702341976715627
1|6|3|3,4,0.3770452354008641
1|6|3|3,7,-0.45332371736212407
1|6|3|3,3,-0.2519481422075897
1|6|3|3,0,-1.0255980409815597
1|6|3|3,2,-2.2516694987355645
1|6|3|3,5,-0.13953152807182262
1|6|3|3,6,-0.6483253683582888
4|7|3|3,6,0.21641789006611445
4|7|3|3,1,-1.9543806212749502
4|7|3|3,3,3.930948784695314
4|7|3|3,7,-0.799322967959195
4|7|3|3,5,-1.7775971865062297
4|7|3|3,2,-2.217986607959264
4|7|3|3,0,-0.3407518528763275
6|7|3|3,5,-0.5078597147209547
6|7|3|3,1,-0.7540783633212107
6|7|3|3,4,-2.3524856078251264
6|7|3|3,3,4.590418680130875
6|7|3|3,7,0.9563636429997893
6|7|3|3,2,-0.7976170408134813
6|7|3|3,0,-1.2513581689660338
5|8|3|3,1,-1.5585918195498514
5|8|3|3,2,-0.29051923562360416
5|8|3|3,0,0.49905471219160896
5|8|3|3,7,1.0280935924160177
5|8|3|3,4,0.6192430184921653
5|8|3|3,6,-1.570339901429495
5|8|3|3,3,10.999999999999982
2|3|5|7,4,2.2819706875098014
2|3|5|7,3,1.3313487892575755
2|3|5|7,6,1.1894276465423779
2|3|5|7,1,0.52864255350645
2|3|5|7,7,5.041545556559494
2|3|5|7,0,1.9519053695657382
2|3|5|7,5,3.15905522683863
3|3|5|7,5,2.2171533402209738
3|3|5|7,6,-0.2370016031128298
3|3|5|7,1,1.4829821536749188
3|3|5|7,0,2.4409160460611043
3|3|5|7,4,1.948357728608472
3|3|5|7,2,1.2002449035507756
3|3|5|7,7,4.127894412361398
3|5|7|7,4,2.148806738877434
3|5|7|7,0,0.02779868779779565
3|5|7|7,2,1.6422747445580004
3|5|7|7,5,1.7185800385819157
3|5|7|7,7,4.944579521138627
3|5|7|7,6,1.378306144114799
3|5|7|7,1,2.1859428610641354
3|6|7|7,0,-0.2515451713586072
3|6|7|7,5,3.6188400646580243
3|6|7|7,6,1.8776243963677248
3|6|7|7,4,0.6531450102318737
3|6|7|7,2,1.8449843535470642
3|6|7|7,1,3.8681234646343103
3|6|7|7,7,7.206253557923078
4|6|5|5,2,-0.9445698638957276
4|6|5|5,7,1.9257297208741535
4|6|5|5,0,-1.9960956150275417
4|6|5|5,1,-1.1612650449765363
4|6|5|5,3,-0.8848907159381237
4|6|5|5,6,-0.4652258245709142
4|6|5|5,5,1.6965001609551178
3|7|5|5,1,-3.6065712744887017
3|7|5|5,4,-1.9823026212269002
3|7|5|5,6,0.1430055693370954
3|7|5|5,5,3.1384324016622642
3|7|5|5,0,-1.8081596481160311
3|7|5|5,7,-0.18273974979269764
3|7|5|5,2,-2.9638648272446173
1|7|5|5,6,0.8865813751381553
1|7|5|5,7,0.015815626847621334
1|7|5|5,4,-1.615068562287581
1|7|5|5,3,-2.4345784554871557
1|7|5|5,5,4.943702498879598
1|7|5|5,0,-2.1105266966056426
1|7|5|5,2,-2.303660197873457
0|1|6|3,6,3.3945155945554175
0|1|6|3,2,2.5982305441686853
0|1|6|3,7,2.6384169979847836
0|1|6|3,3,4.679068253504509
0|1|6|3,1,2.6229639911764107
0|1|6|3,5,2.6893622575719123
0|1|6|3,4,2.9042988732183117
6|1|6|3,2,2.0748873347199766
6|1|6|3,7,2.6311662140920853
6|1|6|3,4,2.8257734617413424
6|1|6|3,5,1.763444876493239
6|1|6|3,0,1.8824191801885348
6|1|6|3,3,4.447524458203241
6|1|6|3,1,2.0602355627058806
1|1|6|3,7,2.7320468475846154
1|1|6|3,5,2.767368520898281
1|1|6|3,3,4.612548579704127
1|1|6|3,2,2.4561666207459347
1|1|6|3,6,3.03883138708681
1|1|6|3,4,2.836146033934284
1|1|6|3,0,2.5859770492709977
7|2|6|2,5,1.3908956582273908
7|2|6|2,3,2.0194546514055163
7|2|6|2,6,2.066595549922186
7|2|6|2,2,3.595800946431525
7|2|6|2,1,1.6396360602889428
7|2|6|2,0,1.0869781300416719
7|2|6|2,4,1.8465533672939551
7|1|3|5,2,1.5496860012331442
7|1|3|5,6,3.717884797501347
7|1|3|5,0,2.6042970520864617
7|1|3|5,3,1.9129886659569058
7|1|3|5,4,2.1053053016784666
7|1|3|5,1,2.015080152433257
7|1|3|5,5,2.579463793954965
2|1|3|5,5,4.48072094161955
2|1|3|5,0,2.2102989921276097
2|1|3|5,3,2.186850451661563
2|1|3|5,7,2.1603308725012043
2|1|3|5,4,2.2713455325422744
2|1|3|5,1,2.35428669359586
2|1|3|5,6,2.8599660294361446
2|3|3|3,6,2.7824590769979123
2|3|3|3,7,2.940721958756263
2|3|3|3,1,1.7678570530564088
2|3|3|3,5,2.851123930150733
2|3|3|3,0,2.3442129417449276
2|3|3|3,3,5.1087345868773975
2|3|3|3,4,2.7715966690991585
5|3|3|3,7,2.441384145419505
5|3|3|3,0,2.3812017036378856
5|3|3|3,3,4.13911378545413
5|3|3|3,4,2.600589816164666
5|3|3|3,6,2.257929157017882
5|3|3|3,2,2.36761365370861
5|3|3|3,1,2.078325706747413
2|1|2|0,3,2.5405607572011233
2|1|2|0,4,2.79620470751745
2|1|2|0,5,2.845496606910121
2|1|2|0,7,2.7595513886310994
2|1|2|0,1,2.6964783804571266
2|1|2|0,6,2.7504836233698002
2|1|2|0,0,4.459052730574225
3|1|2|0,2,3.337137953890032
3|1|2|0,7,2.8413835584040217
3|1|2|0,4,2.8289335500994803
3|1|2|0,0,3.814508846286052
3|1|2|0,6,2.6464790347885474
3|1|2|0,1,2.6345852512664614
3|1|2|0,5,2.6107231673551947
4|1|2|0,6,2.863966648532168
4|1|2|0,0,3.8397508710704598
4|1|2|0,7,2.8450575705220684
4|1|2|0,2,3.7358034014330124
4|1|2|0,3,2.308314984449518
4|1|2|0,5,2.614350289821919
4|1|2|0,1,2.90326337045089
6|1|2|0,3,2.577639259469166
6|1|2|0,0,4.530782953702842
6|1|2|0,7,2.79474942372109
6|1|2|0,4,2.8267512792262592
6|1|2|0,5,2.73507999262298
6|1|2|0,1,2.7710298320821254
6|1|2|0,2,3.11439981486934
5|2|3|2,1,1.7632561982711068
5|2|3|2,4,2.5174623289748324
5|2|3|2,2,4.299386180916041
5|2|3|2,6,1.9247836465330985
5|2|3|2,7,2.596727776797536
5|2|3|2,0,1.9282705058934093
5|2|3|2,3,3.1571271948234303
1|2|3|2,5,2.8049569399906797
1|2|3|2,6,2.5238632712405966
1|2|3|2,7,2.8873723733713517
1|2|3|2,2,4.450272166472945
1|2|3|2,4,2.652221428078355
1|2|3|2,3,3.7255051161092876
1|2|3|2,0,2.143883219035151
0|5|3|3,7,0.26271493935953494
0|5|3|3,3,3.117017477094651
0|5|3|3,1,-1.0775041180589937
0|5|3|3,6,-0.2900174930881402
0|5|3|3,4,-0.19427697559726426
0|5|3|3,5,-0.5116610757076168
0|5|3|3,2,0.7647227685031849
7|5|3|3,3,3.1357727966056417
7|5|3|3,6,0.024880371314630688
7|5|3|3,0,-0.5054919493765565
7|5|3|3,4,1.6406292336744583
7|5|3|3,2,-0.4861537331403848
7|5|3|3,5,0.7488289397864392
7|5|3|3,1,-0.004675101311899008
4|1|6|6,1,2.9729449204717135
4|1|6|6,7,3.617344678244395
4|1|6|6,2,3.0687273228057257
4|1|6|6,3,3.027761220744443
4|1|6|6,5,3.0289293765298417
4|1|6|6,6,4.954360451809672
4|1|6|6,0,2.9926070511782425
1|1|6|6,2,3.114300892704499
1|1|6|6,3,3.046348161996769
1|1|6|6,5,2.955405503117902
1|1|6|6,7,3.8729580967169643
1|1|6|6,4,2.869401064659082
1|1|6|6,6,5.032759595541064
1|1|6|6,0,2.990299799472695
2|1|6|6,4,2.6299099728033943
2|1|6|6,7,3.673985908459901
2|1|6|6,1,2.6668544238716425
2|1|6|6,3,3.0571342795397562
2|1|6|6,0,2.978461065931144
2|1|6|6,5,3.011817900740482
2|1|6|6,6,5.034769913155479
7|1|6|6,0,2.6866996135178107
7|1|6|6,2,2.627167159924088
7|1|6|6,1,2.5580838337318172
7|1|6|6,4,2.8287587405787935
7|1|6|6,3,2.706413187802026
7|1|6|6,5,2.8029104213443157
7|1|6|6,6,5.178882182655778
0|1|6|6,4,2.851045880422462
0|1|6|6,5,2.971440536892196
0|1|6|6,3,3.035190712701696
0|1|6|6,2,3.066235543326017
0|1|6|6,1,3.04766135743942
0|1|6|6,6,5.093346374135676
0|1|6|6,7,3.960915657270541
0|1|1|3,6,2.807403701687045
0|1|1|3,4,2.749214493081727
0|1|1|3,1,2.296199377017745
0|1|1|3,7,2.869109673091535
0|1|1|3,2,2.4586817199825752
0|1|1|3,5,2.745025569391898
0|1|1|3,3,4.4014552333157795
6|2|1|0,0,3.1019297460201205
6|2|1|0,5,2.273515322119112
6|2|1|0,1,2.991345797296115
6|2|1|0,7,2.0784703088368417
6|2|1|0,4,2.3003330211128725
6|2|1|0,2,1.9130434690093803
6|2|1|0,3,2.2485498551065013
0|1|1|4,1,2.406060122683384
0|1|1|4,4,4.437735297302896
0|1|1|4,5,2.827303314222187
0|1|1|4,3,2.4847471308233806
0|1|1|4,6,3.000747287285384
0|1|1|4,2,2.4424626449673226
0|1|1|4,7,2.650967058041689
1|1|1|4,5,3.1068603926378677
1|1|1|4,0,2.382388480133138
1|1|1|4,2,2.4379527492364232
1|1|1|4,4,4.482624520821262
1|1|1|4,3,1.892933489212954
1|1|1|4,7,2.8408645796803205
1|1|1|4,6,2.790743568519315
0|2|2|5,1,2.0594742351514075
0|2|2|5,6,1.7581775916782336
0|2|2|5,5,4.3360680938977145
0|2|2|5,4,1.5864349002518479
0|2|2|5,2,2.128660150485805
0|2|2|5,7,1.57750768957861
0|2|2|5,3,1.4407349533227767
1|2|2|5,0,1.6965875319766246
1|2|2|5,5,4.213320090392958
1|2|2|5,4,1.7659871665906228
1|2|2|5,2,2.6601469781643656
1|2|2|5,6,2.2786838085574033
1|2|2|5,3,0.6200817530034262
1|2|2|5,7,1.7396583137355237
6|3|2|0,3,1.1055422991513104
6|3|2|0,2,1.6828311902222532
6|3|2|0,1,1.473150909567591
6|3|2|0,7,1.1263340380723408
6|3|2|0,0,2.6784835522041117
6|3|2|0,4,1.4897136940459998
6|3|2|0,5,1.1257856347041202
5|3|4|4,3,2.3991921499624613
5|3|4|4,2,0.6773401041367992
5|3|4|4,6,2.6468741187358855
5|3|4|4,4,3.8614902858914486
5|3|4|4,0,2.41469261018121
5|3|4|4,1,1.7100389404135297
5|3|4|4,7,2.2486877263202816
3|3|4|4,7,2.150832757955573
3|3|4|4,6,2.2010832040341684
3|3|4|4,4,4.574413276093812
3|3|4|4,1,2.321515085378604
3|3|4|4,5,3.089491947093868
3|3|4|4,0,2.6646631500657145
3|3|4|4,2,1.6891113405900713
7|3|4|4,4,4.021804700687094
7|3|4|4,0,2.4365105435951127
7|3|4|4,5,3.063151098998044
7|3|4|4,2,2.569736181812581
7|3|4|4,6,2.2294801880653257
7|3|4|4,3,1.5108842075292526
7|3|4|4,1,1.8983722887896943
0|4|5|3,1,1.0873154313866082
0|4|5|3,3,3.9727759855944633
0|4|5|3,5,2.1870231392542445
0|4|5|3,2,1.037020208853146
0|4|5|3,6,1.1760500354075958
0|4|5|3,4,1.4414667927672618
0|4|5|3,7,2.1859853329831878
1|4|5|3,2,0.014706438724222406
1|4|5|3,4,-0.45603240907720444
1|4|5|3,7,1.0625731238865495
1|4|5|3,0,1.363548079337014
1|4|5|3,5,3.8218284374494034
1|4|5|3,3,3.003436759799334
1|4|5|3,6,2.108057590952743
1|1|1|2,7,2.7234101645710487
1|1|1|2,4,3.0833132812466184
1|1|1|2,0,2.3735868934308986
1|1|1|2,5,2.9456520708231886
1|1|1|2,2,4.382877970589174
1|1|1|2,3,2.6730619691744124
1|1|1|2,6,2.638032407379311
7|1|1|2,2,4.393135357931937
7|1|1|2,3,2.8384238694729613
7|1|1|2,6,2.878220113730743
7|1|1|2,4,2.6638058945135192
7|1|1|2,5,2.8397330440383537
7|1|1|2,1,2.4015962106372144
7|1|1|2,0,2.4355002657375815
4|2|7|0,3,2.3892450527384304
4|2|7|0,1,2.0276209393816624
4|2|7|0,5,2.3716048928800344
4|2|7|0,6,2.548409696199897
4|2|7|0,2,2.1145024391359506
4|2|7|0,7,3.266309575086063
4|2|7|0,0,3.6913687655906786
2|3|7|0,4,1.686884807529311
2|3|7|0,5,2.161473057068257
2|3|7|0,3,2.035877988545994
2|3|7|0,0,2.7918226287701886
2|3|7|0,1,0.7507924836231582
2|3|7|0,6,2.5316045786680386
2|3|7|0,7,3.1962280381550627
4|4|7|7,7,3.7078442611977973
4|4|7|7,3,1.7400517018782913
4|4|7|7,5,2.1498493742840665
4|4|7|7,1,1.2914378884950681
4|4|7|7,2,0.9923558115646507
4|4|7|7,6,1.9589263153751473
4|4|7|7,0,1.3276808336420138
5|3|7|2,1,0.8616898974631729
5|3|7|2,3,0.9788780540632206
5|3|7|2,4,0.9523907302060307
5|3|7|2,6,0.931892659316288
5|3|7|2,2,1.9742055246481687
5|3|7|2,7,2.9583986942795657
5|3|7|2,0,0.33578957548611676
1|3|7|2,7,2.390743618328106
1|3|7|2,3,1.1003548080807144
1|3|7|2,2,3.3455527352578
1|3|7|2,6,1.1890087027697047
1|3|7|2,0,1.4282553769752675
1|3|7|2,5,1.6607280632702102
1|3|7|2,4,2.1272981331584324
7|5|0|2,0,-0.9295611985182732
7|5|0|2,5,-1.136262841795637
7|5|0|2,6,0.07179656225139597
7|5|0|2,4,-0.4296884560012866
7|5|0|2,2,0.8852990859915609
7|5|0|2,1,-1.8609501978610856
7|5|0|2,3,-1.1289914384634039
0|5|0|2,4,-0.3154966006810257
0|5|0|2,7,-1.4692939236634803
0|5|0|2,3,-0.27323238196233723
0|5|0|2,2,1.6149183101176876
0|5|0|2,6,0.07541289342978073
0|5|0|2,1,-1.3436868475759327
0|5|0|2,5,0.019692372265546737
4|6|0|2,7,-1.8046794805698296
4|6|0|2,6,-0.9957423849275759
4|6|0|2,1,-1.8088373062857015
4|6|0|2,2,1.7006114208629297
4|6|0|2,5,-1.211280608032207
4|6|0|2,3,-0.8284893167808509
4|6|0|2,0,-1.72407760125216
7|6|0|2,1,-1.506803590943741
7|6|0|2,2,3.0526418628270493
7|6|0|2,5,-0.7532218471034478
7|6|0|2,4,-1.6305286282525844
7|6|0|2,6,-1.4619997407678205
7|6|0|2,0,-2.6547361917360743
7|6|0|2,3,-2.136036221279135
1|6|0|2,0,-3.2951314860651117
1|6|0|2,3,-2.0596999466284815
1|6|0|2,7,-2.2711703320165095
1|6|0|2,6,-2.099417748152265
1|6|0|2,5,-1.271815886921833
1|6|0|2,4,-1.6995576188650618
1|6|0|2,2,1.5711244972748668
3|3|2|0,2,2.365523246342154
3|3|2|0,7,1.8886523663151844
3|3|2|0,5,1.246716053052044
3|3|2|0,4,1.0464700942421616
3|3|2|0,1,1.5848826393618816
3|3|2|0,6,1.5608921750822993
3|3|2|0,0,3.243602048519683
3|6|4|4,5,0.49668082466197583
3|6|4|4,6,-1.202392879685233
3|6|4|4,1,-0.7158499951109437
3|6|4|4,7,0.5750319869853994
3|6|4|4,4,2.6984668296681007
3|6|4|4,0,-0.06876642621279411
3|6|4|4,2,-3.0178368481589692
5|7|4|4,1,-3.001824380014165
5|7|4|4,2,-2.235410498182906
5|7|4|4,7,0.34870799456898605
5|7|4|4,4,0.7343330978620551
5|7|4|4,0,-2.4067199047568697
5|7|4|4,6,-1.2431631872671551
5|7|4|4,3,-1.9631561154696642
1|7|4|4,7,-1.1796147843114808
1|7|4|4,3,-2.1395766407661885
1|7|4|4,0,-2.3795160219268094
1|7|4|4,5,-1.2683095709010492
1|7|4|4,2,-1.7366953905813078
1|7|4|4,4,5.955753937678732
1|7|4|4,6,-0.831083132587359
0|4|3|1,2,1.1696940212167053
0|4|3|1,6,0.13614792121397265
0|4|3|1,7,1.4995548469560902
0|4|3|1,5,0.5652378575014622
0|4|3|1,3,0.9538632843994138
0|4|3|1,1,2.7344764691937464
0|4|3|1,4,0.6214179994221402
2|4|3|1,7,0.6605432801800256
2|4|3|1,4,0.13123311542095029
2|4|3|1,1,2.268905504691778
2|4|3|1,6,0.5971097574376573
2|4|3|1,5,0.10994969142347348
2|4|3|1,3,1.9367522544548301
2|4|3|1,0,0.1644479451684754
7|4|3|1,0,-0.6701853191781818
7|4|3|1,4,0.38163550703097093
7|4|3|1,1,1.7882898256465023
7|4|3|1,2,1.151792517909031
7|4|3|1,5,0.4880168353643894
7|4|3|1,6,0.8338557361692682
7|4|3|1,3,2.5056785374359176
1|4|5|5,4,2.1341100804928512
1|4|5|5,5,4.668004303916663
1|4|5|5,2,1.8752972098341614
1|4|5|5,7,2.5863649884472495
1|4|5|5,6,2.117844086221776
1|4|5|5,3,1.8788656729687407
1|4|5|5,0,0.4117034693227972
2|7|4|4,5,-2.766383054783848
2|7|4|4,3,-0.9557398345411403
2|7|4|4,6,-0.5327875288267215
2|7|4|4,0,-0.4915616820830442
2|7|4|4,7,-1.2713015345825394
2|7|4|4,4,2.137309018421616
2|7|4|4,1,-1.8676867705814617
7|7|4|4,1,-1.877288661258508
7|7|4|4,4,5.193901897487181
7|7|4|4,2,-2.7138116864951884
7|7|4|4,0,-2.576734967737374
7|7|4|4,5,1.0512590535254485
7|7|4|4,6,1.0932818804334574
7|7|4|4,3,-2.6810780619586336
3|1|0|4,5,2.7676933603804112
3|1|0|4,1,2.4005679879126904
3|1|0|4,7,3.0058550097764054
3|1|0|4,0,2.311269348503944
3|1|0|4,2,2.319234068971978
3|1|0|4,6,2.6761512818303146
3|1|0|4,4,4.352382620704211
5|1|0|4,4,4.246132411571142
5|1|0|4,2,2.2286040591731044
5|1|0|4,6,2.9200038124484617
5|1|0|4,0,2.2220482400035664
5|1|0|4,1,2.052162851132329
5|1|0|4,3,2.226165422731771
5|1|0|4,7,2.595832818909228
5|1|3|4,6,2.7647926569404753
5|1|3|4,0,2.2763890056096248
5|1|3|4,7,2.903288494935723
5|1|3|4,3,1.9385664263890743
5|1|3|4,2,2.1614875889448117
5|1|3|4,4,4.564434251614051
5|1|3|4,1,2.28467803179041
6|1|3|4,3,2.174180775885169
6|1|3|4,1,1.9372213006355723
6|1|3|4,4,4.587601516333673
6|1|3|4,7,2.6752661267654285
6|1|3|4,5,2.9499531796194223
6|1|3|4,2,2.25024465669303
6|1|3|4,0,2.0810723018016244
3|1|3|4,4,4.5219328571546775
3|1|3|4,5,2.91517907236479
3|1|3|4,2,2.2008340857435065
3|1|3|4,0,2.4769190427752585
3|1|3|4,6,2.3405758069809948
3|1|3|4,7,3.052925076940841
3|1|3|4,1,2.3766577759726406
3|1|0|1,0,2.1330986541673256
3|1|0|1,1,4.259359450649562
3|1|0|1,5,2.757010053402114
3|1|0|1,2,2.630877305874674
3|1|0|1,6,2.616530351433159
3|1|0|1,7,2.703238318146024
3|1|0|1,4,2.5276109564784797
0|4|4|2,5,0.8608550712287898
0|4|4|2,3,0.7784597725911476
0|4|4|2,2,3.6953053020464086
0|4|4|2,4,2.1789359758616125
0|4|4|2,6,1.4685041130548129
0|4|4|2,7,0.5789214857362116
0|4|4|2,1,0.7942979305883776
5|5|4|4,6,1.0507571525144321
5|5|4|4,7,1.8307400612633649
5|5|4|4,2,0.543138244030229
5|5|4|4,0,1.122340940126118
5|5|4|4,4,3.052542550156112
5|5|4|4,1,-0.7081186119358431
5|5|4|4,3,0.24984700683472083
6|5|4|4,5,0.26893236656083996
6|5|4|4,1,1.1723090232341749
6|5|4|4,4,3.3191861820454607
6|5|4|4,2,0.6901667988875438
6|5|4|4,0,-0.13825157159890655
6|5|4|4,7,0.9187655762953628
6|5|4|4,3,0.5909282172322765
2|1|3|0,6,2.8896520947314643
2|1|3|0,3,3.3786164005847907
2|1|3|0,7,2.7180808796574385
2|1|3|0,4,2.9272791924938684
2|1|3|0,5,2.7424003345413666
2|1|3|0,0,4.643025829384166
2|1|3|0,1,2.8219401385380856
6|2|3|0,4,2.5390826857492645
6|2|3|0,3,3.4337449538546325
6|2|3|0,7,2.670879255092116
6|2|3|0,2,2.4745796687582553
6|2|3|0,1,2.287226889628934
6|2|3|0,5,2.530541824828019
6|2|3|0,0,4.180286166375364
4|2|3|0,2,2.09591746977067
4|2|3|0,0,3.782829748747346
4|2|3|0,6,2.049190969351125
4|2|3|0,1,2.2829547184055077
4|2|3|0,5,2.6563519806687625
4|2|3|0,7,2.5381157677215005
4|2|3|0,3,3.210154362744687
2|3|3|0,0,3.435114733215799
2|3|3|0,4,1.5044604376760176
2|3|3|0,3,2.876265786676464
2|3|3|0,7,1.0744582174768484
2|3|3|0,6,1.7053445411693116
2|3|3|0,5,1.7897212285029653
2|3|3|0,1,1.7447099025910842
4|4|3|1,2,-0.32818495282943244
4|4|3|1,3,3.5120347977244064
4|4|3|1,0,-0.4273310033698121
4|4|3|1,1,1.5236231689899546
4|4|3|1,6,0.6113811452220309
4|4|3|1,7,0.6142320829916091
4|4|3|1,5,-0.37578439269027186
4|2|1|1,3,3.06693363958737
4|2|1|1,5,3.04227975447026
4|2|1|1,7,2.812102954716465
4|2|1|1,6,3.1112234572848974
4|2|1|1,2,2.8612476250362597
4|2|1|1,0,2.5096154725742448
4|2|1|1,1,4.22391848614345
7|3|1|0,2,0.8477328139474968
7|3|1|0,3,1.126121105415758
7|3|1|0,1,3.0505229112980805
7|3|1|0,6,1.1860588518791544
7|3|1|0,4,1.6630019730210064
7|3|1|0,5,1.7181514620525882
7|3|1|0,0,1.9248296318002405
6|1|7|5,2,2.0215680042125364
6|1|7|5,7,4.290807581740709
6|1|7|5,4,1.397383588912688
6|1|7|5,1,2.160456998272516
6|1|7|5,0,1.3915987373429202
6|1|7|5,5,3.6294050226296837
6|1|7|5,3,1.768401386675419
2|1|7|5,1,2.271802135560281
2|1|7|5,5,4.616304814565828
2|1|7|5,6,2.477295314210303
2|1|7|5,3,2.1686620436838995
2|1|7|5,4,2.1257916201842417
2|1|7|5,7,3.2856524155145093
2|1|7|5,0,1.9455662035345227
1|1|7|5,6,2.54334610475716
1|1|7|5,2,2.2763139971438973
1|1|7|5,5,4.636295059481372
1|1|7|5,7,3.966456756453848
1|1|7|5,0,1.904097237005459
1|1|7|5,4,2.361484132137071
1|1|7|5,3,1.9684252549678463
7|4|4|0,4,1.9436813981864056
7|4|4|0,3,0.8821140426491701
7|4|4|0,5,0.4411433495334218
7|4|4|0,1,0.23433551749349774
7|4|4|0,0,1.6106891323225434
7|4|4|0,2,0.14848816790403735
7|4|4|0,6,1.6860979230843687
6|1|7|7,7,5.399026279580501
6|1|7|7,3,2.6323975069730325
6|1|7|7,2,3.005939772093655
6|1|7|7,5,3.0465040784348916
6|1|7|7,4,3.1440314916127536
6|1|7|7,1,2.7972035133942055
6|1|7|7,0,2.969602887997678
7|3|0|3,1,0.05462332338058154
7|3|0|3,0,0.6360632717916156
7|3|0|3,5,0.614971797838616
7|3|0|3,6,0.47661622091223665
7|3|0|3,3,2.059998218839271
7|3|0|3,4,0.33725676489728174
7|3|0|3,2,0.33418495440105467
1|3|0|3,7,1.0256351458530477
1|3|0|3,0,0.47526108619276625
1|3|0|3,4,1.4692855991285256
1|3|0|3,2,0.9563825619061124
1|3|0|3,5,1.607280455219019
1|3|0|3,3,2.476615685060436
1|3|0|3,6,1.622000199983348
0|3|0|3,6,0.26642610513506204
0|3|0|3,3,1.4413400797046239
0|3|0|3,5,1.353803491671366
0|3|0|3,1,0.9486469583396944
0|3|0|3,2,0.9149682612211438
0|3|0|3,4,0.9735092638219791
0|3|0|3,7,1.5529939907876715
1|2|5|5,5,4.751011727357346
1|2|5|5,6,3.125739485739886
1|2|5|5,4,3.194400019947932
1|2|5|5,7,2.950226181343487
1|2|5|5,0,2.8618036782379925
1|2|5|5,3,2.388056164503304
1|2|5|5,2,3.1471437950552947
5|4|6|1,7,0.8755069447176161
5|4|6|1,0,0.2723814903636149
5|4|6|1,4,1.0042082198615
5|4|6|1,6,2.3365428310463012
5|4|6|1,3,0.6754362837735509
5|4|6|1,1,4.080459803974165
5|4|6|1,2,1.056292254994578
7|4|6|1,3,1.1513180015980098
7|4|6|1,1,4.311216089153147
7|4|6|1,6,2.4554878964989264
7|4|6|1,5,2.4395773942542065
7|4|6|1,4,1.189736891640635
7|4|6|1,0,-0.1831251503674698
7|4|6|1,2,-0.24616529967474932
3|4|6|1,5,0.7716412464423865
3|4|6|1,6,1.9959407307343557
3|4|6|1,4,0.795430711432729
3|4|6|1,0,-0.30584710370619506
3|4|6|1,1,1.7795107241343264
3|4|6|1,7,0.8791186928926145
3|4|6|1,2,0.6799719160764931
0|4|6|1,5,1.746244064598795
0|4|6|1,1,2.9936263456848216
0|4|6|1,7,1.9080903314874829
0|4|6|1,3,1.157718896936202
0|4|6|1,6,1.418032727385113
0|4|6|1,4,1.447515948033717
0|4|6|1,2,0.3652393211070586
7|4|4|4,2,2.0073614809837794
7|4|4|4,5,1.8640519780433809
7|4|4|4,3,1.6229960916995507
7|4|4|4,4,3.4196233087623242
7|4|4|4,0,1.5301239596259586
7|4|4|4,1,1.4265387813245267
7|4|4|4,6,2.139428249119325
0|5|4|4,7,2.7760120540858266
0|5|4|4,4,2.1790246087892027
0|5|4|4,1,1.1505728224459884
0|5|4|4,3,0.530515636819787
0|5|4|4,5,0.5331157340346677
0|5|4|4,6,1.083866451726159
0|5|4|4,2,0.5921798785173803
4|3|7|1,2,1.7958819394108227
4|3|7|1,0,1.145003923844488
4|3|7|1,1,2.7469454529356567
4|3|7|1,6,1.1333007234159316
4|3|7|1,5,1.4449335070835299
4|3|7|1,7,3.1113089474152478
4|3|7|1,3,1.4510860801702046
2|3|7|1,4,1.8491794391408412
2|3|7|1,5,1.9480728139375094
2|3|7|1,6,2.114501950895544
2|3|7|1,0,1.5658617193941295
2|3|7|1,1,3.675010641263639
2|3|7|1,3,1.3690681411415355
2|3|7|1,7,2.7802119180243565
0|3|7|1,2,1.4616485328265423
0|3|7|1,4,1.844573449912563
0|3|7|1,7,2.3271473810676135
0|3|7|1,6,1.7188798619225485
0|3|7|1,5,2.0790296594507263
0|3|7|1,3,1.5993859265238226
0|3|7|1,1,3.041487092467412
5|3|7|1,7,2.0062202936051805
5|3|7|1,1,3.4077890076491393
5|3|7|1,6,1.9246648723827662
5|3|7|1,2,1.1740632488154785
5|3|7|1,0,1.5762143066632448
5|3|7|1,3,1.0572715743498604
5|3|7|1,4,1.5373023206190395
4|2|2|0,7,2.8652826426573053
4|2|2|0,0,3.924670287770106
4|2|2|0,2,2.740118527424434
4|2|2|0,6,2.431365871124783
4|2|2|0,1,2.202237822879142
4|2|2|0,3,2.4771078660865795
4|2|2|0,5,2.7703770137257178
0|1|5|3,3,4.620548961463458
0|1|5|3,4,2.940016284481233
0|1|5|3,7,3.2163439687731152
0|1|5|3,5,3.7275737227581107
0|1|5|3,1,2.578315424552031
0|1|5|3,6,2.9064406500563047
0|1|5|3,2,2.603499540308912
3|2|5|7,6,1.3341855265348892
3|2|5|7,5,3.388165614682514
3|2|5|7,1,0.8443739323575294
3|2|5|7,4,1.3793742853948538
3|2|5|7,0,1.6097724012407832
3|2|5|7,2,1.4794187185170595
3|2|5|7,7,4.7275284243388365
6|2|5|7,0,0.8070511641981459
6|2|5|7,2,1.1919426937124011
6|2|5|7,1,0.7440112692894704
6|2|5|7,7,2.921306193108414
6|2|5|7,3,1.5585456877955919
6|2|5|7,4,1.6679083148014309
6|2|5|7,5,3.5467662025647058
0|2|5|7,2,1.7881881634143175
0|2|5|7,6,1.1123313358207616
0|2|5|7,4,1.9227873516703737
0|2|5|7,5,3.2941101232186427
0|2|5|7,7,4.678209228665644
0|2|5|7,3,1.4285300504396987
0|2|5|7,1,2.196550034877826
2|2|5|7,7,4.560484793857531
2|2|5|7,0,1.4375458022886087
2|2|5|7,3,1.164661102552823
2|2|5|7,5,1.256452374170285
2|2|5|7,6,0.09561157272722057
2|2|5|7,1,1.8599934310163022
2|2|5|7,4,1.8034211155293471
7|5|5|5,6,0.22177336214771587
7|5|5|5,2,1.7875782711351746
7|5|5|5,1,0.3808549067228143
7|5|5|5,3,0.9831083757267827
7|5|5|5,4,-0.2235255451911186
7|5|5|5,5,4.747666399433439
7|5|5|5,0,0.6001889231386609
7|1|4|1,1,4.597416952415851
7|1|4|1,5,2.6348103883822653
7|1|4|1,4,3.1448838966536856
7|1|4|1,3,2.7987786602768048
7|1|4|1,0,2.5328844946960043
7|1|4|1,6,2.75514561273153
7|1|4|1,2,2.8060818581845073
3|2|4|4,7,3.3480952493921365
3|2|4|4,2,3.0112484441660365
3|2|4|4,5,3.2506073857937263
3|2|4|4,1,2.921088957979957
3|2|4|4,0,2.580343772892741
3|2|4|4,4,5.0278288053182525
3|2|4|4,6,3.5492733691764933
6|1|6|0,2,2.5066592965052363
6|1|6|0,7,2.539847519788525
6|1|6|0,3,2.724537346715033
6|1|6|0,5,2.524489577809927
6|1|6|0,1,2.5393093911803417
6|1|6|0,0,4.565981027800756
6|1|6|0,4,2.9442485824243394
1|1|6|0,6,3.3420232837175385
1|1|6|0,4,2.8192989278582754
1|1|6|0,3,2.721718717817809
1|1|6|0,2,2.782518566800975
1|1|6|0,0,4.745584825642432
1|1|6|0,7,2.896479650665809
1|1|6|0,5,2.754425767063497
5|2|2|2,7,2.8024805710248555
5|2|2|2,2,4.397078291126144
5|2|2|2,3,2.601365655842646
5|2|2|2,6,3.3179085125669765
5|2|2|2,4,3.0932343550762194
5|2|2|2,0,2.4860988146560703
5|2|2|2,1,2.6756187182613083
7|1|2|3,2,2.483811659890184
7|1|2|3,1,2.4478380701220797
7|1|2|3,5,2.5291676419898392
7|1|2|3,4,2.7617123018762757
7|1|2|3,6,2.8603202656039035
7|1|2|3,3,4.624368016862774
7|1|2|3,0,2.565756676346475
2|1|2|3,5,3.1368621415192393
2|1|2|3,6,2.9334944220604964
2|1|2|3,4,3.051770550710149
2|1|2|3,1,2.4893239544291643
2|1|2|3,0,2.5361771977476475
2|1|2|3,7,2.852394460407978
2|1|2|3,3,4.483402431138175
3|2|2|1,7,2.2974898219119866
3|2|2|1,0,2.0966319587841658
3|2|2|1,6,2.608238347652864
3|2|2|1,1,4.066504087154993
3|2|2|1,2,3.364732498590337
3|2|2|1,4,2.6057050400037567
3|2|2|1,5,2.3814462398715754
7|2|2|1,6,2.4983997633541777
7|2|2|1,2,3.1513163302759066
7|2|2|1,0,2.0963009120559914
7|2|2|1,5,2.1638593017976633
7|2|2|1,4,2.4706673703962863
7|2|2|1,3,2.548987880226802
7|2|2|1,1,4.105468248719738
2|3|2|0,1,0.338565316309059
2|3|2|0,7,1.454027693371417
2|3|2|0,6,1.4121522099270858
2|3|2|0,5,1.3446931709935797
2|3|2|0,3,1.5180259644539935
2|3|2|0,4,0.8805740805703679
2|3|2|0,0,3.1356321865317796
0|5|1|2,3,-0.23213961881736228
0|5|1|2,2,1.3088121386004483
0|5|1|2,5,-0.7641615755703309
0|5|1|2,7,-0.3185602868628638
0|5|1|2,4,-0.49646628699987994
0|5|1|2,6,-1.0781053605787323
0|5|1|2,1,-1.7414827008920857
3|5|1|2,4,-0.09605370345594455
3|5|1|2,5,-1.131837830670664
3|5|1|2,0,-1.8701014225041888
3|5|1|2,2,1.7251458556814123
3|5|1|2,6,-0.5436088655688418
3|5|1|2,1,-1.8452336795386293
3|5|1|2,7,-0.32154285523741055
4|6|1|2,5,-0.24189380161105284
4|6|1|2,0,-1.033370726262774
4|6|1|2,7,-1.323792073405056
4|6|1|2,6,-0.9301525837569715
4|6|1|2,3,-0.4670347494378731
4|6|1|2,1,-1.48038094378182
4|6|1|2,2,3.375720954842645
4|7|1|1,1,3.119124102906845
4|7|1|1,2,0.019155720585395986
4|7|1|1,5,0.3683979205954355
4|7|1|1,7,0.3679561213092209
4|7|1|1,6,-1.508923624689018
4|7|1|1,0,-0.6835380785667392
4|7|1|1,3,1.5774314690750013
7|3|3|0,0,1.9657759107883783
7|3|3|0,6,1.332768895662827
7|3|3|0,4,1.2220776915873919
7|3|3|0,1,1.159569998229642
7|3|3|0,2,1.9201207393037292
7|3|3|0,3,1.9779110115519511
7|3|3|0,5,1.396633353714411
0|4|3|2,6,0.6526360249070827
0|4|3|2,5,0.9709580184788995
0|4|3|2,4,0.07012309162245844
0|4|3|2,7,0.2254054730942653
0|4|3|2,1,0.20135432877473425
0|4|3|2,3,1.6695041519799312
0|4|3|2,2,1.8142023075474543
6|4|3|2,4,0.1045564661077315
6|4|3|2,7,-1.1135339713797898
6|4|3|2,2,1.7482634855512251
6|4|3|2,3,1.705255154538578
6|4|3|2,1,0.09170947021570747
6|4|3|2,5,0.9482184849758853
6|4|3|2,0,-0.46327159168726945
1|6|6|6,6,8.06897574512008
1|6|6|6,2,1.283552022051407
1|6|6|6,0,0.8614453202573202
1|6|6|6,5,0.04880474893732209
1|6|6|6,4,1.71741591396833
1|6|6|6,3,0.09475347031347015
1|6|6|6,7,1.198199195292075
6|8|7|7,2,-1.167413028028251
6|8|7|7,5,1.6115617322402673
6|8|7|7,0,-0.5863762794006648
6|8|7|7,1,-1.0417215391791081
6|8|7|7,7,10.999999999999982
6|8|7|7,4,-1.5963858654664738
6|8|7|7,3,-2.549340752467584
2|8|7|7,0,-1.7721607532396226
2|8|7|7,7,10.999999999999982
2|8|7|7,1,-0.8825117077770537
2|8|7|7,6,0.5302910908275829
2|8|7|7,3,-0.0881000757748176
2|8|7|7,5,-1.171591656469385
2|8|7|7,4,0.3748845748709883
0|8|7|7,3,0.7767126915577715
0|8|7|7,1,0.5833261103938023
0|8|7|7,7,10.999999999999982
0|8|7|7,4,0.2808872374864321
0|8|7|7,2,-3.123788085196034
0|8|7|7,5,-1.1983897094782228
0|8|7|7,6,0.5525550438191547
3|8|7|7,6,-2.1100208448822313
3|8|7|7,4,2.161167392960794
3|8|7|7,1,0.8650618006797618
3|8|7|7,5,-0.9936432219912122
3|8|7|7,0,0.23061002025698318
3|8|7|7,2,-1.2497940659885844
3|8|7|7,7,10.999999999999982
1|3|1|4,3,0.703957909496548
1|3|1|4,5,1.097654471624397
1|3|1|4,2,0.8243428138558438
1|3|1|4,6,0.8093150893394497
1|3|1|4,4,3.1222629273672773
1|3|1|4,0,0.20930305614521755
1|3|1|4,7,0.741250251562199
3|3|1|4,5,1.3801909245627708
3|3|1|4,4,3.483606314389145
3|3|1|4,7,0.8104781977435864
3|3|1|4,0,1.0043722683753693
3|3|1|4,2,0.3962513971640548
3|3|1|4,6,2.055449206127962
3|3|1|4,1,1.2997228387093982
5|3|1|4,1,0.8516733093355383
5|3|1|4,4,3.2200405065720585
5|3|1|4,3,-0.02211145059018048
5|3|1|4,6,0.4786039717454966
5|3|1|4,0,0.2711291942814301
5|3|1|4,2,0.30177198893965895
5|3|1|4,7,0.19284030033087052
4|2|0|1,2,1.9396325180871439
4|2|0|1,6,2.1810472354493164
4|2|0|1,5,2.1860202672771196
4|2|0|1,0,1.381899995393461
4|2|0|1,3,1.808193291317986
4|2|0|1,1,3.5534978741102377
4|2|0|1,7,2.0609376177899956
2|2|0|1,0,1.4320663956990094
2|2|0|1,7,2.055768914355736
2|2|0|1,5,2.4026094676587877
2|2|0|1,3,2.2027187489519906
2|2|0|1,4,2.3462540845310778
2|2|0|1,1,3.5541449459158416
2|2|0|1,6,2.353979030148388
0|2|0|1,3,1.530559488287043
0|2|0|1,7,2.237517769976157
0|2|0|1,2,2.101297818415383
0|2|0|1,1,3.4918076107144844
0|2|0|1,5,2.2721405720639605
0|2|0|1,6,2.3342436989462523
0|2|0|1,4,2.1380236078365296
6|3|0|1,3,1.1913884591903414
6|3|0|1,7,1.3750747150122928
6|3|0|1,5,1.1486824733671237
6|3|0|1,4,0.3765000003982364
6|3|0|1,0,0.31996948675151077
6|3|0|1,1,1.8719677866931979
6|3|0|1,2,1.2651878099898013
7|2|0|1,0,1.9263107992451534
7|2|0|1,4,2.14512317498997
7|2|0|1,6,2.2202119601756714
7|2|0|1,2,2.0016426324606336
7|2|0|1,5,2.2279397363725706
7|2|0|1,1,3.520993219204143
7|2|0|1,3,1.9593235279995171
0|2|7|7,3,3.0474933536085906
0|2|7|7,5,2.944784517829603
0|2|7|7,4,2.979932805364802
0|2|7|7,2,3.164281045137224
0|2|7|7,6,3.1501544429545776
0|2|7|7,1,2.815828002277468
0|2|7|7,7,5.051405068989609
1|2|7|7,4,3.111390354606121
1|2|7|7,5,3.0393891170729126
1|2|7|7,0,2.6814722056623426
1|2|7|7,2,2.487140721506462
1|2|7|7,3,2.887102698672571
1|2|7|7,7,4.738313094217891
1|2|7|7,6,3.0464039487248735
7|1|5|1,6,2.754352877940159
7|1|5|1,5,3.6887546418826247
7|1|5|1,1,4.671721252152282
7|1|5|1,2,2.7490923938988967
7|1|5|1,0,2.6743476207271155
7|1|5|1,3,2.8203656343184154
7|1|5|1,4,2.7157589684200185
6|1|5|1,4,2.7185089161452227
6|1|5|1,5,3.0343222931337763
6|1|5|1,7,2.6338374380182525
6|1|5|1,2,2.670510825458791
6|1|5|1,3,2.6312249721335155
6|1|5|1,0,2.7166133762131257
6|1|5|1,1,4.67255824603223
4|1|5|1,0,2.6644781804931523
4|1|5|1,7,3.0330071346947824
4|1|5|1,2,2.701846865614668
4|1|5|1,6,2.4525817970875687
4|1|5|1,3,2.924383990553742
4|1|5|1,5,3.3821325560963644
4|1|5|1,1,4.672462536066237
0|1|5|1,2,2.936645948264457
0|1|5|1,4,2.9753892121763164
0|1|5|1,7,2.956642718838107
0|1|5|1,5,3.055821229933716
0|1|5|1,1,4.67755941450101
0|1|5|1,6,2.739608930321434
0|1|5|1,3,2.980829583610091
2|1|5|1,7,2.8074686821693557
2|1|5|1,0,2.693804591047908
2|1|5|1,5,3.394242589640696
2|1|5|1,4,2.8110123062589834
2|1|5|1,1,4.600100365828399
2|1|5|1,3,2.6966529858985937
2|1|5|1,6,2.717747769812688
1|4|1|5,7,0.5256281601684762
1|4|1|5,0,-1.4326625799980341
1|4|1|5,3,-0.35851257615869014
1|4|1|5,6,-0.008840761384690005
1|4|1|5,5,1.6325056284947652
1|4|1|5,2,-0.9577110042636915
1|4|1|5,4,-0.7151707685337182
1|6|3|5,4,-1.7372084742547287
1|6|3|5,3,-1.8301352176498562
1|6|3|5,5,0.5124859151611636
1|6|3|5,0,-1.9942571244183485
1|6|3|5,2,-1.6240343787624123
1|6|3|5,7,-1.7219408747057525
1|6|3|5,6,-0.9317633477423404
4|6|3|5,5,-0.8787270811299782
4|6|3|5,6,-0.00944293315164324
4|6|3|5,7,-0.6367763060036863
4|6|3|5,0,-1.4723421745000826
4|6|3|5,3,-1.461811979256881
4|6|3|5,1,-0.9563674440628713
4|6|3|5,2,-1.971350026324263
5|7|3|3,1,-2.858524752447895
5|7|3|3,3,5.183201965383417
5|7|3|3,7,1.362041601027809
5|7|3|3,2,-0.7759888323218334
5|7|3|3,6,-1.8300445327410586
5|7|3|3,0,-2.2103480097371846
5|7|3|3,4,0.11816943427490903
6|6|1|1,1,1.825985384006213
6|6|1|1,2,-1.525310866064142
6|6|1|1,4,-0.3601809342650375
6|6|1|1,0,-3.2990085366882855
6|6|1|1,3,-1.37644227604197
6|6|1|1,7,-0.19333289023231537
6|6|1|1,5,0.08679165763296895
4|2|3|3,5,3.1820173575136987
4|2|3|3,3,4.45202780898631
4|2|3|3,7,3.1797820962746375
4|2|3|3,0,2.223217399495534
4|2|3|3,2,2.3021512703719242
4|2|3|3,6,3.1752303185870585
4|2|3|3,1,2.8061929552202596
3|2|6|0,7,2.83900720134642
3|2|6|0,1,2.478833098665829
3|2|6|0,2,2.4768520137354484
3|2|6|0,4,2.474219998876858
3|2|6|0,0,3.9391339523142808
3|2|6|0,5,2.6417066651703744
3|2|6|0,6,3.219945405742887
4|3|6|6,6,3.2497499177902305
4|3|6|6,7,2.7305713261622047
4|3|6|6,1,1.8538922112565936
4|3|6|6,0,1.9935172387850753
4|3|6|6,3,2.925388268226291
4|3|6|6,5,1.2992597870399822
4|3|6|6,2,2.540804756704883
3|3|2|2,4,2.5299477672064246
3|3|2|2,0,2.177844990687311
3|3|2|2,7,2.6603400143973777
3|3|2|2,6,2.5021432739289824
3|3|2|2,1,2.1535527284528446
3|3|2|2,5,2.46161192043176
3|3|2|2,2,4.688576024414692
3|3|5|5,5,4.840416983338869
3|3|5|5,7,3.1416951675125597
3|3|5|5,2,2.905181074407823
3|3|5|5,1,2.4965315924688376
3|3|5|5,0,2.3741415223288724
3|3|5|5,4,3.2570174639542597
3|3|5|5,6,2.7930676365565117
1|3|3|0,7,1.652707715810069
1|3|3|0,3,1.6316523582404214
1|3|3|0,2,1.7842694566034307
1|3|3|0,0,2.7170132274855465
1|3|3|0,5,1.8400170891209175
1|3|3|0,4,1.9237785306574018
1|3|3|0,6,1.9513711879759488
6|4|3|3,5,1.8063228542339933
6|4|3|3,4,1.1428436189648545
6|4|3|3,1,0.8077977027004467
6|4|3|3,2,1.356585993593838
6|4|3|3,7,1.8794578461165798
6|4|3|3,3,2.7495054246829542
6|4|3|3,0,0.5698400951959217
2|5|3|3,1,0.22577041173931828
2|5|3|3,0,-0.7977150485238286
2|5|3|3,6,-0.06530652611158692
2|5|3|3,5,0.8798404480339341
2|5|3|3,3,2.4993966961760283
2|5|3|3,4,0.6275526970771742
2|5|3|3,7,0.277871647952361
4|3|6|0,0,4.438380755443251
4|3|6|0,1,2.1378543916297224
4|3|6|0,6,2.6485633739947883
4|3|6|0,5,1.9359716153708162
4|3|6|0,2,1.4502703753259232
4|3|6|0,7,1.960920662308285
4|3|6|0,3,0.9150709571493152
1|5|6|2,6,2.776492567971179
1|5|6|2,5,2.3804065193366855
1|5|6|2,4,1.1502597808638628
1|5|6|2,3,0.6854960676939484
1|5|6|2,0,0.09406860922856573
1|5|6|2,7,0.6303123610447054
1|5|6|2,2,6.057583428141141
1|3|5|3,5,2.9571816309338557
1|3|5|3,7,2.5498752423524653
1|3|5|3,3,3.750571300019352
1|3|5|3,4,1.8998209274255557
1|3|5|3,6,2.6651671819067246
1|3|5|3,2,1.7149762163158822
1|3|5|3,0,0.993131159773689
5|1|2|0,3,2.7180471979274583
5|1|2|0,0,4.440513163014241
5|1|2|0,1,2.673323606297188
5|1|2|0,4,2.860896377046217
5|1|2|0,2,3.2821574315145514
5|1|2|0,7,2.7513952962443966
5|1|2|0,6,2.6758046127806683
7|1|2|0,3,2.6872840326853087
7|1|2|0,5,2.5346255998546097
7|1|2|0,4,2.6326588823504373
7|1|2|0,1,2.6563127565069653
7|1|2|0,6,2.776443516223831
7|1|2|0,0,4.5157437520222095
7|1|2|0,2,3.4881763281597
0|2|2|2,5,2.8515907589123435
0|2|2|2,1,2.3152881772420346
0|2|2|2,6,3.0026347747898567
0|2|2|2,4,2.95421009022222
0|2|2|2,3,3.024584657166595
0|2|2|2,2,4.4658493164145385
0|2|2|2,7,3.016932543330215
5|6|4|4,1,-1.0228302196200187
5|6|4|4,2,-1.366245272570167
5|6|4|4,6,-0.8415777585469648
5|6|4|4,3,-2.0139397258503333
5|6|4|4,4,5.228456596370701
5|6|4|4,7,0.7494536585690181
5|6|4|4,0,-1.098485901921234
5|1|7|0,2,2.512663731237817
5|1|7|0,0,4.6739303117515005
5|1|7|0,3,2.584338961358184
5|1|7|0,7,3.289191302775237
5|1|7|0,1,2.7313536182309064
5|1|7|0,6,2.462307631543373
5|1|7|0,4,2.605091388127281
2|1|7|0,1,2.631662703199355
2|1|7|0,0,4.566071794304212
2|1|7|0,6,2.460002425222908
2|1|7|0,3,2.7219217411621996
2|1|7|0,5,2.4260911346921756
2|1|7|0,7,3.5002824118246325
2|1|7|0,4,2.7470910976168423
1|1|7|0,5,2.578725608829115
1|1|7|0,6,2.6491229475644404
1|1|7|0,2,2.667798840792141
1|1|7|0,4,2.641855229344258
1|1|7|0,7,3.215524010858515
1|1|7|0,0,4.546264988614297
1|1|7|0,3,2.718664779903044
0|2|7|2,4,2.398419232877318
0|2|7|2,1,1.9910478062716592
0|2|7|2,3,2.5256766792692327
0|2|7|2,7,3.220721840201014
0|2|7|2,6,2.4146838004516655
0|2|7|2,5,2.5055616184659937
0|2|7|2,2,4.034082028593908
4|2|7|2,6,1.265007887664593
4|2|7|2,1,1.7138716946300505
4|2|7|2,3,2.3204353635171313
4|2|7|2,2,4.0395030537828305
4|2|7|2,7,2.4106554003098175
4|2|7|2,0,1.7762160255114556
4|2|7|2,5,2.495421164810799
6|2|7|2,5,1.986623625183848
6|2|7|2,3,0.9772373007114687
6|2|7|2,0,1.104661444360723
6|2|7|2,4,2.2745455640574406
6|2|7|2,2,3.5601301351001284
6|2|7|2,7,3.6729759344287456
6|2|7|2,1,1.3450074286398879
4|1|7|1,7,3.6534553821524947
4|1|7|1,3,2.3224634496216843
4|1|7|1,1,4.439610200957756
4|1|7|1,2,2.645365130714242
4|1|7|1,5,2.593473098929839
4|1|7|1,0,2.323995409714745
4|1|7|1,6,2.701303621358087
7|4|3|3,6,1.0399035379317003
7|4|3|3,4,1.959948518476325
7|4|3|3,3,3.857871111951177
7|4|3|3,0,1.7368628113823192
7|4|3|3,2,0.900129800000785
7|4|3|3,1,1.0593220688090328
7|4|3|3,5,1.182753853408373
6|5|3|3,5,1.1676707206933472
6|5|3|3,4,1.424495517837637
6|5|3|3,2,1.074131509104892
6|5|3|3,1,-0.8278423302253445
6|5|3|3,7,1.407066855936916
6|5|3|3,3,2.8446470767330387
6|5|3|3,0,-0.6418739103500609
5|5|3|3,1,-0.3248044514980313
5|5|3|3,3,4.319100020434248
5|5|3|3,7,1.4517708650079526
5|5|3|3,6,-0.5478372516218085
5|5|3|3,2,-1.7931791057630546
5|5|3|3,0,-0.12682443488413458
5|5|3|3,4,1.3754192517324355
3|8|2|2,5,0.040856407623725
3|8|2|2,1,3.811203173643838
3|8|2|2,7,-0.5906483988852448
3|8|2|2,6,3.3384408721959664
3|8|2|2,4,0.9411478491100015
3|8|2|2,2,10.999999999999982
3|8|2|2,0,2.1140508740028237
5|8|2|2,1,-1.1304572853004564
5|8|2|2,3,4.08902986055687
5|8|2|2,7,-0.9908277622985316
5|8|2|2,6,4.341216779312966
5|8|2|2,4,1.3457720031970406
5|8|2|2,2,10.999999999999982
5|8|2|2,0,0.1883413556531104
1|3|2|0,6,1.8953362564110092
1|3|2|0,7,2.1033100789234465
1|3|2|0,5,2.144917368504203
1|3|2|0,0,2.590110007457505
1|3|2|0,4,2.0083451084670356
1|3|2|0,2,2.850919928390695
1|3|2|0,3,1.9217718289220564
6|4|5|5,5,5.839245029182269
6|4|5|5,2,1.3271404431309812
6|4|5|5,4,1.2893116919069523
6|4|5|5,7,1.4835924335789463
6|4|5|5,3,2.218636319589699
6|4|5|5,0,0.8815662048665364
6|4|5|5,1,2.279060176974407
1|7|0|0,2,-0.8617576146959842
1|7|0|0,3,-2.3364643187389977
1|7|0|0,6,0.3171416107301235
1|7|0|0,7,-0.4230276001378782
1|7|0|0,5,0.11927119683666965
1|7|0|0,4,-0.258223471450956
1|7|0|0,0,6.169105229471857
0|8|3|3,5,-2.9611442269774138
0|8|3|3,6,-0.3929159244758549
0|8|3|3,4,-0.523167944494846
0|8|3|3,1,0.5328750978656983
0|8|3|3,7,2.0744529414455197
0|8|3|3,3,10.999999999999982
0|8|3|3,2,0.11406109395322883
0|3|5|1,4,2.3685727898580886
0|3|5|1,2,1.4580330568830062
0|3|5|1,1,3.648811564487435
0|3|5|1,6,1.91124131435566
0|3|5|1,5,2.865876892750672
0|3|5|1,7,2.5804989082176935
0|3|5|1,3,1.8658686558785387
4|3|5|1,2,1.7724721008921085
4|3|5|1,6,2.0719445953873694
4|3|5|1,7,2.7172260683982388
4|3|5|1,5,2.690798056619896
4|3|5|1,3,1.4860377186673965
4|3|5|1,1,4.04880553544688
4|3|5|1,0,1.5391031924127847
2|3|5|1,5,2.439195539098508
2|3|5|1,6,1.8274285867802995
2|3|5|1,4,1.929478676443853
2|3|5|1,0,1.703003858067204
2|3|5|1,7,2.7064505619806174
2|3|5|1,3,2.3548429565375533
2|3|5|1,1,4.051757827882299
3|4|6|6,6,4.4631973846350155
3|4|6|6,0,0.9305523338204233
3|4|6|6,2,0.6544008018349332
3|4|6|6,4,1.7601902994816898
3|4|6|6,7,3.2161091201413727
3|4|6|6,1,1.657599434350178
3|4|6|6,5,1.2781821101669892
7|2|2|2,5,2.3408442013768695
7|2|2|2,2,4.73617558865369
7|2|2|2,3,3.161805697544203
7|2|2|2,0,2.307336193255286
7|2|2|2,1,2.7748598461531246
7|2|2|2,6,2.9491113143674617
7|2|2|2,4,3.064575996414851
3|4|5|5,5,3.6403185099838584
3|4|5|5,7,1.9259642900030725
3|4|5|5,0,-0.2805265401080477
3|4|5|5,4,2.2533171004896397
3|4|5|5,2,1.100833478030919
3|4|5|5,1,2.007799035357174
3|4|5|5,6,2.7399575236524263
0|7|6|6,3,-1.8649268904067895
0|7|6|6,2,-0.7483604749104413
0|7|6|6,1,-2.064246665809039
0|7|6|6,5,-1.804797281938462
0|7|6|6,7,3.384778224022715
0|7|6|6,4,-2.4786269715866127
0|7|6|6,6,1.9443859500936886
3|7|6|6,7,1.1837260824785125
3|7|6|6,6,3.4672219944219025
3|7|6|6,4,-2.63335625072915
3|7|6|6,2,-1.5414733663631546
3|7|6|6,5,-3.2564641713742017
3|7|6|6,1,-1.6433551139217715
3|7|6|6,0,-0.7014969010145431
7|8|6|6,2,0.6999268932660776
7|8|6|6,4,0.6558100503443431
7|8|6|6,3,-0.0880246714813695
7|8|6|6,1,-0.26962436964284353
7|8|6|6,0,-1.0355006534400417
7|8|6|6,6,10.999999999999982
7|8|6|6,5,-0.2806058530887654
7|1|7|3,0,1.5485966690397563
7|1|7|3,6,3.217909462592585
7|1|7|3,5,2.0262555175829378
7|1|7|3,1,1.866231744843262
7|1|7|3,4,1.987052465171838
7|1|7|3,2,1.926368517195906
7|1|7|3,3,3.603434563019186
0|1|7|3,7,4.165336465778985
0|1|7|3,4,2.618916129613167
0|1|7|3,6,2.722910999201328
0|1|7|3,3,4.464391927394308
0|1|7|3,1,2.414420011257165
0|1|7|3,5,2.362446793918345
0|1|7|3,2,2.2877643153458034
6|2|7|3,7,4.0448630465433615
6|2|7|3,4,1.1987466716424282
6|2|7|3,2,1.3864240836717343
6|2|7|3,1,0.8183020891610804
6|2|7|3,0,0.35990931568132856
6|2|7|3,5,2.0090151738143516
6|2|7|3,3,2.409300762754316
0|6|3|3,3,2.562963800246132
0|6|3|3,2,-1.6299073043821763
0|6|3|3,1,-3.1379780430760755
0|6|3|3,4,-1.795795396650637
0|6|3|3,7,-0.7082754164382677
0|6|3|3,5,-0.7897157945335476
0|6|3|3,6,-1.5901324026569263
3|1|1|4,5,3.0160002605899514
3|1|1|4,7,2.8913336626356654
3|1|1|4,0,2.3903773744963557
3|1|1|4,4,4.346634408042947
3|1|1|4,1,2.4466731939097106
3|1|1|4,2,2.4244140471671067
3|1|1|4,6,2.7048513034218717
5|1|1|4,6,2.8121838542939073
5|1|1|4,7,2.828005570197328
5|1|1|4,3,2.2754903303939917
5|1|1|4,1,2.3120541230070084
5|1|1|4,0,2.3306208798672663
5|1|1|4,4,4.5357937349167345
5|1|1|4,2,2.3248323487128624
6|2|1|2,1,1.1395491584946047
6|2|1|2,7,2.004569538189792
6|2|1|2,3,1.9615124622752436
6|2|1|2,4,1.6375087784743463
6|2|1|2,0,1.2593535257854522
6|2|1|2,2,3.894485365543254
6|2|1|2,5,1.4569074200023282
1|2|1|2,2,3.220213833109189
1|2|1|2,0,1.979835132882091
1|2|1|2,5,2.261035289435321
1|2|1|2,3,2.3800536968045067
1|2|1|2,6,2.4332769772147627
1|2|1|2,7,1.4410505900187414
1|2|1|2,4,2.592403110046957
2|3|1|4,1,1.089782239933238
2|3|1|4,3,0.5140229030502008
2|3|1|4,5,1.7518331455295377
2|3|1|4,0,0.9065026879338586
2|3|1|4,4,3.5766153478975133
2|3|1|4,7,0.6208115537311458
2|3|1|4,6,1.5371614451042743
0|1|5|2,2,4.629647917230088
0|1|5|2,1,2.614114029217345
0|1|5|2,7,2.8089617674036407
0|1|5|2,6,2.8549322714347314
0|1|5|2,4,2.622750851966715
0|1|5|2,5,3.278235540520582
0|1|5|2,3,2.791960051984535
3|1|6|6,7,3.6890755883976336
3|1|6|6,6,4.765484363226758
3|1|6|6,2,3.0609386155929124
3|1|6|6,5,2.91083592403988
3|1|6|6,1,3.053889489701083
3|1|6|6,0,2.9848483140614577
3|1|6|6,4,2.9144775806731924
6|3|2|2,5,1.9896624360750148
6|3|2|2,4,2.566615234870508
6|3|2|2,0,1.695800654205223
6|3|2|2,3,2.082305797724105
6|3|2|2,1,1.9296393123891102
6|3|2|2,7,2.11412537560247
6|3|2|2,2,2.306117253443735
5|4|2|7,6,0.42258742803035154
5|4|2|7,0,-0.15043355034769051
5|4|2|7,3,0.4038298200374463
5|4|2|7,2,4.72689628906996
5|4|2|7,1,-0.1557003307384836
5|4|2|7,4,0.005667149755566037
5|4|2|7,7,0.9639253744763532
6|4|2|7,2,1.166306002098475
6|4|2|7,3,0.21289333957453166
6|4|2|7,4,-0.8838866993367321
6|4|2|7,7,2.872635333900797
6|4|2|7,0,-0.28008645317466413
6|4|2|7,5,0.23842902608054398
6|4|2|7,1,-0.25323723183304364
5|1|5|0,2,2.9452067471560515
5|1|5|0,1,2.2873523695324534
5|1|5|0,6,2.8594668945629382
5|1|5|0,3,2.865725745025713
5|1|5|0,0,4.651026616259441
5|1|5|0,4,2.7636297484507337
5|1|5|0,7,2.7812116008243857
6|1|5|0,7,2.695894318526014
6|1|5|0,0,4.619001578435789
6|1|5|0,2,2.6939056944636723
6|1|5|0,4,2.8575931087381328
6|1|5|0,3,2.7474976652609553
6|1|5|0,1,3.028634161894789
6|1|5|0,5,3.5074492498152154
0|2|5|4,3,2.035521258598039
0|2|5|4,5,4.015132392479361
0|2|5|4,7,2.7598079127032897
0|2|5|4,4,3.6485651674354473
0|2|5|4,1,2.303963426956508
0|2|5|4,2,2.5240934797243395
0|2|5|4,6,3.14812279713647
3|2|5|4,1,1.9939872800705891
3|2|5|4,4,4.352192386558138
3|2|5|4,6,2.600071125233202
3|2|5|4,7,3.199564358892342
3|2|5|4,5,3.6208609671197673
3|2|5|4,0,2.268661689210432
3|2|5|4,2,2.1353033201695926
1|2|5|4,6,2.7984957416475282
1|2|5|4,0,2.213245408269782
1|2|5|4,3,1.289470189100161
1|2|5|4,4,4.601205579525687
1|2|5|4,7,2.870908915356665
1|2|5|4,5,3.2653150799138455
1|2|5|4,2,2.32105757010018
1|3|5|2,5,2.4606031780920326
1|3|5|2,4,1.7358437926796297
1|3|5|2,3,2.318196793619236
1|3|5|2,6,1.486258439450328
1|3|5|2,7,2.050001958520249
1|3|5|2,0,1.7253198259771438
1|3|5|2,2,2.0300888477552954
5|4|6|2,3,0.8847588838297733
5|4|6|2,0,0.8611879736678959
5|4|6|2,4,1.2158232651874958
5|4|6|2,6,2.4802620128206088
5|4|6|2,1,0.44990879852239596
5|4|6|2,7,0.6016946385622225
5|4|6|2,2,3.3243375901589274
3|5|6|2,7,-0.05473316758808086
3|5|6|2,6,2.0593330005566823
3|5|6|2,1,0.8777136140194852
3|5|6|2,0,-0.5883346314915265
3|5|6|2,2,3.3209433256387295
3|5|6|2,5,1.7302470249416573
3|5|6|2,4,-0.6175238235840258
0|1|1|2,4,2.2927103277310596
0|1|1|2,6,2.6318726492813456
0|1|1|2,7,2.7463614011972037
0|1|1|2,2,4.423038788640107
0|1|1|2,1,2.2620953693765236
0|1|1|2,5,2.6019079271273116
0|1|1|2,3,2.7711372452913903
4|2|1|2,0,1.4256279196593664
4|2|1|2,2,3.4651859896752937
4|2|1|2,5,2.1341950337137323
4|2|1|2,3,2.300718462567634
4|2|1|2,1,2.077338283905003
4|2|1|2,7,2.2658110684178623
4|2|1|2,6,2.6855629997737323
0|2|1|2,5,2.4509305127178656
0|2|1|2,6,2.498553338347177
0|2|1|2,1,2.4399162275975366
0|2|1|2,4,2.549903687543222
0|2|1|2,7,2.432159294811822
0|2|1|2,3,2.116351906857308
0|2|1|2,2,3.8990903405282897
5|2|1|2,0,1.1760289893966323
5|2|1|2,6,2.6708463270104055
5|2|1|2,4,2.3463473297539714
5|2|1|2,2,3.13635513417291
5|2|1|2,1,1.7655890702377415
5|2|1|2,3,1.8997716267754743
5|2|1|2,7,2.4893006639520245
7|2|1|2,3,1.2066715303899263
7|2|1|2,5,1.7940685528817433
7|2|1|2,6,1.928717983332705
7|2|1|2,1,1.9857910892453576
7|2|1|2,4,1.8837808744888236
7|2|1|2,2,3.7589475127013188
7|2|1|2,0,1.5481026973670882
2|4|3|0,3,2.3432148784940408
2|4|3|0,6,1.0745291656750662
2|4|3|0,0,1.6365756514137446
2|4|3|0,1,-0.09258306730186389
2|4|3|0,4,1.4909707710678584
2|4|3|0,5,0.9596945202859978
2|4|3|0,7,1.560357663459578
0|8|2|2,6,0.7690338438836654
0|8|2|2,7,-0.7494174715184354
0|8|2|2,2,10.999999999999982
0|8|2|2,1,2.336930526176866
0|8|2|2,4,3.1620370899676544
0|8|2|2,5,0.18673332355792155
0|8|2|2,3,1.1063160764223512
6|8|2|2,4,-0.22326250212766263
6|8|2|2,1,0.15817756130620925
6|8|2|2,2,10.999999999999982
6|8|2|2,0,0.6846701459188345
6|8|2|2,3,0.4829501359650915
6|8|2|2,7,1.3895883014418975
6|8|2|2,5,3.845513306875409
4|3|7|3,7,2.9981947251822434
4|3|7|3,2,0.8626552232834057
4|3|7|3,1,0.950021895556657
4|3|7|3,6,1.085487484104506
4|3|7|3,5,1.6362503591793802
4|3|7|3,0,0.14924182542388387
4|3|7|3,3,0.9601578636482976
4|2|6|0,5,2.27787752001665
4|2|6|0,6,2.852080904721531
4|2|6|0,7,2.4909258902669382
4|2|6|0,0,4.116436830907148
4|2|6|0,1,2.515090193846713
4|2|6|0,2,2.4589646012122146
4|2|6|0,3,2.4020402721265577
5|3|6|3,4,1.3406630706753648
5|3|6|3,1,0.40275903442958905
5|3|6|3,2,0.711579645977209
5|3|6|3,6,1.9710585350818497
5|3|6|3,3,3.3575483525510426
5|3|6|3,7,2.058709393765706
5|3|6|3,0,1.3149417712177032
4|3|6|3,6,2.5190913061466738
4|3|6|3,3,2.4083035657306047
4|3|6|3,0,1.0589139760577084
4|3|6|3,2,1.54721313980262
4|3|6|3,1,0.45801688065340956
4|3|6|3,5,1.7724348483243406
4|3|6|3,7,2.8912093995894543
0|1|3|2,7,2.9733019310597486
0|1|3|2,3,3.5661544684626567
0|1|3|2,6,2.722196724558691
0|1|3|2,1,2.547954606817212
0|1|3|2,4,2.7809891997335865
0|1|3|2,5,2.8044477457270167
0|1|3|2,2,4.539648021357462
4|1|3|0,7,3.044409139023827
4|1|3|0,5,2.9146611606140436
4|1|3|0,6,2.804049898641993
4|1|3|0,0,4.581109328276794
4|1|3|0,1,2.7519375222571814
4|1|3|0,3,3.4154109974053206
4|1|3|0,2,2.237430010275775
7|1|3|0,0,4.590596467245149
7|1|3|0,3,3.2609217579956677
7|1|3|0,1,2.6825236707975737
7|1|3|0,4,2.7716767010114616
7|1|3|0,5,2.8409061170183314
7|1|3|0,2,2.7480105947469378
7|1|3|0,6,2.840159015251576
3|5|5|1,0,-0.1394147438278819
3|5|5|1,7,-0.5492021679995843
3|5|5|1,4,-0.40850771013185305
3|5|5|1,6,1.350183411495652
3|5|5|1,5,3.7072939065267345
3|5|5|1,2,0.1078452610795967
3|5|5|1,1,0.4048580073135884
0|5|5|1,6,-0.17403509046980015
0|5|5|1,3,-0.8365320617188984
0|5|5|1,7,0.0405642644540517
0|5|5|1,5,2.7814535602303256
0|5|5|1,4,-0.34302229264259504
0|5|5|1,2,0.323130498733669
0|5|5|1,1,1.2994152836661483
6|6|5|5,4,-1.7447027798098975
6|6|5|5,3,0.272279969418581
6|6|5|5,5,3.6204951392396425
6|6|5|5,1,-1.4191461804056655
6|6|5|5,7,-0.7218481218680727
6|6|5|5,2,-0.180569917491595
6|6|5|5,0,-2.624574379274594
0|1|7|4,3,2.4253286669857075
0|1|7|4,6,2.2556941785940072
0|1|7|4,4,4.601927130549157
0|1|7|4,1,2.3499310626949237
0|1|7|4,5,2.55693421757647
0|1|7|4,7,3.9940980085818825
0|1|7|4,2,2.034617105125348
3|1|7|4,5,2.6694004259527957
3|1|7|4,4,4.4875915367525145
3|1|7|4,6,2.6825909975646383
3|1|7|4,1,2.2872671955108292
3|1|7|4,2,1.9996111344968102
3|1|7|4,0,2.39482708941734
3|1|7|4,7,3.4740882385364036
5|1|7|4,4,4.573855876115849
5|1|7|4,6,2.2954569776842617
5|1|7|4,3,2.357162026529682
5|1|7|4,0,2.3520515706899303
5|1|7|4,2,2.091514427637476
5|1|7|4,7,3.706963182587204
5|1|7|4,1,2.3795732822848086
7|5|5|2,2,1.0094704405453592
7|5|5|2,0,-0.69360134264592
7|5|5|2,5,1.2213784007314767
7|5|5|2,6,-0.18343756588589383
7|5|5|2,4,1.3693617461538803
7|5|5|2,1,-1.7229516584617355
7|5|5|2,3,-0.350124490821551
2|6|5|3,5,3.6175091901235557
2|6|5|3,7,-0.606683525817147
2|6|5|3,3,-0.2753340047205366
2|6|5|3,4,-2.1674288704073407e-05
2|6|5|3,1,0.1253263216210572
2|6|5|3,0,0.022647299983235343
2|6|5|3,6,-0.5
6|1|3|2,3,3.9720713520896918
6|1|3|2,0,2.625214679690457
6|1|3|2,1,2.592208951015154
6|1|3|2,5,2.9018948428904174
6|1|3|2,4,2.769780840574459
6|1|3|2,2,3.7255635486583327
6|1|3|2,7,2.7975958254135787
1|1|3|2,3,3.4456497567499786
1|1|3|2,5,2.1472241916702712
1|1|3|2,2,4.485726483362766
1|1|3|2,7,2.748005287381652
1|1|3|2,4,2.895449506712966
1|1|3|2,6,2.9049409216652387
1|1|3|2,0,2.6590525764984947
4|1|3|2,5,2.69872059017369
4|1|3|2,3,4.025608265806757
4|1|3|2,0,2.6181769852396823
4|1|3|2,7,2.7381940973030443
4|1|3|2,2,4.555736922949902
4|1|3|2,6,2.7130706527614628
4|1|3|2,1,2.621243645784693
1|3|3|2,2,3.6775720767841023
1|3|3|2,3,2.407122643052523
1|3|3|2,5,2.2509922813473433
1|3|3|2,0,1.7206379082431744
1|3|3|2,6,1.9793904026181033
1|3|3|2,7,1.9585285025105532
1|3|3|2,4,2.0842778612974815
1|4|3|0,7,0.27458399446198456
1|4|3|0,5,0.8990363951713841
1|4|3|0,2,1.1108135556082053
1|4|3|0,0,2.4320118972776474
1|4|3|0,3,0.9885472164961321
1|4|3|0,6,1.033074261445482
1|4|3|0,4,1.336297875968198
6|1|0|4,0,2.3193729938778316
6|1|0|4,1,2.3073999108784378
6|1|0|4,3,2.299922371364952
6|1|0|4,4,4.326237428039429
6|1|0|4,5,2.886899322373944
6|1|0|4,2,2.15203418815019
6|1|0|4,7,2.979674659571355
0|1|0|4,2,2.332342419448265
0|1|0|4,3,2.3388565363918694
0|1|0|4,4,4.305902722139321
0|1|0|4,1,2.3879565423786673
0|1|0|4,5,2.784446215832392
0|1|0|4,6,2.7552834133001785
0|1|0|4,7,2.572436804107419
2|5|6|1,5,-0.9106705726581119
2|5|6|1,4,0.2193590690106475
2|5|6|1,1,4.875981410958683
2|5|6|1,7,0.913719821961295
2|5|6|1,6,1.6636502251507443
2|5|6|1,3,0.8551490399511837
2|5|6|1,0,0.26403157839870794
5|6|6|6,2,1.8147109091397877
5|6|6|6,6,5.226046069189067
5|6|6|6,3,1.7006635022246988
5|6|6|6,7,4.230665776848965
5|6|6|6,4,1.2051297506033527
5|6|6|6,0,2.178377136148779
5|6|6|6,1,1.6031617514257988
2|6|6|6,4,1.2667886322433617
2|6|6|6,0,0.31499392815408445
2|6|6|6,3,0.8640259406922968
2|6|6|6,6,7.516338186956124
2|6|6|6,1,1.6153518706985897
2|6|6|6,5,2.457522048228204
2|6|6|6,7,3.124815782323219
4|6|6|6,3,0.5405094450229672
4|6|6|6,6,7.823544524547906
4|6|6|6,5,1.481854590041223
4|6|6|6,0,2.3295034739561515
4|6|6|6,7,2.748714152881515
4|6|6|6,1,0.13686166389889187
4|6|6|6,2,1.454752649334233
3|6|6|6,2,0.820066484268111
3|6|6|6,4,1.1951343650690935
3|6|6|6,0,2.1393250687022745
3|6|6|6,7,4.756308612091594
3|6|6|6,1,1.1185741233486466
3|6|6|6,5,2.2573442536351087
3|6|6|6,6,6.427565410197141
4|3|6|5,5,2.230955452996945
4|3|6|5,7,2.336034336820851
4|3|6|5,3,1.6448685323253034
4|3|6|5,1,0.36441646518646614
4|3|6|5,0,1.1977003694777726
4|3|6|5,6,3.81621472895475
4|3|6|5,2,0.745257640415136
4|4|6|6,1,2.0471320393105312
4|4|6|6,7,2.175773412469888
4|4|6|6,2,1.6525244825441314
4|4|6|6,0,1.8628313056260535
4|4|6|6,5,2.4276649202226945
4|4|6|6,6,2.338715159431659
4|4|6|6,3,1.7088542578417893
7|6|6|6,4,0.8624116434044475
7|6|6|6,5,0.9853291100859485
7|6|6|6,1,1.4678390580840335
7|6|6|6,2,1.2646570071852776
7|6|6|6,3,1.6480743876143702
7|6|6|6,6,7.014707634346316
7|6|6|6,0,2.0755211087358703
2|1|2|1,1,4.513559497615526
2|1|2|1,5,2.6730157879590526
2|1|2|1,3,2.653504690822944
2|1|2|1,4,2.750436605238761
2|1|2|1,6,2.615292464960394
2|1|2|1,7,2.867679419008433
2|1|2|1,0,2.5140279629908697
1|2|2|0,7,2.6516408342542226
1|2|2|0,0,4.101680568445449
1|2|2|0,5,2.44566765044177
1|2|2|0,6,2.6684589351597476
1|2|2|0,3,2.526020052470097
1|2|2|0,4,2.368241053240632
1|2|2|0,2,3.198226968139674
6|2|0|1,4,2.1912363622092146
6|2|0|1,3,2.0392556792672605
6|2|0|1,7,2.473073882259242
6|2|0|1,0,1.4941263994323892
6|2|0|1,1,3.5468806439997693
6|2|0|1,5,2.3325927619893347
6|2|0|1,2,1.997457302784148
3|1|6|2,1,1.9606488149461532
3|1|6|2,4,2.7005061090635722
3|1|6|2,7,2.880985895291115
3|1|6|2,5,2.4769965371477514
3|1|6|2,0,2.527664215242039
3|1|6|2,2,4.746370243244618
3|1|6|2,6,3.6213169594584658
1|1|6|2,0,2.36135926640628
1|1|6|2,7,2.850143638777392
1|1|6|2,6,3.31596290009727
1|1|6|2,4,2.607806251189144
1|1|6|2,2,4.713779061421015
1|1|6|2,5,2.78337048941351
1|1|6|2,3,2.860314844211155
0|1|6|2,6,3.6814916678707124
0|1|6|2,2,4.675832075465742
0|1|6|2,5,2.7441987788903206
0|1|6|2,1,2.4777002162408617
0|1|6|2,4,2.6489136382946423
0|1|6|2,7,2.8774557499424698
0|1|6|2,3,2.83419969239141
6|4|0|2,1,-1.2449005641172146
6|4|0|2,0,-1.920522007066453
6|4|0|2,2,1.4625677948152893
6|4|0|2,4,0.2860461391763026
6|4|0|2,5,0.011981901839122608
6|4|0|2,3,0.38053045511884814
6|4|0|2,7,0.2682044223849819
3|6|1|1,6,-0.8733255893019426
3|6|1|1,4,-1.4528707750908696
3|6|1|1,0,-2.3690842601385906
3|6|1|1,7,-0.8220010244183462
3|6|1|1,5,-0.630634094703678
3|6|1|1,1,1.6089517985874013
3|6|1|1,2,-1.2767894334308036
2|5|5|5,0,0.8492258930877197
2|5|5|5,1,-0.602538739247743
2|5|5|5,7,0.9005231503727191
2|5|5|5,5,3.9781444934365693
2|5|5|5,6,2.4217907374092356
2|5|5|5,4,0.9654664038716377
2|5|5|5,3,0.43682804787286766
3|4|0|2,6,0.662018385657214
3|4|0|2,0,0.07719278422602988
3|4|0|2,2,1.5887896021980332
3|4|0|2,7,0.46464409264278944
3|4|0|2,5,0.7195036996418611
3|4|0|2,4,0.06726560224990737
3|4|0|2,1,-1.3324094656714158
0|4|0|2,1,-0.6351201475441107
0|4|0|2,5,0.6867159401669173
0|4|0|2,6,0.48465376134931604
0|4|0|2,7,-0.1521752089448639
0|4|0|2,4,-0.040171398437461134
0|4|0|2,2,1.3026816447071763
0|4|0|2,3,0.2629879366290646
1|4|0|2,6,0.11615043673534718
1|4|0|2,2,1.8369140127585135
1|4|0|2,7,0.30178867134972115
1|4|0|2,3,0.28316119564127085
1|4|0|2,5,-0.03779499815369275
1|4|0|2,0,0.20917320457218214
1|4|0|2,4,0.7450828276953652
4|3|1|6,5,1.0390124395706302
4|3|1|6,3,-0.5155995379059708
4|3|1|6,1,1.7253407835804255
4|3|1|6,6,3.598181024998616
4|3|1|6,0,0.639623474601446
4|3|1|6,7,-0.4649844573049844
4|3|1|6,2,1.0349056001408288
5|4|1|6,3,0.16152012373984387
5|4|1|6,2,-1.8587936948750403
5|4|1|6,7,-2.2084857430358524
5|4|1|6,0,0.32075180559853383
5|4|1|6,4,-0.3657171268433763
5|4|1|6,1,3.686216661563792
5|4|1|6,6,0.6999713027875012
3|5|1|6,1,-2.257977376046974
3|5|1|6,7,-0.035467805230478947
3|5|1|6,5,-0.031208201050948868
3|5|1|6,0,-0.0219742264281812
3|5|1|6,2,-0.06339244794247945
3|5|1|6,6,2.317539885567931
3|5|1|6,4,-0.04270621049027788
6|2|2|3,4,2.1836668902330882
6|2|2|3,5,1.1689789419183103
6|2|2|3,7,1.830573334538649
6|2|2|3,2,2.192127454473963
6|2|2|3,0,1.609454413811999
6|2|2|3,3,4.131918475422371
6|2|2|3,1,1.533806208096925
7|2|1|0,2,1.5946119792483475
7|2|1|0,4,2.118745642466859
7|2|1|0,1,3.141724325306419
7|2|1|0,5,2.2809503030641283
7|2|1|0,6,1.7271054718555992
7|2|1|0,0,3.7837080140460717
7|2|1|0,3,2.143596853008628
1|4|5|0,2,0.9606213059159978
1|4|5|0,4,0.04363482681246392
1|4|5|0,0,1.9798982131754714
1|4|5|0,5,2.8396176276338023
1|4|5|0,3,1.491157566114215
1|4|5|0,6,1.4827438338066308
1|4|5|0,7,1.0192804327304714
2|5|5|0,5,2.227056249130739
2|5|5|0,0,1.8497614647008778
2|5|5|0,3,-0.4876439016142994
2|5|5|0,6,0.8094112938624337
2|5|5|0,1,0.13172222690421798
2|5|5|0,7,0.04907727680384599
2|5|5|0,4,-0.0518940237404835
3|3|7|0,2,1.592400795204784
3|3|7|0,0,3.73341348786712
3|3|7|0,4,1.712245714368746
3|3|7|0,7,2.614246058744055
3|3|7|0,6,2.07328416592271
3|3|7|0,1,1.2056469615112801
3|3|7|0,5,2.3526183048121947
5|4|7|0,1,1.7866441369234483
5|4|7|0,4,0.7596147853871085
5|4|7|0,2,0.2152950468554951
5|4|7|0,7,2.113010570317477
5|4|7|0,6,1.3318557581936956
5|4|7|0,0,2.9785979291857725
5|4|7|0,3,1.3750916076968138
1|5|7|0,2,1.0164258960554615
1|5|7|0,3,-0.2521387518898626
1|5|7|0,7,2.682949543644693
1|5|7|0,6,0.3409804679366572
1|5|7|0,4,0.7096786374184005
1|5|7|0,5,0.9160616185100683
1|5|7|0,0,2.40231716089107
2|6|7|7,7,8.23659116164249
2|6|7|7,1,0.8113665601697205
2|6|7|7,5,4.35692857178052
2|6|7|7,4,3.0059593028671254
2|6|7|7,0,1.7730926619537035
2|6|7|7,6,3.204720374139672
2|6|7|7,3,2.5670456935216484
7|8|0|0,2,2.1197317496256205
7|8|0|0,5,-0.4356400464181057
7|8|0|0,1,2.985817978245035
7|8|0|0,6,2.374934500521758
7|8|0|0,0,10.999999999999982
7|8|0|0,4,1.4952343469481642
7|8|0|0,3,0.7841652242711594
2|8|0|0,1,2.0373342579666622
2|8|0|0,6,2.108516338437079
2|8|0|0,0,10.999999999999982
2|8|0|0,3,2.1117340687377464
2|8|0|0,7,2.8412909918856344
2|8|0|0,5,-0.5527885081618716
2|8|0|0,4,1.9880235185083044
7|3|3|3,5,1.96294410545758
7|3|3|3,6,2.4535700842272172
7|3|3|3,0,2.2428454214795392
7|3|3|3,2,2.147301143442195
7|3|3|3,3,4.391804465037583
7|3|3|3,4,2.4835182880540025
7|3|3|3,1,0.921872191780176
7|4|2|0,2,2.6227179830993324
7|4|2|0,0,1.0789545773060112
7|4|2|0,5,0.8425037069892851
7|4|2|0,1,0.6907372072711802
7|4|2|0,3,0.6070875553744469
7|4|2|0,6,0.3075555973173251
7|4|2|0,4,0.4648352440589394
2|6|0|0,6,-0.05882451961150226
2|6|0|0,4,-0.9263970759065712
2|6|0|0,3,-1.9790548163191661
2|6|0|0,0,3.783233835573247
2|6|0|0,7,-2.441620424475359
2|6|0|0,1,-0.5754994852180289
2|6|0|0,5,-0.022296719113854113
6|2|2|0,1,2.1349771974056155
6|2|2|0,5,2.4549456730782
6|2|2|0,7,2.503747656101503
6|2|2|0,0,3.8757438507189947
6|2|2|0,4,1.9862899551446294
6|2|2|0,2,3.2035049059019545
6|2|2|0,3,2.464460906631745
4|1|7|0,3,2.863097095239566
4|1|7|0,6,2.5907996174170944
4|1|7|0,7,3.387414975661564
4|1|7|0,2,2.5788512914063357
4|1|7|0,0,4.608329680511517
4|1|7|0,1,2.56286314435927
4|1|7|0,5,2.5136701298049373
3|1|7|0,4,2.517818541911846
3|1|7|0,2,2.7609294997672307
3|1|7|0,6,2.4656484047063474
3|1|7|0,0,4.625503893191152
3|1|7|0,5,2.503880269718853
3|1|7|0,7,3.4538378286943168
3|1|7|0,1,2.5654119568250673
6|1|7|0,4,2.6325060855182802
6|1|7|0,2,2.633693151114831
6|1|7|0,7,3.3528304082672253
6|1|7|0,5,2.4351909763348334
6|1|7|0,1,2.422247931619179
6|1|7|0,0,4.610068596453063
6|1|7|0,3,2.524684784176012
0|1|0|2,2,4.2215555691721764
0|1|0|2,5,2.7292723056352433
0|1|0|2,7,2.542012989297942
0|1|0|2,1,2.2433940275121134
0|1|0|2,6,2.6682793750792126
0|1|0|2,3,2.89016300051357
0|1|0|2,4,2.9042499285115726
2|2|0|5,3,1.8216765794330447
2|2|0|5,0,1.8337173013980628
2|2|0|5,5,3.7950527535355922
2|2|0|5,6,2.168475837744438
2|2|0|5,7,2.177401119044721
2|2|0|5,1,1.7026924953116418
2|2|0|5,4,1.2472008939802637
3|2|0|5,6,2.0387988925024905
3|2|0|5,1,1.154171743724121
3|2|0|5,0,2.3739190163083554
3|2|0|5,2,1.838622848074144
3|2|0|5,7,1.954520731713934
3|2|0|5,4,1.8409996496102374
3|2|0|5,5,3.8232391291206027
6|2|0|5,4,1.1850722379454612
6|2|0|5,0,-0.23074600477230156
6|2|0|5,3,0.6459110680500756
6|2|0|5,5,3.6361766865088563
6|2|0|5,7,0.8229559610199207
6|2|0|5,1,0.9685854696548025
6|2|0|5,2,0.9117190162389697
4|2|0|5,1,1.7135390616829371
4|2|0|5,0,2.1407892511143625
4|2|0|5,2,1.6345850583241457
4|2|0|5,7,2.1923687909859377
4|2|0|5,5,4.105533473765182
4|2|0|5,6,1.6427846785776967
4|2|0|5,3,1.218222887763346
1|2|0|5,6,2.1505889457369864
1|2|0|5,7,1.9791642492167596
1|2|0|5,4,1.5404929723865683
1|2|0|5,3,1.5297169249930889
1|2|0|5,0,2.6870306014132286
1|2|0|5,2,1.8125844917294889
1|2|0|5,5,3.8856352419229916
5|2|1|6,3,1.8769011687357957
5|2|1|6,6,4.270027747620626
5|2|1|6,0,0.9681401983257537
5|2|1|6,7,1.7509080141405495
5|2|1|6,1,2.4779558821384113
5|2|1|6,2,1.6143008424738543
5|2|1|6,4,1.889082701250889
3|2|1|6,6,4.1014664757591754
3|2|1|6,1,2.0956477193763763
3|2|1|6,4,1.5647472559710771
3|2|1|6,2,1.269796559563845
3|2|1|6,7,1.3981713013509003
3|2|1|6,5,2.0263483455722926
3|2|1|6,0,0.7151635678056961
1|6|4|4,6,-0.6890696335800197
1|6|4|4,5,-0.35705186364361585
1|6|4|4,0,-1.9845850843760346
1|6|4|4,2,-1.9637668605853031
1|6|4|4,3,-1.060718246501287
1|6|4|4,7,-2.099307991284292
1|6|4|4,4,3.1052612799553625
6|6|4|4,4,4.7623436031960775
6|6|4|4,2,-2.7520012815467076
6|6|4|4,5,-0.7463795946457318
6|6|4|4,0,-2.015888415523369
6|6|4|4,3,-2.139777402005582
6|6|4|4,7,0.7583178183164132
6|6|4|4,1,-2.0948861244541583
1|1|4|6,6,4.6714144995275
1|1|4|6,3,1.3050038793660137
1|1|4|6,5,1.4813128042410728
1|1|4|6,4,1.7380108164319006
1|1|4|6,0,1.6264751258197228
1|1|4|6,2,1.8502266719916116
1|1|4|6,7,2.714247229459645
6|2|4|5,7,1.6910997011958475
6|2|4|5,3,0.7377402008571787
6|2|4|5,1,0.6951780708001434
6|2|4|5,0,0.6942782710665943
6|2|4|5,5,3.7644578884992805
6|2|4|5,2,0.6814493040137286
6|2|4|5,4,2.2897519549818357
7|3|4|5,4,2.9283733100837552
7|3|4|5,0,0.9154590921844106
7|3|4|5,3,0.07047463716510038
7|3|4|5,6,1.0743745100153328
7|3|4|5,5,1.9484427617093345
7|3|4|5,2,1.2017581659194108
7|3|4|5,1,1.6145375197472722
4|5|5|5,2,0.6440181085483193
4|5|5|5,0,0.1858302038471467
4|5|5|5,1,1.4122349167259913
4|5|5|5,3,1.7600150736342746
4|5|5|5,7,1.8788498039243315
4|5|5|5,6,1.8419213393160137
4|5|5|5,5,3.9341853194729794
1|5|5|5,4,0.7253419522442964
1|5|5|5,0,0.7550192825343418
1|5|5|5,2,1.5716552542767555
1|5|5|5,3,1.4023493300592562
1|5|5|5,7,3.1272783765961
1|5|5|5,5,2.7161088019711572
1|5|5|5,6,1.7892479237944565
2|1|7|3,4,2.3049111885611544
2|1|7|3,5,2.576134662137002
2|1|7|3,6,2.527209559579635
2|1|7|3,7,3.624106972267297
2|1|7|3,3,4.459670459403659
2|1|7|3,0,2.4018187987652695
2|1|7|3,1,2.325354121887558
4|1|7|3,5,2.670475429270841
4|1|7|3,6,2.646875235985581
4|1|7|3,7,3.1618424292472413
4|1|7|3,2,2.2865955872473966
4|1|7|3,1,2.450746469678207
4|1|7|3,0,2.2908650552287697
4|1|7|3,3,4.600826977872008
6|2|7|0,3,2.3351461711082817
6|2|7|0,1,1.8622922161955655
6|2|7|0,2,1.9583007083342199
6|2|7|0,7,2.9831010920090235
6|2|7|0,4,2.070441327455693
6|2|7|0,5,1.871748631879565
6|2|7|0,0,3.9435489866331284
0|4|7|2,3,0.9399763541079071
0|4|7|2,6,1.6780327998551994
0|4|7|2,7,1.7514320636475398
0|4|7|2,2,3.205024846892324
0|4|7|2,5,1.3981166794275233
0|4|7|2,4,0.0004460696123034999
0|4|7|2,1,1.2553434691951555
3|2|5|5,4,2.802808664234237
3|2|5|5,5,4.622612637615804
3|2|5|5,2,3.1013958748382806
3|2|5|5,6,2.6737170746729437
3|2|5|5,7,2.9765915099203952
3|2|5|5,1,2.9076524509576163
3|2|5|5,0,2.3942929618786266
0|2|5|5,7,2.9691381460848505
0|2|5|5,1,3.0041727524965607
0|2|5|5,2,3.1675913975835894
0|2|5|5,3,2.9627294720527786
0|2|5|5,5,5.0513023842813745
0|2|5|5,4,2.7070073876794507
0|2|5|5,6,3.273084853157543
7|2|5|5,6,2.893941261541292
7|2|5|5,1,1.9238621986603217
7|2|5|5,2,2.9856527869655913
7|2|5|5,5,4.574913930577394
7|2|5|5,0,2.4965179220948963
7|2|5|5,3,3.0039508471138783
7|2|5|5,4,2.8384884906322134
6|2|5|5,0,2.5727237546901525
6|2|5|5,4,2.9411740824914108
6|2|5|5,2,3.1106122205001716
6|2|5|5,1,2.861933567602981
6|2|5|5,7,3.3643144207636237
6|2|5|5,3,2.840510180766817
6|2|5|5,5,4.527727688155828
7|2|3|4,0,1.3558212292922878
7|2|3|4,5,1.292469181974957
7|2|3|4,1,0.24464975199788128
7|2|3|4,2,1.1875447049919041
7|2|3|4,4,4.392030333927957
7|2|3|4,3,0.8337609699956496
7|2|3|4,6,1.6224003663434314
0|2|3|4,1,1.637837503028955
0|2|3|4,6,2.6199488224643757
0|2|3|4,3,2.3819155922711355
0|2|3|4,2,2.481954192474217
0|2|3|4,4,4.467645151403472
0|2|3|4,5,2.1694891132688365
0|2|3|4,7,2.825023940460456
1|2|3|4,0,2.1730612658462922
1|2|3|4,7,2.8612088231792105
1|2|3|4,3,2.7367374401618814
1|2|3|4,4,4.453223366346929
1|2|3|4,5,2.296597618148908
1|2|3|4,6,2.0373121900376123
1|2|3|4,2,2.2045040160237788
6|2|3|4,2,1.251448707857486
6|2|3|4,4,4.414360114115256
6|2|3|4,0,1.4025327239023981
6|2|3|4,5,1.8874170261807193
6|2|3|4,7,1.6498457111933953
6|2|3|4,1,0.8080843175860292
6|2|3|4,3,1.5603578869050039
6|1|1|4,2,2.3192710652603603
6|1|1|4,4,4.379436018238831
6|1|1|4,7,3.112075123793965
6|1|1|4,3,2.2492978914572586
6|1|1|4,0,2.333179189866667
6|1|1|4,1,2.320869245772903
6|1|1|4,5,3.018645109964283
2|1|1|4,3,2.4888287027016376
2|1|1|4,1,2.4452404887653727
2|1|1|4,0,2.3789306620035555
2|1|1|4,7,2.8335466353625884
2|1|1|4,4,4.43059521704154
2|1|1|4,6,2.91345594399034
2|1|1|4,5,3.181771563627629
2|1|7|1,1,4.526724791272585
2|1|7|1,0,2.331281988425438
2|1|7|1,6,2.486907509133429
2|1|7|1,7,3.234516766267601
2|1|7|1,5,2.6379429604262383
2|1|7|1,3,2.2556190437126578
2|1|7|1,4,2.4041624779318878
7|7|3|3,2,-0.8756998152330866
7|7|3|3,5,-0.6035872642221737
7|7|3|3,3,4.745644561854277
7|7|3|3,1,-2.6488534974727127
7|7|3|3,4,-2.2922586299235417
7|7|3|3,0,-1.431325889336241
7|7|3|3,6,1.4245995153761615
3|8|4|4,0,0.6944040620643074
3|8|4|4,1,-0.41935951461295246
3|8|4|4,7,-0.5994674646154097
3|8|4|4,2,-0.28918931595698044
3|8|4|4,6,0.5366539899754947
3|8|4|4,5,-1.1693148147400492
3|8|4|4,4,10.999999999999982
4|1|6|2,1,2.527784084082431
4|1|6|2,6,3.507481040666263
4|1|6|2,3,2.827231998434777
4|1|6|2,5,2.5886402920217426
4|1|6|2,7,2.844918626809587
4|1|6|2,2,4.739930679839402
4|1|6|2,0,2.4332974283307007
7|1|6|2,5,2.813080049879518
7|1|6|2,4,2.80858629194479
7|1|6|2,0,2.5201461974829016
7|1|6|2,2,4.8243416592651265
7|1|6|2,6,3.655111708779028
7|1|6|2,3,2.67549954691797
7|1|6|2,1,2.5741261646569327
5|1|6|2,3,2.515847489162502
5|1|6|2,0,2.3901001205456645
5|1|6|2,2,4.794827269578208
5|1|6|2,7,2.6709117832962535
5|1|6|2,6,3.5738593045788085
5|1|6|2,1,2.5309569141867647
5|1|6|2,4,2.7065521137815267
7|3|5|0,2,2.2713546908011097
7|3|5|0,4,2.360459533748505
7|3|5|0,0,3.242751879354448
7|3|5|0,3,2.140506081027104
7|3|5|0,5,2.3508080480942954
7|3|5|0,1,1.1120140179532556
7|3|5|0,6,1.9870024358278238
2|3|5|0,3,1.9203649559324578
2|3|5|0,6,2.8629726337426713
2|3|5|0,1,1.6921333776230862
2|3|5|0,7,2.6233910597188648
2|3|5|0,4,1.592234242816939
2|3|5|0,5,2.8555885964314274
2|3|5|0,0,3.340406885890913
1|7|2|2,7,0.875031071375781
1|7|2|2,6,-0.7606198416448062
1|7|2|2,0,-1.0137560051970218
1|7|2|2,3,0.9976917745256441
1|7|2|2,5,-0.6983687834535984
1|7|2|2,4,-0.9575572044900764
1|7|2|2,2,4.369505010860565
7|7|2|2,1,-2.0755296980161364
7|7|2|2,6,-0.4499923337643734
7|7|2|2,0,-1.263027366853688
7|7|2|2,2,5.169277085192667
7|7|2|2,3,-0.20766016833545248
7|7|2|2,4,0.04234775070995034
7|7|2|2,5,-0.6761789145551934
6|1|2|2,4,3.180258776411331
6|1|2|2,0,2.9337704562915605
6|1|2|2,3,3.355444991428267
6|1|2|2,2,4.881033720047485
6|1|2|2,5,3.1856466208118475
6|1|2|2,7,3.181823110148799
6|1|2|2,1,2.9204920950748843
2|3|6|6,1,1.7998016496770586
2|3|6|6,6,3.301711387265953
2|3|6|6,7,2.8644105051860027
2|3|6|6,0,2.471680337992345
2|3|6|6,3,2.475891800439746
2|3|6|6,5,2.3186139474978633
2|3|6|6,4,1.7381661711458902
7|6|1|1,3,-1.295800347127317
7|6|1|1,4,0.2268376236717439
7|6|1|1,1,3.075734281489567
7|6|1|1,6,0.5792963714968089
7|6|1|1,5,-0.23272068330067247
7|6|1|1,0,-2.4734005663515326
7|6|1|1,2,0.11472060649038891
7|6|5|5,5,5.7493608182805716
7|6|5|5,6,-0.2446846888796047
7|6|5|5,1,0.12431331839583458
7|6|5|5,4,0.2735808744070346
7|6|5|5,3,-1.0831407987910022
7|6|5|5,0,-1.1557344696616574
7|6|5|5,2,-1.2127306692009032
5|8|6|6,2,-1.2027255463668864
5|8|6|6,3,-3.6398033313032028
5|8|6|6,4,-1.1795121504071524
5|8|6|6,0,1.3630588366518424
5|8|6|6,1,-0.37545260418749526
5|8|6|6,7,-3.1246120395519035
5|8|6|6,6,10.999999999999982
7|1|6|3,6,3.4467059303900234
7|1|6|3,4,2.4719273352267574
7|1|6|3,3,4.639796535684642
7|1|6|3,5,2.9279200746221834
7|1|6|3,2,2.5206911112614834
7|1|6|3,0,2.41373453883187
7|1|6|3,1,2.0199706638881954
6|2|6|2,5,1.5345699943789133
6|2|6|2,2,0.12071209033018501
6|2|6|2,1,0.7981258385470444
6|2|6|2,0,0.9712295489828325
6|2|6|2,3,1.2953417465250865
6|2|6|2,4,0.21002859124910903
6|2|6|2,7,3.212073919495139
5|2|6|2,4,2.66425667412196
5|2|6|2,3,2.4950461677746647
5|2|6|2,7,3.0499965936279105
5|2|6|2,2,4.281219319559972
5|2|6|2,0,1.6483129901889282
5|2|6|2,6,3.3344152157912226
5|2|6|2,1,1.8722835086330343
4|2|6|2,0,1.9137476570590226
4|2|6|2,2,4.297952650286698
4|2|6|2,5,2.8228699017611336
4|2|6|2,7,2.313467619801066
4|2|6|2,3,2.624490973681874
4|2|6|2,6,3.744677016258206
4|2|6|2,1,1.4301298319042388
0|2|6|2,5,2.439795658533824
0|2|6|2,6,2.821696800879803
0|2|6|2,7,2.6925164228267073
0|2|6|2,2,4.431790770955217
0|2|6|2,1,2.187123372823702
0|2|6|2,3,2.753312292405031
0|2|6|2,4,2.8570825787300698
3|3|6|2,6,2.9317279644134087
3|3|6|2,4,2.021658280732465
3|3|6|2,7,1.9216095408079037
3|3|6|2,5,1.9863730981176988
3|3|6|2,2,3.4638826001626284
3|3|6|2,0,0.678894351972237
3|3|6|2,1,1.5191319706182704
4|2|4|1,5,1.4551893225868955
4|2|4|1,0,1.6988409889846112
4|2|4|1,6,2.0082737313330243
4|2|4|1,1,4.312267339942677
4|2|4|1,3,2.454230388564735
4|2|4|1,7,1.9540339895332812
4|2|4|1,2,2.4329368332496
5|3|4|1,4,3.032241038976892
5|3|4|1,3,2.0164325681054382
5|3|4|1,6,1.8282431738527982
5|3|4|1,2,1.6336134393450887
5|3|4|1,0,1.4882777353809271
5|3|4|1,7,1.1630061199678625
5|3|4|1,1,2.3370339659093458
2|6|3|3,6,-0.9909651057579157
2|6|3|3,0,-1.8121268711172105
2|6|3|3,1,-0.981656051759731
2|6|3|3,3,3.7866493847301035
2|6|3|3,5,-0.3486722587978129
2|6|3|3,4,-1.1850630725611424
2|6|3|3,7,-0.5780915499030607
0|5|3|1,4,-1.117075379959179
0|5|3|1,2,-1.0794722536991883
0|5|3|1,5,-1.177951407081702
0|5|3|1,3,2.7545177274069537
0|5|3|1,7,0.2362889629720742
0|5|3|1,6,0.2869770698545899
0|5|3|1,1,1.0869975116528103
6|2|4|2,0,1.6421205205313547
6|2|4|2,1,2.003035180700006
6|2|4|2,3,2.216623233695708
6|2|4|2,2,3.9424151514216677
6|2|4|2,4,3.1654653540553284
6|2|4|2,7,2.122263328153091
6|2|4|2,5,2.545281356365954
2|3|4|1,1,3.6002625724306823
2|3|4|1,7,1.4071380455284224
2|3|4|1,6,1.6346786675196485
2|3|4|1,5,1.1664308220203294
2|3|4|1,4,2.5479443648077127
2|3|4|1,3,2.113369834676462
2|3|4|1,0,1.4924178955244027
7|4|1|0,5,0.20031168860987583
7|4|1|0,3,0.22496347743319692
7|4|1|0,6,-0.8071406627017426
7|4|1|0,2,0.49766671680152896
7|4|1|0,1,1.4890331786437212
7|4|1|0,4,0.8534768668088725
7|4|1|0,0,2.2099962374492566
5|4|1|0,0,0.16503052732888157
5|4|1|0,7,-0.16586875981793767
5|4|1|0,2,-0.06351146171882736
5|4|1|0,6,-0.2866613814044795
5|4|1|0,4,0.21150177125023986
5|4|1|0,1,2.1128911019984975
5|4|1|0,3,0.18767367361593276
7|3|0|1,1,2.4713079208085316
7|3|0|1,0,0.6024826968052305
7|3|0|1,2,0.9023771827523234
7|3|0|1,4,1.0603462981069571
7|3|0|1,6,1.1122259251942617
7|3|0|1,5,0.6864781234206988
7|3|0|1,3,1.0391029247012393
0|4|7|5,6,0.743068074377037
0|4|7|5,5,4.067898300078435
0|4|7|5,2,0.5165443821193808
0|4|7|5,4,0.37065192324206075
0|4|7|5,7,1.342770823247934
0|4|7|5,3,0.8339747699288016
0|4|7|5,1,0.6957292613854913
6|5|7|1,3,-1.123492212157747
6|5|7|1,4,-0.5927478971836042
6|5|7|1,7,2.4551089345783037
6|5|7|1,0,-0.22267327937985967
6|5|7|1,1,3.3310909039479726
6|5|7|1,2,-0.8813928035802452
6|5|7|1,5,0.17128367695372643
3|5|7|1,7,4.661058062604042
3|5|7|1,1,1.6863119458057927
3|5|7|1,5,0.28097110387504715
3|5|7|1,0,-0.41599626495034125
3|5|7|1,2,0.34863707023879353
3|5|7|1,4,0.5318523768641175
3|5|7|1,6,0.6687590811213657
7|7|1|1,1,6.254150707374259
7|7|1|1,2,1.562238429503041
7|7|1|1,5,-0.6238564469725227
7|7|1|1,6,-1.0846718574453817
7|7|1|1,3,-0.9420320338001653
7|7|1|1,4,0.9583838269381919
7|7|1|1,0,-0.7281248443700183
1|8|5|5,2,0.9035055374085283
1|8|5|5,3,-0.9322459858312
1|8|5|5,4,1.2436276647070037
1|8|5|5,5,10.999999999999982
1|8|5|5,0,-0.6583140583161629
1|8|5|5,6,0.23929854820808016
1|8|5|5,7,0.030330333317213798
1|1|5|3,7,2.981025595600887
1|1|5|3,6,3.0565598195340407
1|1|5|3,4,2.7217038922769303
1|1|5|3,3,4.753497967815507
1|1|5|3,5,3.780786394539528
1|1|5|3,2,2.616446594637581
1|1|5|3,0,2.5513245012690726
7|1|5|3,0,2.5631523860158367
7|1|5|3,6,2.647337535416816
7|1|5|3,4,2.6983620015385554
7|1|5|3,1,2.5815960240350133
7|1|5|3,5,3.808823266851864
7|1|5|3,2,2.432193201839197
7|1|5|3,3,4.745681495788697
4|1|5|3,2,2.587195729964108
4|1|5|3,3,4.690667906009499
4|1|5|3,6,2.822697747367211
4|1|5|3,0,2.5362101674442297
4|1|5|3,5,3.6303649283174524
4|1|5|3,7,2.8483360196082854
4|1|5|3,1,2.588345042901103
2|1|5|3,4,2.7538947085153374
2|1|5|3,6,2.7469423322008506
2|1|5|3,7,2.804240716162816
2|1|5|3,0,2.6089252797936466
2|1|5|3,3,4.584502071821614
2|1|5|3,1,2.5768969056965987
2|1|5|3,5,3.7034701649783432
3|2|5|6,4,0.6735772906612889
3|2|5|6,1,1.5859581813411063
3|2|5|6,0,1.5514997066392997
3|2|5|6,5,3.8029801202339524
3|2|5|6,6,1.862903444776841
3|2|5|6,7,1.77386425557232
3|2|5|6,2,1.5827603698591182
2|3|0|4,1,-0.5005785124940673
2|3|0|4,5,0.7548788168846333
2|3|0|4,6,1.4884784892438083
2|3|0|4,3,-0.03956695799042985
2|3|0|4,0,0.29542998558012695
2|3|0|4,7,0.4601154478139208
2|3|0|4,4,2.856626650000557
1|3|0|4,2,0.07237867642960627
1|3|0|4,4,2.95227425708131
1|3|0|4,3,0.8075653740579396
1|3|0|4,0,0.8860168614471002
1|3|0|4,5,0.17820661623069356
1|3|0|4,7,1.1090107017594348
1|3|0|4,6,0.9861126959619732
3|3|2|5,4,0.5798031829331075
3|3|2|5,5,3.88840530593185
3|3|2|5,1,1.0722517010123667
3|3|2|5,0,1.074418929577383
3|3|2|5,2,2.1391775207507986
3|3|2|5,6,1.068602546003542
3|3|2|5,7,0.764488202058067
4|3|2|5,1,1.134114619684555
4|3|2|5,5,3.9659304219465183
4|3|2|5,0,1.142380003952437
4|3|2|5,7,0.7409705099351954
4|3|2|5,6,1.5944249999965876
4|3|2|5,2,1.4028745369993325
4|3|2|5,3,0.9224037693581544
1|3|2|5,2,2.079764197682609
1|3|2|5,5,3.8293873418935775
1|3|2|5,0,1.0124094016523593
1|3|2|5,6,-0.2008294879375
1|3|2|5,3,1.6889457281577922
1|3|2|5,7,1.3030382826790199
1|3|2|5,4,0.8271463718973989
2|4|5|5,5,4.60012593576477
2|4|5|5,4,1.7476969042839214
2|4|5|5,3,2.6490194519939343
2|4|5|5,0,1.2012033354994707
2|4|5|5,6,1.6604127693019075
2|4|5|5,7,2.278335153878683
2|4|5|5,1,1.9026721085533325
5|1|7|3,1,2.2791222047436785
5|1|7|3,2,2.3290360785498723
5|1|7|3,7,3.719518986106933
5|1|7|3,6,2.455601732073415
5|1|7|3,3,4.689759647276436
5|1|7|3,0,2.290968205635452
5|1|7|3,4,2.5591755889383503
1|1|7|3,4,2.274403989556243
1|1|7|3,7,3.5998678485760105
1|1|7|3,5,2.3579416692405575
1|1|7|3,0,2.382047177376362
1|1|7|3,2,2.17773564102011
1|1|7|3,3,4.521031397130683
1|1|7|3,6,2.7037538357488953
7|1|7|0,6,2.804466299532523
7|1|7|0,1,2.2173773007264206
7|1|7|0,3,2.318662431523155
7|1|7|0,2,2.5196677692604674
7|1|7|0,5,2.283460953703855
7|1|7|0,0,4.488711253236075
7|1|7|0,4,2.3135039924394754
0|1|7|2,1,2.5158634186008206
0|1|7|2,4,2.6750658225764665
0|1|7|2,3,2.547355561786413
0|1|7|2,5,2.4394083557357233
0|1|7|2,6,2.5558453216006654
0|1|7|2,7,2.7533680084592453
0|1|7|2,2,4.823881464466233
1|1|7|2,6,2.5460226957380407
1|1|7|2,2,4.768928229047325
1|1|7|2,7,3.456205594015925
1|1|7|2,5,2.629373041264924
1|1|7|2,4,2.57729167822957
1|1|7|2,3,2.687684149323341
1|1|7|2,0,2.3511048874516933
2|2|7|5,0,0.08470398878652392
2|2|7|5,7,4.110114843450918
2|2|7|5,4,1.1748759125856028
2|2|7|5,5,2.5816821203919837
2|2|7|5,3,1.5264101679308961
2|2|7|5,1,1.3300141896826194
2|2|7|5,6,2.1089325001036032
3|2|4|5,4,3.0032646033952766
3|2|4|5,6,1.345208669777907
3|2|4|5,7,2.144454114523651
3|2|4|5,0,1.5158202013092485
3|2|4|5,2,0.45490257801342204
3|2|4|5,5,4.73831079602052
3|2|4|5,1,2.331655817324118
2|3|5|5,3,3.058857737513958
2|3|5|5,6,2.8661495943888147
2|3|5|5,7,3.2195951756917323
2|3|5|5,1,2.1161583096415497
2|3|5|5,4,2.3500707571957804
2|3|5|5,0,2.512076931285501
2|3|5|5,5,4.7347530388812995
1|2|1|4,6,2.2213484727951363
1|2|1|4,2,1.7436486000293563
1|2|1|4,0,2.1553418192434375
1|2|1|4,7,2.1489035427615395
1|2|1|4,5,2.2984384740868817
1|2|1|4,4,3.234356853912383
1|2|1|4,3,1.9501279326589036
6|3|1|1,3,1.806749224566793
6|3|1|1,4,2.070663254761595
6|3|1|1,5,1.8654715764049603
6|3|1|1,1,3.921317509564429
6|3|1|1,0,1.6341410156767848
6|3|1|1,7,2.4594938107299775
6|3|1|1,2,1.4794289863103207
1|5|1|2,4,-0.24663915632084343
1|5|1|2,7,-0.7480356478683228
1|5|1|2,3,-1.4697553868186903
1|5|1|2,5,-1.035361783335516
1|5|1|2,0,-1.5974956907126174
1|5|1|2,2,1.7082206833602598
1|5|1|2,6,0.06834827954286879
4|2|5|3,0,2.034255124700863
4|2|5|3,3,3.8096365700686143
4|2|5|3,5,4.338813743002267
4|2|5|3,1,2.080926186733203
4|2|5|3,2,1.6503345266261493
4|2|5|3,7,2.0946137013105015
4|2|5|3,6,2.452159627013266
0|2|5|3,3,4.428110362152787
0|2|5|3,7,2.803589957050585
0|2|5|3,1,2.276894929390393
0|2|5|3,5,3.8887728663659664
0|2|5|3,2,1.991461649030511
0|2|5|3,4,2.5966841964162266
0|2|5|3,6,2.79828176076752
2|1|5|5,4,2.992469796433686
2|1|5|5,0,2.876660017647118
2|1|5|5,1,3.000812483315098
2|1|5|5,7,3.3291080878286063
2|1|5|5,3,2.4421872319504567
2|1|5|5,6,3.4694017765625507
2|1|5|5,5,5.091085943451793
5|2|5|0,7,2.350267573568847
5|2|5|0,6,2.117018046656016
5|2|5|0,2,2.341098293829785
5|2|5|0,1,2.070347561791027
5|2|5|0,4,2.401629869784298
5|2|5|0,3,2.713818859726774
5|2|5|0,0,2.634858020087054
4|4|5|0,1,0.2990218259030983
4|4|5|0,0,2.838673840427718
4|4|5|0,3,1.3299101705808494
4|4|5|0,2,1.5290739651725596
4|4|5|0,5,1.932777119741766
4|4|5|0,7,-0.4943274903594359
4|4|5|0,6,1.072130651684879
0|3|4|5,7,1.6050959136128424
0|3|4|5,2,1.5235892292592716
0|3|4|5,1,2.111825831786812
0|3|4|5,4,1.4838795187691907
0|3|4|5,6,1.5619568501385614
0|3|4|5,3,1.832570585188022
0|3|4|5,5,4.384899634037871
3|3|4|5,0,1.5661038297165064
3|3|4|5,1,0.9971465195981535
3|3|4|5,7,0.8452203629536055
3|3|4|5,4,3.321839669375511
3|3|4|5,5,4.0133109009434955
3|3|4|5,6,1.1750125744822422
3|3|4|5,2,1.6556066375205225
1|4|3|4,6,-0.17667572498648434
1|4|3|4,2,-0.9158824347608152
1|4|3|4,0,0.019463250745735183
1|4|3|4,3,-0.6056539917722986
1|4|3|4,7,0.6759708150823148
1|4|3|4,4,2.9291918810447224
1|4|3|4,5,-1.3833470050368348
3|6|3|4,4,0.20559067043205437
3|6|3|4,1,-3.5392898258816174
3|6|3|4,2,-2.005193779688648
3|6|3|4,0,-1.8608198203253443
3|6|3|4,5,-0.9110052264715026
3|6|3|4,7,-2.599069494396099
3|6|3|4,6,-1.1830711052881464
3|2|6|7,5,1.73581257266071
3|2|6|7,2,1.4664331805383162
3|2|6|7,1,0.2768585796545954
3|2|6|7,0,1.0199998333418525
3|2|6|7,4,1.5667730101689612
3|2|6|7,7,5.0067995353869
3|2|6|7,6,2.4325731493501124
5|2|6|7,0,1.350861322036242
5|2|6|7,1,-0.14235156374774902
5|2|6|7,3,0.9227148912205572
5|2|6|7,6,3.0386219582068166
5|2|6|7,7,5.113181629008695
5|2|6|7,2,0.9938259406887318
5|2|6|7,4,1.2836137748675958
0|2|6|7,5,1.5182151013500833
0|2|6|7,3,1.6397749940134736
0|2|6|7,4,1.6720524884514592
0|2|6|7,6,1.9624019551842073
0|2|6|7,7,5.157261706368344
0|2|6|7,2,1.7815354770070262
0|2|6|7,1,0.9686546749461944
0|1|2|6,3,1.8149562121162357
0|1|2|6,4,1.9065624822748153
0|1|2|6,6,4.593286911003916
0|1|2|6,5,1.9329228827835798
0|1|2|6,1,1.7132215433228941
0|1|2|6,2,1.936128767505551
0|1|2|6,7,3.295481358474691
3|1|2|6,0,2.1322742999544135
3|1|2|6,7,3.6850603229228223
3|1|2|6,2,1.9092864264574931
3|1|2|6,5,2.0180754530104217
3|1|2|6,6,4.468318939516637
3|1|2|6,4,1.8909795554935913
3|1|2|6,1,1.6815400117409836
4|1|2|6,2,1.4392231571904088
4|1|2|6,5,1.7728842297720415
4|1|2|6,7,2.9868936535379005
4|1|2|6,6,4.459004555645963
4|1|2|6,1,1.9655408476494751
4|1|2|6,3,1.522365666574002
4|1|2|6,0,1.8737044452145875
2|1|2|6,6,4.5223731402424345
2|1|2|6,5,1.579230035483297
2|1|2|6,4,2.0728277137198297
2|1|2|6,3,1.4970603248977827
2|1|2|6,0,2.201972822531243
2|1|2|6,7,2.964525610904096
2|1|2|6,1,1.6794340347827699
1|4|7|7,0,0.7827254054205152
1|4|7|7,4,1.408416714530721
1|4|7|7,3,0.6090724574704882
1|4|7|7,5,1.2577872138441597
1|4|7|7,2,1.1500694807489262
1|4|7|7,7,2.8461912615820317
1|4|7|7,6,2.1160513930260425
0|4|7|7,3,1.5295148515273236
0|4|7|7,6,1.0227043122105879
0|4|7|7,7,3.5877800436945857
0|4|7|7,4,1.9005097066709458
0|4|7|7,1,2.160296834210383
0|4|7|7,5,2.0190921306020133
0|4|7|7,2,2.1992669859243095
0|8|5|5,1,-2.096311746507946
0|8|5|5,4,1.2596017586306538
0|8|5|5,2,2.1447977641949416
0|8|5|5,6,0.686187454649832
0|8|5|5,3,-1.8503793438977696
0|8|5|5,7,0.562689571070019
0|8|5|5,5,10.999999999999982
2|2|5|0,3,2.5321160129447366
2|2|5|0,4,2.3882835355232666
2|2|5|0,6,2.7120488299993006
2|2|5|0,5,3.4614167399593954
2|2|5|0,0,3.328760085828995
2|2|5|0,7,2.7315938795638313
2|2|5|0,1,2.5780737810790075
3|2|5|0,7,2.9884740919064825
3|2|5|0,1,2.446964791284219
3|2|5|0,2,2.078438658325385
3|2|5|0,6,2.5263298607811113
3|2|5|0,0,4.334316053201375
3|2|5|0,4,2.4873387471768464
3|2|5|0,5,3.9198770121445263
1|2|0|6,7,0.9696045463266388
1|2|0|6,0,0.6712114932326567
1|2|0|6,6,3.798730513923993
1|2|0|6,4,1.2991987786467536
1|2|0|6,5,1.5306787819311916
1|2|0|6,3,0.8684451894568059
1|2|0|6,2,1.2771277830731407
7|2|0|6,4,0.8081703644964957
7|2|0|6,0,2.1550580289849384
7|2|0|6,1,0.8995303234469508
7|2|0|6,5,0.9073810219631508
7|2|0|6,2,1.2730872413444163
7|2|0|6,6,3.621214883150586
7|2|0|6,3,0.5226871988077987
4|2|0|6,0,1.7671858017575577
4|2|0|6,1,1.2970957441916369
4|2|0|6,5,1.4756681139983499
4|2|0|6,3,0.6421299448142395
4|2|0|6,2,1.5632770545646242
4|2|0|6,6,4.04960520006279
4|2|0|6,7,1.2537962625517334
6|7|1|1,0,-0.9142745415674123
6|7|1|1,4,1.3883036034956253
6|7|1|1,2,-0.5741308531698053
6|7|1|1,3,-0.5581959447142767
6|7|1|1,7,-1.2192217428632661
6|7|1|1,5,1.562097808275254
6|7|1|1,1,5.421795826131188
3|2|2|0,7,2.1720822589444446
3|2|2|0,4,2.5941471723524763
3|2|2|0,6,2.405537952518286
3|2|2|0,5,2.503359082387779
3|2|2|0,2,2.711253549429233
3|2|2|0,0,3.459409297465549
3|2|2|0,1,2.308153602499781
1|2|2|3,5,2.61956497296684
1|2|2|3,2,2.645220549379713
1|2|2|3,7,2.837882007821083
1|2|2|3,3,3.598557907969034
1|2|2|3,6,2.454013779139825
1|2|2|3,4,2.755035611045602
1|2|2|3,0,2.1778551446015624
3|2|7|2,6,2.1012093783829995
3|2|7|2,7,3.3423163185872293
3|2|7|2,4,2.358761584194984
3|2|7|2,5,2.519592888707585
3|2|7|2,0,1.5329346379887816
3|2|7|2,1,1.2868000916816937
3|2|7|2,2,4.043849814348227
1|2|7|2,4,2.352445838482939
1|2|7|2,7,2.6534740329675457
1|2|7|2,3,2.3840556036881955
1|2|7|2,5,1.8942295446397757
1|2|7|2,0,1.9439789023985867
1|2|7|2,2,3.987631781176564
1|2|7|2,6,2.305549498338821
1|3|4|7,0,1.5879523575256584
1|3|4|7,3,0.7357402504397986
1|3|4|7,2,1.9135721232202114
1|3|4|7,4,2.5261272234837486
1|3|4|7,7,5.157412389558767
1|3|4|7,6,1.6621526777366453
1|3|4|7,5,0.29527631200239124
0|3|4|7,3,0.4442149758652546
0|3|4|7,1,1.4510525751900378
0|3|4|7,6,0.4096944965674477
0|3|4|7,5,1.969672497502874
0|3|4|7,2,2.150364933472068
0|3|4|7,7,4.7716619959978015
0|3|4|7,4,1.646566953278398
6|1|0|5,5,3.7264359852302475
6|1|0|5,2,1.9155356929875316
6|1|0|5,0,2.080256249340131
6|1|0|5,4,1.889264454589599
6|1|0|5,1,1.668032719222454
6|1|0|5,3,2.0224208123824994
6|1|0|5,7,3.20717402706192
2|5|3|4,5,-1.1106882761417578
2|5|3|4,3,-0.7884227816821896
2|5|3|4,6,0.6701640083281366
2|5|3|4,0,-1.77696107016424
2|5|3|4,1,-2.5476677486946575
2|5|3|4,4,1.5175964639003534
2|5|3|4,7,-0.0028007034159682753
5|5|3|4,1,-2.2007873670314724
5|5|3|4,0,-0.7766482130205644
5|5|3|4,4,1.9838204340771544
5|5|3|4,2,-0.9518614491268064
5|5|3|4,7,-0.1414519558990746
5|5|3|4,3,-1.6105218918123134
5|5|3|4,6,-1.8750608501864667
1|5|3|4,0,-0.925719465516592
1|5|3|4,4,-1.1546827207175017
1|5|3|4,7,-1.7452286925280414
1|5|3|4,2,-1.1548109495872183
1|5|3|4,3,-1.6970222339458303
1|5|3|4,5,-1.342453116237519
1|5|3|4,6,-1.1922813199319144
0|5|3|4,5,0.0045604529174000236
0|5|3|4,2,-2.9179966470603858
0|5|3|4,1,-2.4282046129154566
0|5|3|4,6,-0.43257399744128466
0|5|3|4,7,-0.917171725120792
0|5|3|4,3,-1.6653277353967146
0|5|3|4,4,0.6506629062162105
1|2|5|3,3,4.398881985843975
1|2|5|3,5,3.698486967593171
1|2|5|3,4,2.5696881064069665
1|2|5|3,2,1.7104414616378822
1|2|5|3,0,1.9854329824253851
1|2|5|3,7,2.686528822068885
1|2|5|3,6,3.0955678147078167
3|2|7|4,7,3.402997498541912
3|2|7|4,6,1.8626333089301716
3|2|7|4,1,1.4595178794684167
3|2|7|4,0,1.35191196937234
3|2|7|4,2,1.7036768710509098
3|2|7|4,5,2.1955398255759744
3|2|7|4,4,4.116806536373851
0|4|3|4,3,-0.6834494484110826
0|4|3|4,7,-0.9666191705263807
0|4|3|4,5,0.4266244138556613
0|4|3|4,4,2.490175520622208
0|4|3|4,6,0.43703297677157854
0|4|3|4,1,0.05642763688507635
0|4|3|4,2,-1.0350225876580201
3|4|3|4,6,-0.3253286451814023
3|4|3|4,5,0.7072972721235214
3|4|3|4,2,-0.0465362028001179
3|4|3|4,0,-0.6743729247112462
3|4|3|4,7,1.9106656800563084
3|4|3|4,4,0.5535838954419812
3|4|3|4,1,0.5735174609583443
2|1|3|4,7,3.22147814792803
2|1|3|4,3,2.348595284017419
2|1|3|4,0,2.2953303097343785
2|1|3|4,4,4.648285403645251
2|1|3|4,5,2.891644830011366
2|1|3|4,6,2.851971590021744
2|1|3|4,1,2.4862866963369825
0|1|3|4,3,2.3785228983904934
0|1|3|4,6,3.0467767900339893
0|1|3|4,4,4.579351804927796
0|1|3|4,1,2.4468363588171083
0|1|3|4,5,2.9051455921717095
0|1|3|4,7,2.5778703618698797
0|1|3|4,2,2.2259352009009037
7|2|3|5,6,0.37915243932632536
7|2|3|5,4,0.5040705129748005
7|2|3|5,3,1.7268568802671462
7|2|3|5,2,1.3501368646100853
7|2|3|5,1,1.0055628745365262
7|2|3|5,0,0.5507074671664481
7|2|3|5,5,4.516787138854017
4|2|0|2,3,1.3190311121463143
4|2|0|2,2,3.6212417862293518
4|2|0|2,0,1.7180820668713739
4|2|0|2,6,2.246624477594043
4|2|0|2,1,1.1085001530670462
4|2|0|2,7,2.0652239903774827
4|2|0|2,5,2.4547877252362755
3|2|0|2,6,2.143876633644812
3|2|0|2,1,1.6483730488296235
3|2|0|2,2,3.654897438164618
3|2|0|2,0,1.9582443395942843
3|2|0|2,7,2.0946171997449707
3|2|0|2,5,2.398946198416578
3|2|0|2,4,2.2198474547573097
0|2|0|2,2,3.202954506380976
0|2|0|2,1,1.768442615713524
0|2|0|2,6,2.3337721437400543
0|2|0|2,5,2.346524575643854
0|2|0|2,3,1.2846958868418583
0|2|0|2,4,2.340097939390372
0|2|0|2,7,2.4898297605870994
2|3|0|5,4,-0.7959719642005497
2|3|0|5,7,0.9100696042825203
2|3|0|5,3,0.801291728430154
2|3|0|5,6,0.5009124778892762
2|3|0|5,5,2.992990459586526
2|3|0|5,1,0.3110439791549907
2|3|0|5,0,1.320691505066511
4|3|3|1,7,1.2505834378077116
4|3|3|1,1,3.5186411281263115
4|3|3|1,3,1.8725385319426973
4|3|3|1,6,1.7078384614471076
4|3|3|1,2,1.5222765372326104
4|3|3|1,0,0.8136289467975855
4|3|3|1,5,1.4930004463226194
0|3|3|1,1,3.683583502859574
0|3|3|1,7,1.5929833820285915
0|3|3|1,6,2.0298546539940285
0|3|3|1,3,2.741806237264902
0|3|3|1,5,1.982698055281935
0|3|3|1,2,1.919163513915573
0|3|3|1,4,2.383885623471147
1|3|5|5,2,2.813848693295166
1|3|5|5,5,4.19419253209725
1|3|5|5,4,3.167219264420452
1|3|5|5,3,2.1521594847988608
1|3|5|5,7,2.2469621987065937
1|3|5|5,0,2.4733023904464515
1|3|5|5,6,1.9383182488641095
4|2|2|3,3,4.229539160444414
4|2|2|3,6,1.9227183416938922
4|2|2|3,7,2.150524272061689
4|2|2|3,0,1.6598034887679434
4|2|2|3,5,1.9221794925955777
4|2|2|3,1,1.8619318611267537
4|2|2|3,2,2.3264079682297867
7|2|4|2,3,2.130550102306795
7|2|4|2,6,1.560071369130314
7|2|4|2,1,1.4054071388343554
7|2|4|2,0,1.677772823584675
7|2|4|2,4,2.7750201882657635
7|2|4|2,2,3.876884641954995
7|2|4|2,5,2.126103780040662
3|3|4|0,6,2.05221696871206
3|3|4|0,1,2.239454130324928
3|3|4|0,2,1.7295280929738384
3|3|4|0,7,2.4498881829356716
3|3|4|0,0,3.941037014515558
3|3|4|0,5,1.9929987800779503
3|3|4|0,4,2.853727121661552
5|1|3|2,2,4.568519402674984
5|1|3|2,0,2.601031551109751
5|1|3|2,1,2.63278562427455
5|1|3|2,3,3.8657640698253815
5|1|3|2,7,2.8829675406587225
5|1|3|2,6,2.6813844196364234
5|1|3|2,4,2.7363718327191213
7|3|3|6,0,-0.20565092144250635
7|3|3|6,1,0.7536811196935503
7|3|3|6,2,0.5932196944013348
7|3|3|6,4,0.6947399084276507
7|3|3|6,5,-0.39102823590539215
7|3|3|6,6,2.4974642232438806
7|3|3|6,3,3.9681205653947416
4|2|6|3,6,2.7331788592971216
4|2|6|3,0,1.6644391140760446
4|2|6|3,5,2.850738765080435
4|2|6|3,1,1.6205003160161051
4|2|6|3,3,4.459732779955442
4|2|6|3,2,1.9707401661283546
4|2|6|3,7,2.248657241308089
6|4|1|3,4,-0.9717123832611365
6|4|1|3,2,-0.5582913966322547
6|4|1|3,7,0.40236956264130647
6|4|1|3,5,-0.12130669928976948
6|4|1|3,1,-0.12982887865189507
6|4|1|3,0,-0.6468442986440521
6|4|1|3,3,2.0677257835238896
6|1|2|4,2,2.3150721690110787
6|1|2|4,1,1.9929610474913835
6|1|2|4,3,2.2750298179338797
6|1|2|4,5,3.509754449366789
6|1|2|4,7,3.1118476069558234
6|1|2|4,0,2.3759039923250986
6|1|2|4,4,4.444907164832394
2|1|2|4,1,2.302183863090865
2|1|2|4,0,2.4537343973890304
2|1|2|4,6,3.1324108075257553
2|1|2|4,7,2.999127528056246
2|1|2|4,5,2.8241696991896155
2|1|2|4,4,4.601686645180233
2|1|2|4,3,2.537359415923774
1|1|2|4,6,2.8373604138882143
1|1|2|4,3,2.472186928581449
1|1|2|4,4,4.503223258552064
1|1|2|4,2,2.4531930160356232
1|1|2|4,7,3.1604354255861793
1|1|2|4,5,3.121901784090073
1|1|2|4,0,2.4279372120483105
3|1|2|4,1,2.433527414683489
3|1|2|4,2,2.5096535409763137
3|1|2|4,5,2.954908211186191
3|1|2|4,7,2.8700595796413357
3|1|2|4,4,4.4914447398334545
3|1|2|4,6,3.064018718195138
3|1|2|4,0,2.4881449710631087
4|3|5|6,1,0.5573635382890303
4|3|5|6,0,2.0532664953695394
4|3|5|6,2,1.8022742957668938
4|3|5|6,6,5.056573724519081
4|3|5|6,3,1.287331361377622
4|3|5|6,7,1.941140345102606
4|3|5|6,5,1.8593903834354935
1|3|5|6,6,5.216961209715823
1|3|5|6,4,2.265294745635739
1|3|5|6,0,1.279896089339841
1|3|5|6,3,1.0298333143934684
1|3|5|6,7,1.8365037800336181
1|3|5|6,2,1.9540113227887954
1|3|5|6,5,1.800707927813744
6|5|5|2,3,-0.03434038785029481
6|5|5|2,1,0.25591858709369264
6|5|5|2,0,-0.7916172630128272
6|5|5|2,5,1.5488224333848097
6|5|5|2,4,0.31069212825103665
6|5|5|2,7,-0.7846693922325998
6|5|5|2,2,2.349690634481138
3|5|5|2,1,-0.17939813529322468
3|5|5|2,6,-0.0365390175095396
3|5|5|2,0,-0.5951329778917265
3|5|5|2,2,0.3179833509223934
3|5|5|2,4,-0.43238738801087984
3|5|5|2,7,0.7553459567357128
3|5|5|2,5,3.8749981538314526
1|5|5|2,2,1.362246520058219
1|5|5|2,4,-1.7166646788100837
1|5|5|2,3,0.615744980208575
1|5|5|2,6,-0.7171634538447729
1|5|5|2,5,3.5841781172151768
1|5|5|2,7,0.5125437855408034
1|5|5|2,0,-0.11320238737427998
2|6|5|5,3,-0.7877369217163819
2|6|5|5,6,1.0699954454875427
2|6|5|5,4,0.36973929120323157
2|6|5|5,0,-0.8685190259695414
2|6|5|5,7,0.699734844365135
2|6|5|5,1,-0.02010268730583028
2|6|5|5,5,5.492732446498841
0|1|7|1,7,3.6524491393163094
0|1|7|1,5,2.6400248234150214
0|1|7|1,6,2.297594118285298
0|1|7|1,1,4.463220619852768
0|1|7|1,4,2.6268371571269005
0|1|7|1,3,2.4014328174518704
0|1|7|1,2,2.8173748125319626
7|3|7|0,2,1.698602438677103
7|3|7|0,6,1.0290361160309602
7|3|7|0,5,1.449086533315644
7|3|7|0,4,1.1320736763304733
7|3|7|0,3,1.3294335144394407
7|3|7|0,0,3.523694970012965
7|3|7|0,1,1.4939364616380362
4|3|7|0,7,1.5621026892282146
4|3|7|0,3,1.8651467435990143
4|3|7|0,6,1.9923483663378412
4|3|7|0,1,0.09337679264845482
4|3|7|0,5,2.4646471108665047
4|3|7|0,2,1.7460251015086483
4|3|7|0,0,2.3266768317599253
1|1|0|5,5,4.202287603883452
1|1|0|5,2,2.1419781949365126
1|1|0|5,0,2.246126640738236
1|1|0|5,3,2.253608247631485
1|1|0|5,4,2.1961747876022
1|1|0|5,6,2.591632518684182
1|1|0|5,7,2.934194978875358
0|7|3|3,2,1.043340924112722
0|7|3|3,7,-0.45657178014312094
0|7|3|3,6,0.7162347182144913
0|7|3|3,4,-1.1021127082459372
0|7|3|3,1,-2.4410839317724986
0|7|3|3,3,3.9317575292827955
0|7|3|3,5,0.907096800570066
3|1|6|0,6,3.4293376555367363
3|1|6|0,2,2.519113963640791
3|1|6|0,1,2.70385353202675
3|1|6|0,5,2.615425213386876
3|1|6|0,7,2.8416083761375086
3|1|6|0,0,4.677079514473643
3|1|6|0,4,2.7656715822417737
5|2|4|4,3,2.8943732086528424
5|2|4|4,1,2.795039239914956
5|2|4|4,4,4.76116384928575
5|2|4|4,6,3.2135840476082143
5|2|4|4,0,2.801742940384158
5|2|4|4,2,2.7468505698105816
5|2|4|4,7,3.419606479811819
7|1|2|4,6,2.996632763361547
7|1|2|4,2,2.2069807540852104
7|1|2|4,1,2.135158387377662
7|1|2|4,0,2.2626778624031836
7|1|2|4,3,2.2754180627044613
7|1|2|4,5,3.0543891837934725
7|1|2|4,4,4.701205302429294
6|2|2|4,1,1.0493015667946202
6|2|2|4,7,1.3887920935362559
6|2|2|4,0,0.6840491715373487
6|2|2|4,2,1.841894793591843
6|2|2|4,4,3.8930477892057302
6|2|2|4,5,1.147012173126153
6|2|2|4,3,1.1165434754380381
1|2|2|4,2,2.392570402832999
1|2|2|4,4,4.212405804279897
1|2|2|4,7,2.414752418205801
1|2|2|4,3,1.9855847989209243
1|2|2|4,5,2.8619194025127377
1|2|2|4,6,2.1084014317137707
1|2|2|4,0,1.97405075575924
2|2|2|0,4,2.292944298007824
2|2|2|0,5,2.5491754129252335
2|2|2|0,6,1.7153265844905659
2|2|2|0,0,3.780170059231836
2|2|2|0,1,2.208282110415078
2|2|2|0,7,2.9497670448952014
2|2|2|0,3,2.5658417973437255
5|2|2|0,0,4.001271976129072
5|2|2|0,2,2.422765504328399
5|2|2|0,3,2.380791392518982
5|2|2|0,1,2.2727300966742225
5|2|2|0,4,2.4648945528863404
5|2|2|0,6,2.555633129857021
5|2|2|0,7,2.550791367805813
7|4|2|1,3,0.325892650963279
7|4|2|1,5,0.17294682434122816
7|4|2|1,4,1.4540022114414368
7|4|2|1,2,1.0938025404025393
7|4|2|1,0,-0.18576027440372467
7|4|2|1,1,2.6572171626601215
7|4|2|1,6,0.08225099662912345
5|3|0|3,4,-0.007017045148429071
5|3|0|3,6,0.6393955073815325
5|3|0|3,1,0.43576060819656526
5|3|0|3,2,0.7304527829691314
5|3|0|3,3,2.931493383870682
5|3|0|3,7,1.1368605273459866
5|3|0|3,0,0.5422408134975591
3|1|7|7,6,2.916332190147876
3|1|7|7,7,5.21107901632666
3|1|7|7,0,2.9516165966361103
3|1|7|7,4,2.985663555187744
3|1|7|7,2,2.9208586846987714
3|1|7|7,5,2.913926053911949
3|1|7|7,1,2.818896296587359
7|3|3|5,2,0.9638780565524754
7|3|3|5,1,-0.13636225775626162
7|3|3|5,6,0.4945087635474362
7|3|3|5,3,2.216062264879913
7|3|3|5,5,3.6184412004844395
7|3|3|5,4,1.0666037504528785
7|3|3|5,0,0.7882481802621577
2|3|3|5,7,1.471147776644717
2|3|3|5,6,0.4414713061093488
2|3|3|5,1,1.1578651599798488
2|3|3|5,4,0.7461044204969435
2|3|3|5,0,0.8781552698537215
2|3|3|5,5,3.7281635800833546
2|3|3|5,3,2.2397127852346577
1|3|3|5,3,2.8759984849717015
1|3|3|5,5,3.678753900084646
1|3|3|5,7,1.5503787486506078
1|3|3|5,0,-0.31986976267990685
1|3|3|5,6,0.9390501769767848
1|3|3|5,2,1.389434612987904
1|3|3|5,4,0.9299622117386382
2|2|2|7,1,0.9642525107039737
2|2|2|7,5,1.4534300294102007
2|2|2|7,6,1.0914306970768421
2|2|2|7,3,1.090345466009263
2|2|2|7,0,1.3406902916756736
2|2|2|7,4,1.5336832413416348
2|2|2|7,7,4.131058350820682
1|2|2|7,0,1.961496763046777
1|2|2|7,4,1.7144987906136544
1|2|2|7,2,1.2722345283859726
1|2|2|7,7,4.514099044548042
1|2|2|7,5,1.5393614599870467
1|2|2|7,6,1.4372639765350808
1|2|2|7,3,1.910081597424122
0|2|2|7,3,2.069736170245234
0|2|2|7,2,2.289254088201547
0|2|2|7,4,1.0438051006360252
0|2|2|7,1,1.7612993788546831
0|2|2|7,7,4.401198619529008
0|2|2|7,5,1.940699744447515
0|2|2|7,6,1.2519159742252124
3|3|2|7,1,0.42955642585899667
3|3|2|7,5,0.8127685875063345
3|3|2|7,0,1.2141638860618769
3|3|2|7,6,-0.4417672733528939
3|3|2|7,7,3.535885044469672
3|3|2|7,2,1.075837199175166
3|3|2|7,4,0.8411085651961353
1|4|2|7,7,0.7533732248399699
1|4|2|7,5,0.06864029328537859
1|4|2|7,6,1.5833901129617471
1|4|2|7,2,0.5760323480605847
1|4|2|7,0,-0.2862703656458821
1|4|2|7,4,-0.21076734256113333
1|4|2|7,3,0.2745378568288702
4|3|5|2,1,1.289240435864812
4|3|5|2,5,2.7098689591040843
4|3|5|2,7,2.2455623782352396
4|3|5|2,2,3.781813650087241
4|3|5|2,6,0.966130913723421
4|3|5|2,3,1.801456675658232
4|3|5|2,0,0.6587141377581003
5|4|1|2,7,-0.15324388193994132
5|4|1|2,3,-0.7483120177890311
5|4|1|2,4,9.165946869815755e-05
5|4|1|2,6,0.43837512186127253
5|4|1|2,0,-0.4036969816256083
5|4|1|2,2,1.9615525381789731
5|4|1|2,1,0.011762655812490891
7|5|1|2,5,-0.1255812261595945
7|5|1|2,2,1.7999804838841733
7|5|1|2,6,-0.09982508717608402
7|5|1|2,4,-1.4241243238082086
7|5|1|2,1,-0.2617754399213726
7|5|1|2,3,-0.1399453406480079
7|5|1|2,0,-0.893940161878199
4|1|5|0,5,3.2174280010562577
4|1|5|0,7,2.9877061352741343
4|1|5|0,0,4.700757790098146
4|1|5|0,1,2.787677605740873
4|1|5|0,2,2.837915448447425
4|1|5|0,3,2.7253627974507095
4|1|5|0,6,2.8367735137647925
1|5|3|3,5,-0.2616039443605864
1|5|3|3,0,-0.6180387682353949
1|5|3|3,3,3.8403261850737582
1|5|3|3,2,0.380868177614709
1|5|3|3,6,-0.8255783356659536
1|5|3|3,7,0.8832540740177263
1|5|3|3,4,1.1432085965130543
6|3|7|0,4,1.1953737265810078
6|3|7|0,5,1.9312236105249678
6|3|7|0,3,1.8725690178264867
6|3|7|0,0,2.6277899441867505
6|3|7|0,1,0.34217629214343737
6|3|7|0,7,2.8374853695853437
6|3|7|0,2,2.0091945462226257
3|4|7|0,5,1.1163860317283643
3|4|7|0,6,0.7789829399764359
3|4|7|0,2,0.8193919933893885
3|4|7|0,0,2.7827729574285804
3|4|7|0,7,1.615796692531016
3|4|7|0,4,1.8624763136125018
3|4|7|0,1,-0.3847147716256808
4|4|7|0,6,0.4522069434129737
4|4|7|0,1,1.506966381688525
4|4|7|0,2,0.7654052650278002
4|4|7|0,0,3.7361947439706085
4|4|7|0,5,1.9020903488807632
4|4|7|0,3,0.9372577388596134
4|4|7|0,7,2.1574128611229577
6|4|7|0,3,0.6272291464557285
6|4|7|0,7,2.4125049593081167
6|4|7|0,5,1.229064042914358
6|4|7|0,4,2.135087045174089
6|4|7|0,0,1.3323470159178794
6|4|7|0,1,1.7467702147990538
6|4|7|0,2,0.6514103525853447
2|5|7|7,4,2.011869016907783
2|5|7|7,0,0.5935734500975288
2|5|7|7,5,1.0873813714892266
2|5|7|7,1,0.9763322078316259
2|5|7|7,6,1.775134708026037
2|5|7|7,3,0.947496172320652
2|5|7|7,7,4.6211781220120525
0|5|7|7,1,1.7426626829350342
0|5|7|7,3,0.9005651118361871
0|5|7|7,6,2.023577637739367
0|5|7|7,7,4.823433948991054
0|5|7|7,2,1.9832826983936365
0|5|7|7,4,0.7951167013239262
0|5|7|7,5,2.5371029602361914
0|5|5|5,4,1.2963307095187584
0|5|5|5,7,1.2790271665794952
0|5|5|5,3,1.75296702089073
0|5|5|5,5,4.6487372849012765
0|5|5|5,6,2.217344517459844
0|5|5|5,2,1.5068399213737311
0|5|5|5,1,0.48271196162408425
0|3|6|1,7,2.24733661717092
0|3|6|1,5,2.017014074456293
0|3|6|1,3,2.3411856822066373
0|3|6|1,1,3.473897975863873
0|3|6|1,2,2.001718502676545
0|3|6|1,6,3.0199870975795284
0|3|6|1,4,2.3915447714065743
7|3|6|1,0,0.6423557096208155
7|3|6|1,4,0.48763018380225476
7|3|6|1,3,1.266851273383798
7|3|6|1,2,0.8554640648871791
7|3|6|1,5,1.624779486687818
7|3|6|1,6,2.6497946298311863
7|3|6|1,1,3.166903128531274
5|3|6|1,3,1.9795445101952307
5|3|6|1,0,1.350402262354737
5|3|6|1,7,2.3450607072260086
5|3|6|1,4,2.0703815608522316
5|3|6|1,1,3.6073903052745084
5|3|6|1,6,2.9467035900203746
5|3|6|1,2,1.4273800693647867
3|3|6|1,5,2.0028048123129603
3|3|6|1,4,1.948257545773039
3|3|6|1,1,3.692986463364884
3|3|6|1,6,2.258957217119271
3|3|6|1,2,2.003568518493948
3|3|6|1,7,1.479761535793692
3|3|6|1,0,0.8541494243363742
0|2|6|5,4,0.6769227395331078
0|2|6|5,6,2.7179811560524514
0|2|6|5,5,4.55780417340818
0|2|6|5,1,1.6397827255671817
0|2|6|5,2,1.622718897378705
0|2|6|5,7,2.755344313679665
0|2|6|5,3,1.2973607468300365
4|2|6|5,7,2.1717952819863884
4|2|6|5,0,1.3353305343288757
4|2|6|5,1,1.3755438354974963
4|2|6|5,3,1.1510375423784198
4|2|6|5,6,3.6515518624442747
4|2|6|5,5,3.203064929377497
4|2|6|5,2,1.3507601213055986
0|6|7|7,7,4.062682732613827
0|6|7|7,6,3.1389634284740775
0|6|7|7,3,0.6338488353019888
0|6|7|7,2,1.9102665739642752
0|6|7|7,1,1.9879645647485693
0|6|7|7,5,4.441889748665205
0|6|7|7,4,0.733905880240204
7|8|2|2,4,0.907603460649311
7|8|2|2,6,0.5573740565505664
7|8|2|2,1,2.645575211452121
7|8|2|2,2,10.999999999999982
7|8|2|2,5,1.4248144138113177
7|8|2|2,0,2.5005593759212035
7|8|2|2,3,1.3911146800099388
6|4|7|2,5,0.08950356337931227
6|4|7|2,7,2.3282967100658967
6|4|7|2,1,0.581850735796925
6|4|7|2,3,-0.40562320995244844
6|4|7|2,4,1.6715801462141395
6|4|7|2,0,0.4157768148838402
6|4|7|2,2,3.4425070664752195
5|1|5|6,3,1.3914299258699392
5|1|5|6,6,4.70818038913883
5|1|5|6,2,1.21363923163947
5|1|5|6,1,1.310619315053545
5|1|5|6,7,2.006355417251163
5|1|5|6,4,1.783125996793849
5|1|5|6,0,0.9187356619780931
3|1|5|6,6,4.228836249369483
3|1|5|6,7,2.1131374800864617
3|1|5|6,0,0.8662241305961609
3|1|5|6,2,1.2747854232952445
3|1|5|6,4,1.4773230802239472
3|1|5|6,1,1.6620380167244238
3|1|5|6,5,1.3790353234625623
6|3|5|1,2,1.1096315886598254
6|3|5|1,3,1.3978159216495074
6|3|5|1,4,1.6501814188591477
6|3|5|1,5,2.426690482917224
6|3|5|1,7,1.0885411080757337
6|3|5|1,0,1.2284375999624395
6|3|5|1,1,3.092828131297046
2|4|5|0,6,1.5078649812171978
2|4|5|0,4,1.3660590934749355
2|4|5|0,1,0.5887316062019932
2|4|5|0,5,2.4328864508517936
2|4|5|0,0,1.7734423905198604
2|4|5|0,7,1.443759280993911
2|4|5|0,3,1.996805391041452
6|4|5|0,0,1.6539877939864316
6|4|5|0,4,0.2296052314828859
6|4|5|0,5,1.8566713848784122
6|4|5|0,7,1.283408957199851
6|4|5|0,2,0.0009635038765529735
6|4|5|0,1,1.7074000623986558
6|4|5|0,3,1.3771144176534205
5|3|0|7,2,0.6243717315986186
5|3|0|7,6,-0.6140975871405536
5|3|0|7,7,2.8214379601287716
5|3|0|7,0,1.4410574191562233
5|3|0|7,4,0.06322687829952493
5|3|0|7,3,-0.020042109957466137
5|3|0|7,1,0.5487153747682596
2|3|0|7,4,0.18764264975105605
2|3|0|7,5,0.43450878198283777
2|3|0|7,3,0.701106726169442
2|3|0|7,7,3.410135244841945
2|3|0|7,0,1.4297783173948393
2|3|0|7,6,0.7918967111255146
2|3|0|7,1,0.7567418416134518
4|3|0|7,1,0.7420818941352423
4|3|0|7,6,0.6994135407779591
4|3|0|7,5,0.5835860535051407
4|3|0|7,7,3.3155263915007605
4|3|0|7,0,0.7562802258436828
4|3|0|7,2,0.4867337515472623
4|3|0|7,3,0.23415143932443055
1|3|0|7,5,0.7071220074849072
1|3|0|7,2,0.7984690366510782
1|3|0|7,7,3.497012834148759
1|3|0|7,3,0.5859866368483496
1|3|0|7,0,1.6906810921111115
1|3|0|7,4,0.9420691505006293
1|3|0|7,6,0.5734964394893648
6|3|0|7,0,0.2951637612496625
6|3|0|7,3,0.05892762550041862
6|3|0|7,4,-0.07306050165642652
6|3|0|7,1,0.9154345636077873
6|3|0|7,7,3.3385697270212265
6|3|0|7,2,0.23026118089576442
6|3|0|7,5,0.49702191510599747
3|4|4|0,4,2.073963349541425
3|4|4|0,0,2.609699997142167
3|4|4|0,2,0.3374064979943846
3|4|4|0,6,1.7378151054680038
3|4|4|0,1,0.7577453150677464
3|4|4|0,7,0.781628799644488
3|4|4|0,5,1.2700455862790458
6|3|0|3,2,0.34730792479063954
6|3|0|3,5,0.25784752588915766
6|3|0|3,1,-0.4916730792367233
6|3|0|3,0,0.1861550950834585
6|3|0|3,4,0.6472119929276311
6|3|0|3,3,2.66831773337288
6|3|0|3,7,0.752161768739798
2|3|0|3,6,1.333291626061521
2|3|0|3,0,0.34934367978315917
2|3|0|3,3,2.5351863575375777
2|3|0|3,4,1.4440382300743755
2|3|0|3,7,1.2481185379106052
2|3|0|3,5,1.670330388163115
2|3|0|3,1,0.9895837666055345
0|3|1|3,2,1.0301324171010404
0|3|1|3,3,2.668935736494236
0|3|1|3,5,1.6575912309867746
0|3|1|3,7,1.0733365997664603
0|3|1|3,1,1.5067046722620303
0|3|1|3,4,1.473027591697333
0|3|1|3,6,1.8563495396768903
2|3|1|3,7,1.3182274205086362
2|3|1|3,6,1.7870331365820256
2|3|1|3,1,0.3232893671064231
2|3|1|3,4,0.9063666669327288
2|3|1|3,3,2.5869174358411766
2|3|1|3,5,1.8822674669199875
2|3|1|3,0,0.3627488094032699
7|4|1|3,3,1.8008579077475018
7|4|1|3,0,-0.981628971811384
7|4|1|3,6,-0.05679840305530047
7|4|1|3,4,-0.8773979480380747
7|4|1|3,2,-0.15075748913255893
7|4|1|3,5,0.46623554720274946
7|4|1|3,1,-0.8042371617362707
7|1|5|6,0,0.04352330663344563
7|1|5|6,3,2.381890583244685
7|1|5|6,4,0.8466216634283255
7|1|5|6,1,0.6305532276759263
7|1|5|6,5,1.0666121955131542
7|1|5|6,2,0.5999916848730805
7|1|5|6,6,1.2674274519748714
0|1|5|6,5,1.4013924903484127
0|1|5|6,7,3.462147984996395
0|1|5|6,6,2.388018814378063
0|1|5|6,3,1.291488744019484
0|1|5|6,2,0.8707390996762454
0|1|5|6,4,1.6074101654092907
0|1|5|6,1,1.3326112838856097
1|4|5|7,3,0.7602679443590185
1|4|5|7,5,0.41680693994736223
1|4|5|7,6,0.5319896590703601
1|4|5|7,0,0.6815876995180875
1|4|5|7,4,-0.15749438772596297
1|4|5|7,2,0.21896461579875137
1|4|5|7,7,4.970783102029241
3|4|5|7,4,-0.49262004905569945
3|4|5|7,0,1.237372022111823
3|4|5|7,2,1.6173706294752939
3|4|5|7,5,0.9280126957626651
3|4|5|7,1,0.6195099732852578
3|4|5|7,7,6.236954344807687
3|4|5|7,6,0.3825399626404793
0|7|7|7,1,2.0703668540263296
0|7|7|7,2,-0.3598458296333915
0|7|7|7,7,11.999999775424051
0|7|7|7,5,1.8328929026746243
0|7|7|7,4,3.748438472152045
0|7|7|7,6,2.4102338421312006
0|7|7|7,3,1.993661851324587
1|7|7|7,5,2.414571539558991
1|7|7|7,6,0.9764225766933837
1|7|7|7,4,1.803650387317483
1|7|7|7,3,2.343284940899941
1|7|7|7,7,11.999999974056825
1|7|7|7,0,2.039362580175562
1|7|7|7,2,1.0302398422101076
5|7|7|7,2,3.9045000583762013
5|7|7|7,1,3.0696761603234592
5|7|7|7,3,3.550004680136753
5|7|7|7,7,11.999999999999691
5|7|7|7,6,1.8326256360060929
5|7|7|7,0,3.786078123062276
5|7|7|7,4,4.912840661655609
2|8|4|4,1,1.0419052157234334
2|8|4|4,3,-3.161961917596512
2|8|4|4,5,0.518350246662122
2|8|4|4,6,-0.8654498227405922
2|8|4|4,0,1.2251628547013558
2|8|4|4,7,0.9377575886325762
2|8|4|4,4,10.999999999999982
5|1|5|1,4,2.563249948607476
5|1|5|1,0,2.4304605314307075
5|1|5|1,2,2.6204455166915737
5|1|5|1,3,3.005328761269016
5|1|5|1,7,2.7298113578625967
5|1|5|1,6,2.7734407885208716
5|1|5|1,1,4.715580500253752
7|3|7|5,1,-0.2893915671049183
7|3|7|5,2,-0.041846856442343
7|3|7|5,5,0.6369076617280504
7|3|7|5,3,0.03141869526796065
7|3|7|5,0,-0.5
7|3|7|5,6,0.03831455074401349
7|3|7|5,4,0.04341439889546046
1|3|7|5,2,0.4379998170998143
1|3|7|5,6,1.971764518346952
1|3|7|5,5,3.7350687990339413
1|3|7|5,3,0.3245948328540013
1|3|7|5,4,1.035769231353008
1|3|7|5,0,0.7890745559557149
1|3|7|5,7,2.7861594456303234
2|4|7|5,1,-0.575673837818178
2|4|7|5,5,1.7099171720658388
2|4|7|5,7,2.8346028423401517
2|4|7|5,0,-0.6367992581519721
2|4|7|5,4,-0.5634074986438016
2|4|7|5,3,0.21627543527163418
2|4|7|5,6,1.4308107296060937
1|4|7|5,3,-0.35563554346970755
1|4|7|5,7,2.9340505019258996
1|4|7|5,2,-0.8584981293429879
1|4|7|5,5,1.863304215039527
1|4|7|5,6,1.5558681610543106
1|4|7|5,4,0.3796541032816294
1|4|7|5,0,-0.28244867784199196
3|4|7|5,4,-0.7367530439417899
3|4|7|5,1,-0.6179682980756418
3|4|7|5,0,0.47926553151206386
3|4|7|5,6,2.57893789501874
3|4|7|5,2,0.0640854253586012
3|4|7|5,7,2.3377941408838643
3|4|7|5,5,1.7506001147341725
4|7|0|0,6,0.10036230217092812
4|7|0|0,0,6.370649136259949
4|7|0|0,2,0.6875861724332384
4|7|0|0,3,-0.08657509334167389
4|7|0|0,5,-0.23743669370361123
4|7|0|0,1,0.07814546348940386
4|7|0|0,7,0.0769320120853304
5|4|2|0,2,1.7292984463325287
5|4|2|0,1,-0.05529389922143752
5|4|2|0,0,1.6095857433559269
5|4|2|0,4,-0.018634749235660455
5|4|2|0,6,1.0266881539213812
5|4|2|0,7,-0.28230321315692636
5|4|2|0,3,0.6359812423611959
4|1|2|3,3,4.496446253470309
4|1|2|3,1,1.8842423845147904
4|1|2|3,5,3.018440048366473
4|1|2|3,0,2.393827107401478
4|1|2|3,2,2.432650337272416
4|1|2|3,7,3.1731796316615206
4|1|2|3,6,2.8297675784059826
1|5|4|4,5,1.0706901422632495
1|5|4|4,3,0.8318174239264001
1|5|4|4,6,1.6429272909407284
1|5|4|4,2,1.2294301706004573
1|5|4|4,4,2.7388080822454586
1|5|4|4,0,-0.8773044147107051
1|5|4|4,7,0.3874536666646693
7|3|4|0,6,1.1537586870465515
7|3|4|0,3,1.9038757539051119
7|3|4|0,5,2.276281383929202
7|3|4|0,2,1.2450265240565328
7|3|4|0,1,1.486223323253793
7|3|4|0,4,2.5155109235225694
7|3|4|0,0,3.591951748430522
1|4|4|0,2,0.4183937189092452
1|4|4|0,3,0.9571778094475232
1|4|4|0,4,2.266063088384395
1|4|4|0,7,1.1538523071910831
1|4|4|0,5,0.9501746284181126
1|4|4|0,0,2.9395696414518304
1|4|4|0,6,2.109338291730627
2|4|4|0,6,1.1477712601008292
2|4|4|0,4,1.7210465243021742
2|4|4|0,1,0.7967204122613818
2|4|4|0,5,0.8791591125961323
2|4|4|0,7,0.5856780831294065
2|4|4|0,0,3.126339796832016
2|4|4|0,3,0.7062077548956031
6|4|4|0,3,1.6183063755871572
6|4|4|0,0,3.0522716968487424
6|4|4|0,2,1.240308361302951
6|4|4|0,7,1.4159541860224247
6|4|4|0,1,0.12202513233425477
6|4|4|0,5,0.7894415469879633
6|4|4|0,4,1.8235665448092282
2|3|1|0,7,1.5875550248158192
2|3|1|0,6,1.5870750759973926
2|3|1|0,1,2.4520519472277367
2|3|1|0,0,2.963265292631843
2|3|1|0,4,1.8205187337585154
2|3|1|0,5,1.4962025876705758
2|3|1|0,3,1.4281554585521625
3|3|1|0,2,1.0440859265725764
3|3|1|0,4,1.4603126122053571
3|3|1|0,0,2.482987080596277
3|3|1|0,1,2.8002376469705403
3|3|1|0,5,1.0651951469886387
3|3|1|0,6,1.0707708369596338
3|3|1|0,7,1.3321388309091184
2|2|3|0,6,2.6680540097433183
2|2|3|0,0,3.9467167464063313
2|2|3|0,3,2.6178143598836034
2|2|3|0,7,2.5763215533959576
2|2|3|0,4,2.5362083794914385
2|2|3|0,1,2.5055222878242667
2|2|3|0,5,2.441763821929524
3|4|5|0,1,1.3640744908236968
3|4|5|0,6,0.2271623395695213
3|4|5|0,5,1.7790118052678174
3|4|5|0,2,1.3725009685289147
3|4|5|0,7,1.1056710287875948
3|4|5|0,4,1.1119251695625798
3|4|5|0,0,3.250252670807655
5|1|0|3,4,3.0947590758481387
5|1|0|3,3,4.236770509232412
5|1|0|3,2,2.2557940877415534
5|1|0|3,1,2.2519032275583197
5|1|0|3,6,2.8412721248475377
5|1|0|3,0,2.315772945551213
5|1|0|3,7,2.7699092774955494
6|1|0|3,0,2.2928704285530697
6|1|0|3,3,4.238662294705846
6|1|0|3,4,2.7842693126975777
6|1|0|3,5,2.746482484302179
6|1|0|3,1,2.231062570421095
6|1|0|3,7,2.9171551009192895
6|1|0|3,2,2.2661057459595764
1|1|1|3,5,2.7200754215273366
1|1|1|3,0,2.447227033682117
1|1|1|3,6,2.732268668978823
1|1|1|3,4,2.674717782435246
1|1|1|3,2,2.469088018058234
1|1|1|3,7,2.816916869524995
1|1|1|3,3,4.421565797061959
4|2|1|0,1,2.93666557878774
4|2|1|0,7,2.2826806823940786
4|2|1|0,3,1.7218824738553027
4|2|1|0,0,3.7364782089672426
4|2|1|0,6,2.2815840239101846
4|2|1|0,2,2.0114121626709385
4|2|1|0,5,1.9353306760466926
6|1|1|5,4,2.1917015063431022
6|1|1|5,3,1.8935111742461948
6|1|1|5,0,2.044043767404286
6|1|1|5,7,3.089347341402467
6|1|1|5,5,4.358072440785863
6|1|1|5,2,1.8857104287169881
6|1|1|5,1,1.8620634268725749
7|2|1|4,5,1.6355773880421072
7|2|1|4,3,1.233918857894028
7|2|1|4,0,1.3818231949178938
7|2|1|4,2,1.367797484710435
7|2|1|4,6,1.4294408034491006
7|2|1|4,4,3.9535133981051143
7|2|1|4,1,2.0856496628243213
5|3|1|6,6,3.8253854976086625
5|3|1|6,0,0.053228752641713215
5|3|1|6,4,0.5195001388316887
5|3|1|6,2,0.7447795896756856
5|3|1|6,7,0.3842811608099623
5|3|1|6,3,0.36237247340619405
5|3|1|6,1,1.1203722939807632
6|5|1|0,0,1.3526364239416746
6|5|1|0,2,-0.8011088823810075
6|5|1|0,4,-0.10108225015415184
6|5|1|0,1,3.445414434800178
6|5|1|0,3,-0.5379335441533838
6|5|1|0,5,0.24984290066980291
6|5|1|0,7,-0.22925137396794487
0|3|7|2,5,2.133003924728555
0|3|7|2,7,2.056216847896472
0|3|7|2,4,1.2889218679438597
0|3|7|2,6,1.8074914387556955
0|3|7|2,2,3.3838144023079417
0|3|7|2,1,1.128896954929545
0|3|7|2,3,0.936810435423176
2|5|7|0,7,4.307214508809866
2|5|7|0,5,0.8547048449171033
2|5|7|0,6,-0.6232910021867848
2|5|7|0,4,0.5915867565092747
2|5|7|0,0,2.1221433383816537
2|5|7|0,1,-0.33113402871512365
2|5|7|0,3,0.37584773480867284
2|1|6|1,3,2.728343935032715
2|1|6|1,6,3.339352762737779
2|1|6|1,7,2.784464360399084
2|1|6|1,1,4.644538088850006
2|1|6|1,0,2.506859779377337
2|1|6|1,5,2.7632626758049597
2|1|6|1,4,2.842263425168381
2|2|6|0,6,3.3468105171839735
2|2|6|0,0,4.067747439837048
2|2|6|0,5,2.6900286220248693
2|2|6|0,3,2.4065899487403675
2|2|6|0,1,2.7502646365622923
2|2|6|0,4,2.748954225071474
2|2|6|0,7,2.850138021216145
5|3|7|0,2,0.8217523117648983
5|3|7|0,4,1.0659748982800967
5|3|7|0,0,3.553911051778034
5|3|7|0,3,1.4681792629691721
5|3|7|0,6,1.2747522740994963
5|3|7|0,1,0.8197475407705437
5|3|7|0,7,2.015940500341349
2|2|7|1,4,2.497605862182858
2|2|7|1,7,3.3223332505294128
2|2|7|1,0,1.9397013452178828
2|2|7|1,3,1.647859861985607
2|2|7|1,6,2.068929750878199
2|2|7|1,5,2.4993349134088523
2|2|7|1,1,4.017661145166116
5|1|6|1,7,2.9160148585599552
5|1|6|1,3,2.9636425001005247
5|1|6|1,4,2.9071047544728006
5|1|6|1,2,2.6806601129257106
5|1|6|1,1,4.727942513897234
5|1|6|1,0,2.4708021726021503
5|1|6|1,6,3.2809855988580785
1|2|6|6,2,3.0945427902437097
1|2|6|6,6,4.778613800673392
1|2|6|6,4,3.055360372626771
1|2|6|6,7,2.6773749626321237
1|2|6|6,5,3.0012858635513333
1|2|6|6,3,3.0139675049851418
1|2|6|6,0,2.9886986575114194
6|2|1|3,5,1.467609353906466
6|2|1|3,1,1.3546752300098215
6|2|1|3,2,1.3590234245836363
6|2|1|3,3,1.161752564674336
6|2|1|3,4,1.8021850437351024
6|2|1|3,0,1.3761331781367896
6|2|1|3,7,1.6144993875526907
5|4|0|1,1,1.8077333217142888
5|4|0|1,3,-0.7602635288953247
5|4|0|1,4,0.5843434294021634
5|4|0|1,2,0.060874002057444136
5|4|0|1,6,-0.2927677666841108
5|4|0|1,7,0.2390833942542556
5|4|0|1,0,-0.3901109789783988
2|6|0|3,7,-1.5542947645712875
2|6|0|3,3,1.593301723260803
2|6|0|3,5,-0.7328928085458746
2|6|0|3,4,-1.8924704187791739
2|6|0|3,6,-0.21694828312222939
2|6|0|3,0,-1.6075531612489395
2|6|0|3,1,-1.1472073997839334
7|6|0|3,5,-2.3881283919840444
7|6|0|3,4,-1.9698387937318524
7|6|0|3,1,-2.0888177092375866
7|6|0|3,2,-2.2607531268116166
7|6|0|3,0,-1.65506012259219
7|6|0|3,6,-1.3237157573501486
7|6|0|3,3,1.0273927611018605
6|2|5|2,2,4.125499091720434
6|2|5|2,4,2.1894037487000477
6|2|5|2,5,3.2602925039337283
6|2|5|2,3,2.523924807860542
6|2|5|2,7,2.3921075795691245
6|2|5|2,0,1.8338969334716084
6|2|5|2,1,1.5688405721718062
1|1|2|0,4,2.770910846684906
1|1|2|0,3,2.5420735894555886
1|1|2|0,0,4.424868413092607
1|1|2|0,6,2.6754077362632227
1|1|2|0,7,2.863979198580667
1|1|2|0,2,3.3245328746998704
1|1|2|0,5,2.528225035227661
7|3|2|1,6,1.5561988457996265
7|3|2|1,5,1.4566812580871291
7|3|2|1,1,3.447902898768675
7|3|2|1,0,0.7120760827399085
7|3|2|1,3,1.0255663834020239
7|3|2|1,4,1.6700258501124643
7|3|2|1,2,2.1235555551173357
1|3|6|0,0,3.7763825939978215
1|3|6|0,6,3.0283558031730973
1|3|6|0,3,0.8459435411229314
1|3|6|0,5,2.052535592977042
1|3|6|0,4,2.090358775728151
1|3|6|0,2,2.1480900315692995
1|3|6|0,7,2.22285865927789
0|4|6|2,5,2.376100201644911
0|4|6|2,2,3.9515222055389216
0|4|6|2,4,1.6419275416691599
0|4|6|2,3,1.0023005739877693
0|4|6|2,7,1.5705516335058092
0|4|6|2,6,2.5323174699160327
0|4|6|2,1,0.250492464789587
5|3|1|2,1,-0.16006555432441855
5|3|1|2,4,1.255610333362144
5|3|1|2,6,1.3555858358658097
5|3|1|2,2,2.6366622022988677
5|3|1|2,0,0.36444915313384013
5|3|1|2,7,1.2167792006224072
5|3|1|2,3,1.3554354190219173
5|4|3|0,2,1.0016616221901646
5|4|3|0,4,-0.2742836928596524
5|4|3|0,3,1.708959556092382
5|4|3|0,1,0.5075196781563687
5|4|3|0,6,0.6032318350052981
5|4|3|0,7,1.1536347563911202
5|4|3|0,0,1.548004542031471
1|2|6|2,5,2.801079586593219
1|2|6|2,4,2.786060520540799
1|2|6|2,6,3.5109077468380994
1|2|6|2,7,2.6012878119660914
1|2|6|2,2,4.267037160013602
1|2|6|2,0,2.298348724558037
1|2|6|2,3,2.6672903716816814
3|2|6|2,2,4.331085453284362
3|2|6|2,5,2.411171461130715
3|2|6|2,4,2.5968355501645846
3|2|6|2,7,2.43308379176665
3|2|6|2,1,2.0298739409948334
3|2|6|2,6,2.7509943177097127
3|2|6|2,0,2.0445364507868247
2|3|6|3,4,1.5636288910488911
2|3|6|3,1,1.4154890256393713
2|3|6|3,6,2.9400635583349755
2|3|6|3,5,1.6596053084674098
2|3|6|3,3,3.829762327465568
2|3|6|3,7,2.646688980599087
2|3|6|3,0,1.2863491239612381
0|7|4|4,2,-1.7630946956206566
0|7|4|4,7,-0.9260239228460272
0|7|4|4,3,-2.540007991767704
0|7|4|4,1,-2.0327756244254473
0|7|4|4,4,5.460365710214234
0|7|4|4,6,0.20569475261558934
0|7|4|4,5,1.3897469094715216
5|1|4|2,7,2.7572888676742577
5|1|4|2,6,2.847065168743757
5|1|4|2,0,2.455365409501158
5|1|4|2,1,2.5162414289826907
5|1|4|2,2,4.6987499924327345
5|1|4|2,4,3.662543279450963
5|1|4|2,3,2.7099927355105637
7|2|4|1,6,2.2469089376793976
7|2|4|1,2,1.9413656893434619
7|2|4|1,3,2.4099260035207144
7|2|4|1,4,3.2470712299886846
7|2|4|1,5,2.5491992658885128
7|2|4|1,1,4.251625188152603
7|2|4|1,0,1.9690355725281372
6|2|4|1,4,3.2246363246395653
6|2|4|1,0,2.01927026259798
6|2|4|1,3,2.3464909610201814
6|2|4|1,1,4.26521353658816
6|2|4|1,5,2.0021648702710597
6|2|4|1,7,2.7968871134028133
6|2|4|1,2,1.7483175027779447
7|1|1|4,0,2.052395564910023
7|1|1|4,5,2.861290487865042
7|1|1|4,6,2.94877362747595
7|1|1|4,4,4.419687725654517
7|1|1|4,3,2.336536049125375
7|1|1|4,1,2.2160715301516607
7|1|1|4,2,2.3636244632954857
4|7|5|5,6,0.3912398369642641
4|7|5|5,0,-2.4755410921938767
4|7|5|5,3,-1.6137447475723905
4|7|5|5,5,1.2185719256521301
4|7|5|5,7,0.8800699911972931
4|7|5|5,2,-0.9085590389141046
4|7|5|5,1,-2.352765864129581
1|2|0|3,3,3.4351819748110866
1|2|0|3,4,2.177135181739231
1|2|0|3,0,1.7676735711670661
1|2|0|3,6,2.3651509653043257
1|2|0|3,7,2.2313622228299064
1|2|0|3,2,1.80845471953217
1|2|0|3,5,2.0880856737741103
7|1|1|5,2,2.1476073855083966
7|1|1|5,5,4.551608751004648
7|1|1|5,1,1.8905453793710725
7|1|1|5,3,1.4987413468845838
7|1|1|5,0,2.0464559977292973
7|1|1|5,4,2.0201692965628832
7|1|1|5,6,3.331819887832188
2|2|2|1,4,2.923631724578206
2|2|2|1,6,1.783171838129491
2|2|2|1,1,2.407750523850336
2|2|2|1,0,1.8861480009259817
2|2|2|1,5,2.3728078507154153
2|2|2|1,3,2.0875436874684903
2|2|2|1,7,2.4874182762948713
4|3|2|7,2,2.2063288633577742
4|3|2|7,3,1.0728079094678673
4|3|2|7,1,1.0702848259759583
4|3|2|7,7,4.093591729738439
4|3|2|7,0,1.3919464069783134
4|3|2|7,5,1.256546611962929
4|3|2|7,6,0.17477449063773592
2|3|2|7,1,0.12650720736609733
2|3|2|7,7,4.073775668283958
2|3|2|7,5,0.6715525730725347
2|3|2|7,3,-0.0283610252352689
2|3|2|7,4,-0.30034120533097586
2|3|2|7,0,0.9425324334307558
2|3|2|7,6,0.8984999616155659
0|1|6|1,2,2.9582874869413587
0|1|6|1,7,2.7936357146150237
0|1|6|1,4,2.968492722436301
0|1|6|1,6,3.4558579250914483
0|1|6|1,1,4.682197096058551
0|1|6|1,5,2.7858565003690257
0|1|6|1,3,2.9957236654887183
6|1|6|1,5,2.4968843758385106
6|1|6|1,4,2.365482104037309
6|1|6|1,0,2.3399787676069086
6|1|6|1,3,2.7053976378816142
6|1|6|1,7,2.643124946066909
6|1|6|1,2,2.715487985157002
6|1|6|1,1,4.492766103797715
0|2|2|1,6,2.6092596375196218
0|2|2|1,4,2.6823852586064207
0|2|2|1,7,2.5361233175417963
0|2|2|1,1,3.9671459569206924
0|2|2|1,3,2.9306400679503004
0|2|2|1,2,3.1841168652342624
0|2|2|1,5,2.6303573791648898
6|2|2|1,7,2.0593695104123544
6|2|2|1,2,2.354482243857129
6|2|2|1,0,1.9613470678158145
6|2|2|1,4,2.544077239647934
6|2|2|1,3,2.230255301812047
6|2|2|1,1,4.009109261225024
6|2|2|1,5,1.6372193392640129
2|5|4|3,7,-0.9378147847473749
2|5|4|3,4,2.8816148296216415
2|5|4|3,6,0.6056387992621045
2|5|4|3,5,-0.2176040011528292
2|5|4|3,1,0.2814047828032135
2|5|4|3,3,0.9745706843109703
2|5|4|3,0,-0.5619620264446455
2|4|7|7,7,3.457937279579839
2|4|7|7,6,2.017064884783473
2|4|7|7,0,0.3913876340028146
2|4|7|7,1,0.4582421585970459
2|4|7|7,5,1.3414601797047065
2|4|7|7,4,2.3700147089499217
2|4|7|7,3,2.487955553501798
1|2|5|0,2,2.4393725146742526
1|2|5|0,3,2.5012873435941065
1|2|5|0,7,3.0085187928107238
1|2|5|0,4,2.3635346266584776
1|2|5|0,6,2.8579007423771388
1|2|5|0,0,4.275348294562939
1|2|5|0,5,3.2723958213571596
2|1|3|1,1,4.601536138619956
2|1|3|1,7,2.8144913779495258
2|1|3|1,3,3.708189387339786
2|1|3|1,4,2.6435964447871485
2|1|3|1,6,2.858380434814723
2|1|3|1,5,2.874691235379591
2|1|3|1,0,2.588915087886608
6|3|3|4,1,1.2619291958548562
6|3|3|4,4,4.216371743499277
6|3|3|4,3,-0.07191993668620963
6|3|3|4,0,0.5746514729657702
6|3|3|4,7,0.530295545525197
6|3|3|4,5,0.17144085912367274
6|3|3|4,2,0.29961963842777073
1|3|3|4,4,3.2198155610421297
1|3|3|4,2,0.989553419272527
1|3|3|4,6,0.9579630437663145
1|3|3|4,3,2.22797145384097
1|3|3|4,5,0.34169046899333555
1|3|3|4,0,1.0486944845272361
1|3|3|4,7,1.9989565446893103
4|5|3|3,3,3.3260387181062425
4|5|3|3,1,-0.19653816599444215
4|5|3|3,6,1.1240123678703073
4|5|3|3,2,-0.21330482155203495
4|5|3|3,0,-0.3929190126352011
4|5|3|3,7,0.8463444246983929
4|5|3|3,5,1.331259689767915
0|1|2|4,4,4.510623696830495
0|1|2|4,6,2.8507891682516378
0|1|2|4,3,2.4972340720020485
0|1|2|4,2,2.447611874864996
0|1|2|4,7,2.9067790375410727
0|1|2|4,5,3.1799558475131207
0|1|2|4,1,2.3371488963880678
1|6|2|5,2,-1.15436307598066
1|6|2|5,5,0.826504149573005
1|6|2|5,7,-0.4976911233920592
1|6|2|5,4,-2.033800841480091
1|6|2|5,0,-1.2367017348153764
1|6|2|5,3,-1.3379490228556934
1|6|2|5,6,-0.4505054124641184
2|6|2|5,4,-3.5062470821837772
2|6|2|5,1,-2.7070315267249976
2|6|2|5,0,-1.8265884590258752
2|6|2|5,6,-1.1269388363478061
2|6|2|5,3,-1.7688325744522866
2|6|2|5,5,1.969819992946068
2|6|2|5,7,-1.421092766973785
4|6|2|5,7,-1.0289606167281924
4|6|2|5,1,-1.5124094830010004
4|6|2|5,3,-2.9552173510755333
4|6|2|5,0,-3.4121862351884555
4|6|2|5,5,-1.539595487569596
4|6|2|5,6,0.42647213482985713
4|6|2|5,2,-2.47608799703147
7|6|2|5,3,-3.075193761509531
7|6|2|5,4,-0.5853973839488712
7|6|2|5,5,1.125187542605158
7|6|2|5,0,-1.7011043085202258
7|6|2|5,1,-0.8799293448799749
7|6|2|5,2,-2.0381223376105475
7|6|2|5,6,-1.540230344986277
3|3|2|1,6,0.7791450947337331
3|3|2|1,0,0.8766156743513511
3|3|2|1,7,2.0560192686571965
3|3|2|1,4,0.5740493643938498
3|3|2|1,2,2.351087020824238
3|3|2|1,5,1.4382748912100523
3|3|2|1,1,3.011970140298782
3|1|1|6,7,2.8048742686216115
3|1|1|6,1,2.0563911198903475
3|1|1|6,6,4.430335685620989
3|1|1|6,2,1.847712389754653
3|1|1|6,0,1.9851650961880023
3|1|1|6,4,1.5163092224597428
3|1|1|6,5,2.0066133711327496
7|1|1|6,4,0.42135773960442463
7|1|1|6,6,4.618056087196818
7|1|1|6,5,0.6001108270335761
7|1|1|6,1,1.411494068144365
7|1|1|6,2,1.1238947995826087
7|1|1|6,0,0.9779178308128086
7|1|1|6,3,1.1602440722097378
4|1|1|6,1,2.1178201311258293
4|1|1|6,7,3.281609206709387
4|1|1|6,0,1.4483996545745423
4|1|1|6,6,4.45072367470369
4|1|1|6,3,1.6332897602671315
4|1|1|6,2,1.7301830516379826
4|1|1|6,5,1.7008146161478077
1|1|1|6,0,1.8825366116994093
1|1|1|6,3,1.3446331228461703
1|1|1|6,4,1.520935319295762
1|1|1|6,6,4.3845397606302985
1|1|1|6,5,1.8563115325689388
1|1|1|6,2,1.9766952058400125
1|1|1|6,7,3.4807278581837897
0|1|1|6,3,1.8138550840324676
0|1|1|6,2,1.2967870861963922
0|1|1|6,1,1.7208240551208518
0|1|1|6,5,1.952202611397901
0|1|1|6,4,1.7929257561351275
0|1|1|6,6,4.406533198449208
0|1|1|6,7,2.7175058702544805
2|5|7|4,6,1.0182204409930289
2|5|7|4,0,-0.2825996931927349
2|5|7|4,4,4.760043522124638
2|5|7|4,1,-1.0662146131839496
2|5|7|4,7,2.703193703596853
2|5|7|4,3,-0.0674743498168918
2|5|7|4,5,0.1028933050425422
6|6|7|4,7,5.22250615220559
6|6|7|4,1,-0.43065190329756503
6|6|7|4,0,-0.6933346264752794
6|6|7|4,2,-0.20337065662398013
6|6|7|4,5,-1.4165695410481736
6|6|7|4,3,-0.5161438044301934
6|6|7|4,4,0.16849919606435004
7|8|4|4,1,1.103792966771535
7|8|4|4,5,1.9031065611476166
7|8|4|4,2,0.45567872173190105
7|8|4|4,6,3.148756270553529
7|8|4|4,4,10.999999999999982
7|8|4|4,0,-0.40045287363395526
7|8|4|4,3,1.8733209198616132
1|8|4|4,7,-0.815742572757615
1|8|4|4,5,0.6315312567744713
1|8|4|4,3,0.1473291338537172
1|8|4|4,0,1.5788487715722983
1|8|4|4,6,-0.5389279413858263
1|8|4|4,2,1.562548697889737
1|8|4|4,4,10.999999999999982
4|2|4|2,1,1.5135462211607777
4|2|4|2,7,2.2263130642387297
4|2|4|2,3,2.044381907306281
4|2|4|2,6,3.025843189039043
4|2|4|2,5,2.1525287558658404
4|2|4|2,2,4.110931971916396
4|2|4|2,0,1.2183110615010493
7|3|4|2,6,1.7963730780889668
7|3|4|2,2,3.594951361652921
7|3|4|2,1,1.3313294402824027
7|3|4|2,3,0.32706223856758354
7|3|4|2,4,2.13083715868051
7|3|4|2,0,0.9959803714212218
7|3|4|2,5,1.5252483813929019
6|1|1|2,4,3.04237252430069
6|1|1|2,1,2.411901754012036
6|1|1|2,5,3.157762532372024
6|1|1|2,0,2.446980202917732
6|1|1|2,2,4.141591397588879
6|1|1|2,7,2.6995010739595493
6|1|1|2,3,2.498485835705665
4|1|1|2,2,4.40438199448577
4|1|1|2,7,2.909238317941628
4|1|1|2,6,2.722659291878102
4|1|1|2,0,2.4174645686715035
4|1|1|2,3,2.730225909376769
4|1|1|2,5,2.986777978532392
4|1|1|2,1,2.38957410884913
5|3|1|0,0,1.9557318534151233
5|3|1|0,3,1.4272309527296134
5|3|1|0,4,0.5819145808411765
5|3|1|0,6,1.5251673187510877
5|3|1|0,1,3.2228112073968362
5|3|1|0,2,1.4264569444729944
5|3|1|0,7,0.8882915417123364
0|4|1|3,5,0.3054456730957971
0|4|1|3,4,0.5891919971912172
0|4|1|3,3,1.7233997086174928
0|4|1|3,6,0.8015131788806387
0|4|1|3,1,-0.39918301084727137
0|4|1|3,2,-0.9150090475561926
0|4|1|3,7,0.3284235450811593
5|4|1|3,2,-0.6895626552889714
5|4|1|3,4,0.02652641694946095
5|4|1|3,1,-0.7420720787188889
5|4|1|3,7,0.7822207580213096
5|4|1|3,0,-0.9627979195246064
5|4|1|3,6,-0.2012668557748495
5|4|1|3,3,2.0423104270925774
2|4|1|3,1,-0.022885898835239865
2|4|1|3,7,0.9254348321559951
2|4|1|3,0,-0.06019988220244519
2|4|1|3,5,0.30860672647878956
2|4|1|3,4,0.5978298792315356
2|4|1|3,3,0.7174937835813511
2|4|1|3,6,0.10841034562224557
5|1|0|2,6,3.0280444544205456
5|1|0|2,3,3.1435811280527903
5|1|0|2,7,2.689607535421413
5|1|0|2,0,2.3556263606994743
5|1|0|2,4,2.7271775259985236
5|1|0|2,2,4.349713052463338
5|1|0|2,1,2.288578204994652
0|3|3|6,7,0.5789514525844324
0|3|3|6,3,3.0065287606856215
0|3|3|6,4,1.798879869511705
0|3|3|6,2,0.9783622867867663
0|3|3|6,5,0.786325791965314
0|3|3|6,6,4.09087159997151
0|3|3|6,1,1.2664936649312424
1|3|3|6,4,1.037163973216817
1|3|3|6,3,2.5273343557423438
1|3|3|6,0,1.0735070730773655
1|3|3|6,7,1.0167419376201987
1|3|3|6,6,4.217879617846192
1|3|3|6,2,0.7920114895465041
1|3|3|6,5,0.6812150337341332
4|3|3|6,2,-0.3629965802298405
4|3|3|6,6,3.8359392775924084
4|3|3|6,1,0.9956647372471107
4|3|3|6,5,0.614237960770276
4|3|3|6,3,2.5763514919404638
4|3|3|6,7,0.31688842450102905
4|3|3|6,0,0.746883892053582
1|2|1|5,2,1.469823621594576
1|2|1|5,7,1.6422453617324961
1|2|1|5,4,1.5403921119866042
1|2|1|5,5,4.112190054934686
1|2|1|5,3,1.598989080463969
1|2|1|5,6,1.8910452588329034
1|2|1|5,0,1.1326642553820783
6|2|1|5,2,0.8434556680176776
6|2|1|5,3,0.9640707571953848
6|2|1|5,1,2.531997723273316
6|2|1|5,0,0.48369701929631514
6|2|1|5,5,3.3456168046602235
6|2|1|5,7,1.462303479442171
6|2|1|5,4,1.4418557015166777
1|1|1|5,4,2.402243099620625
1|1|1|5,2,2.2704225384800036
1|1|1|5,5,4.404147966951918
1|1|1|5,6,2.785508227421847
1|1|1|5,3,2.307322649230642
1|1|1|5,7,2.7944974295326674
1|1|1|5,0,2.0300159558937496
5|2|1|7,0,1.0813276345569354
5|2|1|7,7,4.238401003637414
5|2|1|7,4,1.4355403167207479
5|2|1|7,6,1.6536230090927586
5|2|1|7,1,2.8094886842024507
5|2|1|7,3,1.0896860213581607
5|2|1|7,2,1.2878854338695578
0|2|1|7,5,1.532443461711551
0|2|1|7,2,0.9178830232781482
0|2|1|7,3,1.815335037188234
0|2|1|7,4,1.694204029899155
0|2|1|7,7,4.297055770570633
0|2|1|7,6,1.624839600474268
0|2|1|7,1,2.623241801586563
1|8|2|2,0,1.8366285548776853
1|8|2|2,7,1.2427497698202683
1|8|2|2,6,1.545461041203583
1|8|2|2,5,1.317239548256616
1|8|2|2,2,10.999999999999982
1|8|2|2,3,3.477622999334979
1|8|2|2,4,0.0744257026380103
5|2|0|2,6,2.119130072221643
5|2|0|2,0,2.0738789512601965
5|2|0|2,3,1.9434685683695077
5|2|0|2,1,1.5286461146730024
5|2|0|2,7,2.1296444221478046
5|2|0|2,2,3.673986884447423
5|2|0|2,4,1.9709361129211977
2|2|2|5,6,1.942294021524902
2|2|2|5,1,1.3514958647483089
2|2|2|5,3,1.054072978498452
2|2|2|5,7,1.4078091498609382
2|2|2|5,5,3.7956914006302322
2|2|2|5,0,1.8422935022363056
2|2|2|5,4,1.729070979748218
6|2|2|5,4,1.0381177765311902
6|2|2|5,1,0.2874129919380529
6|2|2|5,0,1.3989825467490913
6|2|2|5,2,2.4407070397318344
6|2|2|5,5,3.6459387102662246
6|2|2|5,3,0.437594427287812
6|2|2|5,7,0.5999292614691399
4|2|2|5,3,1.040752839919359
4|2|2|5,5,4.025601098367628
4|2|2|5,2,2.3964157068532246
4|2|2|5,0,1.693314703959169
4|2|2|5,1,1.666703205170085
4|2|2|5,6,1.5211362824791903
4|2|2|5,7,1.8218808825897712
3|2|2|5,7,1.3847586887152254
3|2|2|5,5,3.746066404256247
3|2|2|5,6,1.922705041096258
3|2|2|5,0,1.9670717129705007
3|2|2|5,4,1.8276752886723553
3|2|2|5,2,2.505722391808004
3|2|2|5,1,2.2307254094920816
7|2|2|5,3,0.5305112760288544
7|2|2|5,4,1.0271169683543764
7|2|2|5,2,3.388943967048432
7|2|2|5,5,2.46108196807334
7|2|2|5,0,0.6604715615790555
7|2|2|5,6,1.050133948710142
7|2|2|5,1,1.2122486921844178
3|2|3|6,0,1.6448313304729332
3|2|3|6,4,1.5907102050523005
3|2|3|6,6,3.688356853068977
3|2|3|6,2,1.6421363345724012
3|2|3|6,1,1.5152655023576085
3|2|3|6,5,0.35271679313017085
3|2|3|6,7,1.3680724716389876
4|5|6|0,5,0.7580588009456162
4|5|6|0,7,0.2752731063108075
4|5|6|0,3,0.41227123301214547
4|5|6|0,6,2.989996511325352
4|5|6|0,0,4.844332129986382
4|5|6|0,1,-0.42626609510066543
4|5|6|0,2,-0.4443374907231764
5|5|6|0,1,0.11631437808158968
5|5|6|0,2,-0.11692268632733512
5|5|6|0,4,1.1369606573985216
5|5|6|0,7,1.2970485992951177
5|5|6|0,6,2.102263411259672
5|5|6|0,3,0.8975797760381338
5|5|6|0,0,2.264512330577368
1|5|6|0,4,-0.012460054661484893
1|5|6|0,0,4.079493045568794
1|5|6|0,7,0.566245845178538
1|5|6|0,3,0.08289505318530835
1|5|6|0,5,0.1743463540239365
1|5|6|0,6,3.100651610070641
1|5|6|0,2,0.4955770556068312
0|2|2|6,2,2.713256867804227
0|2|2|6,5,1.6417751841959174
0|2|2|6,7,0.5229939274511322
0|2|2|6,4,2.1601996594515023
0|2|2|6,1,1.6615321220519637
0|2|2|6,3,1.4964684452279493
0|2|2|6,6,4.239190794659178
3|5|4|4,1,-0.7772990924029083
3|5|4|4,2,-0.37698530598774077
3|5|4|4,0,0.49621844020790273
3|5|4|4,7,0.892569143805177
3|5|4|4,6,1.267890592127173
3|5|4|4,5,1.3918210735878136
3|5|4|4,4,4.658894947827616
2|7|1|1,6,-0.3283988863225695
2|7|1|1,0,-0.39979256362130244
2|7|1|1,1,3.858602485615694
2|7|1|1,7,1.9659934328807032
2|7|1|1,5,-0.08163462415527231
2|7|1|1,3,-1.3675111877579442
2|7|1|1,4,0.4027088892784956
0|1|3|5,5,4.514213779235826
0|1|3|5,6,3.0636436244540297
0|1|3|5,1,2.383747969041856
0|1|3|5,7,1.61990244931091
0|1|3|5,4,2.4174341520438696
0|1|3|5,3,2.4328964446227244
0|1|3|5,2,2.45367458410743
3|2|0|7,1,1.5748579301269063
3|2|0|7,2,1.334675125467034
3|2|0|7,7,3.9130345524302337
3|2|0|7,5,1.5229411718455614
3|2|0|7,6,0.8961101382908698
3|2|0|7,0,1.8663974195074313
3|2|0|7,4,1.0926896239455197
1|2|0|7,5,0.5588357378317559
1|2|0|7,2,1.868780669852376
1|2|0|7,7,3.7964676125941685
1|2|0|7,6,1.1730595486242352
1|2|0|7,0,2.366471045905568
1|2|0|7,4,1.406763104718494
1|2|0|7,3,0.9156622078758844
5|2|0|7,4,0.9546243516133054
5|2|0|7,0,2.079662947552186
5|2|0|7,7,3.7854877975369203
5|2|0|7,2,1.4674870880698614
5|2|0|7,1,1.526244403739511
5|2|0|7,6,1.2255079986699056
5|2|0|7,3,1.0234520433104044
4|2|0|7,0,2.890246081617485
4|2|0|7,6,1.13682989656609
4|2|0|7,5,1.0948567026663902
4|2|0|7,3,1.560137267216388
4|2|0|7,7,3.75849717446233
4|2|0|7,1,1.3742053161520897
4|2|0|7,2,1.496448361475458
6|4|7|7,3,0.4104068026916561
6|4|7|7,5,2.1646839488267426
6|4|7|7,2,0.5335577216078372
6|4|7|7,0,1.7204912435029516
6|4|7|7,4,1.527797866635609
6|4|7|7,7,4.008833117372719
6|4|7|7,1,1.8359001761312146
1|5|4|5,6,-0.36845107341936334
1|5|4|5,2,-0.374345973981983
1|5|4|5,7,-0.076177467475111
1|5|4|5,3,-0.4439043384371814
1|5|4|5,0,-1.455455969155885
1|5|4|5,5,1.142457321754431
1|5|4|5,4,-1.8138087085159624
7|2|2|4,4,4.0606046843370915
7|2|2|4,0,1.488208538584496
7|2|2|4,3,1.4266716966493338
7|2|2|4,2,1.5419271661301044
7|2|2|4,6,1.6192973028878364
7|2|2|4,1,1.2289999125074607
7|2|2|4,5,1.2210097602572545
6|1|7|4,3,1.9254890515278917
6|1|7|4,0,2.2567688031158957
6|1|7|4,1,2.0368984388597013
6|1|7|4,7,4.7127505197731905
6|1|7|4,5,2.331785165398273
6|1|7|4,4,3.8166823675646935
6|1|7|4,2,2.1034763629931583
3|2|4|2,0,2.2877793369598445
3|2|4|2,7,2.852544966323926
3|2|4|2,5,2.6482959618724635
3|2|4|2,1,2.1550608721642455
3|2|4|2,4,3.574191392499136
3|2|4|2,2,3.828509303357937
3|2|4|2,6,2.7853113524596917
0|2|0|5,2,1.4612419882834884
0|2|0|5,6,2.1140547115743216
0|2|0|5,4,1.5736204628708814
0|2|0|5,7,1.4537007006713396
0|2|0|5,3,1.6602232677787978
0|2|0|5,5,3.800953817029546
0|2|0|5,1,1.4744173546683974
6|3|0|2,2,2.630920921150603
6|3|0|2,1,0.9886402686989431
6|3|0|2,4,1.1354179632290475
6|3|0|2,0,0.24566653900898994
6|3|0|2,5,1.355852644027987
6|3|0|2,3,0.8208034104276396
6|3|0|2,7,0.17546593387948067
0|5|7|4,3,-0.10240326775752465
0|5|7|4,1,0.04652048044675064
0|5|7|4,7,4.072601227757149
0|5|7|4,4,1.1362650002827372
0|5|7|4,6,1.302854340017508
0|5|7|4,2,-0.044449720153983074
0|5|7|4,5,1.0084116886358234
3|5|7|4,5,1.7544628606295678
3|5|7|4,4,4.970415665238844
3|5|7|4,1,-0.051400461856898706
3|5|7|4,2,0.1233385122025126
3|5|7|4,7,1.6800547582429974
3|5|7|4,0,-1.548316669435847
3|5|7|4,6,1.2396434836366181
5|6|7|4,7,2.967134757479921
5|6|7|4,0,-1.6952662912236935
5|6|7|4,4,5.418168904877226
5|6|7|4,3,-0.04006742365200252
5|6|7|4,1,0.470934562731011
5|6|7|4,6,0.6427068239391419
5|6|7|4,2,0.041745379101037365
5|3|4|6,0,0.9123925777442975
5|3|4|6,6,4.489457826525776
5|3|4|6,1,0.9506506834604933
5|3|4|6,3,0.7567472295485193
5|3|4|6,7,0.9372828567097327
5|3|4|6,2,0.7415054426910085
5|3|4|6,4,1.4172186467935304
0|3|4|6,4,2.955927955933414
0|3|4|6,6,3.9131862156730857
0|3|4|6,7,1.1870952043832232
0|3|4|6,3,1.579353708243344
0|3|4|6,5,1.3569031095585717
0|3|4|6,2,2.226268474291633
0|3|4|6,1,1.69735656023608
4|1|4|2,2,4.61028494470223
4|1|4|2,5,2.6958590757543375
4|1|4|2,1,2.513350133954149
4|1|4|2,3,2.8798808877411046
4|1|4|2,0,2.1822953066268234
4|1|4|2,7,2.8099925935736922
4|1|4|2,6,2.928206806243678
2|6|4|4,3,-1.5571807815877867
2|6|4|4,5,0.4456684228509764
2|6|4|4,6,0.2652583350336329
2|6|4|4,1,-3.5957176667681763
2|6|4|4,7,1.0095689874503078
2|6|4|4,0,-1.8280717611230137
2|6|4|4,4,2.05519897527916
3|7|4|4,1,-2.7711093173457977
3|7|4|4,5,-2.2532936208637495
3|7|4|4,4,1.795879462286972
3|7|4|4,7,-1.487162576659902
3|7|4|4,2,-2.3465795991305534
3|7|4|4,0,-2.8306116927551432
3|7|4|4,6,-1.4548365288184673
2|2|4|3,6,2.7945928513278036
2|2|4|3,4,3.7679642503974704
2|2|4|3,0,2.447738770287473
2|2|4|3,1,2.109758431791738
2|2|4|3,7,2.6960022053648345
2|2|4|3,5,2.926990331818609
2|2|4|3,3,3.8387209620999236
6|3|4|3,1,1.0175763226677697
6|3|4|3,7,1.8708341404717816
6|3|4|3,4,2.5686809488141433
6|3|4|3,5,1.5555973447774385
6|3|4|3,2,0.9387213932047729
6|3|4|3,3,3.0849870403931403
6|3|4|3,0,0.4411523375390123
1|3|4|3,7,2.460544912869439
1|3|4|3,6,2.4257791969386053
1|3|4|3,4,2.638402581075815
1|3|4|3,5,1.4843651783128093
1|3|4|3,0,1.7609584496692672
1|3|4|3,3,3.596135660386702
1|3|4|3,2,0.7591486112764818
7|3|4|3,1,-0.2547739728294225
7|3|4|3,4,2.081836780261548
7|3|4|3,5,0.9863887053055898
7|3|4|3,6,0.1959223184180694
7|3|4|3,3,3.445856682878911
7|3|4|3,0,1.0913359733003454
7|3|4|3,2,0.886852754756623
5|1|6|6,1,2.999516129860318
5|1|6|6,6,4.873586155886015
5|1|6|6,4,2.9485941906827846
5|1|6|6,7,3.875473748757844
5|1|6|6,3,3.0361863047293216
5|1|6|6,2,3.07612464817388
5|1|6|6,0,2.9693464599424937
3|4|1|0,7,0.6745105264570732
3|4|1|0,6,0.15681509500419485
3|4|1|0,2,0.5936060849719765
3|4|1|0,5,0.37144952206066273
3|4|1|0,1,1.1528248687585583
3|4|1|0,0,2.0354189286157625
3|4|1|0,4,0.38246700871209516
6|4|1|0,5,0.2087869638309946
6|4|1|0,2,-0.2078873106098487
6|4|1|0,7,-1.7964419984860878
6|4|1|0,0,2.2689505302602098
6|4|1|0,1,1.02362322679394
6|4|1|0,3,1.1319151729136423
6|4|1|0,4,0.589388265808436
3|4|2|1,2,2.7618835178858805
3|4|2|1,7,0.8880419111957607
3|4|2|1,6,-0.42707772863410975
3|4|2|1,0,-0.4984311982384694
3|4|2|1,1,0.9562406754696535
3|4|2|1,5,0.3602407745381168
3|4|2|1,4,0.28912825968650974
7|2|6|6,2,2.020948713743763
7|2|6|6,5,2.9479916511901707
7|2|6|6,3,2.7895878222856023
7|2|6|6,6,4.876290787318406
7|2|6|6,0,3.037979991887993
7|2|6|6,1,2.519830130180023
7|2|6|6,4,2.610109049048251
5|5|1|2,6,-0.22915133278798283
5|5|1|2,0,-1.4072520169655625
5|5|1|2,7,-1.510319079720376
5|5|1|2,2,-0.8232301038709036
5|5|1|2,4,-1.2708338379851831
5|5|1|2,1,-1.6590613638332536
5|5|1|2,3,-0.5093390620431297
7|3|0|5,6,0.26792687488356637
7|3|0|5,1,-0.30416564746228714
7|3|0|5,0,2.709688703406879
7|3|0|5,5,0.9524368547317463
7|3|0|5,2,-0.18201870526530153
7|3|0|5,3,0.29893956123443505
7|3|0|5,4,0.17122553338455523
6|4|0|5,7,-0.2699703928125993
6|4|0|5,5,0.5415747951341094
6|4|0|5,4,-0.029333261098135586
6|4|0|5,1,-0.0593846043235303
6|4|0|5,0,1.0260975302639412
6|4|0|5,3,-0.29979911490207256
6|4|0|5,2,-1.269279130409101
7|4|0|5,5,1.3368444778249788
7|4|0|5,1,-0.3234295431475396
7|4|0|5,4,0.0728298407887279
7|4|0|5,3,-0.4537126104006958
7|4|0|5,6,-0.617454620376281
7|4|0|5,0,1.2939894834944972
7|4|0|5,2,-0.23907434021578033
3|3|0|1,7,0.8534134187034946
3|3|0|1,2,1.152726692008495
3|3|0|1,4,0.82339582017735
3|3|0|1,0,0.4546462517621357
3|3|0|1,5,1.186452381247132
3|3|0|1,6,1.138668961583416
3|3|0|1,1,2.4891015979535114
2|4|0|1,4,-0.08677592523557127
2|4|0|1,3,-0.7076663542274235
2|4|0|1,7,-0.44185958156968363
2|4|0|1,1,1.0549156755643678
2|4|0|1,0,-0.6436138893595749
2|4|0|1,5,0.3809330512406481
2|4|0|1,6,0.1765489284461864
0|5|0|1,6,-0.03963050780695422
0|5|0|1,4,-0.17559971957571532
0|5|0|1,7,-1.4322298319979472
0|5|0|1,2,-1.034673720332889
0|5|0|1,3,-1.2683997121362869
0|5|0|1,1,1.074147002583023
0|5|0|1,5,-0.26235733184073673
5|4|7|7,1,2.17584383190237
5|4|7|7,2,1.2339674453729645
5|4|7|7,4,2.4597544134851117
5|4|7|7,0,0.43044047000715746
5|4|7|7,6,2.030624784120997
5|4|7|7,7,2.8553148244724746
5|4|7|7,3,1.8589107225917396
1|3|4|2,3,2.1762107002390056
1|3|4|2,2,2.900026027543064
1|3|4|2,0,1.8167863577405963
1|3|4|2,6,1.7187620334959746
1|3|4|2,5,1.3886587560158226
1|3|4|2,4,2.0737789529686044
1|3|4|2,7,2.123464268769086
3|4|4|2,0,0.6782689072527065
3|4|4|2,1,0.35633845565092376
3|4|4|2,6,1.2121563269659716
3|4|4|2,5,0.5195720917241566
3|4|4|2,2,2.8404716281828457
3|4|4|2,4,1.8757857022221853
3|4|4|2,7,0.9279044928380347
1|4|4|2,5,0.2573728349289196
1|4|4|2,4,2.5669867981880867
1|4|4|2,7,0.9457602781977295
1|4|4|2,2,2.225650898553853
1|4|4|2,0,0.7670591671990374
1|4|4|2,3,0.6938822438127437
1|4|4|2,6,0.9600937308209719
0|5|0|3,5,-0.13795772929725386
0|5|0|3,6,-0.1601360899862727
0|5|0|3,3,0.5030947917794429
0|5|0|3,2,-0.493935071638342
0|5|0|3,4,-1.534793482067626
0|5|0|3,1,-1.3363789373455193
0|5|0|3,7,0.7615854694395958
5|5|0|3,3,0.8604652237123802
5|5|0|3,1,-1.9531585909320885
5|5|0|3,0,-1.4905530163478191
5|5|0|3,6,-1.1519646917402606
5|5|0|3,7,0.4125590143087595
5|5|0|3,2,-2.953098434370433
5|5|0|3,4,-0.5090483631956609
3|6|0|6,5,-0.5945817476017842
3|6|0|6,0,-0.4239666986389321
3|6|0|6,4,-1.5363924607686874
3|6|0|6,7,0.17128928678226252
3|6|0|6,1,-0.7287504651530681
3|6|0|6,6,1.1579871917529825
3|6|0|6,2,-1.2904541955580449
5|6|0|6,2,-1.4013152271568445
5|6|0|6,7,2.1365785673218127
5|6|0|6,3,-1.3492857598401637
5|6|0|6,4,-1.3295964546629264
5|6|0|6,6,0.7713804231379082
5|6|0|6,0,-0.6232996465820788
5|6|0|6,1,-0.7086998775596483
2|6|0|6,3,-2.723686324373906
2|6|0|6,6,2.9339118234618486
2|6|0|6,5,-0.46265105612694735
2|6|0|6,1,-0.7431509040250277
2|6|0|6,4,-0.6188259713328128
2|6|0|6,7,0.7172016968379636
2|6|0|6,0,-0.7232648344899735
6|1|3|5,2,2.080637728586108
6|1|3|5,3,1.787665088144669
6|1|3|5,5,4.7706024381328564
6|1|3|5,1,1.3512607092521738
6|1|3|5,7,2.705015240081717
6|1|3|5,4,1.1960312429667093
6|1|3|5,0,1.8043557301807533
7|8|1|1,3,2.390478283930132
7|8|1|1,1,10.999999999999982
7|8|1|1,5,-0.6706078264781969
7|8|1|1,4,0.7812979282603789
7|8|1|1,6,1.539506448986411
7|8|1|1,2,2.7827575777423426
7|8|1|1,0,-1.6363446498991439
3|8|1|1,6,1.8887054606061267
3|8|1|1,5,1.724064293273577
3|8|1|1,1,10.999999999999982
3|8|1|1,2,-0.39953008855222316
3|8|1|1,4,1.6368458243901143
3|8|1|1,0,1.7580967608509004
3|8|1|1,7,3.04962526588195
6|8|1|1,4,1.5686498501916537
6|8|1|1,5,1.5807172507121166
6|8|1|1,3,0.20081673725401916
6|8|1|1,7,-1.2664474911089818
6|8|1|1,1,10.999999999999982
6|8|1|1,2,1.1066845763538495
6|8|1|1,0,0.5038500389718259
4|8|1|1,0,2.519728519785247
4|8|1|1,2,2.2416267253806086
4|8|1|1,5,1.364607269394794
4|8|1|1,3,2.788833719945478
4|8|1|1,6,0.47613049226359744
4|8|1|1,1,10.999999999999982
4|8|1|1,7,1.7053177106461415
7|2|6|4,4,1.8667663281253288
7|2|6|4,5,0.16317697688211766
7|2|6|4,6,3.7581715906831086
7|2|6|4,1,0.8632355627472253
7|2|6|4,0,0.844239616013496
7|2|6|4,2,0.9410317051719125
7|2|6|4,3,0.6163476620065789
0|2|0|3,1,1.68905784904019
0|2|0|3,7,2.498400301607913
0|2|0|3,3,3.460728735286077
0|2|0|3,4,2.323202690213031
0|2|0|3,5,2.1781709458470297
0|2|0|3,6,2.3302014929186683
0|2|0|3,2,1.716690849260788
3|3|5|2,5,2.3954845132724416
3|3|5|2,2,3.3849814938804195
3|3|5|2,7,2.3948931360795136
3|3|5|2,6,1.3775960395964746
3|3|5|2,4,2.6254741404690205
3|3|5|2,1,1.5183015905627137
3|3|5|2,0,1.4553235581353883
3|1|3|5,4,2.379005893016956
3|1|3|5,5,4.497374826679775
3|1|3|5,6,2.7993709561077953
3|1|3|5,7,1.8871692307660446
3|1|3|5,1,2.375555073662396
3|1|3|5,0,2.428463017504593
3|1|3|5,2,2.2962293117675507
4|1|3|5,2,2.300720114908008
4|1|3|5,5,4.579424912523342
4|1|3|5,7,2.330696882304656
4|1|3|5,3,2.2382793126238587
4|1|3|5,0,2.2227257278759547
4|1|3|5,1,2.408425587848897
4|1|3|5,6,2.9884946469821183
1|6|5|5,4,-1.4126762940971183
1|6|5|5,6,1.350771577346489
1|6|5|5,7,1.0695635325704622
1|6|5|5,5,4.016013793059617
1|6|5|5,3,-3.945243890138071
1|6|5|5,0,-1.8541549204400225
1|6|5|5,2,-0.34303999970892385
4|2|2|1,1,3.08425168826948
4|2|2|1,3,2.63395082857752
4|2|2|1,7,2.359131668580812
4|2|2|1,5,2.7816027695649144
4|2|2|1,6,2.5008363861672676
4|2|2|1,2,3.1161940068508107
4|2|2|1,0,2.115590291078091
5|2|6|6,4,3.056334738847406
5|2|6|6,7,3.290705109643696
5|2|6|6,1,3.2923351779490697
5|2|6|6,2,3.170003804204412
5|2|6|6,3,3.0671499456932443
5|2|6|6,0,3.0595640453477095
5|2|6|6,6,4.291722682650182
6|4|7|1,3,0.5658388617346319
6|4|7|1,1,3.537946503127486
6|4|7|1,4,1.1546466623592584
6|4|7|1,0,-0.27778961733050933
6|4|7|1,2,2.286891211643111
6|4|7|1,7,2.2267576497488806
6|4|7|1,5,-0.31129948093459836
2|1|4|3,4,3.8268429994499464
2|1|4|3,0,2.652060622807214
2|1|4|3,5,3.076557505725997
2|1|4|3,7,2.823567449957763
2|1|4|3,1,2.6644724278586955
2|1|4|3,6,2.9012892348280865
2|1|4|3,3,4.789159092721879
6|7|7|7,0,1.7452011084657209
6|7|7|7,7,11.99999999999978
6|7|7|7,1,0.7492313559974705
6|7|7|7,2,3.0070082727454923
6|7|7|7,5,3.6260937095640164
6|7|7|7,3,2.8938085696988614
6|7|7|7,4,2.0832499511171387
0|3|7|4,7,1.9597472426304654
0|3|7|4,1,0.9162530044894801
0|3|7|4,6,2.120981049489874
0|3|7|4,2,0.18151119831028462
0|3|7|4,5,1.5348507862785001
0|3|7|4,4,3.594738468230056
0|3|7|4,3,0.7810329566661334
2|5|4|7,0,-0.21737713964322766
2|5|4|7,3,-0.2586760494646945
2|5|4|7,7,0.9943650465847216
2|5|4|7,1,0.025579563402273603
2|5|4|7,4,6.92165689965512
2|5|4|7,5,0.2526366688686811
2|5|4|7,6,-0.462452818494988
0|5|4|7,5,-0.28545374144057944
0|5|4|7,4,2.393506617444953
0|5|4|7,1,-1.8878576068138477
0|5|4|7,6,-0.4236521668716756
0|5|4|7,7,0.6210368137773763
0|5|4|7,2,-0.3548872517977773
0|5|4|7,3,0.26772916019092785
5|5|4|7,1,-0.22374861226822865
5|5|4|7,3,-0.9691419272190691
5|5|4|7,7,0.11063530102629504
5|5|4|7,4,3.797738843945384
5|5|4|7,0,-0.006266640869424772
5|5|4|7,6,-0.35597343787482016
5|5|4|7,2,-1.1750801302600402
1|5|4|7,6,-0.6683818673256774
1|5|4|7,3,-0.5028271593962997
1|5|4|7,2,-0.8381725418025647
1|5|4|7,0,-1.5152106769456801
1|5|4|7,4,6.898458111244472
1|5|4|7,5,0.23401404090490405
1|5|4|7,7,0.956139356168066
6|5|4|7,3,-2.3328701316728084
6|5|4|7,0,-0.06586226611030103
6|5|4|7,2,-0.1582467086042398
6|5|4|7,7,3.0947516005828297
6|5|4|7,5,-0.02826607095176964
6|5|4|7,4,2.1478431288845794
6|5|4|7,1,0.1971555075985761
2|3|2|4,7,-0.09433450145463484
2|3|2|4,6,1.882848257736044
2|3|2|4,1,0.974236452980672
2|3|2|4,5,0.835068651050411
2|3|2|4,0,0.6937381826082523
2|3|2|4,3,0.34652370381409003
2|3|2|4,4,3.484765092643023
1|5|6|3,5,0.6457225597362344
1|5|6|3,7,0.8992275295085713
1|5|6|3,0,-1.4895472313282254
1|5|6|3,2,-2.0500534344577783
1|5|6|3,6,0.9764092847988434
1|5|6|3,3,5.552336860416146
1|5|6|3,4,1.2087052923258272
6|1|4|3,2,2.4915301842032593
6|1|4|3,3,4.936241789847883
6|1|4|3,0,2.647265402759423
6|1|4|3,7,2.76883874310231
6|1|4|3,5,2.8522238283930585
6|1|4|3,1,2.574164374520345
6|1|4|3,4,3.8357547277691446
4|1|4|3,3,4.626593195413791
4|1|4|3,1,2.2373123558268513
4|1|4|3,2,2.3707464087559886
4|1|4|3,7,3.055716910017144
4|1|4|3,5,3.045312134316161
4|1|4|3,0,2.4939605261853988
4|1|4|3,6,2.96552501385173
3|1|7|1,6,2.533606420832429
3|1|7|1,4,2.755604433986751
3|1|7|1,2,2.445456637262795
3|1|7|1,5,2.6860152762579466
3|1|7|1,7,3.3777859557696988
3|1|7|1,0,2.3994739117196637
3|1|7|1,1,4.588509984261165
1|3|7|0,6,2.1006071891217353
1|3|7|0,0,3.322481601987933
1|3|7|0,5,2.4774260341889676
1|3|7|0,7,2.105599990163592
1|3|7|0,4,1.4870328948528837
1|3|7|0,2,1.9194779317964952
1|3|7|0,3,2.1431784624518997
0|2|4|1,3,2.751052165184076
0|2|4|1,6,2.4946744604953133
0|2|4|1,2,2.666676855665574
0|2|4|1,4,3.5341444396147437
0|2|4|1,5,2.9172594790566704
0|2|4|1,7,3.2403418791111274
0|2|4|1,1,3.803172761036895
1|3|4|4,6,1.958528187940261
1|3|4|4,5,3.152993383319478
1|3|4|4,0,2.1128269485706017
1|3|4|4,7,3.2501230287353953
1|3|4|4,4,4.078495522212859
1|3|4|4,2,2.6192807804422995
1|3|4|4,3,2.472053364214324
2|1|2|5,0,2.261311628137223
2|1|2|5,1,2.332563751904396
2|1|2|5,4,2.206256954691632
2|1|2|5,7,3.1459737894902617
2|1|2|5,5,4.483484765867429
2|1|2|5,3,2.3943859206664206
2|1|2|5,6,2.652934504781668
0|1|2|5,2,2.4439859308339265
0|1|2|5,1,1.9165025811868213
0|1|2|5,5,4.441142669257252
0|1|2|5,3,2.3799825333905678
0|1|2|5,7,3.2562971902582705
0|1|2|5,6,3.268589666190898
0|1|2|5,4,2.381959426154759
1|1|2|5,3,2.368026362334387
1|1|2|5,6,2.14272391604808
1|1|2|5,7,3.302987154631974
1|1|2|5,5,4.532221703610004
1|1|2|5,0,2.296119287974665
1|1|2|5,2,2.3838067806810193
1|1|2|5,4,2.327976078761698
3|1|2|5,5,4.589626228312257
3|1|2|5,7,2.725730652720508
3|1|2|5,4,2.334328399429569
3|1|2|5,1,2.3765042544791486
3|1|2|5,2,2.2879280192045406
3|1|2|5,6,3.1491192494899076
3|1|2|5,0,2.4074685605533426
4|4|6|0,1,0.2461821232501106
4|4|6|0,6,2.2155086807401325
4|4|6|0,0,4.129765614903319
4|4|6|0,5,0.8243798139598857
4|4|6|0,3,1.739592719461836
4|4|6|0,2,1.2762260360103015
4|4|6|0,7,1.7834661585378413
1|4|6|0,5,1.3540684062253956
1|4|6|0,6,3.429315639103412
1|4|6|0,3,0.8496954071816478
1|4|6|0,4,-0.18653002176891642
1|4|6|0,2,1.0585408189590775
1|4|6|0,7,1.243050899796576
1|4|6|0,0,2.0232746024213544
5|5|0|1,0,-1.210111806500198
5|5|0|1,2,-0.9765076971328834
5|5|0|1,3,-1.3088623678758797
5|5|0|1,1,0.4922555323843244
5|5|0|1,7,-0.29279582752242145
5|5|0|1,6,0.13988061551723036
5|5|0|1,4,0.021171108333860718
6|5|5|4,3,-0.7006944122401149
6|5|5|4,4,0.47465668583250087
6|5|5|4,1,-0.07825110855497112
6|5|5|4,0,0.6242967971774169
6|5|5|4,2,-0.36722131730780894
6|5|5|4,7,3.6874212325157747
6|5|5|4,5,0.8822773176800819
3|5|5|4,2,-0.6173332768798709
3|5|5|4,0,0.1984430472746513
3|5|5|4,5,1.7120097834621422
3|5|5|4,1,-0.46351274755442023
3|5|5|4,6,1.1766843860859915
3|5|5|4,7,-1.180095989793928
3|5|5|4,4,1.1236460878326726
2|5|5|4,5,3.0668062956660394
2|5|5|4,0,0.029130414629452067
2|5|5|4,7,0.3267234982411602
2|5|5|4,6,1.133888343799905
2|5|5|4,3,-0.6070040700113308
2|5|5|4,1,-0.17406072236410258
2|5|5|4,4,0.9064088482686328
0|2|3|5,5,4.471175464460013
0|2|3|5,2,1.95275798977414
0|2|3|5,6,2.3512925232514856
0|2|3|5,3,2.1219834897911993
0|2|3|5,7,2.3138199383106928
0|2|3|5,1,1.7133103919877593
0|2|3|5,4,1.1694780843378028
4|7|6|6,6,1.6185946859504212
4|7|6|6,2,-1.9505798578053906
4|7|6|6,1,-1.8310426703077036
4|7|6|6,3,-0.7251877255958986
4|7|6|6,7,4.364092750377514
4|7|6|6,0,-3.084520595625233
4|7|6|6,5,-2.8107296654393386
2|8|5|5,6,1.5381288028631654
2|8|5|5,5,10.999999999999982
2|8|5|5,3,-1.4023874005556258
2|8|5|5,7,0.07958035916046191
2|8|5|5,4,0.24406893724582973
2|8|5|5,0,2.2794355859412665
2|8|5|5,1,-1.2559610681848108
6|8|5|5,0,-1.9599162720247119
6|8|5|5,2,1.6463013061066023
6|8|5|5,5,10.999999999999982
6|8|5|5,7,-1.3886337600070053
6|8|5|5,4,0.1647345428982539
6|8|5|5,1,-0.045645697955316644
6|8|5|5,3,0.8409171186647094
5|1|2|4,3,2.4584825893724225
5|1|2|4,1,2.124888921923162
5|1|2|4,4,4.57220977102834
5|1|2|4,6,3.1218426412542404
5|1|2|4,0,2.4697604966069773
5|1|2|4,7,3.016453248180634
5|1|2|4,2,2.4393101931751127
1|2|5|6,4,1.9516634593598363
1|2|5|6,6,4.970847935911511
1|2|5|6,2,1.5230095353043966
1|2|5|6,5,2.5962608006987438
1|2|5|6,0,2.0892888814779753
1|2|5|6,3,1.1311988374142865
1|2|5|6,7,2.1412265291449852
0|3|5|6,6,4.93917797159595
0|3|5|6,4,1.2676607279463104
0|3|5|6,2,2.1458012424953306
0|3|5|6,1,2.2567825437142193
0|3|5|6,5,2.287456283819957
0|3|5|6,7,1.2905667702296495
0|3|5|6,3,1.6955863832846598
4|2|5|7,7,4.591760241877228
4|2|5|7,6,1.8195859190853176
4|2|5|7,3,1.3827947641653024
4|2|5|7,5,1.894540159549808
4|2|5|7,2,1.806186923797591
4|2|5|7,0,1.4752934390061285
4|2|5|7,1,1.5682781184039454
7|4|5|3,4,1.0271815681701542
7|4|5|3,0,-1.3863091115794128
7|4|5|3,6,0.9725742578254872
7|4|5|3,3,1.1994197999709306
7|4|5|3,5,2.7636566957540167
7|4|5|3,2,0.06704024180748626
7|4|5|3,1,0.5310172093746041
4|4|5|3,0,0.9197910504724668
4|4|5|3,6,-0.7025736661010353
4|4|5|3,1,0.6719125000436323
4|4|5|3,2,0.9470065918869668
4|4|5|3,5,0.3525124094499249
4|4|5|3,7,1.8619344847423842
4|4|5|3,3,4.003759531310364
6|2|5|0,1,2.516478607218229
6|2|5|0,3,2.389825678502087
6|2|5|0,5,3.0762117469105346
6|2|5|0,0,4.099621404756907
6|2|5|0,4,1.90302814802345
6|2|5|0,2,2.2303655345094584
6|2|5|0,7,2.345977003660345
3|3|3|0,2,0.22067492076889783
3|3|3|0,1,0.9984735311770405
3|3|3|0,4,0.694608032485822
3|3|3|0,0,1.635494506280543
3|3|3|0,5,2.0259077973400936
3|3|3|0,6,0.7376334140466039
3|3|3|0,7,0.956003768832279
2|3|4|6,0,0.11355959286055142
2|3|4|6,4,1.9681986015969881
2|3|4|6,6,5.074535554582934
2|3|4|6,5,1.1019639614998968
2|3|4|6,3,1.9511450520414144
2|3|4|6,7,1.3139584953356374
2|3|4|6,1,1.620318168065914
7|1|6|5,5,4.284397937821154
7|1|6|5,0,2.2569829449913943
7|1|6|5,6,3.5151158603466097
7|1|6|5,2,2.194720949504297
7|1|6|5,1,2.2241781156735008
7|1|6|5,3,2.2383319438218563
7|1|6|5,4,2.2118824864100235
2|3|6|0,1,1.8946180137719966
2|3|6|0,6,2.8147521802823023
2|3|6|0,5,2.0307783249717293
2|3|6|0,4,2.617996080195416
2|3|6|0,7,2.2409075718350953
2|3|6|0,0,4.45211394836697
2|3|6|0,3,2.4956236485171446
5|3|0|4,0,0.46849954857210824
5|3|0|4,1,-0.10972048727232939
5|3|0|4,6,0.008255055600846953
5|3|0|4,7,0.8693080096019992
5|3|0|4,2,-0.10836613482191847
5|3|0|4,3,0.4435790642543821
5|3|0|4,4,2.586659557989271
0|3|0|4,2,0.32576245027668205
0|3|0|4,5,1.5116492581144636
0|3|0|4,7,1.2808308947419111
0|3|0|4,6,1.1588219620484377
0|3|0|4,3,0.043228739221217484
0|3|0|4,1,0.6773856642741511
0|3|0|4,4,2.143211477256131
6|4|0|4,2,-0.4574052754947803
6|4|0|4,5,-0.7551386234350317
6|4|0|4,7,-0.5992194448696957
6|4|0|4,3,-0.29975949502760585
6|4|0|4,0,-0.043183831772998914
6|4|0|4,4,1.9589514035666071
6|4|0|4,1,-1.369684405808124
2|4|0|4,4,2.1073396921122773
2|4|0|4,5,-0.016410066114957045
2|4|0|4,7,0.8226743554964806
2|4|0|4,0,-0.29277704337105676
2|4|0|4,3,0.031218881844831778
2|4|0|4,1,-0.1192398412619071
2|4|0|4,6,0.49646702394329156
0|3|5|2,6,1.6267747902566063
0|3|5|2,4,2.044373274842678
0|3|5|2,1,1.89592827416478
0|3|5|2,2,3.7923688129293636
0|3|5|2,5,3.232876567409295
0|3|5|2,3,2.3236904904181253
0|3|5|2,7,2.1389575314775326
6|3|5|2,5,2.732712607314369
6|3|5|2,4,1.1153323475902737
6|3|5|2,7,1.372034592670569
6|3|5|2,3,1.9809179057568993
6|3|5|2,0,0.9272708866151855
6|3|5|2,2,1.6832150514007216
6|3|5|2,1,1.4744372491162299
6|3|4|4,2,2.415770949345868
6|3|4|4,7,3.1490753596561656
6|3|4|4,0,2.128885821614918
6|3|4|4,1,1.6769181776709865
6|3|4|4,4,4.21309556701768
6|3|4|4,5,2.2483625884567497
6|3|4|4,3,2.2413379989158586
2|3|4|4,0,2.369161242986027
2|3|4|4,4,4.570875570991987
2|3|4|4,5,3.0814501731688893
2|3|4|4,7,3.049104634440485
2|3|4|4,1,1.880399410539362
2|3|4|4,3,2.21439235388007
2|3|4|4,6,2.637358488695549
6|5|0|4,7,-1.209785608584123
6|5|0|4,1,-2.017930404242282
6|5|0|4,5,-0.5322036097527869
6|5|0|4,2,-1.246311742167854
6|5|0|4,3,-0.7045617711917228
6|5|0|4,4,2.3115856311698675
6|5|0|4,0,-0.8930821981111784
7|6|0|4,3,-1.503742301644672
7|6|0|4,4,-0.4038843004851506
7|6|0|4,5,-1.5746209597543637
7|6|0|4,1,-0.5337977767952882
7|6|0|4,6,-0.391477418947498
7|6|0|4,2,-2.0957255066364313
7|6|0|4,0,-2.6333158658374227
3|6|0|4,0,-3.342269236111025
3|6|0|4,5,-0.7088935194272493
3|6|0|4,1,-1.0354964034889884
3|6|0|4,6,-0.25244917689357416
3|6|0|4,4,-0.00769623611219189
3|6|0|4,2,-1.9178851359883171
3|6|0|4,7,-0.5237083174524603
0|6|0|4,2,-0.7328274267406695
0|6|0|4,1,-0.13610738540975204
0|6|0|4,5,-0.42847950339618035
0|6|0|4,6,-0.9461680544216721
0|6|0|4,4,1.2745445703262357
0|6|0|4,7,-0.6636321798875895
0|6|0|4,3,-2.155646757686501
2|6|0|4,7,-1.3015777959931931
2|6|0|4,1,-0.6378505912393372
2|6|0|4,4,1.6929609655376257
2|6|0|4,3,-2.410991825533021
2|6|0|4,0,-1.6852011465855725
2|6|0|4,6,-0.23565575422127683
2|6|0|4,5,-1.4093231886223854
1|1|3|5,6,2.9361886848160816
1|1|3|5,5,4.451467306318061
1|1|3|5,3,2.306012138964344
1|1|3|5,2,2.240393562134239
1|1|3|5,7,2.2878857332760933
1|1|3|5,0,2.2425210174683277
1|1|3|5,4,2.4256592946191278
0|4|6|4,7,1.354943200648353
0|4|6|4,4,4.625252579041648
0|4|6|4,5,1.4240144322523647
0|4|6|4,3,0.5364283319236068
0|4|6|4,1,-0.522981103223724
0|4|6|4,2,0.7865234179329378
0|4|6|4,6,2.7394581990310507
1|5|6|6,3,1.1905501398322182
1|5|6|6,2,0.15999410311722065
1|5|6|6,6,4.724103434537698
1|5|6|6,0,0.41390496293574397
1|5|6|6,7,1.6400222574937773
1|5|6|6,4,1.8591140300454958
1|5|6|6,5,1.0987330381967542
3|5|6|6,2,0.3464166709173292
3|5|6|6,7,1.4458419465922296
3|5|6|6,4,2.7569931260115945
3|5|6|6,5,0.33982712112151425
3|5|6|6,6,4.125824733709418
3|5|6|6,0,1.023284276544429
3|5|6|6,1,0.6693833607584861
2|5|6|6,1,1.6363494558929608
2|5|6|6,3,1.6565897878389109
2|5|6|6,5,1.8536460890148136
2|5|6|6,6,5.208732304571075
2|5|6|6,7,0.5076661164515968
2|5|6|6,4,1.1648137051442118
2|5|6|6,0,2.337934951862386
2|7|7|7,3,3.0048904399327143
2|7|7|7,1,-0.009361630259258125
2|7|7|7,7,11.99999998864709
2|7|7|7,5,2.3517700582269976
2|7|7|7,0,2.311969632133468
2|7|7|7,6,4.4401238906498035
2|7|7|7,4,0.8189377985862777
3|7|7|7,0,2.0243224595327285
3|7|7|7,2,3.095587080883504
3|7|7|7,5,4.550561684705636
3|7|7|7,7,11.999999999055941
3|7|7|7,1,2.3135080668496757
3|7|7|7,4,4.391651273786677
3|7|7|7,6,2.388395510724264
7|4|5|0,3,1.2068174549055863
7|4|5|0,5,1.874029241890807
7|4|5|0,2,1.200602100814034
7|4|5|0,6,0.4511243984844244
7|4|5|0,1,1.2838067720309934
7|4|5|0,4,1.8227120942223267
7|4|5|0,0,2.6470398600871357
0|5|5|2,1,0.6498839109793952
0|5|5|2,5,2.824889208413943
0|5|5|2,6,0.10320137113258898
0|5|5|2,7,1.1390077873359445
0|5|5|2,4,-0.6208455700980507
0|5|5|2,2,2.442346044849597
0|5|5|2,3,0.2708961057499838
3|3|1|7,0,0.645961768970623
3|3|1|7,1,0.9294027964405782
3|3|1|7,7,3.948600568139862
3|3|1|7,2,0.3505903137696027
3|3|1|7,5,0.507971311628681
3|3|1|7,6,0.9331697844669752
3|3|1|7,4,0.6917992473136242
0|3|1|7,4,1.0255339091320306
0|3|1|7,1,3.0898359906950423
0|3|1|7,5,1.329293338094509
0|3|1|7,3,0.6887907728655486
0|3|1|7,7,2.552430235262583
0|3|1|7,6,1.5254692860911527
0|3|1|7,2,1.1144845011124345
4|3|1|7,5,0.9772788066010736
4|3|1|7,6,0.9473471358305746
4|3|1|7,1,1.1927599533805204
4|3|1|7,2,1.113284210422855
4|3|1|7,0,0.7638381164784056
4|3|1|7,7,3.1352087951568444
4|3|1|7,3,-0.25941720837527565
5|3|1|7,4,0.643696623796015
5|3|1|7,7,3.2305977662213166
5|3|1|7,3,1.400342356888759
5|3|1|7,1,0.9649345551535016
5|3|1|7,2,0.6038589113813343
5|3|1|7,0,0.8618200618410693
5|3|1|7,6,1.0562709716014607
6|3|1|7,3,1.0659950912567075
6|3|1|7,7,3.686827896233844
6|3|1|7,4,0.5243234027110214
6|3|1|7,1,2.419380449401365
6|3|1|7,2,1.063271594777481
6|3|1|7,0,0.6051126016140194
6|3|1|7,5,-0.03125160760844768
3|2|4|0,5,2.6446617402512915
3|2|4|0,1,2.0403394254790617
3|2|4|0,6,2.8625469611977783
3|2|4|0,2,2.286563748601083
3|2|4|0,4,3.472273968660452
3|2|4|0,7,2.6175443480128386
3|2|4|0,0,4.409339731754116
5|2|4|0,3,1.6163496852574555
5|2|4|0,2,2.501193056589763
5|2|4|0,4,2.6811008879931144
5|2|4|0,6,2.6553595573073765
5|2|4|0,7,2.6049583177648463
5|2|4|0,0,4.101334324082321
5|2|4|0,1,2.0454271399224226
4|3|2|1,7,1.8091804967198204
4|3|2|1,5,0.9934436556988187
4|3|2|1,2,2.3380412213167845
4|3|2|1,3,1.1436008953717924
4|3|2|1,1,3.2973748026805985
4|3|2|1,6,1.0426653970789543
4|3|2|1,0,1.2037526961248937
5|4|2|1,2,0.6525047040080318
5|4|2|1,3,-0.4838145469117825
5|4|2|1,4,-1.127877318017239
5|4|2|1,7,0.47297475189452587
5|4|2|1,6,-0.3209235161917583
5|4|2|1,0,0.07638474031478268
5|4|2|1,1,2.043970522809776
7|1|5|2,4,2.7856897111667096
7|1|5|2,6,2.887844239095456
7|1|5|2,2,4.606427016291299
7|1|5|2,5,3.8139714368846116
7|1|5|2,1,2.55565301471068
7|1|5|2,0,2.5669543992702724
7|1|5|2,3,2.8761870397426637
5|8|7|7,6,-0.24897187602688992
5|8|7|7,3,0.5993790525312087
5|8|7|7,4,0.9367637452181379
5|8|7|7,0,-2.0265885259893848
5|8|7|7,7,10.999999999999982
5|8|7|7,1,0.9787059509153215
5|8|7|7,2,-0.40860806727268584
5|6|6|0,1,0.00876182590646804
5|6|6|0,0,-2.556014048612898
5|6|6|0,4,-0.1456558062843642
5|6|6|0,7,-0.1456558062843642
5|6|6|0,2,-0.4462797026636848
5|6|6|0,3,0.9869847938537151
5|6|6|0,6,2.4520247021874964
1|6|6|0,4,-0.28400156095698864
1|6|6|0,6,5.102057161708033
1|6|6|0,2,-0.028400006884073372
1|6|6|0,3,0.07430717674429002
1|6|6|0,7,-0.04233131688791268
1|6|6|0,0,0.18393621368650853
4|6|6|0,5,-0.28400156095698864
4|6|6|0,7,-0.1456558062843642
4|6|6|0,1,-0.018837849247864247
4|6|6|0,0,0.04899033559120308
4|6|6|0,6,2.095305660133638
4|6|6|0,3,0.16588003975944277
4|6|6|0,2,-1.42625
7|2|4|3,2,1.470782237573912
7|2|4|3,4,3.5493145284385834
7|2|4|3,5,2.088279454125251
7|2|4|3,6,1.2075613996095818
7|2|4|3,3,2.508243414196773
7|2|4|3,0,1.4570236682438509
7|2|4|3,1,1.2504903181790983
7|4|0|1,3,0.17884449489578916
7|4|0|1,4,0.22165777345979837
7|4|0|1,2,0.8980689425815879
7|4|0|1,5,-0.41965082710537305
7|4|0|1,0,-1.4019260029001233
7|4|0|1,6,0.28310663936331376
7|4|0|1,1,1.5041235411501936
6|2|6|0,4,1.7009239541175127
6|2|6|0,5,1.7304490149715244
6|2|6|0,1,1.6592449381745167
6|2|6|0,3,1.5982878353702406
6|2|6|0,2,2.459238444784809
6|2|6|0,7,2.105061090513447
6|2|6|0,0,2.6674222345863123
4|3|6|1,2,1.0995879943253777
4|3|6|1,0,1.2640445761937351
4|3|6|1,3,1.7626182517901967
4|3|6|1,7,1.6867405419744386
4|3|6|1,5,2.046264486902244
4|3|6|1,1,4.038486207763246
4|3|6|1,6,2.5676822051273493
1|8|7|7,0,0.02754006047323243
1|8|7|7,7,10.999999999999982
1|8|7|7,4,-0.1598813961545985
1|8|7|7,5,-1.43314355472757
1|8|7|7,3,0.30470991301017447
1|8|7|7,6,-1.1533556934128728
1|8|7|7,2,-4.215105243754612
1|1|7|6,2,2.1659143164993484
1|1|7|6,4,1.859810649039683
1|1|7|6,5,2.044926491679403
1|1|7|6,0,2.0688195289580995
1|1|7|6,3,1.9373942040723222
1|1|7|6,7,4.743368560545924
1|1|7|6,6,3.9317009244241192
2|1|7|6,5,2.145752210590488
2|1|7|6,1,1.871843810830659
2|1|7|6,7,4.0656459149035795
2|1|7|6,4,2.212024914366118
2|1|7|6,6,4.679607233287064
2|1|7|6,3,2.2810725429962213
2|1|7|6,0,1.6929838654525278
5|1|7|6,0,2.000528568636463
5|1|7|6,7,3.9925807687254027
5|1|7|6,1,1.9436918005198827
5|1|7|6,4,1.9349947584474416
5|1|7|6,2,1.7179336370947915
5|1|7|6,3,2.0768577456319037
5|1|7|6,6,4.60277244016962
0|1|7|6,5,2.175365142089249
0|1|7|6,6,4.807670505783929
0|1|7|6,4,2.094488927439089
0|1|7|6,1,1.8722632846056904
0|1|7|6,2,1.808802768830768
0|1|7|6,3,2.07581957916054
0|1|7|6,7,3.6296474090083195
6|2|5|1,3,2.0701653245078253
6|2|5|1,5,3.241773251455739
6|2|5|1,1,3.7250126897592333
6|2|5|1,2,2.399258317238635
6|2|5|1,0,1.8195854526522208
6|2|5|1,4,2.459904285145811
6|2|5|1,7,2.9119435771811912
0|7|5|5,3,-1.9007469369767571
0|7|5|5,2,-3.1393045038087037
0|7|5|5,1,-2.680351747911384
0|7|5|5,5,3.278503960746426
0|7|5|5,7,-1.301062495511867
0|7|5|5,4,-4.283278187173287
0|7|5|5,6,-0.8555559219223625
5|3|3|7,1,0.8341459374733227
5|3|3|7,0,1.310921962959298
5|3|3|7,2,0.7998714955807258
5|3|3|7,6,0.6217887068841152
5|3|3|7,7,4.347759911921163
5|3|3|7,4,0.732042822606158
5|3|3|7,3,2.1750780655603
1|4|3|7,6,-0.15777672687012864
1|4|3|7,5,0.23456758817953938
1|4|3|7,2,0.7853741505291283
1|4|3|7,0,-1.0205248526325117
1|4|3|7,4,-0.7691313525179326
1|4|3|7,7,3.1416136910654267
1|4|3|7,3,1.4775981818281518
6|4|3|7,2,-1.3011591107761813
6|4|3|7,4,-1.1981972105610281
6|4|3|7,0,-0.2388358269165522
6|4|3|7,1,0.38426464562315465
6|4|3|7,5,0.30580949623173814
6|4|3|7,3,4.243375321330362
6|4|3|7,7,1.2769810553816596
7|4|4|1,5,0.35080847131065274
7|4|4|1,0,-0.21530775801097535
7|4|4|1,3,1.381880838599217
7|4|4|1,6,-0.2956374518386616
7|4|4|1,1,2.0057836785642618
7|4|4|1,4,3.204179695129617
7|4|4|1,2,0.6951755915448639
5|4|4|1,7,-0.037880288724658706
5|4|4|1,2,0.32346352169639664
5|4|4|1,4,2.651292883120351
5|4|4|1,1,1.3811266575036607
5|4|4|1,6,0.9563499588999549
5|4|4|1,3,0.4003690624771323
5|4|4|1,0,-0.43678216868969966
5|1|1|2,2,4.335304758098075
5|1|1|2,1,2.4284722979724482
5|1|1|2,4,2.7990516164820156
5|1|1|2,7,2.8458025703098193
5|1|1|2,6,3.007050615993777
5|1|1|2,0,1.7673625872531253
5|1|1|2,3,2.9088932398357454
6|3|1|0,0,2.881606865681992
6|3|1|0,2,0.14975231151469592
6|3|1|0,7,1.3713986287952744
6|3|1|0,4,1.31541518106347
6|3|1|0,3,0.7471866650410249
6|3|1|0,1,2.0778928212413357
6|3|1|0,5,1.51271902442741
1|3|4|0,2,1.42637559860989
1|3|4|0,0,3.8785414578243533
1|3|4|0,3,2.132738907765603
1|3|4|0,7,2.176406058769021
1|3|4|0,5,2.3434730127465984
1|3|4|0,4,3.122250659022997
1|3|4|0,6,1.6748443055931288
1|2|4|0,4,3.5418759029402054
1|2|4|0,7,2.6351987740131952
1|2|4|0,5,2.8285449888559424
1|2|4|0,3,2.558559083543168
1|2|4|0,0,4.262772813955993
1|2|4|0,6,2.820289538982357
1|2|4|0,2,2.4158763317268703
4|2|4|0,1,2.465994554802421
4|2|4|0,5,2.683346622408417
4|2|4|0,0,4.176773744466425
4|2|4|0,2,1.7559765874400672
4|2|4|0,3,2.2319400122194226
4|2|4|0,7,2.210661354160092
4|2|4|0,6,2.285219311683201
3|1|4|6,2,2.058219422901596
3|1|4|6,5,1.988144373703673
3|1|4|6,1,2.0023543146805696
3|1|4|6,4,1.7729688151304501
3|1|4|6,7,1.486082442883917
3|1|4|6,0,1.6003658018731963
3|1|4|6,6,4.623838500611071
2|1|4|6,7,2.5802060067819785
2|1|4|6,5,1.5794461918823968
2|1|4|6,6,4.749524106845229
2|1|4|6,4,1.2975580233245945
2|1|4|6,3,1.8351031273929244
2|1|4|6,0,1.181571628122225
2|1|4|6,1,2.001887906645298
7|2|4|6,2,2.12467244450774
7|2|4|6,6,4.283425672215895
7|2|4|6,5,1.9591772361250073
7|2|4|6,0,0.7373445847202162
7|2|4|6,3,1.4681176199223809
7|2|4|6,4,2.6733460264113797
7|2|4|6,1,0.09198672410994957
2|2|4|6,0,2.064045397317951
2|2|4|6,7,1.544635171907204
2|2|4|6,3,1.561212502783015
2|2|4|6,6,4.224730842246391
2|2|4|6,5,1.990041529704569
2|2|4|6,1,0.8366182496685798
2|2|4|6,4,2.8435495683510275
1|2|1|6,6,3.722631909513514
1|2|1|6,2,1.2256094150171404
1|2|1|6,7,0.8488876828009776
1|2|1|6,5,1.8286560954918338
1|2|1|6,0,0.5058578639985616
1|2|1|6,3,0.9477496220604088
1|2|1|6,4,0.8597367567718859
0|3|6|3,4,1.7910372371532943
0|3|6|3,1,1.294124782058855
0|3|6|3,2,1.689989966402722
0|3|6|3,7,2.2332669748369414
0|3|6|3,6,2.7371526247245064
0|3|6|3,3,4.178260756456388
0|3|6|3,5,2.492599056159049
6|5|1|2,2,1.475811896657983
6|5|1|2,1,-2.105305856681266
6|5|1|2,3,-1.7358561247898534
6|5|1|2,5,-0.6241816889922314
6|5|1|2,7,-0.5906783268403348
6|5|1|2,0,-1.13263819119404
6|5|1|2,4,0.28130314401779505
6|2|5|3,7,2.3399805356667014
6|2|5|3,3,3.872783399452827
6|2|5|3,4,1.8870413399635906
6|2|5|3,5,2.100942195185187
6|2|5|3,1,1.8150396041846928
6|2|5|3,0,0.9783033858795219
6|2|5|3,2,1.1532507280307263
7|3|5|1,2,1.5517596082282437
7|3|5|1,5,2.1132508598692956
7|3|5|1,0,0.674700968813787
7|3|5|1,3,1.6395568297334633
7|3|5|1,1,4.1856908535138135
7|3|5|1,4,1.4567649434873244
7|3|5|1,6,2.5404717258432634
5|4|5|1,0,-0.5959482720691894
5|4|5|1,7,-0.5678350892463165
5|4|5|1,2,0.34063689461253194
5|4|5|1,3,-0.23467009973075137
5|4|5|1,1,2.5221856368938056
5|4|5|1,6,-0.6322152019670173
5|4|5|1,4,0.47316814252963557
0|4|5|1,3,1.0586135098955192
0|4|5|1,6,1.600278275444989
0|4|5|1,7,1.205600642998788
0|4|5|1,2,1.2763360989848986
0|4|5|1,4,1.3943706867988621
0|4|5|1,5,2.2045387711065763
0|4|5|1,1,3.9215344979641924
2|1|5|4,1,2.5165948361626937
2|1|5|4,3,2.571015434416794
2|1|5|4,0,2.5034857440628837
2|1|5|4,5,3.632048802685581
2|1|5|4,4,4.699537340902555
2|1|5|4,7,2.7354423914764068
2|1|5|4,6,2.655444882412733
4|4|5|7,1,-0.5466531385897152
4|4|5|7,6,0.525023434779324
4|4|5|7,3,0.5994839879045943
4|4|5|7,7,5.291288406534216
4|4|5|7,2,0.3400724548931893
4|4|5|7,0,-0.15198922841302392
4|4|5|7,5,2.152471542368766
2|2|5|5,5,4.579225637755801
2|2|5|5,0,2.845893027851044
2|2|5|5,3,2.910117032204989
2|2|5|5,7,3.175384545405523
2|2|5|5,6,2.879624772628167
2|2|5|5,4,2.946971510891061
2|2|5|5,1,2.923944922698253
6|1|7|3,0,2.343726295214278
6|1|7|3,2,2.002577154602866
6|1|7|3,3,4.482218651582713
6|1|7|3,7,3.2845146288389344
6|1|7|3,4,2.402701282698371
6|1|7|3,1,2.335976997465102
6|1|7|3,5,2.4415332817075703
5|6|3|3,6,-1.1154136222918565
5|6|3|3,7,-0.19510527800800093
5|6|3|3,1,-0.46803141230153844
5|6|3|3,2,-1.9446774676799454
5|6|3|3,4,-1.0955590834619324
5|6|3|3,0,-1.191865593680389
5|6|3|3,3,1.2892211646168297
2|4|3|4,0,-0.5366893242704772
2|4|3|4,1,0.16518062237799744
2|4|3|4,3,-0.6943450336717669
2|4|3|4,5,-0.346833593613079
2|4|3|4,7,1.2625962620659386
2|4|3|4,6,0.37071048280564445
2|4|3|4,4,3.178259781590437
0|4|1|5,3,-0.702735737039418
0|4|1|5,1,-0.40253579313151144
0|4|1|5,4,-0.33705405158430946
0|4|1|5,2,0.05461633011034582
0|4|1|5,5,0.7520262167329554
0|4|1|5,6,1.2129576361360197
0|4|1|5,7,0.6177669296612591
3|4|1|5,4,-1.6318864882114144
3|4|1|5,2,-0.3673909361296772
3|4|1|5,6,0.5381570753962382
3|4|1|5,1,0.15293833473934426
3|4|1|5,5,0.9994624178053997
3|4|1|5,7,1.2239040458887307
3|4|1|5,0,-1.0929390758943769
6|1|4|2,7,2.7106683846200363
6|1|4|2,2,4.748700658644688
6|1|4|2,4,3.3038020028448676
6|1|4|2,5,2.731370470385554
6|1|4|2,1,2.606142620388558
6|1|4|2,0,2.592977026359492
6|1|4|2,3,2.7014025882655255
7|1|4|2,6,2.7004354673432287
7|1|4|2,1,2.6518256717554043
7|1|4|2,5,2.8238898844325053
7|1|4|2,3,2.591069032510322
7|1|4|2,0,2.530524361447897
7|1|4|2,2,4.789433290923138
7|1|4|2,4,3.531036487113082
2|3|4|3,6,2.5927288503089545
2|3|4|3,0,1.7589198806073665
2|3|4|3,1,0.5265088858524382
2|3|4|3,3,4.0992239431872335
2|3|4|3,7,2.431098296507441
2|3|4|3,4,2.729410392002944
2|3|4|3,5,2.510464596449252
2|2|2|4,6,2.599019284853952
2|2|2|4,1,1.685709066046915
2|2|2|4,5,2.2258687591282333
2|2|2|4,7,2.6160771183855456
2|2|2|4,4,4.145679939987765
2|2|2|4,3,2.1157566038760565
2|2|2|4,0,1.8554963923116141
6|3|2|4,3,-1.3384458226259206
6|3|2|4,0,0.5906914669373605
6|3|2|4,4,2.826892976019833
6|3|2|4,5,0.5500067903646364
6|3|2|4,2,1.0541140045121455
6|3|2|4,7,0.2849147282997382
6|3|2|4,1,0.8344360772155145
5|3|2|3,6,0.6678710715915999
5|3|2|3,0,0.13040107688964447
5|3|2|3,7,0.9732766840628971
5|3|2|3,2,-0.048852092371367284
5|3|2|3,1,0.6330784296454732
5|3|2|3,4,0.5274115747987521
5|3|2|3,3,3.559945556638949
6|3|2|3,5,0.38315950997030357
6|3|2|3,0,-0.22919374369277953
6|3|2|3,4,1.3128531231341183
6|3|2|3,3,3.093697125896244
6|3|2|3,1,-0.2873667627300316
6|3|2|3,2,1.271928317662066
6|3|2|3,7,0.5150839187105831
0|3|2|3,1,0.6504245090638949
0|3|2|3,3,2.94898784003335
0|3|2|3,4,1.5112322855976155
0|3|2|3,2,1.663592635805752
0|3|2|3,5,1.4372657047640507
0|3|2|3,7,1.6749720810773456
0|3|2|3,6,1.9253795246856855
1|3|2|3,7,1.6721405656547146
1|3|2|3,0,1.3990358799553162
1|3|2|3,2,1.7560676777322497
1|3|2|3,4,1.6577538563000427
1|3|2|3,6,0.9409786211546085
1|3|2|3,3,3.0857520739171407
1|3|2|3,5,1.6133771645092683
3|4|5|2,6,1.5258900557604647
3|4|5|2,7,1.5014249661143184
3|4|5|2,5,3.242694124960311
3|4|5|2,0,0.9772104015773838
3|4|5|2,2,2.8629471373018105
3|4|5|2,1,0.8161602865923951
3|4|5|2,4,0.9938974144706181
6|4|5|2,2,3.441661451489393
6|4|5|2,0,0.09431839606923198
6|4|5|2,7,0.27512552785544664
6|4|5|2,5,1.3956179434715819
6|4|5|2,3,1.0576100678108373
6|4|5|2,4,0.22147465293372126
6|4|5|2,1,-1.026634031348926
2|5|5|1,5,3.8470489592655124
2|5|5|1,7,0.6899148739469237
2|5|5|1,0,0.0630232317965137
2|5|5|1,3,-0.23511440393733427
2|5|5|1,6,0.886159613085933
2|5|5|1,4,1.1627116085474252
2|5|5|1,1,1.8403835665810533
2|4|1|7,5,-0.09015172557408185
2|4|1|7,3,0.08548994671550114
2|4|1|7,6,0.4911666553720925
2|4|1|7,0,0.7552301012901856
2|4|1|7,7,2.2401273825751566
2|4|1|7,1,0.23171328573701816
2|4|1|7,4,0.884517731982209
5|4|1|7,7,2.6416503484707303
5|4|1|7,6,0.022019574551769575
5|4|1|7,4,0.12829807311820707
5|4|1|7,1,2.436146251153448
5|4|1|7,0,-0.0018848644545762516
5|4|1|7,3,0.5989830750700612
5|4|1|7,2,-0.2324787321687608
3|1|5|0,1,2.863593602444165
3|1|5|0,0,4.717670004405014
3|1|5|0,2,2.9973552779902923
3|1|5|0,6,2.7499634464881466
3|1|5|0,5,3.852733541329509
3|1|5|0,7,2.7910032084492773
3|1|5|0,4,3.1056449940496575
1|1|5|0,7,2.7942808993697215
1|1|5|0,0,4.900522153762636
1|1|5|0,2,2.8506564051874657
1|1|5|0,5,3.5637945880355617
1|1|5|0,6,2.8873419926370767
1|1|5|0,3,2.7774923569205616
1|1|5|0,4,2.7483743479725806
2|2|1|4,1,2.3867330507109843
2|2|1|4,3,2.0407849596381578
2|2|1|4,0,1.8852642697796433
2|2|1|4,6,2.322267596508402
2|2|1|4,5,2.2672755876201123
2|2|1|4,4,3.976366507412892
2|2|1|4,7,2.0840805491996885
6|2|1|4,7,1.4490835053970725
6|2|1|4,3,0.0033581900583581348
6|2|1|4,4,3.8412770167412185
6|2|1|4,0,1.299329245869149
6|2|1|4,1,1.2578376351714553
6|2|1|4,5,1.2766546886172596
6|2|1|4,2,1.3656219345635079
3|2|1|2,7,2.3513952579986084
3|2|1|2,1,1.964702717319095
3|2|1|2,5,2.0107824989394136
3|2|1|2,4,2.102758246622843
3|2|1|2,0,1.5230106966496517
3|2|1|2,2,3.7790906571808174
3|2|1|2,6,2.433774496831034
1|4|2|0,0,1.428513435898695
1|4|2|0,2,2.827770821914354
1|4|2|0,5,0.7295055179216319
1|4|2|0,7,0.2158606675819756
1|4|2|0,6,0.5476362426914245
1|4|2|0,4,-0.798696522548928
1|4|2|0,3,0.5003193141510206
2|1|7|7,5,2.8985117458131056
2|1|7|7,7,5.1646914909387
2|1|7|7,3,2.9014877273539597
2|1|7|7,0,2.9245345448610953
2|1|7|7,1,2.9112400989117626
2|1|7|7,4,3.075555166866408
2|1|7|7,6,2.8811146882368734
7|3|7|2,1,0.6723493534469108
7|3|7|2,2,1.1847836587356315
7|3|7|2,3,0.800293067111392
7|3|7|2,4,1.8940557557428015
7|3|7|2,5,1.036179864246533
7|3|7|2,6,0.022285763501475403
7|3|7|2,0,0.5148534167736111
2|5|4|4,0,0.3622363258485139
2|5|4|4,1,0.3111590875478561
2|5|4|4,5,0.9357454307781912
2|5|4|4,4,4.452311087797863
2|5|4|4,3,1.1277255899908294
2|5|4|4,6,1.291365861464736
2|5|4|4,7,0.28021185777008567
1|3|5|4,6,0.8548816084867041
1|3|5|4,3,1.9211555517802226
1|3|5|4,5,3.116238069619299
1|3|5|4,0,1.4016372637296182
1|3|5|4,7,2.8262960442394567
1|3|5|4,4,2.9876358654085062
1|3|5|4,2,1.4649399681475297
6|3|5|4,2,0.7552225919194655
6|3|5|4,7,2.7070801497866483
6|3|5|4,0,0.596530548532672
6|3|5|4,1,0.26836132339317753
6|3|5|4,3,0.906586788898101
6|3|5|4,4,2.0711365982348933
6|3|5|4,5,0.7280451222263188
2|3|5|4,7,2.6497473601092825
2|3|5|4,1,1.3894400829977662
2|3|5|4,3,1.7367764945769772
2|3|5|4,6,1.994126124926499
2|3|5|4,0,1.5804702622701194
2|3|5|4,4,3.4399257844163826
2|3|5|4,5,3.556876276606569
0|8|4|4,2,1.515285435288485
0|8|4|4,1,-0.12010790528680343
0|8|4|4,6,0.8817883830819981
0|8|4|4,3,-0.3865226988933969
0|8|4|4,5,0.18749138325458542
0|8|4|4,4,10.999999999999982
0|8|4|4,7,1.97164120494099
4|1|7|5,0,1.6100032687937829
4|1|7|5,7,3.719228500727234
4|1|7|5,5,4.360268686130979
4|1|7|5,2,2.014771228232963
4|1|7|5,6,2.2981678502651994
4|1|7|5,1,2.390377662458676
4|1|7|5,3,1.678106427213904
0|1|7|5,7,3.634414155483019
0|1|7|5,3,2.142049776370274
0|1|7|5,4,1.9201304325503004
0|1|7|5,1,2.0815119466929555
0|1|7|5,5,4.514725610647282
0|1|7|5,6,1.9278579435518117
0|1|7|5,2,1.8048450458592054
7|4|7|2,6,-0.34666391819284526
7|4|7|2,1,-0.564075757038558
7|4|7|2,2,0.37574113377143287
7|4|7|2,3,-0.7201142055021053
7|4|7|2,4,-1.0057650304395431
7|4|7|2,0,0.12105137584158279
7|4|7|2,5,0.8369237653288836
6|5|7|2,3,1.6765044339094044
6|5|7|2,0,-1.3603692200641335
6|5|7|2,1,0.6885526231245062
6|5|7|2,2,4.7504547335757366
6|5|7|2,5,-0.16196384734397876
6|5|7|2,4,1.3541346230199254
6|5|7|2,7,1.8619635002342532
3|5|7|2,4,0.5516206066029774
3|5|7|2,6,-0.6068939742679038
3|5|7|2,0,-1.5955993411905818
3|5|7|2,7,2.8763542305771694
3|5|7|2,1,-0.07037585697519477
3|5|7|2,5,1.4545798700884238
3|5|7|2,2,1.317648051093979
4|5|7|2,6,-0.9441154383710331
4|5|7|2,5,0.7478769502045376
4|5|7|2,1,-0.09562441924664378
4|5|7|2,2,2.171263234772862
4|5|7|2,0,0.7602051699594286
4|5|7|2,7,3.9073850636666836
4|5|7|2,3,-0.09842394204056526
7|5|1|0,4,0.07587909251085138
7|5|1|0,3,0.14085903699661706
7|5|1|0,5,0.1645479226869805
7|5|1|0,1,4.55775645208006
7|5|1|0,2,-0.742909751611166
7|5|1|0,6,0.049195278814362225
7|5|1|0,0,1.2172850784871028
4|1|5|2,1,2.5042169451567364
4|1|5|2,5,2.7956867360935926
4|1|5|2,6,2.768253027965128
4|1|5|2,2,4.636626059102692
4|1|5|2,7,2.8479804709973284
4|1|5|2,3,2.8460644230631176
4|1|5|2,0,2.569585729281869
1|1|5|2,3,3.072677686866853
1|1|5|2,5,3.525248331066868
1|1|5|2,0,2.597017460891152
1|1|5|2,2,4.651793398819095
1|1|5|2,6,2.701452916920965
1|1|5|2,7,2.804758865769391
1|1|5|2,4,2.869371992297238
5|5|7|0,4,0.8521522055557846
5|5|7|0,0,1.5887451631001221
5|5|7|0,7,3.151686775437458
5|5|7|0,6,-0.033306615187125854
5|5|7|0,1,0.6530890825372389
5|5|7|0,2,1.2783247460710327
5|5|7|0,3,1.0153705826221233
4|5|7|0,7,3.654836538387453
4|5|7|0,2,1.2798929639535506
4|5|7|0,1,-0.18186117931537182
4|5|7|0,5,0.43898412099471473
4|5|7|0,0,2.246537507137373
4|5|7|0,6,-0.03533806227728607
4|5|7|0,3,0.6441406543257808
7|2|5|0,6,2.2195509743003217
7|2|5|0,4,2.409281990339568
7|2|5|0,3,2.2198819002871706
7|2|5|0,0,4.170048124895174
7|2|5|0,5,3.428810033391467
7|2|5|0,2,2.4184125769715967
7|2|5|0,1,2.3420770183026747
3|2|0|4,0,1.80862658309979
3|2|0|4,5,1.889746016309731
3|2|0|4,2,1.632340121588407
3|2|0|4,6,1.6450174389269834
3|2|0|4,7,1.4297589904120582
3|2|0|4,1,1.7799372288744888
3|2|0|4,4,3.778434269463646
7|2|0|4,0,0.9626631411006789
7|2|0|4,6,0.6531241198142976
7|2|0|4,4,2.4915517916056134
7|2|0|4,5,1.0440924206439945
7|2|0|4,3,1.1144816762707699
7|2|0|4,1,1.063876895345241
7|2|0|4,2,1.0342249522886215
5|2|0|4,4,3.2784942906637733
5|2|0|4,0,1.75987930879063
5|2|0|4,7,-0.1006813518934787
5|2|0|4,6,1.3709377041113104
5|2|0|4,2,1.6037545412682985
5|2|0|4,3,0.794187423819066
5|2|0|4,1,1.1772881326358684
4|2|4|3,2,0.7221475772105512
4|2|4|3,7,0.3639019949973286
4|2|4|3,1,1.1485340130101622
4|2|4|3,0,1.4270749263516853
4|2|4|3,6,2.0622950558216897
4|2|4|3,3,4.450174323604032
4|2|4|3,5,1.8411092224256007
6|1|5|2,0,2.5249915508439233
6|1|5|2,5,3.949056273423012
6|1|5|2,3,2.7230645398468547
6|1|5|2,7,2.8487022579844514
6|1|5|2,2,4.742978348938235
6|1|5|2,4,2.6621499387181418
6|1|5|2,1,2.5267473564382303
0|2|2|3,6,2.334863189237934
0|2|2|3,1,2.1408094346891384
0|2|2|3,7,2.7967321849740543
0|2|2|3,2,2.258412424386645
0|2|2|3,4,2.3092870017690013
0|2|2|3,3,4.03387258725185
0|2|2|3,5,2.482618771573769
7|2|2|3,3,4.173734293004171
7|2|2|3,6,1.6224242918158918
7|2|2|3,0,1.298062396919792
7|2|2|3,1,1.196177635902638
7|2|2|3,4,2.226177631869024
7|2|2|3,5,1.3983856762307019
7|2|2|3,2,1.9504057601901434
0|5|3|2,4,-0.06577066536774628
0|5|3|2,3,3.396031928141093
0|5|3|2,1,0.15467573676047902
0|5|3|2,5,-0.9420030214465325
0|5|3|2,6,-0.21678124441152305
0|5|3|2,2,0.31711965552157917
0|5|3|2,7,-0.6578803609236576
4|5|3|2,2,0.3039934190493927
4|5|3|2,3,3.2513362254582576
4|5|3|2,1,-1.2401546554584648
4|5|3|2,0,-0.7206229031205668
4|5|3|2,5,0.14260375926410282
4|5|3|2,6,1.1093695371926737
4|5|3|2,7,0.06402233095609378
2|7|6|6,1,-3.755058056146942
2|7|6|6,0,-2.515743515676561
2|7|6|6,6,2.965320924251015
2|7|6|6,7,4.283210731007368
2|7|6|6,4,-1.6934204664915136
2|7|6|6,5,-2.1548652840265734
2|7|6|6,3,-3.447066981394473
1|7|6|6,6,3.047958050379902
1|7|6|6,4,-1.7938777741939986
1|7|6|6,3,-3.851946454539444
1|7|6|6,0,-2.912718932957117
1|7|6|6,7,5.258753868247428
1|7|6|6,5,-2.650011399519698
1|7|6|6,2,-1.9295705801338896
3|8|6|6,5,-0.4532514204356979
3|8|6|6,0,2.6077000213365586
3|8|6|6,7,2.0293719514871915
3|8|6|6,6,10.999999999999982
3|8|6|6,2,-1.0759586488630306
3|8|6|6,4,1.275711708000629
3|8|6|6,1,-1.337620366054212
6|1|2|5,0,1.81060243818193
6|1|2|5,2,2.0267240032450395
6|1|2|5,5,4.6115322181936005
6|1|2|5,4,1.7202167597058249
6|1|2|5,7,2.8927506093896382
6|1|2|5,3,1.989569026169141
6|1|2|5,1,1.8361900246913885
0|3|5|7,5,2.6592849935868053
0|3|5|7,7,4.949781896251664
0|3|5|7,6,1.1972017648143167
0|3|5|7,3,0.8550351651296898
0|3|5|7,2,1.4029110810790937
0|3|5|7,4,1.9461121786272573
0|3|5|7,1,0.7894181116561279
4|8|5|5,3,-2.3186715251720464
4|8|5|5,0,1.8361685380730737
4|8|5|5,5,10.999999999999982
4|8|5|5,1,-1.1416198898060976
4|8|5|5,6,-2.2259965422449355
4|8|5|5,7,-1.8412104427642213
4|8|5|5,2,-2.485006340091952
2|2|4|7,4,2.0107457332084495
2|2|4|7,3,1.6732338332884107
2|2|4|7,6,1.8349180157539893
2|2|4|7,5,1.5699969563297587
2|2|4|7,1,0.3262971243980481
2|2|4|7,0,1.0876621079720938
2|2|4|7,7,4.561324444956385
4|2|4|7,1,0.9013444666420987
4|2|4|7,0,1.3655006163107124
4|2|4|7,3,1.0971012381603058
4|2|4|7,6,0.5900667810674917
4|2|4|7,7,1.3531400921388956
4|2|4|7,5,2.8798219608317006
4|2|4|7,2,0.8338956206380778
1|2|4|7,5,2.5394328623423466
1|2|4|7,3,1.6359195088799132
1|2|4|7,2,1.9881305023558147
1|2|4|7,7,3.190692061003608
1|2|4|7,0,2.363864638846938
1|2|4|7,6,1.6636170303297262
1|2|4|7,4,2.4827171784319653
5|2|4|7,0,2.568815517420776
5|2|4|7,4,2.1914734639784714
5|2|4|7,7,4.463013890928293
5|2|4|7,3,2.2655891700363924
5|2|4|7,2,2.2262831718316924
5|2|4|7,6,1.9568224975022295
5|2|4|7,1,1.0496462201669379
0|2|4|7,7,4.5948548234795386
0|2|4|7,5,2.058580774712052
0|2|4|7,6,1.9868364401286
0|2|4|7,2,1.4197013951162762
0|2|4|7,1,0.589607893044177
0|2|4|7,3,1.7432332873257879
0|2|4|7,4,2.0992751306695543
0|3|2|6,2,3.483805659926864
0|3|2|6,5,1.2400906024202225
0|3|2|6,6,2.718652900473999
0|3|2|6,4,1.2865277643429236
0|3|2|6,3,0.8118785734583601
0|3|2|6,7,1.4591810479701748
0|3|2|6,1,1.2796193831542209
2|2|7|3,1,1.8336373334973863
2|2|7|3,3,3.2484682435269474
2|2|7|3,0,1.75298397732264
2|2|7|3,4,2.4178110406736755
2|2|7|3,7,3.2973553485394245
2|2|7|3,6,2.771886514496952
2|2|7|3,5,2.0316404474991168
3|3|7|4,6,1.7712845103037635
3|3|7|4,7,1.7649007053437207
3|3|7|4,2,0.5924499777598069
3|3|7|4,0,0.6042020444120855
3|3|7|4,4,3.102493722571597
3|3|7|4,5,2.174481771862609
3|3|7|4,1,0.9992980818722048
6|3|7|4,2,-0.02013883527095231
6|3|7|4,5,0.9425985530422061
6|3|7|4,0,0.347678953414842
6|3|7|4,7,3.2993661860718104
6|3|7|4,4,1.5512164971797993
6|3|7|4,1,0.14076263273688946
6|3|7|4,3,-0.013322907446872811
2|3|7|4,7,2.327251159066733
2|3|7|4,3,0.5714488491134526
2|3|7|4,1,1.1114919567110497
2|3|7|4,0,0.7698210444283499
2|3|7|4,4,3.7558715304501593
2|3|7|4,6,1.2806508762782975
2|3|7|4,5,2.324906955489031
6|2|3|2,4,2.027606438838514
6|2|3|2,5,2.1897374300353745
6|2|3|2,2,4.269400717089673
6|2|3|2,3,3.3603159919412517
6|2|3|2,0,1.9221457180406194
6|2|3|2,1,1.767974426238886
6|2|3|2,7,2.5817677329282294
4|3|3|2,0,1.0891305499529886
4|3|3|2,6,1.5772146321529044
4|3|3|2,7,0.8936117925719456
4|3|3|2,3,2.6616478611353136
4|3|3|2,2,3.771323777716744
4|3|3|2,5,1.1887757917369084
4|3|3|2,1,1.3576764662911307
0|3|3|2,2,3.526711667306502
0|3|3|2,5,1.2664231345067594
0|3|3|2,3,2.8056181596796628
0|3|3|2,1,1.5556332086280529
0|3|3|2,4,1.9926673058101698
0|3|3|2,7,2.122428310724223
0|3|3|2,6,1.6008558978787457
2|3|3|1,0,1.0106296750537591
2|3|3|1,1,3.427688260318436
2|3|3|1,5,2.1175749328772686
2|3|3|1,7,1.296922141006231
2|3|3|1,3,3.3204456067369055
2|3|3|1,6,1.4433405671474584
2|3|3|1,4,1.934505705087827
3|2|6|1,6,3.6944452960077006
3|2|6|1,0,2.090374013391587
3|2|6|1,7,2.465299486732466
3|2|6|1,2,2.3193884278505568
3|2|6|1,5,2.360855077857967
3|2|6|1,1,4.20062151740438
3|2|6|1,4,2.454647708734373
4|1|7|6,5,1.6692296765074988
4|1|7|6,2,2.31804435444428
4|1|7|6,3,2.1150300643136113
4|1|7|6,6,3.6739110136691893
4|1|7|6,1,2.214027477618334
4|1|7|6,7,4.615316153510353
4|1|7|6,0,2.2007752254384756
4|4|3|6,6,0.906934058969395
4|4|3|6,3,4.036448848916248
4|4|3|6,7,0.23681891542074662
4|4|3|6,0,-0.2326060361931901
4|4|3|6,5,0.31144914905549537
4|4|3|6,2,0.05737009179042805
4|4|3|6,1,-0.3002131437639942
6|8|4|4,1,-0.3891226198784946
6|8|4|4,4,10.999999999999982
6|8|4|4,2,0.6994330878625832
6|8|4|4,7,2.644878081651783
6|8|4|4,5,-0.21531510893489014
6|8|4|4,0,-1.393074256619775
6|8|4|4,3,1.642825441037436
3|2|5|2,5,3.040996145945359
3|2|5|2,1,2.0745074032192323
3|2|5|2,0,1.9655862300966847
3|2|5|2,2,4.473829553803306
3|2|5|2,4,2.4889290512831854
3|2|5|2,7,1.9294462134698445
3|2|5|2,6,2.700382020811456
4|4|6|3,2,0.4594711115669879
4|4|6|3,7,1.3841863114233037
4|4|6|3,3,4.289575231173874
4|4|6|3,6,1.540526439398107
4|4|6|3,0,-0.28995714807740314
4|4|6|3,5,1.2969325302208619
4|4|6|3,1,0.8860805796342666
2|4|6|3,1,0.8313918822800817
2|4|6|3,5,2.1866725050632208
2|4|6|3,0,1.178150076056065
2|4|6|3,3,3.031512392827818
2|4|6|3,4,0.12974493465368386
2|4|6|3,7,2.0996669061204227
2|4|6|3,6,1.98018618086454
1|4|6|3,7,2.4545298419927097
1|4|6|3,2,0.8433242671181301
1|4|6|3,4,1.5519140585187157
1|4|6|3,3,3.804472721015066
1|4|6|3,0,0.9868897576107676
1|4|6|3,5,-0.25201779361172094
1|4|6|3,6,2.071120526425056
4|1|0|2,5,2.8466092820536812
4|1|0|2,0,2.3671477920518686
4|1|0|2,1,2.252174296593962
4|1|0|2,7,2.5734326383164245
4|1|0|2,2,4.30655514776342
4|1|0|2,3,2.87349945299089
4|1|0|2,6,2.9506907208327564
5|4|3|2,3,1.4305154961442947
5|4|3|2,4,0.7116152016205073
5|4|3|2,2,2.133478288654341
5|4|3|2,0,-0.9573536792243413
5|4|3|2,7,0.0536283822526189
5|4|3|2,6,0.4393674045042545
5|4|3|2,1,0.1203701565527581
3|2|3|4,7,2.2580125026179023
3|2|3|4,5,2.4450478149097843
3|2|3|4,2,2.359623258495028
3|2|3|4,6,2.2228921753330617
3|2|3|4,1,1.641668239484757
3|2|3|4,4,3.964530781195774
3|2|3|4,0,2.18000504498317
0|5|2|3,2,-0.9013620882786345
0|5|2|3,4,-0.8855174224573044
0|5|2|3,1,-1.5233040908010933
0|5|2|3,5,-0.5903037036546012
0|5|2|3,7,-1.0602991542419513
0|5|2|3,6,-0.5012975460866435
0|5|2|3,3,0.6762724024394573
7|4|5|5,3,2.074027898730561
7|4|5|5,6,2.600180185278905
7|4|5|5,4,1.8137300182304599
7|4|5|5,0,0.294200769415741
7|4|5|5,5,4.3835788227918995
7|4|5|5,1,1.776364919318803
7|4|5|5,2,2.4929119354816116
5|4|4|0,2,1.1428153180999387
5|4|4|0,7,1.2351304482233039
5|4|4|0,4,1.0308925633597767
5|4|4|0,1,0.7036715581976839
5|4|4|0,3,0.775705873825136
5|4|4|0,0,2.6046516516723566
5|4|4|0,6,0.027893287289684793
3|3|6|4,2,1.3345404054166077
3|3|6|4,0,1.393116195392491
3|3|6|4,4,4.1669213651063
3|3|6|4,6,3.658406985082871
3|3|6|4,5,2.0458886323362644
3|3|6|4,1,1.5035085144530438
3|3|6|4,7,2.201090883993258
2|3|6|4,7,2.483321414112214
2|3|6|4,5,2.0515598379186173
2|3|6|4,6,2.278725157966078
2|3|6|4,4,4.159278904527689
2|3|6|4,3,1.0121717593884292
2|3|6|4,0,1.2060965369890146
2|3|6|4,1,0.7465361357715581
0|4|2|7,3,0.16989179059235493
0|4|2|7,1,-2.2046538559660918
0|4|2|7,5,0.11880570286595224
0|4|2|7,2,3.0382294940624184
0|4|2|7,6,0.7979792190327295
0|4|2|7,4,-0.2733952932169222
0|4|2|7,7,1.626667469287085
3|4|2|7,0,-0.38771378980120336
3|4|2|7,6,-0.07413741296898631
3|4|2|7,5,-1.8552099115424594
3|4|2|7,1,0.08089372018771981
3|4|2|7,7,1.9217744366717433
3|4|2|7,2,3.581530339218392
3|4|2|7,4,0.5886545036859582
3|3|4|2,7,2.002712661013226
3|3|4|2,4,2.7456074561721873
3|3|4|2,0,1.6081651804209443
3|3|4|2,6,2.2691441399642556
3|3|4|2,2,3.190284696728103
3|3|4|2,1,1.629537579926711
3|3|4|2,5,1.189855275567779
7|4|4|2,0,0.5221974099494598
7|4|4|2,5,0.7124894943576261
7|4|4|2,3,0.10692117583190837
7|4|4|2,2,2.977936673731695
7|4|4|2,4,1.2445080063780811
7|4|4|2,1,0.4246250091721229
7|4|4|2,6,1.2961914635137932
0|4|1|2,7,0.33699742049424103
0|4|1|2,3,0.37336690672599465
0|4|1|2,1,-0.7673394850074752
0|4|1|2,6,0.6640122641297797
0|4|1|2,5,0.22809247163112076
0|4|1|2,2,1.9032251214482043
0|4|1|2,4,0.15850315944391777
7|4|1|2,5,-0.5146046616708931
7|4|1|2,4,-0.34493962635332537
7|4|1|2,6,1.1173469513524674
7|4|1|2,3,-0.2792775383248197
7|4|1|2,0,-0.5179365762899514
7|4|1|2,2,0.27492894661627515
7|4|1|2,1,-0.9162352517829312
3|5|2|4,7,-0.5080628241042102
3|5|2|4,6,-0.8135286769320565
3|5|2|4,4,1.2951374867533534
3|5|2|4,2,-1.7091040969576359
3|5|2|4,0,-1.4673727524111249
3|5|2|4,5,-0.04458968038868884
3|5|2|4,1,-2.528863000059812
4|2|4|5,0,1.2773367447546293
4|2|4|5,3,2.010130456401062
4|2|4|5,1,2.306736620852342
4|2|4|5,6,1.8214307254557525
4|2|4|5,2,0.3159906162878561
4|2|4|5,5,4.320320270443652
4|2|4|5,7,2.0449757767425987
0|2|4|5,1,2.252649276220609
0|2|4|5,4,3.0494561619057796
0|2|4|5,5,4.01430456703984
0|2|4|5,2,1.0752179638572401
0|2|4|5,7,2.370045243402855
0|2|4|5,3,2.186383461365882
0|2|4|5,6,1.252718782290297
1|2|4|5,7,2.1558801716930254
1|2|4|5,6,1.6553135512143715
1|2|4|5,5,4.841704621358549
1|2|4|5,4,2.253942199360743
1|2|4|5,3,1.981579612500966
1|2|4|5,0,1.536598304417423
1|2|4|5,2,0.9158901053305302
5|4|4|3,0,-1.1934002167850408
5|4|4|3,1,0.42881542856442095
5|4|4|3,6,-0.33348200257429095
5|4|4|3,3,3.0818410935649743
5|4|4|3,2,-0.6816212984320532
5|4|4|3,7,0.4726279247681437
5|4|4|3,4,1.2457545005989221
0|6|6|6,2,-0.020061038160505307
0|6|6|6,1,1.3761800100910235
0|6|6|6,3,2.265858816918274
0|6|6|6,6,5.564287400626526
0|6|6|6,7,1.5337883086193422
0|6|6|6,5,0.5860188868471413
0|6|6|6,4,-0.28694403917702205
3|5|5|0,7,1.35765471194858
3|5|5|0,4,-0.41248339434489345
3|5|5|0,5,4.396870866029115
3|5|5|0,2,-0.26275842488300216
3|5|5|0,6,-0.10331197435134033
3|5|5|0,1,-0.2441163523595627
3|5|5|0,0,1.55323568506971
5|8|0|0,3,1.706245571336685
5|8|0|0,7,0.05956780534711503
5|8|0|0,6,-0.5720877882880135
5|8|0|0,2,1.1783506558387473
5|8|0|0,4,2.126374063236483
5|8|0|0,1,3.2250329876151578
5|8|0|0,0,10.999999999999982
0|3|4|4,7,1.992340533659332
0|3|4|4,2,2.583363138739391
0|3|4|4,3,2.5067696038604415
0|3|4|4,4,4.269442473680896
0|3|4|4,6,3.522715646195769
0|3|4|4,5,2.60988226961058
0|3|4|4,1,2.7482835516644717
2|1|1|6,5,2.0667042259107475
2|1|1|6,3,1.7704392575666859
2|1|1|6,0,1.5874971959124602
2|1|1|6,4,1.5787902238118274
2|1|1|6,7,3.0807059977357447
2|1|1|6,1,1.7708611595708157
2|1|1|6,6,4.449884123812351
5|1|1|6,0,1.614649368640005
5|1|1|6,3,1.8986296524873785
5|1|1|6,4,1.7313171962983953
5|1|1|6,2,2.0992483234952153
5|1|1|6,1,1.7135350527594122
5|1|1|6,6,4.429351010596917
5|1|1|6,7,2.470284852802501
1|1|3|4,5,2.894014256906181
1|1|3|4,2,2.460447409600576
1|1|3|4,7,2.8066380524136165
1|1|3|4,4,4.5788811093585355
1|1|3|4,3,2.3677409474626203
1|1|3|4,0,2.29176862703591
1|1|3|4,6,2.9091560065962403
2|2|2|3,6,2.2320260606131486
2|2|2|3,5,2.670571856352204
2|2|2|3,1,2.0457859963215794
2|2|2|3,0,2.0750902908435567
2|2|2|3,3,4.267035006397107
2|2|2|3,4,1.9187786484900036
2|2|2|3,7,2.4444060682311815
2|2|0|7,7,3.980712263255722
2|2|0|7,4,1.5713148702983166
2|2|0|7,5,0.9384071090063882
2|2|0|7,1,1.5866958924292478
2|2|0|7,6,1.2364347381093772
2|2|0|7,0,2.2540668119433787
2|2|0|7,3,1.1771417080022115
3|4|1|2,7,0.225320694377391
3|4|1|2,6,0.22512191538228954
3|4|1|2,2,1.0725194987497966
3|4|1|2,4,0.05374463615827964
3|4|1|2,1,0.04069353560565725
3|4|1|2,0,-0.5831612139251778
3|4|1|2,5,-0.5005943313999818
7|4|0|2,1,-2.5450094471836184
7|4|0|2,3,0.5676805231718317
7|4|0|2,5,0.4605578474941559
7|4|0|2,6,-0.18336304612255827
7|4|0|2,2,0.9847895606852335
7|4|0|2,4,-0.063807740691341
7|4|0|2,0,-0.46838626266957367
3|2|4|7,5,1.8492650936015094
3|2|4|7,1,0.8574619625976311
3|2|4|7,6,2.207753915846356
3|2|4|7,2,2.019872027777014
3|2|4|7,7,4.5633604560091285
3|2|4|7,4,2.0765870309395633
3|2|4|7,0,1.2042584764069644
5|3|4|7,0,1.3574885514570285
5|3|4|7,1,0.9369341440874293
5|3|4|7,2,1.8117388693405596
5|3|4|7,7,5.12860715406938
5|3|4|7,3,-0.21835511591613238
5|3|4|7,4,1.9984861608939124
5|3|4|7,6,1.2823550200076066
4|2|1|3,2,1.2987883333432277
4|2|1|3,1,1.6290445620215173
4|2|1|3,3,3.889143245499271
4|2|1|3,6,2.056855064861871
4|2|1|3,0,1.3484946223303766
4|2|1|3,5,2.2575073763411937
4|2|1|3,7,1.1410991162194433
1|4|1|2,5,0.25347610772175083
1|4|1|2,6,0.12524043383731187
1|4|1|2,4,0.22986189786041303
1|4|1|2,0,-0.4683558700069136
1|4|1|2,3,0.26410338560499186
1|4|1|2,7,0.1393152686004579
1|4|1|2,2,1.4811835791847467
0|3|3|4,5,1.3284449607571645
0|3|3|4,1,1.0603280413798648
0|3|3|4,2,1.4994206967051962
0|3|3|4,7,1.0252651972287479
0|3|3|4,6,1.2693392303254716
0|3|3|4,3,0.8714663358666507
0|3|3|4,4,4.0471376433294495
1|3|3|7,2,0.7990513280464242
1|3|3|7,4,1.5202341285421728
1|3|3|7,3,1.9430891880604735
1|3|3|7,7,4.139391800135159
1|3|3|7,5,0.3020045424875908
1|3|3|7,6,0.786360509559221
1|3|3|7,0,0.06714682714628203
2|3|3|7,1,0.9205462882459622
2|3|3|7,3,3.3070160718133934
2|3|3|7,4,0.9424492660921836
2|3|3|7,5,1.1717644362069781
2|3|3|7,0,1.4920623890986862
2|3|3|7,7,2.179204509397711
2|3|3|7,6,1.4290594135240684
4|3|3|7,0,1.1132403748443802
4|3|3|7,7,4.290844485840566
4|3|3|7,5,1.3484582047449551
4|3|3|7,2,1.0102950537584134
4|3|3|7,3,1.2230280615040932
4|3|3|7,6,0.8670947930981951
4|3|3|7,1,0.7815274789724307
0|4|3|7,7,1.7875627548324617
0|4|3|7,6,-0.9547269147737445
0|4|3|7,2,0.061685273584548075
0|4|3|7,5,-0.15199751286753366
0|4|3|7,3,1.6025922799691412
0|4|3|7,4,0.37494325460032496
0|4|3|7,1,-0.2691852163356589
5|1|0|6,7,2.8117963340441823
5|1|0|6,0,1.9974745597506274
5|1|0|6,6,4.325832830002019
5|1|0|6,4,1.5742725613305941
5|1|0|6,2,2.049775117925325
5|1|0|6,1,1.8379370277058487
5|1|0|6,3,1.9128050133393808
3|2|6|5,6,4.251566852150087
3|2|6|5,0,1.3413159961707983
3|2|6|5,2,1.3215566796186158
3|2|6|5,7,2.6610205867672367
3|2|6|5,4,1.252115335345775
3|2|6|5,5,2.4899348843479814
3|2|6|5,1,1.501863385372003
0|4|2|3,1,-1.2299593219902032
0|4|2|3,3,-0.127770661340681
0|4|2|3,2,-0.20856211031611246
0|4|2|3,4,0.09252108538872338
0|4|2|3,6,0.03094735196978582
0|4|2|3,5,-0.00048187959745737974
0|4|2|3,7,-0.09073266063117744
3|1|6|5,6,3.4797583507703846
3|1|6|5,5,4.852870808808631
3|1|6|5,1,2.2577113991315336
3|1|6|5,2,1.7185766103752398
3|1|6|5,0,2.5220665548163024
3|1|6|5,4,2.103388215668089
3|1|6|5,7,2.630234923279186
1|8|0|0,3,3.561111219356216
1|8|0|0,5,1.7156533975270971
1|8|0|0,6,0.2645623649611833
1|8|0|0,4,1.9266897400930694
1|8|0|0,0,10.999999999999982
1|8|0|0,7,2.814893124734588
1|8|0|0,2,1.6990674116355409
2|6|1|6,3,-1.1625920391425877
2|6|1|6,6,-1.5402636822336864
2|6|1|6,4,-1.5163141207994921
2|6|1|6,5,-0.8534163002798583
2|6|1|6,0,-2.2898231071830617
2|6|1|6,1,-1.2750462158091478
2|6|1|6,7,1.1564007041532234
3|6|1|6,6,-0.45224448189913574
3|6|1|6,2,-1.0610415875913015
3|6|1|6,5,-1.9012646702380456
3|6|1|6,1,-1.3903833559833398
3|6|1|6,0,-1.388876097804555
3|6|1|6,7,-0.15237197554936455
3|6|1|6,4,-2.1665014584837263
7|1|0|2,6,2.709700051045484
7|1|0|2,5,2.7839065695655356
7|1|0|2,2,4.334405176446637
7|1|0|2,3,2.606163953140428
7|1|0|2,0,2.366506530308442
7|1|0|2,1,2.2666377183995747
7|1|0|2,4,2.7317956446942384
0|3|1|4,3,1.279432026669927
0|3|1|4,2,0.7193253938975701
0|3|1|4,6,0.7725738695563796
0|3|1|4,1,2.5459193029985854
0|3|1|4,4,3.397424661653983
0|3|1|4,5,1.2178109953944143
0|3|1|4,7,0.6109592922466596
0|3|4|3,5,1.756619997394721
0|3|4|3,6,1.9610206455280799
0|3|4|3,3,3.4426774066039547
0|3|4|3,7,2.4577650959293758
0|3|4|3,1,1.6776085488236707
0|3|4|3,2,1.1686502060492978
0|3|4|3,4,2.915769223100703
1|1|0|6,5,1.7726130227274484
1|1|0|6,7,1.9295043367512659
1|1|0|6,0,2.001174739674645
1|1|0|6,3,1.6822877684244815
1|1|0|6,4,2.000459419588641
1|1|0|6,2,1.4754390766006042
1|1|0|6,6,3.765675136182163
6|1|7|1,1,3.987342881394164
6|1|7|1,0,2.3777992772617247
6|1|7|1,4,2.3971490511389466
6|1|7|1,7,3.5033788183013286
6|1|7|1,3,2.2911151110820795
6|1|7|1,5,2.5950595136509835
6|1|7|1,2,2.5786548407326038
6|3|7|2,7,1.8113329926083148
6|3|7|2,1,0.7858092562601645
6|3|7|2,5,1.2838030710059294
6|3|7|2,4,1.3358900448704558
6|3|7|2,3,0.8221117495001041
6|3|7|2,0,0.9323739828147737
6|3|7|2,2,2.185511124141055
6|1|5|3,5,3.6328018333670555
6|1|5|3,7,2.728557325338497
6|1|5|3,3,4.3536889480680045
6|1|5|3,1,2.2414181687293238
6|1|5|3,0,2.490419398074898
6|1|5|3,4,2.6028246399702626
6|1|5|3,2,2.571125757419743
5|2|5|2,4,1.572687329543434
5|2|5|2,6,1.3489447042950211
5|2|5|2,0,1.342950262074848
5|2|5|2,1,1.1820455637806262
5|2|5|2,2,4.036891483959161
5|2|5|2,3,1.8431891431884722
5|2|5|2,7,1.6305131352228226
4|2|5|2,0,2.211886412721847
4|2|5|2,3,2.2820269287848443
4|2|5|2,7,1.9736867169297152
4|2|5|2,1,1.8275580000097253
4|2|5|2,5,3.291034488905365
4|2|5|2,6,2.355595217278151
4|2|5|2,2,4.419825961504279
5|1|7|1,1,4.600133912350845
5|1|7|1,0,2.4231225155295135
5|1|7|1,4,2.540142234763078
5|1|7|1,3,2.423846114990555
5|1|7|1,2,2.749756912139308
5|1|7|1,6,2.4290986372595813
5|1|7|1,7,3.2779669806592153
1|3|7|4,5,2.1539399488737785
1|3|7|4,2,1.3136008189164743
1|3|7|4,7,2.4746017027333456
1|3|7|4,3,1.1040746861378548
1|3|7|4,6,2.332899091140079
1|3|7|4,0,1.0919734512886128
1|3|7|4,4,3.3086527067503733
4|2|5|0,0,3.759906748868414
4|2|5|0,3,2.8642268836259692
4|2|5|0,2,2.1948360803331894
4|2|5|0,1,2.4147475446196323
4|2|5|0,7,2.959169139643527
4|2|5|0,5,2.9188448525952286
4|2|5|0,6,2.1890738755670602
5|2|2|3,6,1.65877992621933
5|2|2|3,0,1.7915631544518893
5|2|2|3,2,2.0938810985910177
5|2|2|3,4,2.040957744005641
5|2|2|3,7,0.9764023466077512
5|2|2|3,1,1.5349249444407886
5|2|2|3,3,4.312190715586746
3|2|1|0,1,2.828371424234522
3|2|1|0,6,1.8421160014515678
3|2|1|0,2,2.001198179420311
3|2|1|0,7,2.2062511083786758
3|2|1|0,0,3.83063827807648
3|2|1|0,5,2.50667966250882
3|2|1|0,4,2.2792148826377026
4|4|1|3,5,-0.6066599783044948
4|4|1|3,0,-0.5551034218173522
4|4|1|3,3,1.7563749289720434
4|4|1|3,7,0.31130395265414046
4|4|1|3,6,0.7604213725063809
4|4|1|3,2,-1.0034671782781142
4|4|1|3,1,-0.383282102035497
0|4|0|4,5,0.46863126108181696
0|4|0|4,3,-1.1933407754346115
0|4|0|4,1,-0.9158533373442438
0|4|0|4,7,0.03627696180399145
0|4|0|4,2,-0.13939326967759294
0|4|0|4,4,1.8598134704655593
0|4|0|4,6,0.4861362259739913
5|5|0|2,2,0.11248525758883622
5|5|0|2,3,-0.5781666061034267
5|5|0|2,7,-1.160108190863086
5|5|0|2,4,-0.7468736591671548
5|5|0|2,6,-1.2721447608986747
5|5|0|2,1,-1.086654659781152
5|5|0|2,0,-1.3461459344040103
5|4|3|1,0,-0.7380012280337058
5|4|3|1,2,1.3197027601325841
5|4|3|1,6,0.8891840950532257
5|4|3|1,3,2.543319643324428
5|4|3|1,4,0.2879735282222663
5|4|3|1,1,1.067283386568084
5|4|3|1,7,0.47761327759650907
1|5|2|3,2,-2.2865150210624035
1|5|2|3,3,0.9280951483050905
1|5|2|3,5,-1.6787855801153855
1|5|2|3,7,-1.3074533092576053
1|5|2|3,6,0.16171060580744367
1|5|2|3,0,-1.8806065492820483
1|5|2|3,4,-0.5463766554383737
2|5|2|3,1,-0.9893494655867646
2|5|2|3,0,-1.3160430763653719
2|5|2|3,7,0.1140613345973516
2|5|2|3,6,-1.3607262265275692
2|5|2|3,4,-0.9715035216764496
2|5|2|3,5,-1.1021907509185072
2|5|2|3,3,-0.296872644306222
4|2|7|5,5,4.235281607553471
4|2|7|5,2,0.7955504386142133
4|2|7|5,6,0.9392785786548598
4|2|7|5,0,1.3674754930256527
4|2|7|5,7,2.0833132760612836
4|2|7|5,1,0.7811304006312166
4|2|7|5,3,1.3378175839595243
5|3|7|4,7,3.8691389239596834
5|3|7|4,1,-0.47372753429391046
5|3|7|4,0,0.5395016188922622
5|3|7|4,2,-1.0872118602120415
5|3|7|4,3,0.21045291637263952
5|3|7|4,6,1.4098876164067735
5|3|7|4,4,2.2792824667336435
6|1|3|1,5,2.8881924271070147
6|1|3|1,2,2.6127139141851354
6|1|3|1,1,4.421354874550526
6|1|3|1,7,2.9265731638484613
6|1|3|1,3,3.4596865761282363
6|1|3|1,0,2.427776627938847
6|1|3|1,4,2.781573403138854
0|5|4|3,6,-0.16507632632258806
0|5|4|3,7,-0.633689542457465
0|5|4|3,2,-0.26774114912687696
0|5|4|3,3,-0.09245385289872221
0|5|4|3,1,0.34851193038276423
0|5|4|3,5,0.7198939954002228
0|5|4|3,4,1.5088895775345623
2|4|7|3,0,0.314277964402637
2|4|7|3,7,1.8788379364704604
2|4|7|3,3,4.002910133972035
2|4|7|3,5,1.1626193767938564
2|4|7|3,1,0.6212861557419198
2|4|7|3,4,1.8494706892067145
2|4|7|3,6,0.5053826333908313
0|4|7|3,1,0.0015777551222215594
0|4|7|3,5,1.0089857536487554
0|4|7|3,6,1.563963636816227
0|4|7|3,7,1.7472050741002756
0|4|7|3,3,2.781835731375901
0|4|7|3,4,0.9017198209665328
0|4|7|3,2,0.8681134694016965
1|4|7|3,7,2.098159472529853
1|4|7|3,2,0.5944337178751299
1|4|7|3,3,4.0692115098756885
1|4|7|3,0,-0.5409003509124378
1|4|7|3,4,0.7527337761897934
1|4|7|3,6,1.544077057191124
1|4|7|3,5,2.019548095550537
0|3|7|5,6,2.0248864779095426
0|3|7|5,5,3.9573384673618577
0|3|7|5,1,0.7285377701325678
0|3|7|5,2,0.5999461295595006
0|3|7|5,7,1.754027569137289
0|3|7|5,4,0.5430649500603234
0|3|7|5,3,-0.14365854557093022
1|2|6|4,7,2.325143986205563
1|2|6|4,0,2.0523275506448724
1|2|6|4,3,1.8355912691018095
1|2|6|4,4,4.268773607521155
1|2|6|4,6,2.814108206031404
1|2|6|4,5,2.2782649988139205
1|2|6|4,2,1.7506543386017257
7|7|6|6,6,11.999999999998835
7|7|6|6,0,-1.4384313619327875
7|7|6|6,5,-2.77991514693612
7|7|6|6,4,-3.1813776336000674
7|7|6|6,3,-1.9945380460976951
7|7|6|6,1,-2.5003416142994737
7|7|6|6,2,-2.1536291389387703
6|2|7|1,5,2.068433807736562
6|2|7|1,2,1.8416059348427825
6|2|7|1,0,1.5718432202719241
6|2|7|1,3,1.4331755400188912
6|2|7|1,1,4.216959987707574
6|2|7|1,7,2.9485167062023474
6|2|7|1,4,2.112391803250381
5|8|4|4,0,-0.3504813702373567
5|8|4|4,4,10.999999999999982
5|8|4|4,3,1.4933520503305198
5|8|4|4,1,2.604064711991489
5|8|4|4,2,-0.3693851413569279
5|8|4|4,6,-0.3267869463774488
5|8|4|4,7,2.2441124646407262
7|5|6|0,4,1.1799081771024458
7|5|6|0,5,1.110865440025714
7|5|6|0,0,4.0630316400622934
7|5|6|0,1,0.1973366218606913
7|5|6|0,3,-0.09436546290596992
7|5|6|0,6,5.16886907627191
7|5|6|0,2,0.9234442787240846
2|5|6|0,6,1.5686411561791591
2|5|6|0,1,-0.35304008260704844
2|5|6|0,4,-0.15958289145167712
2|5|6|0,3,0.41055018362538465
2|5|6|0,5,0.7861982394292437
2|5|6|0,7,0.1416244770821234
2|5|6|0,0,3.5900192693447557
0|6|7|6,2,-0.14955353079022435
0|6|7|6,5,-0.5870137813922691
0|6|7|6,3,-0.37739950077879403
0|6|7|6,4,-0.3801761940619607
0|6|7|6,1,-0.13713041061742873
0|6|7|6,6,3.745612502447943
0|6|7|6,7,-0.1511166250000015
2|6|7|6,3,-3.1387759227943324
2|6|7|6,0,-0.36552996611779365
2|6|7|6,1,0.3147319522981089
2|6|7|6,6,6.422791973046953
2|6|7|6,7,2.0031961868632138
2|6|7|6,5,-0.43267758525912703
2|6|7|6,4,-0.4358643302067455
6|1|6|4,0,1.5011853145314424
6|1|6|4,1,1.5472453377907625
6|1|6|4,3,1.8432200953809352
6|1|6|4,5,2.2277187178049718
6|1|6|4,7,3.3606487015184334
6|1|6|4,4,3.202128800174847
6|1|6|4,2,1.635359634475141
0|1|6|4,6,2.9794196685486622
0|1|6|4,3,2.4393744490923286
0|1|6|4,4,4.746388245884412
0|1|6|4,5,2.323877788149559
0|1|6|4,1,2.4435654545859555
0|1|6|4,7,2.8178242015766704
0|1|6|4,2,2.4971879125679
7|3|6|2,2,3.4887310989714675
7|3|6|2,4,1.1364059439920342
7|3|6|2,1,0.8911085299364272
7|3|6|2,0,0.8830573856904669
7|3|6|2,5,1.4224552697805044
7|3|6|2,3,1.692131978005269
7|3|6|2,6,2.5186421839563486
4|4|3|0,6,0.6304967004641804
4|4|3|0,0,1.8062844430622862
4|4|3|0,3,2.189664659798368
4|4|3|0,5,0.26464906931621546
4|4|3|0,1,0.9290657827195257
4|4|3|0,2,0.8327447658912106
4|4|3|0,7,0.744909878487573
2|2|4|1,1,4.479146364440751
2|2|4|1,5,2.890488246856463
2|2|4|1,3,2.852949159193373
2|2|4|1,7,2.8447013591013572
2|2|4|1,0,2.1571512807791544
2|2|4|1,4,3.7588058682258674
2|2|4|1,6,2.219570633402262
3|3|6|0,1,1.3316794358477742
3|3|6|0,0,3.591012009665535
3|3|6|0,7,1.5086295230841587
3|3|6|0,4,2.2609385292822437
3|3|6|0,6,2.943949419878392
3|3|6|0,2,2.2757786600556313
3|3|6|0,5,2.009297843686959
0|1|4|6,5,1.7839258158743472
0|1|4|6,4,1.689065170798886
0|1|4|6,2,1.7262358805363134
0|1|4|6,1,1.6539417769332432
0|1|4|6,6,4.514914087481467
0|1|4|6,7,2.102551183188968
0|1|4|6,3,1.613511300244516
5|1|4|6,6,4.7075389886114
5|1|4|6,7,2.2726431270386245
5|1|4|6,2,1.8849868828867637
5|1|4|6,1,2.0412531299650873
5|1|4|6,0,1.808549481681417
5|1|4|6,4,1.8474727940127025
5|1|4|6,3,1.6179295296293423
1|4|4|3,7,1.3964807537100605
1|4|4|3,0,0.3353781652680843
1|4|4|3,2,0.8807675422373459
1|4|4|3,6,0.8928250020350152
1|4|4|3,4,1.876532745887462
1|4|4|3,3,3.1911598654625153
1|4|4|3,5,0.7506897216980013
1|4|0|5,2,-0.9563518728480145
1|4|0|5,7,0.8695723582563232
1|4|0|5,0,-0.04295694841414931
1|4|0|5,4,-0.32333755808125086
1|4|0|5,5,0.28691021370291026
1|4|0|5,3,-0.16498165006692964
1|4|0|5,6,0.20162301688719475
2|4|0|5,1,-1.3776387229237619
2|4|0|5,0,-0.16489504226174945
2|4|0|5,6,-0.22990370367076018
2|4|0|5,4,-0.15203682476701946
2|4|0|5,3,-0.7105807736925491
2|4|0|5,7,0.3252958164432115
2|4|0|5,5,2.0548197179993744
1|4|6|5,5,2.774996317638844
1|4|6|5,4,-0.09881232695036453
1|4|6|5,3,0.40956084553068894
1|4|6|5,6,3.7104181808476406
1|4|6|5,7,2.723046615299845
1|4|6|5,0,0.35220859864509574
1|4|6|5,2,0.09445895298207442
7|3|4|1,6,1.4398258730707718
7|3|4|1,3,1.1030818849881585
7|3|4|1,0,1.4907681412248186
7|3|4|1,5,1.2708500356712695
7|3|4|1,2,1.8893538040947846
7|3|4|1,1,3.768124453923452
7|3|4|1,4,2.3287613141959547
6|3|4|1,4,2.483195145798181
6|3|4|1,3,1.897818881912341
6|3|4|1,5,1.1900686463294758
6|3|4|1,2,1.326346706235017
6|3|4|1,7,1.661060492162302
6|3|4|1,1,3.164790378352491
6|3|4|1,0,1.4142984730355688
0|2|1|4,3,2.0390279324342044
0|2|1|4,7,1.8173190387694562
0|2|1|4,1,2.3884666294616133
0|2|1|4,2,1.9913485467807364
0|2|1|4,6,2.4108180817401763
0|2|1|4,5,2.490074024301944
0|2|1|4,4,3.9366580564143505
3|2|1|4,7,1.6800957857553724
3|2|1|4,1,2.5246942114055075
3|2|1|4,5,2.3515788658875745
3|2|1|4,0,1.8897740335514923
3|2|1|4,6,2.5176630895005903
3|2|1|4,4,3.9249730576655972
3|2|1|4,2,1.5321372292891486
3|5|6|1,2,1.096165598979889
3|5|6|1,6,3.6698951727451488
3|5|6|1,7,1.4194263641188898
3|5|6|1,4,-0.9853435264717545
3|5|6|1,1,3.5407417636640988
3|5|6|1,5,0.4132132475294924
3|5|6|1,0,0.19923212296810344
6|7|5|5,0,-2.13512385610626
6|7|5|5,2,-1.287900937029272
6|7|5|5,7,1.0405818788358379
6|7|5|5,3,-3.4533965887178675
6|7|5|5,4,-3.206031264488108
6|7|5|5,5,4.317286708022214
6|7|5|5,1,-1.2507651359944065
3|6|5|5,0,-1.2139527699341701
3|6|5|5,1,-0.6102720540668696
3|6|5|5,5,4.032699304051128
3|6|5|5,6,0.811146882788238
3|6|5|5,4,1.1080545078550166
3|6|5|5,2,-2.145366982605562
3|6|5|5,7,-0.14993496411360369
2|8|3|3,7,1.8874872747754148
2|8|3|3,4,1.534348926056973
2|8|3|3,0,1.3191956310900286
2|8|3|3,6,1.7208031937568813
2|8|3|3,5,2.4866522315076316
2|8|3|3,1,-1.2728027755290774
2|8|3|3,3,10.999999999999982
7|8|3|3,6,1.391384297665538
7|8|3|3,3,10.999999999999982
7|8|3|3,0,1.0255691195889458
7|8|3|3,4,-1.035648188455397
7|8|3|3,2,1.556969515921617
7|8|3|3,5,-0.2857521198083477
7|8|3|3,1,2.0003931241615893
1|3|0|6,7,0.5779415430800974
1|3|0|6,3,0.747098528214378
1|3|0|6,4,1.1098010156276161
1|3|0|6,0,0.9701612990175636
1|3|0|6,5,0.45837008451059613
1|3|0|6,6,3.5058779256519546
1|3|0|6,2,0.9086501156069072
7|3|0|6,0,2.0634738109886728
7|3|0|6,6,3.3005577274345606
7|3|0|6,1,0.6006905987745602
7|3|0|6,4,0.008049429712296385
7|3|0|6,5,0.5643665290318742
7|3|0|6,2,0.5072425859175211
7|3|0|6,3,0.14891147930569423
1|4|2|5,2,-0.8734238783217473
1|4|2|5,3,0.06091304532818123
1|4|2|5,7,1.4859731283992175
1|4|2|5,4,0.08080718210107668
1|4|2|5,0,0.14257326846983298
1|4|2|5,5,0.8248175513103917
1|4|2|5,6,0.8112737501504937
2|4|2|5,7,0.019876858472918882
2|4|2|5,5,0.33727320372050074
2|4|2|5,6,0.7034889584320824
2|4|2|5,3,-0.1154544557955071
2|4|2|5,0,-0.04646040643873168
2|4|2|5,1,-0.28139759151589566
2|4|2|5,4,-0.06502120241822956
7|5|6|3,4,0.7747522838715323
7|5|6|3,0,0.3810370183349323
7|5|6|3,5,1.396107540042743
7|5|6|3,3,3.2731703858697387
7|5|6|3,1,-0.9382494685089469
7|5|6|3,6,0.7792705030893479
7|5|6|3,2,-0.06699268472728892
4|5|6|3,6,-0.0360862712286501
4|5|6|3,7,1.6220025730326941
4|5|6|3,2,-0.3457753485079387
4|5|6|3,5,0.32269875642949297
4|5|6|3,3,3.9255302575653035
4|5|6|3,0,0.3475533139500287
4|5|6|3,1,0.0793679554279518
3|4|7|1,1,1.3978332074935518
3|4|7|1,5,0.4179809157412773
3|4|7|1,4,0.6842229315826938
3|4|7|1,2,1.6975868858533365
3|4|7|1,7,0.6274834389461996
3|4|7|1,6,0.6060285974774766
3|4|7|1,0,0.3437496124380722
3|6|0|1,5,-1.8254844152576017
3|6|0|1,4,-1.1935899450242666
3|6|0|1,0,-2.1115089679911665
3|6|0|1,6,-1.7082559790280696
3|6|0|1,7,-0.4480571752656905
3|6|0|1,2,-0.9395164635402898
3|6|0|1,1,2.781793127899549
0|1|6|5,4,2.22322616110217
0|1|6|5,5,4.757588631007762
0|1|6|5,2,2.3164732835015114
0|1|6|5,3,2.3868436466341114
0|1|6|5,6,3.6461972873755872
0|1|6|5,1,2.5214927800538316
0|1|6|5,7,2.642860132502114
7|1|7|5,2,1.367058290257046
7|1|7|5,3,0.9641914192715965
7|1|7|5,5,1.4924610277554027
7|1|7|5,1,0.7415556261280786
7|1|7|5,0,1.067417738647906
7|1|7|5,4,1.2619884212197083
7|1|7|5,6,3.2453316193798454
5|2|7|4,2,1.2772283220301732
5|2|7|4,3,1.1098229099862318
5|2|7|4,0,1.0611384831971378
5|2|7|4,4,3.6790954231533486
5|2|7|4,6,1.9943498183950406
5|2|7|4,1,-0.22071087646180715
5|2|7|4,7,2.3386113665783457
2|2|7|4,4,4.2073951462461245
2|2|7|4,7,2.2253771374495552
2|2|7|4,5,1.7290308938509156
2|2|7|4,6,2.0858820824178177
2|2|7|4,3,0.9931931370418563
2|2|7|4,1,0.9758126649515325
2|2|7|4,0,1.794721648534791
4|8|3|3,2,-2.0539505375233817
4|8|3|3,6,-0.6020448366402
4|8|3|3,0,1.213039503527531
4|8|3|3,3,10.999999999999982
4|8|3|3,1,-0.4706987798793759
4|8|3|3,7,2.3335660295152625
4|8|3|3,5,4.464184224221069
4|1|4|1,5,2.7325281630982916
4|1|4|1,3,2.193296221028452
4|1|4|1,6,2.8493753208868204
4|1|4|1,1,4.406616799680523
4|1|4|1,0,2.436522121538658
4|1|4|1,7,2.96558485309096
4|1|4|1,2,2.7575365204891207
1|4|5|2,2,3.0316489580200012
1|4|5|2,7,1.370620737326028
1|4|5|2,0,1.2825229871496944
1|4|5|2,3,1.1059916574506232
1|4|5|2,6,1.688510267361312
1|4|5|2,5,2.2784987314034053
1|4|5|2,4,1.4390727449119673
2|2|7|0,3,1.851946842446898
2|2|7|0,0,4.062341700706271
2|2|7|0,1,2.223181331415135
2|2|7|0,5,2.5541698563162796
2|2|7|0,4,1.8253984155220917
2|2|7|0,7,3.5448961516694855
2|2|7|0,6,2.394564127472762
5|8|1|1,2,-1.023656103852864
5|8|1|1,1,10.999999999999982
5|8|1|1,3,1.408694444710384
5|8|1|1,4,0.8480906133853974
5|8|1|1,0,0.5841344578274438
5|8|1|1,6,-1.0865885549668706
5|8|1|1,7,1.1766617386622436
3|4|1|6,4,-1.2768564067804213
3|4|1|6,0,-1.0426318632019005
3|4|1|6,2,-0.7127612989140737
3|4|1|6,7,-0.09935250355904807
3|4|1|6,6,0.00783425084291045
3|4|1|6,1,2.7075671961641143
3|4|1|6,5,0.5182614873390323
4|4|1|6,2,0.02408172404712282
4|4|1|6,0,0.32475001512950763
4|4|1|6,1,3.2711945344675133
4|4|1|6,3,-0.7209357623058784
4|4|1|6,7,0.08604035835629305
4|4|1|6,6,1.4692122143079498
4|4|1|6,5,-0.15805099766229597
2|4|1|6,5,0.13441509103511481
2|4|1|6,4,0.13068379679628678
2|4|1|6,1,0.304331936137194
2|4|1|6,7,-0.22029118485978033
2|4|1|6,3,0.15320750448203507
2|4|1|6,0,-0.166060884580439
2|4|1|6,6,3.0470432111884316
5|3|3|2,4,1.710412276685732
5|3|3|2,7,1.0075005715592922
5|3|3|2,3,1.2794849788898552
5|3|3|2,2,3.5688402785515727
5|3|3|2,0,1.2327305723700692
5|3|3|2,1,0.6217842618961494
5|3|3|2,6,1.517770221675045
6|3|3|2,1,1.1229423822293207
6|3|3|2,7,1.9450226977951213
6|3|3|2,0,1.1109508809177646
6|3|3|2,2,3.4675397440626967
6|3|3|2,5,1.412532189544134
6|3|3|2,3,2.6197390661223166
6|3|3|2,4,1.388770363662917
6|3|3|1,3,2.868772464614928
6|3|3|1,5,1.8882812476707866
6|3|3|1,4,0.36246382278431444
6|3|3|1,0,1.5670482375082075
6|3|3|1,1,3.492996528400674
6|3|3|1,2,1.284954104628637
6|3|3|1,7,1.1159008411596996
4|1|2|5,1,2.272788305078618
4|1|2|5,3,2.400236772558588
4|1|2|5,7,2.422559616777032
4|1|2|5,6,2.7987471237076726
4|1|2|5,5,4.621528660645543
4|1|2|5,0,2.170242839784329
4|1|2|5,2,2.337638505855977
2|3|5|6,6,4.160452434602632
2|3|5|6,4,1.9712214167130158
2|3|5|6,5,2.9499764617242596
2|3|5|6,7,1.6257767533841134
2|3|5|6,0,1.78520415378226
2|3|5|6,3,1.4015985074405102
2|3|5|6,1,2.073053831488004
6|5|5|1,2,-0.48765639399143557
6|5|5|1,0,-0.7122656964807774
6|5|5|1,3,-0.645731079679326
6|5|5|1,1,0.6010258114568654
6|5|5|1,4,0.5821815167755039
6|5|5|1,7,0.48450626508644457
6|5|5|1,5,2.4137710775328047
7|6|5|1,0,-2.816454267611189
7|6|5|1,2,-0.09325192841212392
7|6|5|1,6,-0.5475
7|6|5|1,4,-0.14858142526275256
7|6|5|1,3,-0.007976446312387628
7|6|5|1,1,-0.8775000000000001
7|6|5|1,5,4.940470976553427
6|2|0|3,4,1.6899873927772509
6|2|0|3,5,1.448501956971608
6|2|0|3,2,1.1482646943256967
6|2|0|3,7,1.794678400161021
6|2|0|3,0,1.5911895288835471
6|2|0|3,3,3.6130288825274364
6|2|0|3,1,1.2841185985560937
4|2|0|3,5,1.9599487588036568
4|2|0|3,3,3.6832736260753043
4|2|0|3,6,1.8369926114364936
4|2|0|3,2,0.9253880429135071
4|2|0|3,7,1.6773656716032657
4|2|0|3,1,1.4672178135937326
4|2|0|3,0,1.6831357020703912
6|8|3|3,7,-0.8234153450739949
6|8|3|3,5,0.2038243230532496
6|8|3|3,0,0.6906117410536042
6|8|3|3,4,1.1013638131852206
6|8|3|3,2,0.20782741070510502
6|8|3|3,1,-0.4602098904132421
6|8|3|3,3,10.999999999999982
0|8|1|1,5,2.1543611725929352
0|8|1|1,2,3.1150534734058883
0|8|1|1,1,10.999999999999982
0|8|1|1,3,0.1526090383888613
0|8|1|1,6,2.220988304779209
0|8|1|1,7,-1.1024244398954157
0|8|1|1,4,-1.782913406515102
4|5|6|6,0,0.4070932319772611
4|5|6|6,5,1.7604275868706318
4|5|6|6,1,1.7389626250503816
4|5|6|6,3,2.4792696991953593
4|5|6|6,6,4.168320386562502
4|5|6|6,7,2.517745190986891
4|5|6|6,2,1.3209488809220695
2|5|0|3,5,0.6218570663989286
2|5|0|3,4,-0.9456177219998184
2|5|0|3,3,1.04672223143506
2|5|0|3,0,-2.525992939977632
2|5|0|3,1,-0.9751802927687325
2|5|0|3,7,0.5089090586448493
2|5|0|3,6,-0.13567334439006384
5|6|0|3,0,-2.0640358225179036
5|6|0|3,3,1.433208082076185
5|6|0|3,1,-1.057658726985863
5|6|0|3,6,-2.2081232541827163
5|6|0|3,7,-0.6906769323480053
5|6|0|3,2,-1.2696802896468447
5|6|0|3,4,-0.9158148081688002
3|4|1|7,5,0.19942550012608862
3|4|1|7,7,0.030892370471727493
3|4|1|7,1,3.9158918776107585
3|4|1|7,4,0.33994651393531083
3|4|1|7,0,0.6586704879027396
3|4|1|7,2,-0.019030387472421174
3|4|1|7,6,-0.3636189409369659
6|4|1|7,5,-0.458226987935048
6|4|1|7,7,1.5990049514542846
6|4|1|7,4,-1.236673238789789
6|4|1|7,1,3.396812318416983
6|4|1|7,3,0.48616007025567376
6|4|1|7,2,0.29086963903003044
6|4|1|7,0,0.2757874153148454
1|6|2|4,4,0.7925081450950103
1|6|2|4,3,-2.8189796529810205
1|6|2|4,0,-1.0645788277003765
1|6|2|4,6,0.26565902932718544
1|6|2|4,2,-1.5791487146032106
1|6|2|4,5,-2.0112774474566564
1|6|2|4,7,-2.4336120661014564
7|3|3|2,4,1.5526922477714884
7|3|3|2,1,1.261309650542586
7|3|3|2,0,0.3814892235694372
7|3|3|2,2,3.822656926229948
7|3|3|2,3,1.7241228362119168
7|3|3|2,6,1.4695154446188838
7|3|3|2,5,1.083258768827719
5|1|5|2,0,2.0384094205903596
5|1|5|2,1,2.4087661852999376
5|1|5|2,3,2.509108063327206
5|1|5|2,2,4.054239778735965
5|1|5|2,6,2.6671222315528578
5|1|5|2,7,2.4424742946047977
5|1|5|2,4,1.7140342271626194
7|4|5|1,1,1.7516117663141775
7|4|5|1,5,2.935342341251587
7|4|5|1,4,1.4301777397333066
7|4|5|1,6,1.458498759609977
7|4|5|1,0,-0.5895429236188149
7|4|5|1,3,0.43068385442618223
7|4|5|1,2,-0.09114434380646211
5|4|4|2,7,-0.9335424079988645
5|4|4|2,1,0.5743593518054502
5|4|4|2,2,1.8295174999692143
5|4|4|2,4,2.8852567391514414
5|4|4|2,6,0.34776660336404336
5|4|4|2,3,0.2224682920507619
5|4|4|2,0,0.3696058354073886
1|3|4|6,3,1.7172897362264044
1|3|4|6,6,4.963126504455783
1|3|4|6,7,1.1690502202105797
1|3|4|6,5,1.5777278289277739
1|3|4|6,4,2.396578969330305
1|3|4|6,0,1.0013513634963243
1|3|4|6,2,2.1439728450709103
3|4|4|6,5,-0.8145783021679709
3|4|4|6,0,-0.4940072271039055
3|4|4|6,4,0.23085125844323193
3|4|4|6,7,0.09244889596229244
3|4|4|6,1,-0.11162476937024912
3|4|4|6,6,3.0249544349189894
3|4|4|6,2,0.328364966972025
5|4|4|6,2,-1.9564565107221188
5|4|4|6,0,-0.5087065959718676
5|4|4|6,6,0.8755499799025492
5|4|4|6,7,0.022905291183938137
5|4|4|6,1,0.07591280493720724
5|4|4|6,3,-0.805148442757579
5|4|4|6,4,2.9592577423246214
3|4|7|4,4,3.7940100575702806
3|4|7|4,7,1.102901881991229
3|4|7|4,2,0.7423874767298393
3|4|7|4,1,0.32174264198506436
3|4|7|4,0,0.16681064421421332
3|4|7|4,6,2.006781545211233
3|4|7|4,5,2.8283697829027377
4|5|7|3,0,-1.1079403782820525
4|5|7|3,5,0.5677721516008066
4|5|7|3,7,2.1957031427018094
4|5|7|3,3,5.36063435464427
4|5|7|3,1,0.6507282519824766
4|5|7|3,2,0.12879351490144858
4|5|7|3,6,0.2583704106550295
0|5|7|3,2,-0.1643836657212563
0|5|7|3,3,1.2812938689676794
0|5|7|3,6,0.6779543947297969
0|5|7|3,4,0.39006761813664215
0|5|7|3,5,1.4787305976630865
0|5|7|3,7,3.0519873821637855
0|5|7|3,1,0.31306979447093836
5|2|5|6,4,1.498358488294456
5|2|5|6,7,0.7933064458590808
5|2|5|6,1,1.3706198821703053
5|2|5|6,0,1.6664455223328356
5|2|5|6,3,0.13024596369996755
5|2|5|6,6,4.634997726071244
5|2|5|6,2,2.1319915391216737
4|2|5|6,7,1.6692517291416977
4|2|5|6,5,1.573991723245708
4|2|5|6,6,4.9477045287114265
4|2|5|6,1,1.8387245140655102
4|2|5|6,0,1.9890023621210495
4|2|5|6,3,1.2458540983758009
4|2|5|6,2,0.5650142411781238
7|2|5|6,5,1.6574811608327755
7|2|5|6,0,0.43452584791190124
7|2|5|6,3,0.8438679381872928
7|2|5|6,1,0.5405796331921903
7|2|5|6,4,0.9095034491063592
7|2|5|6,6,4.783115892466246
7|2|5|6,2,1.209248696529634
0|1|0|6,3,1.973447214011967
0|1|0|6,7,2.7110625220561166
0|1|0|6,5,1.8812168095572634
0|1|0|6,4,1.6411483617828604
0|1|0|6,6,4.2571228330337725
0|1|0|6,1,1.8231994202124329
0|1|0|6,2,2.085446979378121
3|1|0|6,2,1.6976339210546578
3|1|0|6,6,4.2639111620803565
3|1|0|6,7,2.58387012812188
3|1|0|6,5,1.7348492757785217
3|1|0|6,1,1.9240183998319695
3|1|0|6,4,1.5857066296870794
3|1|0|6,0,1.898947363256953
2|1|0|6,3,1.8536264936446243
2|1|0|6,0,1.9834070173922072
2|1|0|6,4,1.6054472350087383
2|1|0|6,1,1.868014232924466
2|1|0|6,6,4.358540330513641
2|1|0|6,5,1.595444434724002
2|1|0|6,7,2.6061953436863705
7|2|5|1,1,4.3751077928903666
7|2|5|1,0,1.6693932317500615
7|2|5|1,5,2.778038590410108
7|2|5|1,2,1.8643312101705956
7|2|5|1,3,2.5023593877613597
7|2|5|1,6,2.260413068950688
7|2|5|1,4,2.379543028338844
7|2|0|5,4,0.1752015334376289
7|2|0|5,5,3.9835354483467524
7|2|0|5,0,1.6716822337695991
7|2|0|5,6,1.206673608767011
7|2|0|5,2,1.0118972230677346
7|2|0|5,1,0.8201028420546276
7|2|0|5,3,1.0623252087678667
2|5|4|1,4,2.327759514266722
2|5|4|1,6,-0.13543208745511892
2|5|4|1,1,-0.6100485952854549
2|5|4|1,5,-0.7119417598758694
2|5|4|1,7,0.9762913193599546
2|5|4|1,3,-0.19534810637304567
2|5|4|1,0,0.03468418059578191
6|8|0|0,3,1.542279503232622
6|8|0|0,2,0.7830163946247346
6|8|0|0,4,1.4698561230571863
6|8|0|0,7,0.9032736709973646
6|8|0|0,5,2.2188663414950125
6|8|0|0,1,-0.6807558237711641
6|8|0|0,0,10.999999999999982
3|8|0|0,2,2.1447710875440626
3|8|0|0,7,-0.8673752584996788
3|8|0|0,6,0.758995395879508
3|8|0|0,4,1.5810880503685998
3|8|0|0,0,10.999999999999982
3|8|0|0,5,0.5353693297504867
3|8|0|0,1,0.9875205812179336
2|4|1|0,0,1.0163182848947079
2|4|1|0,6,0.46688358095917837
2|4|1|0,5,0.8138110973513559
2|4|1|0,3,0.15781890459849485
2|4|1|0,4,1.2029397879543342
2|4|1|0,1,2.429556614692345
2|4|1|0,7,0.6212346248311053
5|4|6|3,6,2.5753698678312498
5|4|6|3,1,-0.8242159759423975
5|4|6|3,0,-0.36828896565232516
5|4|6|3,2,0.16626278284054988
5|4|6|3,3,1.9507658264512182
5|4|6|3,4,0.9275183315634128
5|4|6|3,7,1.7460128602395462
5|3|3|1,1,2.35701602751414
5|3|3|1,6,1.3943040900787196
5|3|3|1,2,1.2544766179893134
5|3|3|1,0,1.4161155700733008
5|3|3|1,4,1.4412755925589238
5|3|3|1,7,1.787575509770721
5|3|3|1,3,2.8862914371312356
1|5|0|3,7,0.19119942792314026
1|5|0|3,5,0.09552730661386839
1|5|0|3,6,0.24658209881763093
1|5|0|3,3,0.7529814001983003
1|5|0|3,4,-0.6291650413303845
1|5|0|3,0,-1.3277869830583726
1|5|0|3,2,-2.2395211299338835
1|1|3|7,7,4.704409868694043
1|1|3|7,4,0.26331354077021274
1|1|3|7,6,0.44014974168416343
1|1|3|7,3,0.66893864548647
1|1|3|7,0,0.17132727799991113
1|1|3|7,5,0.8418532410963236
1|1|3|7,2,0.422354902198412
7|2|6|3,5,1.9373261992073125
7|2|6|3,0,1.040372750902406
7|2|6|3,4,2.180564295792464
7|2|6|3,6,3.5498498677950865
7|2|6|3,1,0.91355477711476
7|2|6|3,3,2.946849463244208
7|2|6|3,2,0.2474043450801568
5|2|6|3,1,0.9574175249533384
5|2|6|3,4,1.9418992587877073
5|2|6|3,6,2.8130650192560194
5|2|6|3,2,1.8834156177876111
5|2|6|3,0,1.755467669562805
5|2|6|3,3,4.403018252613367
5|2|6|3,7,2.5414800422060466
6|2|4|7,2,2.0105947690003667
6|2|4|7,3,1.8815804226045567
6|2|4|7,7,4.469819463446724
6|2|4|7,0,1.567118095915289
6|2|4|7,1,0.8186087116672977
6|2|4|7,4,1.7658915983341226
6|2|4|7,5,1.2126250639827618
3|3|0|4,7,0.9157279200452939
3|3|0|4,0,0.6712436265515134
3|3|0|4,6,1.5070359984331265
3|3|0|4,4,1.547131827594653
3|3|0|4,1,0.49963881873570876
3|3|0|4,2,0.28885356587214417
3|3|0|4,5,1.7382008208302842
7|3|0|4,1,0.5400881492806318
7|3|0|4,2,0.35421907604923764
7|3|0|4,5,-0.11793699692872978
7|3|0|4,4,2.801070163947039
7|3|0|4,3,0.3652990006564376
7|3|0|4,6,-0.018084301585481244
7|3|0|4,0,0.22645210644005195
1|4|0|4,3,-0.2699722293739255
1|4|0|4,2,-0.3925193136227512
1|4|0|4,4,1.8117011027238135
1|4|0|4,0,-0.23482972888167875
1|4|0|4,5,-0.344341438566233
1|4|0|4,6,-0.030364697441455313
1|4|0|4,7,0.7492382411030944
3|4|0|4,2,-0.9893774468051636
3|4|0|4,0,-0.7345528443072873
3|4|0|4,4,0.8452945774529679
3|4|0|4,1,0.03216647091043711
3|4|0|4,5,0.2662842618994642
3|4|0|4,6,1.0863316132662737
3|4|0|4,7,0.4845900745919259
5|3|6|0,6,2.332358649290946
5|3|6|0,1,2.190602804768622
5|3|6|0,2,1.7551780301534405
5|3|6|0,3,1.2023303536871486
5|3|6|0,7,1.7458127648803912
5|3|6|0,0,3.733333388624157
5|3|6|0,4,1.8591124910363321
6|3|6|0,0,3.477334270609574
6|3|6|0,2,0.8280980264277102
6|3|6|0,7,1.4039183758132185
6|3|6|0,1,1.0926938772942811
6|3|6|0,3,1.4183652039342787
6|3|6|0,4,1.0534990011957652
6|3|6|0,5,2.0397652826134767
4|5|6|2,1,-0.49526929351190263
4|5|6|2,2,3.279830604969461
4|5|6|2,6,1.1179741788046789
4|5|6|2,0,0.32932567932952284
4|5|6|2,5,1.8802929985038506
4|5|6|2,3,0.4620034598096524
4|5|6|2,7,1.4549456626511534
0|5|6|3,5,1.370260477515766
0|5|6|3,1,0.39506550232029725
0|5|6|3,2,0.55739388244681
0|5|6|3,3,4.318804084261444
0|5|6|3,6,2.265594129544648
0|5|6|3,7,-0.5096202419511845
0|5|6|3,4,1.86078074383992
5|5|6|3,7,1.7017487665612143
5|5|6|3,0,0.2267765922601829
5|5|6|3,3,4.246264339876889
5|5|6|3,4,1.2543544173026187
5|5|6|3,6,1.1281615684229402
5|5|6|3,1,0.057079374568311136
5|5|6|3,2,-0.919778495675947
2|5|3|7,3,-0.32802419555761214
2|5|3|7,0,-1.076299384227509
2|5|3|7,5,-0.08977682275032803
2|5|3|7,6,0.14526463059305755
2|5|3|7,1,-0.9854833263677325
2|5|3|7,7,3.7453473970920057
2|5|3|7,4,0.02479714484161538
6|2|5|4,2,1.533663865859746
6|2|5|4,3,1.2983110004084166
6|2|5|4,1,1.2127205439943682
6|2|5|4,4,4.481051821625405
6|2|5|4,5,2.6103540891011803
6|2|5|4,0,1.3410349528602525
6|2|5|4,7,2.3182132582627304
7|3|5|2,6,0.17357968686865094
7|3|5|2,1,0.9877612263330559
7|3|5|2,0,-0.09737341083395075
7|3|5|2,2,3.2782671143525013
7|3|5|2,3,1.0039753967357756
7|3|5|2,4,0.8959574527555785
7|3|5|2,5,2.675776087564572
5|1|4|3,3,4.796461196156627
5|1|4|3,6,3.0416114029021237
5|1|4|3,4,3.7939320220228785
5|1|4|3,0,2.624559009462164
5|1|4|3,7,2.9896515745594963
5|1|4|3,1,2.6597247580161767
5|1|4|3,2,2.6100821432236065
1|3|6|3,6,2.5178688684429975
1|3|6|3,3,2.8984277376470815
1|3|6|3,0,1.6341693236992538
1|3|6|3,5,2.586487335878089
1|3|6|3,4,2.3818322593853876
1|3|6|3,2,1.7261680921534654
1|3|6|3,7,2.7217090567119504
6|5|1|3,3,0.9817107004812552
6|5|1|3,4,-0.9072047533467567
6|5|1|3,0,-1.6231265235719607
6|5|1|3,7,-1.2548562983106675
6|5|1|3,1,-1.3134924427768573
6|5|1|3,5,-1.8088927115536353
6|5|1|3,2,-2.0185480323926845
2|3|6|1,7,2.153001688522529
2|3|6|1,5,2.168987761277959
2|3|6|1,0,1.2110830730993958
2|3|6|1,4,0.9826881875485617
2|3|6|1,1,3.879413759879629
2|3|6|1,6,2.3751368729600837
2|3|6|1,3,2.1402842941907654
4|5|2|3,3,1.438713606362675
4|5|2|3,7,-0.07571071162734122
4|5|2|3,0,-2.193115448423254
4|5|2|3,2,-1.4393888783689843
4|5|2|3,5,-2.128974980583059
4|5|2|3,6,-0.7164014088413837
4|5|2|3,1,-0.7944972958303458
7|2|0|3,3,3.633896018609546
7|2|0|3,1,1.3673922733653576
7|2|0|3,0,1.5981684583229576
7|2|0|3,2,1.2075607270548658
7|2|0|3,4,1.2255635368210795
7|2|0|3,6,1.8017104455970137
7|2|0|3,5,1.5853929092183665
4|2|7|3,6,1.5741534243373363
4|2|7|3,3,4.128582202406163
4|2|7|3,5,2.2558253833039354
4|2|7|3,1,1.1703283015490216
4|2|7|3,0,1.3224784206128157
4|2|7|3,2,0.6583634672504777
4|2|7|3,7,2.2242431168036285
7|5|3|0,3,3.656172152270953
7|5|3|0,4,0.3071127126542797
7|5|3|0,5,0.686258600921266
7|5|3|0,1,-0.5353694650205231
7|5|3|0,2,-0.2974769384886353
7|5|3|0,0,0.8064412890494144
7|5|3|0,6,-0.3995178551482962
0|2|2|4,2,2.432061063545238
0|2|2|4,1,1.807807737522693
0|2|2|4,4,4.412639259856123
0|2|2|4,5,2.7473449567466894
0|2|2|4,3,2.21210747375769
0|2|2|4,7,1.9668302831834308
0|2|2|4,6,2.3330610056734997
2|3|3|4,0,0.6895341076550231
2|3|3|4,5,0.12173699763220333
2|3|3|4,1,0.7593909299028363
2|3|3|4,3,1.111469817403304
2|3|3|4,4,4.548419465463578
2|3|3|4,6,1.9368176833701667
2|3|3|4,7,1.9751134105331956
1|2|1|0,2,2.106325839816826
1|2|1|0,6,2.3324647354774353
1|2|1|0,7,2.2528217393478314
1|2|1|0,0,2.9589182246071175
1|2|1|0,4,2.2313870281670543
1|2|1|0,5,1.9473685432639716
1|2|1|0,3,2.0107014226888666
0|3|1|6,7,0.30616466941660453
0|3|1|6,6,3.383284463425017
0|3|1|6,1,2.2616592226602807
0|3|1|6,3,0.5844249691222019
0|3|1|6,2,1.020707244622386
0|3|1|6,4,1.4501314667428937
0|3|1|6,5,1.4150292181264539
7|3|1|6,2,0.6247004972328265
7|3|1|6,1,2.378518126453053
7|3|1|6,3,-0.605867872448554
7|3|1|6,0,0.5796599692809843
7|3|1|6,5,0.5420779713695731
7|3|1|6,4,0.5747374728756703
7|3|1|6,6,1.8381237452399368
2|3|1|6,4,1.0927322795251044
2|3|1|6,5,1.0486035902134003
2|3|1|6,7,0.3449019584664017
2|3|1|6,0,0.3145208604829496
2|3|1|6,3,0.3607348582877781
2|3|1|6,6,3.4887436909623286
2|3|1|6,1,1.8341794906881839
0|3|1|5,4,-0.01962593096351581
0|3|1|5,5,3.1708801162623
0|3|1|5,2,0.6593600410174753
0|3|1|5,7,0.8585328406237043
0|3|1|5,6,1.1914956149906857
0|3|1|5,1,2.5384229864084045
0|3|1|5,3,0.9728606732419646
4|3|1|5,1,1.6914886717855517
4|3|1|5,7,1.2244831288029512
4|3|1|5,6,1.1013325454493383
4|3|1|5,3,1.1003503901381597
4|3|1|5,0,0.02194467131532324
4|3|1|5,2,-0.35094387891717327
4|3|1|5,5,2.034057707203796
1|3|1|5,7,0.8254975777086873
1|3|1|5,3,0.42184223543756455
1|3|1|5,0,0.5228690759416017
1|3|1|5,2,-0.012275832015340868
1|3|1|5,4,0.812763096494744
1|3|1|5,5,2.6692011679400953
1|3|1|5,6,0.38096322250094994
7|3|1|5,6,-0.7441084018629569
7|3|1|5,3,0.7672841650950657
7|3|1|5,0,0.06581872284349022
7|3|1|5,4,0.6673590845781332
7|3|1|5,1,3.752796814025653
7|3|1|5,2,0.37304947568928654
7|3|1|5,5,0.46944400593769714
1|1|7|7,7,4.948872014237022
1|1|7|7,6,2.706758543297271
1|1|7|7,4,3.1800846965214746
1|1|7|7,0,2.8201887204990417
1|1|7|7,2,2.838618014678503
1|1|7|7,3,2.8806576228878704
1|1|7|7,5,2.925634020408367
7|1|2|5,2,1.8708345435630838
7|1|2|5,4,1.8140547036865624
7|1|2|5,0,2.0510065455502495
7|1|2|5,6,3.204363704448473
7|1|2|5,1,1.566222319169913
7|1|2|5,3,2.172488987589541
7|1|2|5,5,4.527128882425451
4|2|2|6,3,0.769008839377417
4|2|2|6,7,0.9201641492889222
4|2|2|6,2,1.9496535224334572
4|2|2|6,5,1.3476958861970527
4|2|2|6,0,1.7574619489789955
4|2|2|6,6,4.471777829783387
4|2|2|6,1,1.4412553552389191
2|2|2|6,1,1.1559882547474747
2|2|2|6,5,1.5992532070019023
2|2|2|6,7,0.37590168142058084
2|2|2|6,3,1.545260614655962
2|2|2|6,6,4.4420613521625025
2|2|2|6,0,1.7085689209284878
2|2|2|6,4,1.2476448590785782
1|2|2|6,6,4.070236974315254
1|2|2|6,7,0.8794762096359248
1|2|2|6,2,3.2713462260931436
1|2|2|6,4,1.8430413727472703
1|2|2|6,0,1.7130893177775621
1|2|2|6,5,1.5114891760819242
1|2|2|6,3,1.9316205646175497
2|3|6|5,6,3.8109678285531494
2|3|6|5,0,1.0752214560173796
2|3|6|5,1,0.8259843796050924
2|3|6|5,7,2.0497081006834987
2|3|6|5,5,2.698304533913099
2|3|6|5,3,1.1387960453457449
2|3|6|5,4,0.5187802107311762
5|3|3|0,1,1.696138487665733
5|3|3|0,0,3.4628361202754046
5|3|3|0,6,2.0907195793319793
5|3|3|0,3,1.7207871801086752
5|3|3|0,2,0.2112774509508396
5|3|3|0,7,1.758984157200311
5|3|3|0,4,1.7197608207961277
4|4|6|2,1,0.29828689222069926
4|4|6|2,2,3.5476915680422265
4|4|6|2,5,1.9455497447592085
4|4|6|2,3,0.5621478409875769
4|4|6|2,0,0.8505848278904825
4|4|6|2,6,1.1841302922168828
4|4|6|2,7,0.634740666044503
1|4|6|2,2,3.799180459279734
1|4|6|2,7,1.4739121936398907
1|4|6|2,0,0.9622944088194602
1|4|6|2,5,1.8080626552947472
1|4|6|2,3,1.5061112352595556
1|4|6|2,4,1.2010580135245292
1|4|6|2,6,2.095391774665307
3|1|5|1,1,4.64141445555561
3|1|5|1,2,2.773964587660685
3|1|5|1,0,2.694695654693181
3|1|5|1,4,3.0459668501235266
3|1|5|1,7,2.788834929662714
3|1|5|1,6,2.3997441419479753
3|1|5|1,5,3.316106333547228
7|4|5|2,3,1.0335731886009956
7|4|5|2,0,0.5105437974580452
7|4|5|2,2,2.8476851940384202
7|4|5|2,1,0.09666796083887508
7|4|5|2,6,0.5776094012344818
7|4|5|2,4,0.9069729982216086
7|4|5|2,5,2.164601890690486
0|3|2|5,5,3.427330059867613
0|3|2|5,4,0.7616564766817356
0|3|2|5,1,1.4561532127594756
0|3|2|5,2,2.282717312173078
0|3|2|5,7,1.5409526052349642
0|3|2|5,3,1.3712534052973873
0|3|2|5,6,0.7050871143019333
5|5|2|1,4,0.09725800677805728
5|5|2|1,2,4.00643642401007
5|5|2|1,1,0.1430494230467578
5|5|2|1,7,-0.7494317108820971
5|5|2|1,6,-0.9821491889286995
5|5|2|1,0,-0.03278998816574627
5|5|2|1,3,0.3234783678831038
4|5|2|1,1,0.6088385612613285
4|5|2|1,7,-0.10553268657200188
4|5|2|1,3,0.35380322277251486
4|5|2|1,0,0.15308392480303273
4|5|2|1,2,2.2570386289771296
4|5|2|1,5,0.7488622654326028
4|5|2|1,6,-1.5209497377182433
3|3|4|6,4,2.1587917050547185
3|3|4|6,5,1.0650642600406968
3|3|4|6,2,0.29435640701634236
3|3|4|6,0,0.03241328600748236
3|3|4|6,1,1.469192252223407
3|3|4|6,7,1.5407195272386576
3|3|4|6,6,5.073790192577677
4|3|4|6,3,0.598182748766473
4|3|4|6,2,0.9683639874005275
4|3|4|6,6,3.962238682191547
4|3|4|6,0,0.6889961418192726
4|3|4|6,1,1.1005704289235687
4|3|4|6,5,0.2660701916402916
4|3|4|6,7,0.9589364308778069
0|4|4|6,6,4.218911639007484
0|4|4|6,7,0.8541173430308745
0|4|4|6,4,0.42575762287861624
0|4|4|6,3,-0.23670968540747858
0|4|4|6,5,-0.1496006402209912
0|4|4|6,2,-0.2629030487104477
0|4|4|6,1,-0.3962958535561888
1|2|4|3,2,2.4101372969917354
1|2|4|3,5,2.782921380341179
1|2|4|3,3,3.428576845039237
1|2|4|3,7,2.1545344972408684
1|2|4|3,6,2.999991082328652
1|2|4|3,4,4.018748460282598
1|2|4|3,0,2.4336982246575705
0|2|4|3,4,3.8169955443891337
0|2|4|3,3,3.6807955974662234
0|2|4|3,2,2.2593056600380232
0|2|4|3,7,2.475980549302151
0|2|4|3,5,3.186114924655088
0|2|4|3,1,2.1659369541758613
0|2|4|3,6,2.907738085177795
3|5|6|0,4,1.1118707910934476
3|5|6|0,6,2.0546263763289896
3|5|6|0,5,0.41217739314558577
3|5|6|0,7,0.15660194571489397
3|5|6|0,1,-0.4259702808786111
3|5|6|0,2,-0.6337158532492473
3|5|6|0,0,3.921265297126075
4|2|3|2,6,2.7529055898985346
4|2|3|2,5,2.5750550552222142
4|2|3|2,1,1.9713867133308711
4|2|3|2,0,1.4533521947470633
4|2|3|2,3,3.626026074721663
4|2|3|2,2,4.213807483565317
4|2|3|2,7,1.9216970195402585
5|3|3|4,3,-0.41904372738666007
5|3|3|4,2,0.7626619764970459
5|3|3|4,7,0.43894324659088724
5|3|3|4,4,1.2602796448736149
5|3|3|4,0,0.6371695424058611
5|3|3|4,6,1.8450329743591598
5|3|3|4,1,0.2592768920689349
3|2|3|2,4,2.3506146232607525
3|2|3|2,2,4.262640108111807
3|2|3|2,5,2.046709884064092
3|2|3|2,0,1.7776274436226596
3|2|3|2,6,2.406014726874027
3|2|3|2,7,2.0555965120794264
3|2|3|2,1,1.6403601686697307
1|1|3|6,0,1.6595841654007426
1|1|3|6,3,1.8773102554062753
1|1|3|6,5,1.5588401332678345
1|1|3|6,7,2.7463281048719
1|1|3|6,2,1.8115334012109916
1|1|3|6,6,4.5558338586745055
1|1|3|6,4,1.0971840018742085
0|1|3|6,5,1.8724037208284927
0|1|3|6,6,4.613271003563028
0|1|3|6,3,1.856876734710012
0|1|3|6,1,1.2127623269603107
0|1|3|6,2,1.9458958141790736
0|1|3|6,4,1.274642463783449
0|1|3|6,7,2.9982566203207757
5|1|3|6,2,1.6142513946873962
5|1|3|6,4,1.0050427711413346
5|1|3|6,6,4.64095270326229
5|1|3|6,0,1.2518573638882577
5|1|3|6,3,1.7816507041229488
5|1|3|6,7,2.8665566080436933
5|1|3|6,1,2.2160461426930746
2|1|3|6,0,1.8226410126716985
2|1|3|6,7,2.2874157180189587
2|1|3|6,4,1.3007101934661165
2|1|3|6,1,2.0642730746347793
2|1|3|6,3,1.7722528182136545
2|1|3|6,5,1.3308677983134896
2|1|3|6,6,4.534843582452139
3|6|0|2,5,-0.9936954371316165
3|6|0|2,1,-1.514840479372304
3|6|0|2,6,-1.4754847318094204
3|6|0|2,0,-1.3415042280200642
3|6|0|2,2,-1.4121544625047833
3|6|0|2,7,-1.2604333903325244
3|6|0|2,4,-1.2480907222890294
5|6|0|2,1,-2.3895032442129125
5|6|0|2,2,1.7031155874329693
5|6|0|2,0,-2.39729990088949
5|6|0|2,4,-1.4380559825772523
5|6|0|2,6,-2.1236405719755456
5|6|0|2,3,-1.4349405045663035
5|6|0|2,7,-0.81251834742688
6|4|2|0,3,-0.3493283050329894
6|4|2|0,7,0.5414786173525022
6|4|2|0,1,0.5205160349033413
6|4|2|0,2,1.3946045147951338
6|4|2|0,5,0.5204721794509353
6|4|2|0,0,2.8605939306869117
6|4|2|0,4,0.26295115901121724
3|5|2|0,6,1.1348724178465477
3|5|2|0,7,-0.978479688508347
3|5|2|0,4,-2.1438284502484266
3|5|2|0,2,0.7528170723044523
3|5|2|0,1,-0.8521509308196037
3|5|2|0,0,0.1739064683876954
3|5|2|0,5,0.1533431241094917
6|5|2|0,7,-0.6702681277577159
6|5|2|0,3,-1.1091016696536633
6|5|2|0,0,0.3888259516322754
6|5|2|0,1,-0.623838451362826
6|5|2|0,2,2.843952563366102
6|5|2|0,4,-0.7490136282029793
6|5|2|0,5,0.2546212667575197
2|4|6|1,4,1.3027282269081852
2|4|6|1,7,0.4695361207326141
2|4|6|1,6,1.6406560132619061
2|4|6|1,3,0.8549774559057087
2|4|6|1,5,1.588799533107639
2|4|6|1,0,0.5899795627140558
2|4|6|1,1,3.229840429581688
4|4|6|1,1,3.8643537298289385
4|4|6|1,5,2.2949638991435872
4|4|6|1,6,1.5345482999021507
4|4|6|1,2,-0.6741749937913948
4|4|6|1,3,1.5587104768444686
4|4|6|1,7,0.8335374422101984
4|4|6|1,0,0.9570934581600115
1|5|6|5,4,0.21184941193364293
1|5|6|5,0,0.7483573159162376
1|5|6|5,5,1.8853455643215438
1|5|6|5,3,-1.1355890846941608
1|5|6|5,6,0.7901166980557452
1|5|6|5,7,2.8458094877236224
1|5|6|5,2,0.11300960329898914
4|5|6|5,3,-0.734376878723874
4|5|6|5,1,-1.3914871409836926
4|5|6|5,7,2.9716965268933837
4|5|6|5,5,2.7117871030728584
4|5|6|5,6,0.8447179608282749
4|5|6|5,0,0.09214551839067353
4|5|6|5,2,-0.44636313367228353
3|5|6|5,2,-0.07627300606606144
3|5|6|5,7,0.3004886552762905
3|5|6|5,4,0.3496805518661406
3|5|6|5,1,-0.08443461608092415
3|5|6|5,6,5.226234395930382
3|5|6|5,0,0.41731715170406986
3|5|6|5,5,1.2103268345669183
2|5|6|5,0,-2.7368561810845895
2|5|6|5,6,-0.9537218876929633
2|5|6|5,1,-0.3748231020001333
2|5|6|5,5,4.309451058197008
2|5|6|5,4,0.18390141637655577
2|5|6|5,3,-0.004018883769279058
2|5|6|5,7,3.112552277615512
3|4|6|0,1,0.9281616709999124
3|4|6|0,5,1.373156243235477
3|4|6|0,6,2.7747393547682964
3|4|6|0,7,1.7274835675283844
3|4|6|0,4,1.2030509152989626
3|4|6|0,0,3.185439554463176
3|4|6|0,2,1.1820767022778729
5|1|5|3,6,2.363836965362805
5|1|5|3,0,2.0219894766261555
5|1|5|3,4,2.6323970337954616
5|1|5|3,7,2.2925410937121953
5|1|5|3,2,2.239064705291666
5|1|5|3,1,2.365433089787087
5|1|5|3,3,4.513839214637295
5|2|5|1,3,1.569153498313902
5|2|5|1,4,2.6965331529721706
5|2|5|1,1,4.005821347602358
5|2|5|1,0,1.5173880833370452
5|2|5|1,2,2.030265213514947
5|2|5|1,7,2.5338576499956362
5|2|5|1,6,2.112545522975365
3|1|3|6,6,4.5988839174961225
3|1|3|6,0,1.9714573105988307
3|1|3|6,5,1.7969706915855168
3|1|3|6,2,1.7639900881951454
3|1|3|6,4,0.9917362229394584
3|1|3|6,7,2.663104289075703
3|1|3|6,1,1.6943736525308397
0|6|5|5,7,-0.09254401336591989
0|6|5|5,4,0.1399609278285782
0|6|5|5,5,2.4057820464206365
0|6|5|5,3,-0.614619549913527
0|6|5|5,6,0.7683598059295293
0|6|5|5,1,-0.4895020098785688
0|6|5|5,2,0.4464324527933162
7|7|5|5,5,3.0087084428225372
7|7|5|5,6,0.7836203059171063
7|7|5|5,4,-1.248707752161729
7|7|5|5,1,-2.018373749071186
7|7|5|5,0,-3.643829894358167
7|7|5|5,2,-2.114271889209913
7|7|5|5,3,-2.616208104289788
4|5|7|5,5,5.282285526594209
4|5|7|5,1,-0.3316225856459293
4|5|7|5,2,-0.6229116033766119
4|5|7|5,0,-1.0959343000845028
4|5|7|5,7,2.735229879703112
4|5|7|5,3,-0.1310407616091143
4|5|7|5,6,2.4132892590186947
3|3|5|4,0,1.0475224398101617
3|3|5|4,5,3.5658515184487753
3|3|5|4,4,4.336851765591884
3|3|5|4,2,0.9480980613695857
3|3|5|4,6,1.7907475122550929
3|3|5|4,1,1.3938184980489439
3|3|5|4,7,2.6451076669947224
0|3|5|4,2,1.7255154737965104
0|3|5|4,5,3.001049852359055
0|3|5|4,1,0.7276637086896897
0|3|5|4,6,2.7000833015337293
0|3|5|4,7,2.1978257083448187
0|3|5|4,3,1.3778276165462329
0|3|5|4,4,3.8535170103158443
7|3|5|4,0,-1.0263316969467675
7|3|5|4,1,-0.5802211999374051
7|3|5|4,6,1.5465061843487948
7|3|5|4,2,0.5630341932789766
7|3|5|4,5,1.441875263106415
7|3|5|4,4,3.7524099413922527
7|3|5|4,3,0.5048276082819478
2|2|0|4,1,1.93443979061541
2|2|0|4,4,3.6236018752818038
2|2|0|4,3,1.6627057154146963
2|2|0|4,5,1.3811403974780994
2|2|0|4,7,0.9730608389655715
2|2|0|4,0,1.9666232157518355
2|2|0|4,6,1.4591076036133326
0|5|6|5,7,3.923986613188059
0|5|6|5,2,0.1847546756781574
0|5|6|5,6,1.5200345450323829
0|5|6|5,3,0.138062700113536
0|5|6|5,1,-0.8777616063153854
0|5|6|5,4,0.7497056639373932
0|5|6|5,5,0.9632326867807965
2|4|6|4,6,3.6526706592081823
2|4|6|4,5,1.7711655061225628
2|4|6|4,3,0.8562207393731434
2|4|6|4,7,1.661665423839507
2|4|6|4,4,2.6645855645275867
2|4|6|4,1,0.2254053076259909
2|4|6|4,0,0.27185767910261516
6|2|4|0,7,2.536712604871667
6|2|4|0,1,2.4610666325162494
6|2|4|0,3,2.745548246210148
6|2|4|0,5,2.525400697201747
6|2|4|0,0,4.361474339821136
6|2|4|0,2,2.4092467549468743
6|2|4|0,4,3.5423375099305257
2|3|7|5,4,0.7508524887549635
2|3|7|5,3,-0.35574558864355194
2|3|7|5,6,1.3373708022769426
2|3|7|5,1,0.21291347573495417
2|3|7|5,7,2.537220915567721
2|3|7|5,0,0.7242985017838917
2|3|7|5,5,3.444015618051977
4|3|7|5,7,2.9182824174156483
4|3|7|5,6,2.1002443981737176
4|3|7|5,2,0.8658461622443746
4|3|7|5,1,0.8169624146340776
4|3|7|5,3,0.7644716771363479
4|3|7|5,0,0.3354598916540972
4|3|7|5,5,2.7450093718877673
5|3|4|3,0,1.1986641838986978
5|3|4|3,2,1.3920370498123642
5|3|4|3,1,0.73545151404091
5|3|4|3,7,1.0957743884548337
5|3|4|3,4,1.0970464650171128
5|3|4|3,3,3.7106713339327513
5|3|4|3,6,1.1619113987517757
6|4|4|1,1,3.126107121230006
6|4|4|1,0,0.4317935839573331
6|4|4|1,5,0.7062049181401707
6|4|4|1,4,1.3435870392241636
6|4|4|1,7,1.1906567184972137
6|4|4|1,3,1.264589791605475
6|4|4|1,2,0.6930327268472332
6|3|0|4,1,0.3835145514029297
6|3|0|4,7,-0.3311873263008953
6|3|0|4,3,-0.10184682397214063
6|3|0|4,0,0.4660216737628866
6|3|0|4,5,0.3589267214482566
6|3|0|4,4,3.096447930662368
6|3|0|4,2,0.5830108184349125
4|3|4|3,5,1.124152336557896
4|3|4|3,6,1.6719473302300258
4|3|4|3,3,3.4563091096648937
4|3|4|3,2,0.6220981753493021
4|3|4|3,7,0.5578304551729327
4|3|4|3,1,0.4788134907951762
4|3|4|3,0,0.8455971215798554
7|5|4|6,1,-0.316372885627565
7|5|4|6,0,-0.028882632519830833
7|5|4|6,2,-0.4995952119426383
7|5|4|6,5,0.07451661110599582
7|5|4|6,6,2.764022112838616
7|5|4|6,3,-0.0020239381499178935
7|5|4|6,4,-0.5128579501633337
1|5|4|6,4,-1.0769190848950962
1|5|4|6,2,-0.14115068287270732
1|5|4|6,0,-0.08753676937464605
1|5|4|6,6,1.264453961425927
1|5|4|6,5,-0.35510317579007195
1|5|4|6,3,0.03120397084200477
1|5|4|6,7,-0.38262100419276807
3|2|4|6,4,3.0403208359527074
3|2|4|6,2,2.0715817746206584
3|2|4|6,6,4.814099503769515
3|2|4|6,0,1.531291822705953
3|2|4|6,1,0.48215483211968735
3|2|4|6,5,2.1971678967997175
3|2|4|6,7,1.9447434575587128
4|2|4|6,6,4.517787098917152
4|2|4|6,0,1.44972097512545
4|2|4|6,7,0.8609400060678585
4|2|4|6,2,1.3182784136705248
4|2|4|6,1,-0.15868634927175754
4|2|4|6,3,0.9179817766072602
4|2|4|6,5,1.499298534334189
7|3|1|3,2,0.02423321821215818
7|3|1|3,4,-0.5901671597666363
7|3|1|3,5,-0.05147728620153867
7|3|1|3,1,0.4438209428217906
7|3|1|3,3,3.065427233844257
7|3|1|3,6,0.033119951053527816
7|3|1|3,0,0.6745180717038546
1|3|1|3,7,0.9417887540843205
1|3|1|3,2,0.775331504165393
1|3|1|3,4,1.7552870098177213
1|3|1|3,3,3.1518067646640535
1|3|1|3,5,-0.07336336881958805
1|3|1|3,0,-0.04247382734403984
1|3|1|3,6,1.2964845140251082
0|2|3|6,4,0.8360959823599485
0|2|3|6,3,2.279103784144499
0|2|3|6,5,2.1529082365525998
0|2|3|6,6,3.9894722270210368
0|2|3|6,2,1.6565604170704364
0|2|3|6,7,0.4568995191753944
0|2|3|6,1,1.4243450931219739
4|2|3|6,2,1.714060836340016
4|2|3|6,7,1.1033078469416049
4|2|3|6,3,2.283143376365966
4|2|3|6,6,2.710086962226402
4|2|3|6,1,0.9499395307728541
4|2|3|6,0,1.9506051162896532
4|2|3|6,5,1.4883979580140636
2|2|3|6,5,1.4691176712890064
2|2|3|6,0,1.4241452036387319
2|2|3|6,3,2.1536350715798442
2|2|3|6,1,1.8626284933435375
2|2|3|6,7,0.9531489272749126
2|2|3|6,6,4.215196074856231
2|2|3|6,4,1.3110979959999531
5|2|3|6,3,2.097725479008019
5|2|3|6,1,1.372368771178027
5|2|3|6,0,1.1447443337498664
5|2|3|6,4,1.2632536842876778
5|2|3|6,7,0.8123940896036353
5|2|3|6,2,2.103175037265776
5|2|3|6,6,4.337581873554966
3|3|3|6,1,0.9403941792097114
3|3|3|6,6,3.4114580948385678
3|3|3|6,4,0.10637583616565283
3|3|3|6,2,1.1467835175378849
3|3|3|6,7,-0.3638717042246968
3|3|3|6,0,-0.3180106842730934
3|3|3|6,5,0.30874444299051307
4|8|7|7,7,10.999999999999982
4|8|7|7,3,0.5098782309287864
4|8|7|7,6,0.5228346614583934
4|8|7|7,1,1.414457582457734
4|8|7|7,5,-1.545396877152911
4|8|7|7,0,-0.6780310230951887
4|8|7|7,2,-0.5155781814235014
0|4|0|3,5,1.1545258295898444
0|4|0|3,1,-1.135287482723359
0|4|0|3,3,0.8723343314163599
0|4|0|3,7,-0.0328912566084562
0|4|0|3,6,0.04812698275515942
0|4|0|3,2,0.17285686796949767
0|4|0|3,4,-0.030108812243395178
5|4|0|3,4,0.49235691109520135
5|4|0|3,7,-0.08770410519952376
5|4|0|3,6,0.5444594651361283
5|4|0|3,3,2.095446964083609
5|4|0|3,1,-0.894820053487119
5|4|0|3,0,-1.401617058024414
5|4|0|3,2,-0.4445400106829737
4|4|0|3,0,-0.05697171046438054
4|4|0|3,7,-0.021644348930996538
4|4|0|3,1,-0.01874286096683358
4|4|0|3,5,0.11293667409298716
4|4|0|3,2,-1.5340873185764252
4|4|0|3,3,2.0558630076371887
4|4|0|3,6,-0.81363574942704
1|4|0|3,6,0.03693768117032242
1|4|0|3,0,-0.6436926980273775
1|4|0|3,7,0.5971606583892536
1|4|0|3,5,0.6593556653178617
1|4|0|3,2,-0.8789921287691023
1|4|0|3,3,2.0292667992408893
1|4|0|3,4,-0.5276330663119148
6|6|1|0,1,-2.1579601964101514
6|6|1|0,0,-0.1975560618505476
6|6|1|0,4,-0.95796690372564
6|6|1|0,5,-0.14802349155703987
6|6|1|0,2,-0.05
6|6|1|0,3,0.26746204169690585
6|6|1|0,7,-0.4312795117466029
0|3|1|2,5,2.0423846684479887
0|3|1|2,4,1.747739330723264
0|3|1|2,6,1.610451252281617
0|3|1|2,3,1.6024880902928187
0|3|1|2,7,1.8340282336537403
0|3|1|2,2,2.8420760167442567
0|3|1|2,1,1.525431103242785
3|2|0|6,0,2.2873107393718626
3|2|0|6,7,0.8058016903450448
3|2|0|6,2,1.482215369214667
3|2|0|6,6,3.3394745879845895
3|2|0|6,4,1.6299724950705723
3|2|0|6,5,1.2993068442244782
3|2|0|6,1,1.2860927822079466
0|3|6|2,4,1.9698126464869783
0|3|6|2,7,2.3496962396532
0|3|6|2,3,2.3532673807937265
0|3|6|2,5,2.6023585045503737
0|3|6|2,1,1.6116456239134467
0|3|6|2,2,3.2213494038071486
0|3|6|2,6,2.985042321748922
7|2|3|2,3,2.903083171257451
7|2|3|2,2,4.416348407242717
7|2|3|2,6,2.231434367402028
7|2|3|2,4,2.04913762779023
7|2|3|2,5,2.5799536275962422
7|2|3|2,1,1.624508700434918
7|2|3|2,0,1.831988762071443
2|4|6|7,1,1.0645888333013434
2|4|6|7,3,0.3999058651314819
2|4|6|7,4,1.042243899630564
2|4|6|7,0,-0.7853186723477141
2|4|6|7,7,3.006548238856504
2|4|6|7,5,0.4468689264521959
2|4|6|7,6,5.495784551052656
1|4|6|7,3,0.5100170234767449
1|4|6|7,6,3.9440369409211855
1|4|6|7,7,5.922331044162651
1|4|6|7,2,-0.11841769240767111
1|4|6|7,4,1.1286264829085824
1|4|6|7,0,0.45629220004011006
1|4|6|7,5,1.2974483095817224
3|4|6|7,2,0.27507891662748973
3|4|6|7,4,0.10370957690351923
3|4|6|7,1,0.9804579457629807
3|4|6|7,7,3.52359180225996
3|4|6|7,5,0.7510019022908953
3|4|6|7,6,4.616811553033218
3|4|6|7,0,0.4094844911665417
6|4|2|1,5,-0.11434962470339169
6|4|2|1,2,1.5075679901659829
6|4|2|1,3,0.09813960956811309
6|4|2|1,4,0.2585367916918026
6|4|2|1,0,0.2779199934659465
6|4|2|1,1,1.904504114356145
6|4|2|1,7,0.12047821718725704
1|5|2|4,0,-2.058414311991861
1|5|2|4,6,-1.5069578501644527
1|5|2|4,4,-0.30518233776913695
1|5|2|4,2,-1.6162865718444035
1|5|2|4,7,-0.31962960611526914
1|5|2|4,5,-0.6941499355329782
1|5|2|4,3,-1.3883697958770316
0|5|2|4,6,0.63053437674075
0|5|2|4,2,-1.8095175575758073
0|5|2|4,3,-2.5213408451042465
0|5|2|4,5,-0.9125022269294514
0|5|2|4,4,-0.5366906586108321
0|5|2|4,1,-2.647207423535041
0|5|2|4,7,-0.19677697886425483
1|5|1|4,5,-0.14887107202700497
1|5|1|4,4,0.7455984691735013
1|5|1|4,6,-0.796451224157764
1|5|1|4,0,-0.9040887965435044
1|5|1|4,7,-0.5988512995534647
1|5|1|4,3,-3.2465598283931048
1|5|1|4,2,-2.0613675540171634
6|3|7|1,3,1.464546746871664
6|3|7|1,5,1.816329587947552
6|3|7|1,2,1.5457440969894116
6|3|7|1,7,2.218371493867239
6|3|7|1,4,1.634694989369781
6|3|7|1,1,3.496540445912574
6|3|7|1,0,1.4312721109670115
3|3|7|1,6,1.9321018065423163
3|3|7|1,7,3.257552245873676
3|3|7|1,1,2.4085024957419776
3|3|7|1,5,1.6652084875846376
3|3|7|1,0,0.5918048923974184
3|3|7|1,4,1.8368347359915194
3|3|7|1,2,1.3873265852343932
5|4|7|1,4,0.39550760254499795
5|4|7|1,3,1.5675943248287865
5|4|7|1,1,2.110319251221805
5|4|7|1,6,1.4618124360371245
5|4|7|1,2,0.6749492144863097
5|4|7|1,7,2.815574240548579
5|4|7|1,0,0.124058669338392
4|1|3|7,0,-0.09561870766180544
4|1|3|7,1,0.5614662173345595
4|1|3|7,5,0.4516218340168684
4|1|3|7,6,0.03382561626371963
4|1|3|7,2,0.4809370527991579
4|1|3|7,7,4.877101506680337
4|1|3|7,3,0.4491876533474285
0|1|3|7,1,0.4088319500808274
0|1|3|7,2,0.7574061344655963
0|1|3|7,6,0.7029407924028472
0|1|3|7,5,0.2884125030072694
0|1|3|7,7,4.45253609627186
0|1|3|7,3,0.5185301184068167
0|1|3|7,4,0.5879746995486692
6|3|3|5,5,-0.126568668468014
6|3|3|5,0,0.6699985208595762
6|3|3|5,2,0.7210481759991435
6|3|3|5,3,0.5698258142709655
6|3|3|5,7,-0.2225842535612886
6|3|3|5,4,1.3645565270735092
6|3|3|5,1,0.774256855181326
1|3|4|5,2,1.8902113470622204
1|3|4|5,5,4.415452682138437
1|3|4|5,7,0.7842485435378832
1|3|4|5,6,1.4012104595238004
1|3|4|5,3,1.6594848087128653
1|3|4|5,0,1.9154337902963339
1|3|4|5,4,1.1056522490853458
2|3|4|5,7,1.1936234095549032
2|3|4|5,3,0.6238671316303401
2|3|4|5,6,1.158877877399717
2|3|4|5,1,1.5822050593252786
2|3|4|5,4,1.8990855077686313
2|3|4|5,0,0.3780219926367332
2|3|4|5,5,3.937163701360317
5|3|5|2,6,1.0432158429953102
5|3|5|2,7,-0.5509723373401973
5|3|5|2,4,0.1865536298356514
5|3|5|2,0,0.9206294011212346
5|3|5|2,3,1.436790755873301
5|3|5|2,2,2.7738386144604754
5|3|5|2,1,0.8354290221795208
0|4|5|2,5,2.2907188583615397
0|4|5|2,3,1.2988473939005425
0|4|5|2,6,1.6689703353413603
0|4|5|2,4,1.0535302009780325
0|4|5|2,1,-0.38682042344681256
0|4|5|2,7,1.609447491228633
0|4|5|2,2,2.6783802043936973
2|2|6|4,6,4.306627527512115
2|2|6|4,3,2.0019793063106808
2|2|6|4,0,1.9381143868519022
2|2|6|4,1,1.8868852604212205
2|2|6|4,5,1.4126882054527847
2|2|6|4,7,2.605595799267099
2|2|6|4,4,3.4436926156828105
6|4|7|4,0,-0.032816152198325316
6|4|7|4,3,0.4523653827913733
6|4|7|4,7,3.4806908792236233
6|4|7|4,2,-0.10959777339628007
6|4|7|4,4,1.377361054439312
6|4|7|4,5,-0.4071574710943346
6|4|7|4,1,0.30227841137699607
0|4|7|4,3,0.4687242575727224
0|4|7|4,2,-0.685346913873333
0|4|7|4,6,0.8877130611956305
0|4|7|4,4,2.045383107076076
0|4|7|4,7,2.5114869912270885
0|4|7|4,1,-0.017244150685666614
0|4|7|4,5,0.8720819724644205
2|4|7|0,6,1.2929214671282223
2|4|7|0,5,0.6139322049426624
2|4|7|0,0,2.1304220549092894
2|4|7|0,1,1.0136669205573419
2|4|7|0,4,0.8875381813767173
2|4|7|0,3,1.589401431364499
2|4|7|0,7,3.0916580838796843
3|3|5|1,7,2.0647279602912803
3|3|5|1,2,1.4251641650397187
3|3|5|1,4,2.3754936753449867
3|3|5|1,1,3.408374975548203
3|3|5|1,5,2.7149951458200166
3|3|5|1,6,2.257004885339499
3|3|5|1,0,1.4298440375973969
1|5|5|0,3,0.25180607999862636
1|5|5|0,4,-0.25012375331034714
1|5|5|0,6,0.3476897066523651
1|5|5|0,5,3.536446689551699
1|5|5|0,0,1.3066118927341273
1|5|5|0,7,-0.3391013624352443
1|5|5|0,2,-0.2069367423692718
5|2|1|4,7,1.3100693657848497
5|2|1|4,3,0.5038023217504395
5|2|1|4,0,0.5024108344068658
5|2|1|4,4,4.032713283399682
5|2|1|4,6,1.693424348400993
5|2|1|4,1,1.4282292914422867
5|2|1|4,2,0.914641815465729
4|3|5|0,2,2.4632913951881807
4|3|5|0,5,2.472071384130216
4|3|5|0,1,2.0751285933871397
4|3|5|0,7,2.414460944990445
4|3|5|0,6,1.9571367726711197
4|3|5|0,3,1.7775344118938814
4|3|5|0,0,2.251243320962899
5|3|2|0,0,3.101781824128477
5|3|2|0,7,1.6685340456514117
5|3|2|0,4,1.8962587926920889
5|3|2|0,6,1.3960660364555242
5|3|2|0,2,2.503813887723945
5|3|2|0,3,1.7244904678875632
5|3|2|0,1,1.648523324243424
0|4|2|1,4,1.5404124378112571
0|4|2|1,7,0.6023402083308828
0|4|2|1,3,0.8521957281519942
0|4|2|1,2,1.716376242904087
0|4|2|1,1,2.4766278073800234
0|4|2|1,6,1.1331377448259774
0|4|2|1,5,-0.0067608651609081805
5|2|0|6,4,1.522478454897341
5|2|0|6,0,2.1786788192617754
5|2|0|6,3,0.8326388251798582
5|2|0|6,7,1.4467160284012446
5|2|0|6,2,1.0933465003314868
5|2|0|6,6,4.02399531027027
5|2|0|6,1,0.7459681861508336
0|2|0|6,4,1.5697014199967947
0|2|0|6,5,1.6012979979001511
0|2|0|6,6,3.0036291823856196
0|2|0|6,3,0.9237327349725503
0|2|0|6,7,1.1549375008507468
0|2|0|6,2,1.654524600120098
0|2|0|6,1,0.9104992505181694
3|1|1|2,4,2.862999393079137
3|1|1|2,1,2.3919352908357965
3|1|1|2,5,2.737537362247527
3|1|1|2,6,2.71467885952499
3|1|1|2,0,2.4332710417092063
3|1|1|2,2,4.484709846798413
3|1|1|2,7,2.5736894957187193
1|4|2|4,4,0.9892487565331162
1|4|2|4,3,-0.9570869052500317
1|4|2|4,6,0.2522931002187293
1|4|2|4,5,-0.38463133551195894
1|4|2|4,2,0.480660515495253
1|4|2|4,7,-0.18042920645024235
1|4|2|4,0,-0.47979540405699134
0|4|1|6,2,-0.03549377607907797
0|4|1|6,5,0.01713084946508546
0|4|1|6,6,3.5997827290185205
0|4|1|6,1,0.3671433778733399
0|4|1|6,7,0.2404610851700454
0|4|1|6,3,0.36172036601159024
0|4|1|6,4,0.179640195725233
6|2|6|1,3,1.5216812962973056
6|2|6|1,1,4.065388530509831
6|2|6|1,2,2.0353723676994337
6|2|6|1,0,1.6461992277663486
6|2|6|1,7,2.290648816737477
6|2|6|1,5,1.8292091812146258
6|2|6|1,4,1.9754177974475065
3|2|2|4,5,2.3287404513507313
3|2|2|4,0,1.9760405287675926
3|2|2|4,4,4.3075888368362465
3|2|2|4,7,2.452153517372935
3|2|2|4,2,2.5624096213107093
3|2|2|4,1,2.0771360123912834
3|2|2|4,6,2.4885492108790332
2|2|1|7,5,1.4511122503782345
2|2|1|7,4,1.1255837196837788
2|2|1|7,3,1.2486411016586119
2|2|1|7,7,4.156917701091013
2|2|1|7,1,2.331046597490748
2|2|1|7,6,1.9362114719664176
2|2|1|7,0,1.6101152785396133
4|2|1|7,3,0.8785082756456558
4|2|1|7,6,1.5319338315092275
4|2|1|7,0,1.3066000673381963
4|2|1|7,5,0.8616745655991104
4|2|1|7,2,1.6769138689021374
4|2|1|7,1,2.6447389032329047
4|2|1|7,7,4.150872594043578
3|2|1|7,0,1.5662850158967578
3|2|1|7,6,1.6085665261751652
3|2|1|7,2,1.108503068502461
3|2|1|7,5,1.120095830600614
3|2|1|7,1,1.803633192001485
3|2|1|7,4,1.7915154971671978
3|2|1|7,7,4.079726200476435
6|4|1|4,0,-0.35849206840485653
6|4|1|4,3,-0.8854871518271562
6|4|1|4,4,2.5854386890731242
6|4|1|4,5,-0.08995837884415574
6|4|1|4,2,-0.5596959109771795
6|4|1|4,7,0.21768270309286752
6|4|1|4,1,-0.00451766298973824
0|5|1|4,4,-0.3444309936616409
0|5|1|4,3,-1.894159252561351
0|5|1|4,2,-2.8398231862914
0|5|1|4,5,-0.288149574241358
0|5|1|4,6,-0.523052330793673
0|5|1|4,7,0.060341786762597244
0|5|1|4,1,-3.7130678600246476
5|3|1|3,6,1.1066400047694689
5|3|1|3,3,2.969750111257968
5|3|1|3,4,0.9961568995636545
5|3|1|3,2,0.7321862504236587
5|3|1|3,7,1.2184621602634749
5|3|1|3,1,0.11247527334655825
5|3|1|3,0,0.5067458075363334
6|2|6|3,0,0.6155014591690422
6|2|6|3,4,3.2448902632110497
6|2|6|3,5,0.8371622949715762
6|2|6|3,7,1.2240031261031847
6|2|6|3,1,0.9461486563045752
6|2|6|3,2,-0.5438740124045062
6|2|6|3,3,1.50046899186542
2|4|0|3,5,1.074712716250646
2|4|0|3,4,0.018872529731050525
2|4|0|3,7,-0.2212629185615627
2|4|0|3,6,0.20564893400213619
2|4|0|3,1,-0.31736360437353006
2|4|0|3,0,-1.0261979262653695
2|4|0|3,3,1.8468998559499092
5|2|4|1,0,2.175121091963239
5|2|4|1,7,3.341620816237013
5|2|4|1,2,2.684071346100765
5|2|4|1,4,3.0260320282428514
5|2|4|1,6,2.509617012535329
5|2|4|1,1,4.459118977350118
5|2|4|1,3,2.2457005068817795
5|2|4|6,6,4.867655354085355
5|2|4|6,4,2.117806458447178
5|2|4|6,0,1.300652491917432
5|2|4|6,2,0.6800555049070155
5|2|4|6,1,0.5750237146377897
5|2|4|6,7,1.6703349196256447
5|2|4|6,3,0.9884730390767131
6|4|4|7,1,0.6617347171758005
6|4|4|7,4,4.090679928585472
6|4|4|7,2,0.4983321346939721
6|4|4|7,5,-1.3105542285187477
6|4|4|7,7,1.09344983822404
6|4|4|7,0,-0.6073223082392445
6|4|4|7,3,-0.6351514752604903
3|5|4|7,4,4.663468670535456
3|5|4|7,7,1.0847132667999868
3|5|4|7,1,0.19332693683831675
3|5|4|7,0,-0.396416923634504
3|5|4|7,2,-0.39777597030447587
3|5|4|7,6,0.2824155339812423
3|5|4|7,5,-0.25553777628482316
4|7|7|7,5,4.3902044256653445
4|7|7|7,7,11.999999999913374
4|7|7|7,6,4.8313213435009015
4|7|7|7,0,0.031057264826287345
4|7|7|7,2,2.2584050195402714
4|7|7|7,1,3.1695301496347783
4|7|7|7,3,5.558062991429057
0|4|4|3,5,1.0537413565678801
0|4|4|3,6,1.370700001515971
0|4|4|3,7,0.32411802597454775
0|4|4|3,2,-0.4769701137233347
0|4|4|3,4,1.2779551402413039
0|4|4|3,3,2.903666130185963
0|4|4|3,1,0.25792868592048923
6|4|4|3,4,1.8419803364795133
6|4|4|3,7,1.69962265421631
6|4|4|3,0,-0.35892054091922704
6|4|4|3,1,0.005685634450607019
6|4|4|3,2,0.16637716955070259
6|4|4|3,3,0.8050794043476873
6|4|4|3,5,0.7161743438448053
2|4|4|3,1,-1.017399116115178
2|4|4|3,5,0.5315646566171419
2|4|4|3,3,3.0569810379380224
2|4|4|3,7,1.7544509961330992
2|4|4|3,6,1.0268288389896094
2|4|4|3,4,2.6882051739363595
2|4|4|3,0,0.2015386909388194
6|4|7|3,2,-0.12595052493653547
6|4|7|3,1,0.10389526191055747
6|4|7|3,7,1.4870021175887749
6|4|7|3,4,0.7545704394505953
6|4|7|3,3,3.968043644872773
6|4|7|3,0,0.34727657722009786
6|4|7|3,5,1.0029302564025495
6|6|2|4,2,-1.5505278038835277
6|6|2|4,1,-2.2781752817773553
6|6|2|4,7,0.3057518520275789
6|6|2|4,5,-1.2993258193088875
6|6|2|4,3,-1.5440461215069963
6|6|2|4,4,0.5693832527244203
6|6|2|4,0,-1.6662927678696124
7|6|2|4,6,-2.6589896561495703
7|6|2|4,2,-1.45704583869341
7|6|2|4,5,-1.3615573819729583
7|6|2|4,4,2.374122210952956
7|6|2|4,0,-1.0961884417714962
7|6|2|4,1,-1.685028350464584
7|6|2|4,3,-1.0516902575790976
5|2|5|7,2,2.12919529381936
5|2|5|7,7,4.6827756954714825
5|2|5|7,1,1.4898453785899324
5|2|5|7,3,1.3116629564366096
5|2|5|7,4,1.8085366354366028
5|2|5|7,0,1.1611276006282496
5|2|5|7,6,0.6923888392720909
5|7|6|6,2,-2.829840510122756
5|7|6|6,0,-1.3043710044548311
5|7|6|6,4,-1.7501032506764302
5|7|6|6,7,-2.9429856457357406
5|7|6|6,3,-2.205736061239271
5|7|6|6,1,-2.3665863404725545
5|7|6|6,6,4.075095804487211
7|1|5|4,6,3.0055500969803384
7|1|5|4,5,3.208999369456855
7|1|5|4,3,2.4183219139517234
7|1|5|4,2,2.3608580684834815
7|1|5|4,1,2.3661112497252406
7|1|5|4,4,4.566786621970159
7|1|5|4,0,2.47648267400337
5|2|6|1,0,1.9985270331699898
5|2|6|1,6,3.7210863263091385
5|2|6|1,7,2.6414452261405796
5|2|6|1,1,4.039482697949277
5|2|6|1,3,2.0689276899329463
5|2|6|1,4,1.6047581516153528
5|2|6|1,2,2.2637141527047553
2|2|5|1,5,3.223800341565221
2|2|5|1,3,2.5917275593503994
2|2|5|1,7,2.5256810260538636
2|2|5|1,0,2.059536332160643
2|2|5|1,1,4.389459127963435
2|2|5|1,4,2.888574843824733
2|2|5|1,6,2.5524257371696435
3|2|3|5,0,1.6518153339549992
3|2|3|5,1,0.6679692984474047
3|2|3|5,4,0.7153409756555861
3|2|3|5,5,4.228094550639187
3|2|3|5,7,2.2894299424430673
3|2|3|5,6,2.4724206961769424
3|2|3|5,2,1.9520012526445112
0|3|3|7,2,0.3476757918862956
0|3|3|7,3,2.0301892386740024
0|3|3|7,7,4.825548832748355
0|3|3|7,5,1.4517021292099843
0|3|3|7,1,1.2527751680543782
0|3|3|7,4,1.203825923895312
0|3|3|7,6,1.794186656616763
7|3|2|3,6,0.7005173919048095
7|3|2|3,1,0.36281742039781906
7|3|2|3,3,3.446419876325563
7|3|2|3,4,0.8124362923073656
7|3|2|3,0,0.833090115209322
7|3|2|3,2,0.8669459617006492
7|3|2|3,5,1.2774447944204657
1|1|6|7,3,-0.06469074136192646
1|1|6|7,2,-0.03982261578396855
1|1|6|7,4,-0.9628165637914552
1|1|6|7,0,0.25265852138539746
1|1|6|7,7,4.436584956481338
1|1|6|7,5,-0.06592140191566707
1|1|6|7,6,0.0606050144317363
3|1|6|7,6,0.006125219610419855
3|1|6|7,7,4.338083849047187
3|1|6|7,4,0.11408673586082835
3|1|6|7,5,0.13626733792539364
3|1|6|7,2,-0.08729083994374695
3|1|6|7,1,0.24709866676848752
3|1|6|7,0,0.09123977579906199
6|1|6|7,4,-0.49382313786613696
6|1|6|7,1,0.29002868513352215
6|1|6|7,7,4.033119591118275
6|1|6|7,5,0.26524093864425985
6|1|6|7,2,-0.05235843182032009
6|1|6|7,3,0.23537704654412522
6|1|6|7,0,0.265718899948626
4|1|6|7,3,0.03989531133085693
4|1|6|7,1,0.2079482947926421
4|1|6|7,2,-0.0710486881655053
4|1|6|7,6,0.32588410470944684
4|1|6|7,7,4.236265029444488
4|1|6|7,0,0.2909306641472116
4|1|6|7,5,0.031136784646670267
3|1|7|6,7,3.9170247411112196
3|1|7|6,2,2.045831021744743
3|1|7|6,1,1.5507871839174745
3|1|7|6,6,4.764126915872842
3|1|7|6,0,2.022302819365823
3|1|7|6,5,2.1396276721236482
3|1|7|6,4,1.8235467120862214
7|1|7|6,3,0.1414145996124342
7|1|7|6,1,0.4139079031985762
7|1|7|6,2,1.838527618126561
7|1|7|6,6,0.7754682871591277
7|1|7|6,5,-0.0615798711089352
7|1|7|6,4,0.473967324605488
7|1|7|6,0,0.5619645419565628
1|8|3|3,5,1.5657551361946096
1|8|3|3,4,2.573882316314325
1|8|3|3,2,0.1719717486574358
1|8|3|3,7,1.631600463841492
1|8|3|3,6,-1.782710193430429
1|8|3|3,3,10.999999999999982
1|8|3|3,0,0.6194147673997399
7|3|6|0,2,1.6607118720767524
7|3|6|0,3,1.1243883204322045
7|3|6|0,5,1.7980718422237851
7|3|6|0,0,3.791054368871455
7|3|6|0,1,2.0450169135825673
7|3|6|0,6,2.304441785728168
7|3|6|0,4,2.155547114750627
0|5|6|1,6,0.3837377038888839
0|5|6|1,1,3.7686177727509644
0|5|6|1,7,0.2837837448433595
0|5|6|1,3,0.004424080829340565
0|5|6|1,2,1.9736929206869132
0|5|6|1,4,1.307616676035678
0|5|6|1,5,1.7553056226630848
2|6|4|5,3,-2.482672117829963
2|6|4|5,4,-2.3062712292395893
2|6|4|5,7,-0.6263307891796247
2|6|4|5,6,-1.104431401618939
2|6|4|5,0,-1.8918227289230471
2|6|4|5,5,1.1765654384869075
2|6|4|5,1,-2.57360426353552
2|5|3|0,7,0.15167980335574452
2|5|3|0,0,-0.22075694187540107
2|5|3|0,5,0.5971521950514478
2|5|3|0,6,0.7651423154518215
2|5|3|0,3,3.659605967856711
2|5|3|0,4,-0.14192598391378888
2|5|3|0,1,-0.24473074051773178
4|5|3|0,5,-0.48569908509996595
4|5|3|0,0,-0.1738960236252725
4|5|3|0,1,-0.027623808062327615
4|5|3|0,2,0.6488081451106633
4|5|3|0,3,4.322928239648341
4|5|3|0,7,0.31810360488551404
4|5|3|0,6,0.8761685094075297
1|4|1|3,4,-0.5922022613613476
1|4|1|3,5,-0.2752521483646131
1|4|1|3,6,0.6036219229854715
1|4|1|3,7,0.418624045495941
1|4|1|3,0,-2.475465379970208
1|4|1|3,2,-0.5700254084983221
1|4|1|3,3,2.2005696691184893
3|5|1|4,2,-1.4722327883257254
3|5|1|4,7,-0.18303586253465395
3|5|1|4,4,1.6292533194279066
3|5|1|4,1,-1.2858256827483132
3|5|1|4,0,-1.4779600719645114
3|5|1|4,6,-0.275719269361407
3|5|1|4,5,-0.8285670967771097
2|5|1|4,4,-0.11074955124811484
2|5|1|4,7,-0.513069968840286
2|5|1|4,0,-1.7409055298074811
2|5|1|4,3,-2.298847583707818
2|5|1|4,6,0.7181053928918156
2|5|1|4,5,-1.7002183902331336
2|5|1|4,1,-1.6518317069331117
6|3|1|2,7,1.570228722590446
6|3|1|2,3,0.14519135757000198
6|3|1|2,4,1.1700330937028234
6|3|1|2,2,2.7825706064920737
6|3|1|2,0,0.3176803504507697
6|3|1|2,5,1.6326806203033124
6|3|1|2,1,0.765011091135188
7|3|1|2,5,0.895197072767017
7|3|1|2,1,-0.05019805822798945
7|3|1|2,4,1.0674358432398954
7|3|1|2,2,3.0151166644998173
7|3|1|2,6,1.18499828468193
7|3|1|2,0,0.5460771601455253
7|3|1|2,3,1.1568609600306816
3|3|1|2,7,1.157343376767296
3|3|1|2,2,2.0102298141851125
3|3|1|2,4,1.3060507017817515
3|3|1|2,1,0.22857972708486127
3|3|1|2,5,1.8713118662658148
3|3|1|2,6,1.720131152510599
3|3|1|2,0,1.0263474570406688
1|4|3|2,6,1.2418633472630005
1|4|3|2,3,3.5208767339035565
1|4|3|2,4,0.7518554415588116
1|4|3|2,7,0.6654523866242372
1|4|3|2,5,0.9854047959574167
1|4|3|2,2,1.799936749127844
1|4|3|2,0,-0.006363934392602216
4|1|4|6,6,4.728135288566624
4|1|4|6,3,1.2523277377624338
4|1|4|6,7,2.631445750101649
4|1|4|6,0,1.858675697522985
4|1|4|6,1,1.4348370159994976
4|1|4|6,2,1.9731289168315833
4|1|4|6,5,1.2358978384726829
0|3|3|5,2,0.5985170213619367
0|3|3|5,3,2.14707495474144
0|3|3|5,5,3.1902139284270024
0|3|3|5,6,0.9051642388654401
0|3|3|5,1,1.4773218425345718
0|3|3|5,7,0.21799004891400897
0|3|3|5,4,0.7921060164484022
1|3|7|3,3,3.5024032239908425
1|3|7|3,4,2.0502089708494378
1|3|7|3,6,2.4451142695123775
1|3|7|3,0,0.6095309993348327
1|3|7|3,2,1.266237212306758
1|3|7|3,7,2.5717055181876045
1|3|7|3,5,1.656103695252829
5|3|3|6,0,0.5405333595834937
5|3|3|6,6,1.6337220987948964
5|3|3|6,3,3.157929068543085
5|3|3|6,7,1.0560498609027025
5|3|3|6,4,1.1272023177722788
5|3|3|6,1,1.8025477679520434
5|3|3|6,2,1.2766984279880678
0|5|7|1,6,1.5407111103592759
0|5|7|1,7,2.0725045187732274
0|5|7|1,5,1.086899589100343
0|5|7|1,2,0.9205383258212432
0|5|7|1,4,-1.8080635104808107
0|5|7|1,3,0.9979761156108916
0|5|7|1,1,4.355695111416855
6|6|7|1,2,-3.3619571587860566
6|6|7|1,0,-0.047332284475532255
6|6|7|1,7,1.0371570406785358
6|6|7|1,4,0.16490817390794266
6|6|7|1,5,-0.4772089452666284
6|6|7|1,1,2.4241424457709715
6|6|7|1,3,-0.7254636304815334
4|3|0|3,5,1.017056603380548
4|3|0|3,7,0.951346276698835
4|3|0|3,1,0.5900385975957455
4|3|0|3,3,2.0703863420131774
4|3|0|3,6,1.3819232284426808
4|3|0|3,0,1.0039501091814687
4|3|0|3,2,0.6246076862452938
1|1|4|3,5,2.766549435447442
1|1|4|3,7,2.9316720692052685
1|1|4|3,3,4.737377208072367
1|1|4|3,4,3.099228285303909
1|1|4|3,6,2.875572696412264
1|1|4|3,0,2.632564657507555
1|1|4|3,2,2.6611207960049534
3|4|1|4,6,0.39902186569757214
3|4|1|4,7,0.6863441385606416
3|4|1|4,5,0.23369301671051157
3|4|1|4,4,1.8440019549118476
3|4|1|4,1,-0.8715463012360798
3|4|1|4,2,-0.45954641200622404
3|4|1|4,0,-1.0453703802175929
0|4|1|4,1,-0.15789474889862984
0|4|1|4,6,0.4162503525271905
0|4|1|4,4,1.6485348467719754
0|4|1|4,3,-0.8106591862212539
0|4|1|4,2,-0.2474559160583453
0|4|1|4,5,0.9757068773462341
0|4|1|4,7,1.1007462318085295
1|1|7|4,3,2.1778483472614685
1|1|7|4,5,2.6415867770547674
1|1|7|4,4,4.4873127908811385
1|1|7|4,7,3.0269519992291896
1|1|7|4,2,1.8922720016989893
1|1|7|4,6,2.16884819290241
1|1|7|4,0,2.2990631207498633
5|2|4|3,0,1.7942780397876752
5|2|4|3,4,3.2888683231849374
5|2|4|3,6,2.981050939075513
5|2|4|3,1,1.909312313953776
5|2|4|3,2,1.6378192049960136
5|2|4|3,3,4.085896601552702
5|2|4|3,7,2.014294526561447
1|6|0|6,3,-0.6125170895397231
1|6|0|6,6,-0.28635207217452385
1|6|0|6,7,0.15961080882858147
1|6|0|6,4,-0.7848184252515955
1|6|0|6,2,-0.392068689750247
1|6|0|6,5,-0.19597831734608412
1|6|0|6,0,0.05777126830307136
0|6|0|6,7,2.3402188865647715
0|6|0|6,6,0.2224875592576699
0|6|0|6,4,-0.0973942443525887
0|6|0|6,5,-0.4121640908198237
0|6|0|6,2,-0.9199847398665872
0|6|0|6,1,-0.9078751597684235
0|6|0|6,3,-0.8999286183347758
3|4|5|4,0,1.0395658903363063
3|4|5|4,5,0.6099282057322012
3|4|5|4,2,0.23887336995268
3|4|5|4,4,1.3359241716784505
3|4|5|4,6,1.8250046025659399
3|4|5|4,7,0.8375809237643036
3|4|5|4,1,1.1082496344713793
0|4|5|4,7,1.527458733648449
0|4|5|4,4,3.080262730450371
0|4|5|4,6,1.7209310256312145
0|4|5|4,5,3.772309602784117
0|4|5|4,1,0.2104565061519347
0|4|5|4,2,0.2902488535611252
0|4|5|4,3,-0.684347893089837
7|4|5|4,4,0.2943667960075372
7|4|5|4,1,-0.10694290671809091
7|4|5|4,6,-0.6370321350550802
7|4|5|4,0,-0.16441306530841776
7|4|5|4,3,-0.4088835431572137
7|4|5|4,5,3.8144670173909345
7|4|5|4,2,0.06326154500611476
4|5|7|1,1,0.5679210402704098
4|5|7|1,2,1.0032781101373107
4|5|7|1,7,2.521951388827785
4|5|7|1,6,-0.23642368153384782
4|5|7|1,0,0.14786938183020135
4|5|7|1,3,0.4069937892213092
4|5|7|1,5,1.3219332477471657
2|5|1|0,4,-0.28131021030042425
2|5|1|0,1,0.37853698181979845
2|5|1|0,0,1.9023511947686131
2|5|1|0,3,0.30172778519864746
2|5|1|0,6,-0.4223824795920069
2|5|1|0,5,0.24740862108034734
2|5|1|0,7,-0.688802722914469
4|5|1|0,6,-0.24695495280514326
4|5|1|0,7,-1.1495145531596997
4|5|1|0,0,0.1477623074073907
4|5|1|0,1,3.533776787371881
4|5|1|0,5,-1.1268582045252278
4|5|1|0,2,-0.5752460105263072
4|5|1|0,3,-0.23498533577436873
5|2|2|7,6,1.7038772275882839
5|2|2|7,4,1.37037547642931
5|2|2|7,1,0.939905002618278
5|2|2|7,0,2.0437427119997826
5|2|2|7,3,1.0661901222956573
5|2|2|7,2,1.7903986936037868
5|2|2|7,7,3.7033971021967087
6|2|2|7,3,1.893366581639897
6|2|2|7,1,1.4232916267161435
6|2|2|7,0,1.6078790615947625
6|2|2|7,2,1.4964816417228608
6|2|2|7,7,4.363971900646338
6|2|2|7,4,1.700236087975205
6|2|2|7,5,0.3550629080999906
3|2|2|7,1,1.131601836900205
3|2|2|7,0,1.8636304610570698
3|2|2|7,2,2.5286836293274666
3|2|2|7,5,1.5265532885216442
3|2|2|7,6,1.3682395448198736
3|2|2|7,7,4.209381858480772
3|2|2|7,4,1.5155924189187917
2|6|5|6,3,-3.0825529963895972
2|6|5|6,6,0.29869470849260965
2|6|5|6,1,-1.0766959845214137
2|6|5|6,7,0.8711326539905864
2|6|5|6,4,-0.7830173071692019
2|6|5|6,0,-2.1950999018069193
2|6|5|6,5,-1.0619822827651124
2|4|2|3,3,0.47401369448063724
2|4|2|3,4,-0.48145482497646896
2|4|2|3,6,-0.7725935855980475
2|4|2|3,7,0.5309619490996855
2|4|2|3,0,-0.48931473927270674
2|4|2|3,1,-0.15601665763526473
2|4|2|3,5,0.638032201848766
7|5|2|4,5,-0.4642686682692792
7|5|2|4,6,-0.7807630591986521
7|5|2|4,2,-0.8040385957731616
7|5|2|4,0,-2.5415081220051965
7|5|2|4,4,-0.8883004591620324
7|5|2|4,3,-1.1570341801516728
7|5|2|4,1,-1.5280268748805073
5|2|0|3,6,1.8217943967512307
5|2|0|3,2,1.3471851202554557
5|2|0|3,4,1.8549834568026469
5|2|0|3,3,3.4081396091870984
5|2|0|3,1,1.51658167911826
5|2|0|3,0,2.0437769009554474
5|2|0|3,7,1.966429486707442
2|2|0|3,3,3.586445266933278
2|2|0|3,7,1.7913636849217276
2|2|0|3,5,1.7051879345402619
2|2|0|3,0,1.6841203467319115
2|2|0|3,1,1.7151035748855303
2|2|0|3,4,2.0566559784295086
2|2|0|3,6,2.3221255572041075
6|3|5|7,4,1.0687659565351986
6|3|5|7,7,3.992378974673722
6|3|5|7,3,0.9185995231547099
6|3|5|7,2,0.9841930079353893
6|3|5|7,5,2.117510956646796
6|3|5|7,1,1.2888505010204736
6|3|5|7,0,1.2971303111783534
2|5|6|3,1,0.10370403885209395
2|5|6|3,3,5.336841244625948
2|5|6|3,5,1.2534819024800885
2|5|6|3,0,-0.6373441466892207
2|5|6|3,7,0.21178149267765398
2|5|6|3,4,0.6004955193351449
2|5|6|3,6,2.235368695687084
4|1|0|6,5,1.9688336122938253
4|1|0|6,7,3.367442757266844
4|1|0|6,0,1.9740950046499859
4|1|0|6,2,1.972077823520829
4|1|0|6,3,1.9581403130162514
4|1|0|6,1,1.8107436492277826
4|1|0|6,6,4.370181490478559
3|5|2|1,5,0.2549730277087561
3|5|2|1,4,-1.5629036408900239
3|5|2|1,7,0.16598591966394383
3|5|2|1,1,0.2527733983257216
3|5|2|1,6,-0.8974074713545281
3|5|2|1,2,3.719531357503378
3|5|2|1,0,0.6033288026191075
2|2|1|6,1,2.594574710233934
2|2|1|6,7,0.9007894268411911
2|2|1|6,0,0.8843440443977747
2|2|1|6,3,1.1350682898388427
2|2|1|6,5,1.7470011009659707
2|2|1|6,4,1.514842690612232
2|2|1|6,6,4.220504025667373
6|6|0|4,3,-1.6109840764698775
6|6|0|4,0,-1.3743651891940463
6|6|0|4,5,-1.727362631843751
6|6|0|4,2,-0.7472585014942091
6|6|0|4,1,-0.309026423656946
6|6|0|4,7,-1.1374372987587769
6|6|0|4,4,2.330512033953492
5|6|0|4,3,-1.0266039571443781
5|6|0|4,2,-1.8338387241054057
5|6|0|4,6,-1.750368271003794
5|6|0|4,1,-1.3936295376576364
5|6|0|4,7,-0.6045301827130279
5|6|0|4,4,-1.2708580715358306
5|6|0|4,0,-1.1458066768910644
1|6|0|4,0,-3.386395964416338
1|6|0|4,7,-2.817199541796548
1|6|0|4,2,-1.3141514860120511
1|6|0|4,3,-2.9213491046947175
1|6|0|4,6,-1.5857655114517015
1|6|0|4,4,2.2424337138391524
1|6|0|4,5,-3.3438394030411382
6|2|7|4,1,0.48943343933967964
6|2|7|4,3,1.02119830933113
6|2|7|4,5,3.5674769391162693
6|2|7|4,0,1.1754374577548592
6|2|7|4,7,1.6053887245635763
6|2|7|4,4,1.8797356720436036
6|2|7|4,2,0.20500337282112052
1|2|7|4,3,1.5972219666929834
1|2|7|4,6,2.1082496907050903
1|2|7|4,7,4.235969726099139
1|2|7|4,2,1.2398326056229192
1|2|7|4,5,2.560016605107111
1|2|7|4,0,1.4423632012068386
1|2|7|4,4,2.972091676112262
5|1|6|7,0,0.022874792730424143
5|1|6|7,6,0.037773842043059516
5|1|6|7,2,0.019335350676573354
5|1|6|7,4,-0.04973928305787435
5|1|6|7,7,4.286095724286352
5|1|6|7,3,0.16367521168270463
5|1|6|7,1,-0.12094071800261882
0|1|6|7,7,4.079680104778083
0|1|6|7,3,0.39620301854332896
0|1|6|7,4,0.12125944205919016
0|1|6|7,5,0.047803100378811726
0|1|6|7,6,0.15010312967882505
0|1|6|7,1,0.31076081999007726
0|1|6|7,2,-0.0821310676095628
6|6|0|1,5,-3.2105949355638668
6|6|0|1,1,2.2282188600348896
6|6|0|1,4,-0.9176567992460403
6|6|0|1,7,-2.2196616544218326
6|6|0|1,2,-0.9187529451620757
6|6|0|1,3,-0.4430902831949014
6|6|0|1,0,-1.1464418308707252
7|5|4|5,5,2.7985413536638823
7|5|4|5,1,-1.8268798878564296
7|5|4|5,0,0.0433619503533325
7|5|4|5,4,0.6994275441462485
7|5|4|5,2,-0.459677838756082
7|5|4|5,6,-0.8850108677304351
7|5|4|5,3,-0.10034596650872593
3|4|4|1,1,2.814838158372279
3|4|4|1,6,1.0180184056983457
3|4|4|1,4,2.1023096434670476
3|4|4|1,2,1.2902538120030447
3|4|4|1,5,0.19720025232340355
3|4|4|1,0,0.4323495467922329
3|4|4|1,7,1.4609381995812758
1|5|4|0,0,1.3004706341612806
1|5|4|0,6,-0.04793861415633416
1|5|4|0,7,-0.11096305192006864
1|5|4|0,4,3.5464589119309937
1|5|4|0,3,0.8528274039865016
1|5|4|0,2,0.0643749764993188
1|5|4|0,5,-0.9186478785962608
6|3|1|5,0,0.4891653868504201
6|3|1|5,5,3.9424982126765804
6|3|1|5,4,0.40659027094594374
6|3|1|5,7,0.47479185475644964
6|3|1|5,1,1.574995995814162
6|3|1|5,2,0.5979997220135107
6|3|1|5,3,0.46448062472471774
5|4|0|7,4,0.24385667796753796
5|4|0|7,6,-0.08757585620652335
5|4|0|7,0,3.1501895069774677
5|4|0|7,3,-0.1358006636892819
5|4|0|7,1,-0.564392976239924
5|4|0|7,7,1.7135596186182198
5|4|0|7,2,-0.7162959473299169
4|5|0|7,6,-0.26234902381752556
4|5|0|7,5,-0.12106183592124242
4|5|0|7,2,-0.055941052313132844
4|5|0|7,7,3.9227529562586887
4|5|0|7,1,-0.08771481533609568
4|5|0|7,0,0.8909456529140037
4|5|0|7,3,-0.057989764937234095
6|5|0|7,1,-0.26234902381752556
6|5|0|7,5,-0.38388964557123706
6|5|0|7,0,6.524954401570297
6|5|0|7,3,-0.08586241553830763
6|5|0|7,4,0.051598439936173336
6|5|0|7,2,-0.5934573640557952
6|5|0|7,7,0.5794240303882836
1|5|0|7,0,-1.7431601680152398
1|5|0|7,4,-0.2649114872189455
1|5|0|7,5,-0.5
1|5|0|7,6,1.0360726066854107
1|5|0|7,2,-0.5061519624561156
1|5|0|7,3,-0.05255200588015653
1|5|0|7,7,-0.11566825027143585
7|1|0|5,1,1.9212387408909828
7|1|0|5,6,3.2998596393240662
7|1|0|5,4,1.922570022852478
7|1|0|5,0,1.8907371847695664
7|1|0|5,5,4.2358407562857625
7|1|0|5,3,2.0474566079460597
7|1|0|5,2,2.0073060195029426
2|3|1|5,4,1.0028691200691309
2|3|1|5,7,0.9120373645584295
2|3|1|5,6,1.6292274933315367
2|3|1|5,1,1.9183374408438978
2|3|1|5,0,0.866811024827989
2|3|1|5,3,0.8538822647470539
2|3|1|5,5,3.200772410880712
3|5|1|5,7,0.4266592285557811
3|5|1|5,5,0.45735444038164785
3|5|1|5,6,0.2753128343653033
3|5|1|5,1,-0.719563648598317
3|5|1|5,0,-1.8739195653531515
3|5|1|5,2,-1.725578099176574
3|5|1|5,4,-1.4315158791353775
7|5|1|5,2,-0.2565464621810108
7|5|1|5,6,-0.014091882831429585
7|5|1|5,0,-0.5978974758860353
7|5|1|5,3,-0.03964054841832951
7|5|1|5,5,2.6713047490054693
7|5|1|5,1,-0.1287117017837876
7|5|1|5,4,-0.4925166582895978
2|5|1|5,3,-1.95955648481572
2|5|1|5,7,-1.10517004707046
2|5|1|5,5,1.0912800425272164
2|5|1|5,4,-1.199759186209715
2|5|1|5,1,-1.6344804632284091
2|5|1|5,6,-1.4690277439421864
2|5|1|5,0,-1.2349040321828915
1|5|5|3,0,-0.7944142885298932
1|5|5|3,7,0.4423233480574121
1|5|5|3,3,2.0655897909652237
1|5|5|3,4,-0.37644148014902407
1|5|5|3,2,-0.5592372971636357
1|5|5|3,5,2.425801562236501
1|5|5|3,6,1.3854569910670318
0|5|5|3,6,1.332583492226844
0|5|5|3,1,-0.4588834714490371
0|5|5|3,2,-0.20407273658562575
0|5|5|3,3,0.9340079116203894
0|5|5|3,5,1.5560253857499098
0|5|5|3,4,0.018494943553839516
0|5|5|3,7,0.13246454621973175
6|5|5|3,5,2.9829789816198
6|5|5|3,2,-0.4122474125260308
6|5|5|3,1,-0.16435433043486358
6|5|5|3,0,-0.0444649578885743
6|5|5|3,3,1.1258495557906127
6|5|5|3,7,0.22597520509238617
6|5|5|3,4,-0.3131535155363479
1|3|1|0,6,1.2933731471467051
1|3|1|0,3,0.7685338236494872
1|3|1|0,4,0.9426473839458274
1|3|1|0,5,0.8964821079218706
1|3|1|0,7,0.40011393943589657
1|3|1|0,0,2.7089782454167923
1|3|1|0,2,1.3126004526428585
5|2|6|4,2,1.1840081225474581
5|2|6|4,3,1.4322785282899027
5|2|6|4,6,3.853299626393596
5|2|6|4,7,2.1577806999675877
5|2|6|4,0,1.2907269497939013
5|2|6|4,1,1.4573778954421779
5|2|6|4,4,2.474906196597507
1|6|6|3,4,-0.14645590734308656
1|6|6|3,0,0.2627374485079077
1|6|6|3,6,2.3320623281909465
1|6|6|3,3,-0.9120366046080048
1|6|6|3,7,-0.25937065945491694
1|6|6|3,2,-0.40780779803715406
1|6|6|3,5,-0.503250744425052
4|6|6|3,3,0.982075561438788
4|6|6|3,6,5.25812562946063
4|6|6|3,5,-0.09674869906743958
4|6|6|3,1,-0.5
4|6|6|3,7,-0.7345399287037014
4|6|6|3,0,-1.4405285823261105
4|6|6|3,2,-0.33763454307614893
7|1|4|3,6,2.765445317257256
7|1|4|3,0,2.562866353190642
7|1|4|3,3,4.7202918843043955
7|1|4|3,2,2.6074241799074556
7|1|4|3,4,3.858919243271778
7|1|4|3,5,2.780301882118689
7|1|4|3,1,2.6097433492300213
0|1|4|3,2,2.445378150699239
0|1|4|3,1,2.647228147818493
0|1|4|3,3,4.724302881342737
0|1|4|3,5,2.923047194273898
0|1|4|3,6,3.0291150943464187
0|1|4|3,7,2.95045960141288
0|1|4|3,4,3.489162672606845
3|3|5|6,7,1.474753324616933
3|3|5|6,4,1.2831179708592535
3|3|5|6,5,3.5309019983154775
3|3|5|6,1,1.933140388847028
3|3|5|6,0,1.0389733702801605
3|3|5|6,2,1.4298009600524082
3|3|5|6,6,2.917613719532119
7|3|5|6,6,4.213735725430777
7|3|5|6,2,0.4938238148692293
7|3|5|6,5,0.9401776910427396
7|3|5|6,1,1.7320649495299356
7|3|5|6,0,0.010810322771682396
7|3|5|6,4,1.7325516963937302
7|3|5|6,3,0.9695346716040426
6|3|3|0,3,1.9939873457723505
6|3|3|0,2,1.0368792653033494
6|3|3|0,0,3.2959992555169464
6|3|3|0,7,1.7466860687551085
6|3|3|0,1,0.9949214086404523
6|3|3|0,5,1.3424323878909916
6|3|3|0,4,1.4604355893246597
7|1|4|6,3,0.4733575780156435
7|1|4|6,5,0.2767824815144718
7|1|4|6,2,0.36449013138619263
7|1|4|6,1,0.6758720249997462
7|1|4|6,4,0.5686781134144028
7|1|4|6,6,4.812616127872755
7|1|4|6,0,0.5845531291438762
6|3|4|2,4,2.1809428700027302
6|3|4|2,2,3.8111643922677754
6|3|4|2,3,0.6982684423713087
6|3|4|2,1,0.8509103905172765
6|3|4|2,5,1.8376886489152948
6|3|4|2,7,1.078703440951638
6|3|4|2,0,1.343004200703397
3|4|0|7,4,-0.9640288485019757
3|4|0|7,7,-0.17772783267873546
3|4|0|7,5,0.4677612054616995
3|4|0|7,2,-0.6204255452166372
3|4|0|7,1,-0.3993621164908264
3|4|0|7,0,2.5423088101327385
3|4|0|7,6,-0.006745950315641888
4|4|0|7,1,-0.388193453144422
4|4|0|7,6,-1.01581589455331
4|4|0|7,0,2.4010353167059217
4|4|0|7,7,1.6812824821023047
4|4|0|7,5,0.053217388912240524
4|4|0|7,2,-0.18678506491193422
4|4|0|7,3,-0.04198900086645216
1|4|0|7,3,-0.8689108208826065
1|4|0|7,5,-0.019150708536207983
1|4|0|7,0,0.29617264518828434
1|4|0|7,6,-0.08854524438444927
1|4|0|7,7,0.23270069464521873
1|4|0|7,2,0.07249669360561103
1|4|0|7,4,1.2823098569637408
5|3|7|3,3,2.3647727995129566
5|3|7|3,7,2.204582708046022
5|3|7|3,6,0.48648935941255717
5|3|7|3,4,1.44941581948473
5|3|7|3,1,0.8975884759925421
5|3|7|3,2,0.9135240054345535
5|3|7|3,0,0.8029144046287087
4|1|1|7,0,0.41787881689901374
4|1|1|7,6,0.8060384951802864
4|1|1|7,5,1.1781617723202418
4|1|1|7,1,-0.4871453123655521
4|1|1|7,2,1.2432566180940783
4|1|1|7,3,0.5674571544322237
4|1|1|7,7,4.788185316300231
0|1|1|7,1,0.11213827293796345
0|1|1|7,2,1.289951215595316
0|1|1|7,7,4.503365828320178
0|1|1|7,3,0.4964944249332891
0|1|1|7,5,1.0062468696375575
0|1|1|7,6,0.6490305563230486
0|1|1|7,4,0.8105015606781001
1|1|1|7,2,1.035267453217206
1|1|1|7,3,0.6039684907873727
1|1|1|7,7,2.37373005966712
1|1|1|7,0,0.8276076920080495
1|1|1|7,5,2.7216118973691747
1|1|1|7,6,0.4740313703666806
1|1|1|7,4,0.6481237035538997
2|1|1|7,7,4.409030557508908
2|1|1|7,6,0.701959364625302
2|1|1|7,0,0.9123361769515596
2|1|1|7,4,0.775264493344612
2|1|1|7,5,1.243442934580525
2|1|1|7,3,0.2583149794977087
2|1|1|7,1,0.14584915774257615
1|4|1|6,5,-0.44541642872928516
1|4|1|6,4,-0.4852396096444196
1|4|1|6,7,-0.20990218111623815
1|4|1|6,0,0.21720152471433257
1|4|1|6,2,-0.47980338375656917
1|4|1|6,6,1.5606808963045022
1|4|1|6,3,-0.6109758710199487
5|5|1|3,7,-1.228575696366884
5|5|1|3,0,-2.530069108039533
5|5|1|3,1,-1.6824563708047122
5|5|1|3,4,-1.6435789081285066
5|5|1|3,3,1.2650052763873596
5|5|1|3,2,-1.8078716009383116
5|5|1|3,6,-0.3024748971628985
4|6|0|1,7,-1.6216433091696416
4|6|0|1,6,-0.5771344769155871
4|6|0|1,2,-1.1151808543482375
4|6|0|1,1,2.4871940738313256
4|6|0|1,0,-1.3888561497024465
4|6|0|1,5,-1.9337768014979935
4|6|0|1,3,-1.0841168432929043
7|6|0|1,5,-0.5800880940347963
7|6|0|1,4,-0.45084956146404487
7|6|0|1,0,-2.093835541171074
7|6|0|1,1,1.9338980363507874
7|6|0|1,2,-2.2274031260867058
7|6|0|1,3,-0.9402243833832162
7|6|0|1,6,-0.16163811310130072
5|6|0|1,0,-0.661865762683205
5|6|0|1,3,-1.3090671844255348
5|6|0|1,4,-1.3941114413125562
5|6|0|1,6,0.005599219282428763
5|6|0|1,7,-0.027302601226056784
5|6|0|1,2,-1.0851836914089643
5|6|0|1,1,2.295785601496009
0|6|0|1,1,1.1656133259828796
0|6|0|1,7,-1.1438159982169882
0|6|0|1,2,-2.5716680089905632
0|6|0|1,5,-1.4494580566833466
0|6|0|1,3,-1.4065103332073658
0|6|0|1,6,-1.2015618181303278
0|6|0|1,4,-2.0947112055489514
5|4|2|4,1,-0.47297712799588043
5|4|2|4,0,0.06958534416045277
5|4|2|4,6,0.15800880674139045
5|4|2|4,4,2.45505208868912
5|4|2|4,3,0.001502727938891453
5|4|2|4,2,0.42562821945850854
5|4|2|4,7,0.18383575711032968
7|6|4|4,4,5.361234114446
7|6|4|4,0,-1.2073076011523325
7|6|4|4,5,0.7308684954891802
7|6|4|4,1,-0.3749835671497874
7|6|4|4,3,-1.8488289492452217
7|6|4|4,2,0.12661651535234675
7|6|4|4,6,-0.18948665403974477
7|5|0|4,1,-0.6055987323491799
7|5|0|4,4,-0.24237864249458002
7|5|0|4,2,-2.0533169252159005
7|5|0|4,6,1.5407104211821596
7|5|0|4,5,0.02895032118469118
7|5|0|4,0,-1.7758276207613242
7|5|0|4,3,-1.391884601821545
2|5|0|4,1,-1.2949296370106702
2|5|0|4,4,0.806260480374608
2|5|0|4,5,-0.6431238084294244
2|5|0|4,6,-0.39024118110720085
2|5|0|4,0,-1.1948094921273236
2|5|0|4,3,-1.7916455154513125
2|5|0|4,7,-1.708405563768388
5|4|7|3,3,1.7061728918718129
5|4|7|3,1,0.23310781285244792
5|4|7|3,6,1.0138280090773777
5|4|7|3,0,-0.39661098974870845
5|4|7|3,2,0.880305227295199
5|4|7|3,7,3.687346272066124
5|4|7|3,4,0.3350475552311255
7|1|7|2,3,2.330169546681664
7|1|7|2,2,4.475387824949455
7|1|7|2,6,2.3220694032917417
7|1|7|2,4,1.9308725388372503
7|1|7|2,5,2.3970169368034075
7|1|7|2,1,2.096456821633435
7|1|7|2,0,1.7188814620395771
4|5|0|3,2,-1.4358272736657094
4|5|0|3,0,-1.2263620943446492
4|5|0|3,3,0.712943650929209
4|5|0|3,6,-0.27875191257252935
4|5|0|3,7,0.24453747785166752
4|5|0|3,5,0.13358748105847063
4|5|0|3,1,-1.091350951754995
3|4|6|4,6,3.1764997023505637
3|4|6|4,2,0.1827982908292412
3|4|6|4,7,-0.005410070412006446
3|4|6|4,5,1.419646987194125
3|4|6|4,1,-0.6498446472278322
3|4|6|4,0,0.875115004134084
3|4|6|4,4,2.9451253375022097
0|3|4|1,5,1.7490342382411177
0|3|4|1,1,4.051352790527273
0|3|4|1,3,1.9798715581771476
0|3|4|1,6,1.1967473301458833
0|3|4|1,2,1.6833027476378826
0|3|4|1,4,3.1723365567991415
0|3|4|1,7,2.046778939415754
5|1|3|7,2,0.42502285900366255
5|1|3|7,6,-0.0016768858473210357
5|1|3|7,4,0.7523606422034961
5|1|3|7,7,4.3914916856894415
5|1|3|7,1,0.7736216613818818
5|1|3|7,3,0.49526514550605377
5|1|3|7,0,0.28995582833780553
2|1|3|7,6,0.7129995398657206
2|1|3|7,3,-0.7144609523361534
2|1|3|7,1,0.23768464857195604
2|1|3|7,0,0.3178238048800807
2|1|3|7,4,0.448488661361516
2|1|3|7,7,4.727090346408061
2|1|3|7,5,0.05843615224349212
6|1|3|7,5,0.27777395443704195
6|1|3|7,2,0.298917386227063
6|1|3|7,4,0.35188644235916977
6|1|3|7,7,4.374032013231044
6|1|3|7,3,0.3190107813229586
6|1|3|7,0,0.5524576846155187
6|1|3|7,1,0.722889102153878
2|2|0|6,4,1.7033967100888523
2|2|0|6,1,1.354996452748067
2|2|0|6,6,3.556400086540121
2|2|0|6,7,1.4540201393952914
2|2|0|6,3,0.5938736246018901
2|2|0|6,0,2.863453266459557
2|2|0|6,5,1.7339959286370028
6|4|0|7,0,2.8036610812725637
6|4|0|7,1,-0.13315014675294218
6|4|0|7,7,0.16158595596621342
6|4|0|7,5,-0.42523858674452525
6|4|0|7,4,-0.06750142229216144
6|4|0|7,3,-0.11377481437110215
6|4|0|7,2,0.08726931508254243
6|5|0|1,7,-0.5988049917144975
6|5|0|1,4,-0.6999257429497932
6|5|0|1,2,-0.8335330599030301
6|5|0|1,5,-0.3026610956509818
6|5|0|1,0,-0.7552227670313743
6|5|0|1,1,0.9413726675559351
6|5|0|1,3,-2.32304742305109
7|2|5|2,0,1.5894057097243313
7|2|5|2,4,1.3258132348703322
7|2|5|2,5,3.3583344815401346
7|2|5|2,1,1.708734840300717
7|2|5|2,6,1.4882433297519215
7|2|5|2,2,4.071139065409661
7|2|5|2,3,2.553780224919951
0|6|7|2,1,-0.08115770984336379
0|6|7|2,3,-2.452775080694685
0|6|7|2,5,0.14318695345308485
0|6|7|2,4,-0.0589271007378024
0|6|7|2,2,5.824662571861782
0|6|7|2,7,0.2573999949697383
0|6|7|2,6,-0.3947880500346896
1|6|7|2,0,-0.21529056622785786
1|6|7|2,4,-0.5521026504566411
1|6|7|2,3,-0.173127632260096
1|6|7|2,2,5.18926535320573
1|6|7|2,7,1.285303498604656
1|6|7|2,6,0.020008693405267362
1|6|7|2,5,-0.01542946635264092
3|3|3|2,1,0.5442126948769757
3|3|3|2,7,0.0925538327598645
3|3|3|2,4,0.9415863904175121
3|3|3|2,0,0.09801265893853817
3|3|3|2,6,1.3291211956232536
3|3|3|2,2,3.485992145477308
3|3|3|2,5,0.9216292025389722
3|3|4|1,6,1.6812238344312218
3|3|4|1,1,2.708690261431627
3|3|4|1,4,2.99880391931281
3|3|4|1,5,2.0916469307829124
3|3|4|1,2,1.660734591890411
3|3|4|1,0,1.7689319038265152
3|3|4|1,7,1.7813565027094593
0|4|4|1,2,1.5396428134801097
0|4|4|1,1,2.1463817233316504
0|4|4|1,7,1.6270466326737272
0|4|4|1,3,1.3290779686826115
0|4|4|1,6,1.2654810449190577
0|4|4|1,5,0.02589554475619857
0|4|4|1,4,2.1510324025259075
2|4|4|1,6,0.5399027828022938
2|4|4|1,1,2.3439182920421535
2|4|4|1,4,2.200839268546917
2|4|4|1,5,0.49548600396208875
2|4|4|1,3,0.9815079204019203
2|4|4|1,7,1.332153698114486
2|4|4|1,0,0.6724102991358027
5|6|1|6,7,1.4593154185335502
5|6|1|6,3,-1.8296107879143777
5|6|1|6,6,-1.5598967327599278
5|6|1|6,1,-1.7465463470994056
5|6|1|6,4,-2.8466972940398083
5|6|1|6,0,-1.5235742028575108
5|6|1|6,2,-1.4543157589384486
5|3|2|7,7,4.125369316094559
5|3|2|7,1,0.4704921646236854
5|3|2|7,2,2.0447771890204
5|3|2|7,0,0.11073292965945529
5|3|2|7,6,0.09013302695514752
5|3|2|7,4,0.32612893151073785
5|3|2|7,3,0.7581067311987746
7|5|2|0,2,3.008491091090775
7|5|2|0,0,1.7202237622447067
7|5|2|0,3,-0.8576067635576254
7|5|2|0,1,0.6378776853179849
7|5|2|0,5,-1.004948573614075
7|5|2|0,4,-0.3989192078125971
7|5|2|0,6,-0.15412157303644322
7|2|3|0,6,1.8985802690783822
7|2|3|0,0,4.147651834979888
7|2|3|0,5,2.002417293451137
7|2|3|0,3,3.348603761989124
7|2|3|0,4,2.5083995408895197
7|2|3|0,2,2.241209320284101
7|2|3|0,1,2.2679409992557313
4|2|3|5,0,1.7415829351152774
4|2|3|5,2,0.8505147450224206
4|2|3|5,7,2.0070209942005435
4|2|3|5,6,1.8522253783879534
4|2|3|5,5,4.050988873755804
4|2|3|5,3,3.2113620468931607
4|2|3|5,1,1.8206535644008472
0|2|3|7,3,2.8380214595780147
0|2|3|7,1,1.7326002922777897
0|2|3|7,2,1.3717303494177597
0|2|3|7,4,1.7018550701011435
0|2|3|7,7,4.629828290877275
0|2|3|7,5,1.922479977653661
0|2|3|7,6,2.0239592556538013
3|2|3|7,0,1.59518064308934
3|2|3|7,5,1.496654775381775
3|2|3|7,1,1.0128245872640544
3|2|3|7,2,1.1612515391779783
3|2|3|7,7,4.564556548972864
3|2|3|7,4,1.67367183405738
3|2|3|7,6,1.7125015526643557
3|3|3|7,5,-0.9879573915080764
3|3|3|7,7,4.324916471341581
3|3|3|7,2,0.38824887374719724
3|3|3|7,1,0.7345418554603983
3|3|3|7,4,1.0052210549951461
3|3|3|7,0,1.4735222179153822
3|3|3|7,6,1.1534708347845413
3|4|6|2,5,0.7393887415123153
3|4|6|2,1,0.4104190860600629
3|4|6|2,0,0.21945019586082795
3|4|6|2,6,3.1492784090716635
3|4|6|2,7,1.7631719459241388
3|4|6|2,4,1.2331151727621799
3|4|6|2,2,1.926777013532625
7|4|6|2,3,0.4072109196473368
7|4|6|2,1,0.09708469909773751
7|4|6|2,2,3.096620710747285
7|4|6|2,4,1.009435014758368
7|4|6|2,0,0.7958152990064989
7|4|6|2,5,1.6574213655932764
7|4|6|2,6,1.7083794720087662
2|6|3|5,7,-1.1116587040466375
2|6|3|5,4,-1.9477300054060627
2|6|3|5,6,-0.8603527565080464
2|6|3|5,5,0.12238624934148856
2|6|3|5,1,-1.1810884412094205
2|6|3|5,0,-2.218190189960336
2|6|3|5,3,-1.7715291608263806
7|6|3|5,6,0.3055890357441125
7|6|3|5,0,-1.415145647619385
7|6|3|5,2,-1.150353285672296
7|6|3|5,5,0.4003046386384338
7|6|3|5,4,-0.23951175174917064
7|6|3|5,3,-1.0745541454684908
7|6|3|5,1,-1.0925691383190412
6|4|6|3,7,1.8674224087328724
6|4|6|3,4,0.6833711817317158
6|4|6|3,1,0.07810575639790365
6|4|6|3,5,0.6888588600545151
6|4|6|3,3,0.7584768048063779
6|4|6|3,0,-0.6303151197636945
6|4|6|3,2,0.3444126103190792
3|6|6|5,2,-2.136683281918215
3|6|6|5,7,-2.6864240536449127
3|6|6|5,1,-0.33241525176654196
3|6|6|5,5,0.9263902048799002
3|6|6|5,4,-0.07774438766076994
3|6|6|5,6,4.18206817507188
3|6|6|5,0,-1.035538750000001
3|4|5|6,2,0.32394799358702686
3|4|5|6,5,4.359679846489142
3|4|5|6,0,0.764872456879516
3|4|5|6,1,1.0491224388890592
3|4|5|6,7,-0.020013981304077832
3|4|5|6,4,0.630313027085411
3|4|5|6,6,3.150629108757998
2|4|5|6,1,-0.5347007494245344
2|4|5|6,4,0.11144713023017844
2|4|5|6,7,-0.05944686704952669
2|4|5|6,6,4.577256138260454
2|4|5|6,3,0.14504952873961524
2|4|5|6,0,-0.44027960889710616
2|4|5|6,5,1.9249437552495101
1|4|5|6,2,0.9974568795338248
1|4|5|6,3,-0.15997682969461505
1|4|5|6,5,1.0258125753294203
1|4|5|6,0,0.7502414431769946
1|4|5|6,4,0.534493825413174
1|4|5|6,7,-0.383699830933665
1|4|5|6,6,5.872522025990974
4|5|5|6,7,-2.2032603193107327
4|5|5|6,1,-0.6998097423321541
4|5|5|6,2,-0.4191415018275379
4|5|5|6,5,2.7266685593562032
4|5|5|6,6,0.8712330168267008
4|5|5|6,3,-1.0086978136334155
4|5|5|6,0,0.011126430418273749
4|3|1|2,3,0.8082095715761611
4|3|1|2,0,0.46206200583972545
4|3|1|2,2,2.9736157702507615
4|3|1|2,1,1.2474454141187112
4|3|1|2,5,1.4282163168252762
4|3|1|2,7,1.8619813825086344
4|3|1|2,6,0.9406443412282965
5|5|4|0,4,2.811853186684369
5|5|4|0,1,-0.7954890703698886
5|5|4|0,2,-0.22576333604941118
5|5|4|0,0,0.5875508124273717
5|5|4|0,3,-0.6954647229484986
5|5|4|0,7,0.35487710163390634
5|5|4|0,6,-0.10319831576961694
1|5|4|2,4,3.6726929984094414
1|5|4|2,5,0.14312591303636357
1|5|4|2,2,1.4906549839733065
1|5|4|2,3,-0.20002539123764881
1|5|4|2,6,0.35641926629805326
1|5|4|2,0,0.32687857125614406
1|5|4|2,7,0.234058938850386
1|4|5|4,7,2.227507693230094
1|4|5|4,2,0.5476718806912644
1|4|5|4,0,0.9022626392615534
1|4|5|4,5,1.3250876332439914
1|4|5|4,4,3.220456396941626
1|4|5|4,6,2.0900735800939514
1|4|5|4,3,-0.6141337868405411
3|6|2|5,0,-3.705670722313104
3|6|2|5,6,-2.0064882376733
3|6|2|5,1,-1.2804686485928711
3|6|2|5,2,-1.297281520935348
3|6|2|5,4,-1.9621487275407123
3|6|2|5,5,0.7765900833277691
3|6|2|5,7,-0.4448434762505274
6|6|4|0,1,-0.2577202976356917
6|6|4|0,5,-0.6356063054428
6|6|4|0,2,-1.0065496328331787
6|6|4|0,7,-0.00990999378855883
6|6|4|0,0,1.1415234478651368
6|6|4|0,3,-0.1381067054008358
6|6|4|0,4,-0.4
1|6|4|0,6,-2.8537665887554904
1|6|4|0,2,-0.17562581890325252
1|6|4|0,4,4.376585875337392
1|6|4|0,5,-0.04960400388261456
1|6|4|0,7,0.003499816771228898
1|6|4|0,3,-0.05194683339761761
1|6|4|0,0,0.2576000223448661
5|2|3|7,0,1.910054095576155
5|2|3|7,3,2.061225384020266
5|2|3|7,1,1.8301876045639915
5|2|3|7,7,4.143627426811791
5|2|3|7,6,1.191491271981126
5|2|3|7,4,1.39898900652856
5|2|3|7,2,1.5789781966124516
2|2|3|7,3,3.294971662789674
2|2|3|7,0,1.4827812124889335
2|2|3|7,5,1.6424034255104114
2|2|3|7,6,1.5731793365551756
2|2|3|7,4,2.042407040307287
2|2|3|7,7,4.408717213707014
2|2|3|7,1,1.7804120816267424
7|4|4|6,2,-0.5760955267036252
7|4|4|6,0,-0.28111499522142774
7|4|4|6,4,4.444094574148456
7|4|4|6,3,0.5119871539072596
7|4|4|6,6,0.658522717890748
7|4|4|6,5,0.3185698386993313
7|4|4|6,1,-0.7160829215181718
4|5|5|0,7,0.6326331027598293
4|5|5|0,6,-0.8467766787445399
4|5|5|0,2,0.3579122552832847
4|5|5|0,1,-0.2913164737974621
4|5|5|0,3,0.9153528951904177
4|5|5|0,5,1.9950165045060053
4|5|5|0,0,1.2267417724239509
4|2|3|7,7,4.294886068331408
4|2|3|7,6,1.6064145447500122
4|2|3|7,2,1.1900254308477138
4|2|3|7,0,1.7400582479061115
4|2|3|7,3,1.4749597017127989
4|2|3|7,5,1.5217372656039458
4|2|3|7,1,0.8660322755355145
7|4|3|0,1,0.019300117727196454
7|4|3|0,4,1.06724253782368
7|4|3|0,0,0.7970824977694086
7|4|3|0,6,0.6835865361839426
7|4|3|0,2,0.40302043256736386
7|4|3|0,3,1.9387777922559355
7|4|3|0,5,1.0874952653443126
1|5|3|0,2,0.5282125748487384
1|5|3|0,3,2.770791151153099
1|5|3|0,5,0.6984540690180131
1|5|3|0,6,-0.4386749451637618
1|5|3|0,4,0.6363774673745121
1|5|3|0,7,-1.5847436649070332
1|5|3|0,0,0.7318806990186119
0|4|4|7,6,0.4243844984051021
0|4|4|7,7,4.33429770525562
0|4|4|7,4,1.3496331046848737
0|4|4|7,3,0.528171977909478
0|4|4|7,2,0.2527426131548437
0|4|4|7,1,0.8132131759512314
0|4|4|7,5,0.04821728478281749
2|4|4|7,3,-0.6010902929976564
2|4|4|7,4,1.187298867789976
2|4|4|7,5,0.007687453762008321
2|4|4|7,6,0.5996484841373656
2|4|4|7,1,0.6978926588817993
2|4|4|7,7,4.361060176786318
2|4|4|7,0,0.3211924372186389
4|4|5|6,2,1.2682547404040678
4|4|5|6,3,-0.17659914547501082
4|4|5|6,5,2.5884276100977033
4|4|5|6,1,0.3624338663702336
4|4|5|6,6,4.93597699691626
4|4|5|6,0,0.6315551377034366
4|4|5|6,7,-1.078335190705489
7|4|5|6,2,1.862696001541287
7|4|5|6,3,-0.09031824110590338
7|4|5|6,5,1.2266527294105536
7|4|5|6,6,2.3477220524837437
7|4|5|6,0,-1.0669357382866185
7|4|5|6,1,0.9003728133066227
7|4|5|6,4,0.20707098417890926
4|4|7|1,3,1.0641386699582973
4|4|7|1,0,0.5492929429567855
4|4|7|1,1,3.926329027470646
4|4|7|1,5,0.4217261158399045
4|4|7|1,2,0.5665343325563359
4|4|7|1,6,0.8818853648052832
4|4|7|1,7,2.3372850997595993
1|5|7|4,3,0.10362048952602185
1|5|7|4,2,0.00791532574032841
1|5|7|4,5,0.6602614323318289
1|5|7|4,6,1.278343604697674
1|5|7|4,4,3.159824284707089
1|5|7|4,7,1.7152822027588428
1|5|7|4,0,0.015932054174071855
7|4|1|4,0,-0.29881157881902237
7|4|1|4,2,0.07826602342320937
7|4|1|4,6,0.7682460260265211
7|4|1|4,4,2.9853219105393496
7|4|1|4,3,-0.6121800881864807
7|4|1|4,1,-0.34706093151618
7|4|1|4,5,0.4004478528172642
6|5|1|4,4,1.8009447536570078
6|5|1|4,5,0.20096076926726747
6|5|1|4,2,-2.1465218789534397
6|5|1|4,3,-1.7599556414010131
6|5|1|4,7,-0.130223248415834
6|5|1|4,1,-3.2406301811699803
6|5|1|4,0,-1.505677452631219
7|3|5|3,3,3.6034615623765096
7|3|5|3,1,0.9576283911726242
7|3|5|3,0,0.1872119116926767
7|3|5|3,4,1.5505778279919307
7|3|5|3,5,1.1559576612915867
7|3|5|3,6,1.9597891398386027
7|3|5|3,2,0.8850390206436004
2|3|2|3,3,3.7553276172506074
2|3|2|3,7,0.6138242886041848
2|3|2|3,5,1.8933281344040545
2|3|2|3,4,1.5175245116582248
2|3|2|3,0,1.3211633062496544
2|3|2|3,1,1.302143074962511
2|3|2|3,6,1.2513151864170948
5|5|7|1,1,3.4468160573952313
5|5|7|1,3,-0.42197706938676494
5|5|7|1,2,-0.3874648477466328
5|5|7|1,0,0.20909283143914426
5|5|7|1,6,1.3869057252969124
5|5|7|1,7,1.9628359828915605
5|5|7|1,4,0.09396371637571488
3|3|0|7,5,0.5670204652293549
3|3|0|7,4,0.4936315525964482
3|3|0|7,6,0.36131313590478276
3|3|0|7,0,2.986222832486331
3|3|0|7,7,2.579612756325882
3|3|0|7,1,0.4666088060968572
3|3|0|7,2,0.7175636792028703
2|6|2|3,3,3.621278643127899
2|6|2|3,7,-0.07135495489367152
2|6|2|3,0,-1.4763042132181565
2|6|2|3,1,-2.1148418383812873
2|6|2|3,5,-2.86999436717985
2|6|2|3,4,-2.148834669917235
2|6|2|3,6,-0.3301804151500685
4|5|1|2,6,-0.4908629887296902
4|5|1|2,3,-1.5484421431056934
4|5|1|2,7,-1.0903059710899046
4|5|1|2,2,0.8295427176252916
4|5|1|2,0,-1.2612132604396233
4|5|1|2,5,-1.4423719434970967
4|5|1|2,1,-1.0715645705420942
6|3|2|7,1,0.34776300258795023
6|3|2|7,5,0.9715431493115585
6|3|2|7,4,0.9381800123417666
6|3|2|7,0,0.1887385700860974
6|3|2|7,3,0.6802534652823626
6|3|2|7,2,3.7351432597903336
6|3|2|7,7,1.8337203580669696
1|3|2|7,5,0.7181590260380559
1|3|2|7,2,4.067027527902165
1|3|2|7,0,1.3345136772128
1|3|2|7,6,0.7426406900974382
1|3|2|7,7,2.1669206739672537
1|3|2|7,4,0.9928433707980338
1|3|2|7,3,0.9729549496531141
7|5|2|3,5,-1.9916829586790559
7|5|2|3,3,-0.6434583404438454
7|5|2|3,4,-1.6982941298926764
7|5|2|3,2,-1.1852864339379892
7|5|2|3,1,-1.7940785171685327
7|5|2|3,0,-2.844189455061446
7|5|2|3,6,0.6796393869379143
5|5|2|3,7,-1.1931323247200998
5|5|2|3,3,-0.5809895684613924
5|5|2|3,4,-0.9879854696013948
5|5|2|3,1,-2.070434745632698
5|5|2|3,0,-1.2865625491271855
5|5|2|3,2,-0.7406294737177441
5|5|2|3,6,0.1798004810960005
0|2|7|5,6,2.065995130491884
0|2|7|5,7,4.338072122139665
0|2|7|5,5,3.085447636868739
0|2|7|5,4,0.644556103892776
0|2|7|5,3,0.8890149317560605
0|2|7|5,2,0.7984711247895838
0|2|7|5,1,1.1237156885763895
0|2|4|6,2,1.2840323366551187
0|2|4|6,4,2.3902059795564226
0|2|4|6,1,1.1462320518473916
0|2|4|6,5,1.8175455831325602
0|2|4|6,7,0.670469719459969
0|2|4|6,3,1.9625998240415978
0|2|4|6,6,4.920517766047859
6|5|4|1,4,2.521116031649557
6|5|4|1,7,-0.17743347584420777
6|5|4|1,1,0.8990498009322553
6|5|4|1,5,-0.7400581883959279
6|5|4|1,0,0.2852070628778533
6|5|4|1,2,-0.2966545627836267
6|5|4|1,3,-0.328885369798308
6|5|3|5,0,-0.192039035818607
6|5|3|5,1,-0.1254362297229793
6|5|3|5,7,0.14178695200615943
6|5|3|5,2,-0.653299423276876
6|5|3|5,4,-0.16011711999555445
6|5|3|5,3,1.7040868227648582
6|5|3|5,5,0.8940703504684764
0|5|3|5,6,-1.3459651881110763
0|5|3|5,2,-1.3868188016515426
0|5|3|5,7,-0.401744314634241
0|5|3|5,1,-1.3920178094981486
0|5|3|5,3,-1.0507187825481912
0|5|3|5,5,2.178696625686191
0|5|3|5,4,-2.6198091156033803
0|6|0|2,5,-1.9609114404382098
0|6|0|2,4,-1.9794753845447253
0|6|0|2,2,0.6432514269752527
0|6|0|2,3,-2.627082252087507
0|6|0|2,1,-1.4798142036586743
0|6|0|2,6,-0.6539307237039673
0|6|0|2,7,-1.3373844366322123
1|2|5|7,6,1.2317371107356856
1|2|5|7,7,4.892872107423785
1|2|5|7,2,1.9262936680290343
1|2|5|7,0,1.5285211049622929
1|2|5|7,4,1.9668438316727446
1|2|5|7,3,1.337739551640551
1|2|5|7,5,1.9746101805766716
6|3|6|7,3,-0.23171535156589335
6|3|6|7,1,-0.2331969318355042
6|3|6|7,0,0.04061255894213728
6|3|6|7,4,-0.7542067064649285
6|3|6|7,2,0.39353699148618654
6|3|6|7,5,-0.666683245371849
6|3|6|7,7,4.9154932409292185
4|4|6|7,3,-0.20653987615023567
4|4|6|7,6,5.6594541520973225
4|4|6|7,5,-0.524546870063943
4|4|6|7,2,0.255521633177392
4|4|6|7,0,1.6473698399999006
4|4|6|7,7,4.281879756775198
4|4|6|7,1,0.8239054859991878
1|5|6|7,3,0.3313514998154335
1|5|6|7,5,-1.6402324474565706
1|5|6|7,2,0.3904337205393329
1|5|6|7,0,-0.17941916943096897
1|5|6|7,7,4.289113064459135
1|5|6|7,6,0.8196641828819307
1|5|6|7,4,0.15095054390375745
3|5|6|7,6,-0.9802893705963936
3|5|6|7,7,6.703683043972546
3|5|6|7,1,0.09228809961355244
3|5|6|7,4,-0.6314557794133138
3|5|6|7,5,0.43059608792656606
3|5|6|7,0,-0.22813640667490534
3|5|6|7,2,0.7909167999210204
1|2|6|7,5,1.5464233505255292
1|2|6|7,4,2.4595012399854905
1|2|6|7,6,2.713830476157957
1|2|6|7,2,1.2087533658592289
1|2|6|7,3,1.583789624292411
1|2|6|7,7,4.842568200207071
1|2|6|7,0,1.0412546013519337
2|2|6|7,3,1.5783623928168018
2|2|6|7,7,5.1074562408621205
2|2|6|7,6,3.08576380349541
2|2|6|7,5,1.19383426713185
2|2|6|7,1,1.6890775448235236
2|2|6|7,4,2.1226103537576604
2|2|6|7,0,1.0961997051702086
2|3|7|3,5,1.452550830995359
2|3|7|3,0,1.0162670008133325
2|3|7|3,4,2.007967041698713
2|3|7|3,7,2.37622098542523
2|3|7|3,6,2.525012014931668
2|3|7|3,1,1.5079446918471262
2|3|7|3,3,2.2507940237683166
0|4|7|1,3,0.9195987369367037
0|4|7|1,1,3.7723599944731268
0|4|7|1,7,2.341309172024674
0|4|7|1,4,1.3860654052248718
0|4|7|1,2,2.148688446751669
0|4|7|1,5,0.698604735720134
0|4|7|1,6,2.5773240422442
2|5|7|1,6,-0.9689211154957926
2|5|7|1,0,0.5626902386143822
2|5|7|1,4,-0.6924288439943717
2|5|7|1,1,4.360483717285505
2|5|7|1,7,2.475948495953768
2|5|7|1,3,-0.21930751272773252
2|5|7|1,5,-0.2532292596401019
3|3|0|5,1,0.6411429442818284
3|3|0|5,5,3.5500736848886145
3|3|0|5,2,-0.313567687707262
3|3|0|5,0,1.4878947643836802
3|3|0|5,7,0.9085272709855192
3|3|0|5,4,0.6999727529221853
3|3|0|5,6,0.3069647529549301
4|2|6|7,7,4.430546355981838
4|2|6|7,2,1.6164777928987537
4|2|6|7,5,1.9333726496373176
4|2|6|7,1,0.7032228046088802
4|2|6|7,0,0.7123086524605183
4|2|6|7,6,2.4462034736682683
4|2|6|7,3,1.5156183456599424
3|5|4|1,1,-0.5146806557180328
3|5|4|1,2,0.26651751620070996
3|5|4|1,4,2.6834863068519255
3|5|4|1,0,-0.024711966156094056
3|5|4|1,5,-0.11840893091728281
3|5|4|1,6,0.8765363450486638
3|5|4|1,7,0.553741399162127
0|2|5|6,3,1.0865089940393202
0|2|5|6,7,1.3705059904308816
0|2|5|6,6,5.1143728106985895
0|2|5|6,5,1.9768709953506107
0|2|5|6,4,1.5010660003294771
0|2|5|6,2,1.889191508574792
0|2|5|6,1,1.4527542595340754
4|3|6|7,6,2.1360842738809387
4|3|6|7,1,1.8322834436576712
4|3|6|7,5,2.024448810011939
4|3|6|7,7,4.965099273503986
4|3|6|7,2,1.9480582658007048
4|3|6|7,0,1.5983184760647275
4|3|6|7,3,1.6727927567677034
1|3|6|7,4,1.1963503082460671
1|3|6|7,3,1.0632832410611373
1|3|6|7,7,4.594913064754009
1|3|6|7,6,2.774935054174091
1|3|6|7,0,1.721093198330071
1|3|6|7,2,1.7876707196430022
1|3|6|7,5,1.83127140155346
1|6|1|3,2,-2.778670877337851
1|6|1|3,4,-3.3469434470312773
1|6|1|3,0,-2.3666730135890406
1|6|1|3,6,-1.6864264415113206
1|6|1|3,3,0.7351548943475702
1|6|1|3,5,-0.7789638358493629
1|6|1|3,7,-1.8968108682287328
7|5|5|3,2,-2.6751306119118294
7|5|5|3,3,-0.6653540165435192
7|5|5|3,5,1.7921901086346197
7|5|5|3,4,0.7397468202469802
7|5|5|3,0,-0.5496747880407056
7|5|5|3,6,1.7482719626988419
7|5|5|3,1,-1.4870149486547501
3|2|1|5,5,4.123883246417433
3|2|1|5,2,1.0618071411352634
3|2|1|5,7,1.846446935521776
3|2|1|5,0,1.8819534342589805
3|2|1|5,4,1.6834035444885023
3|2|1|5,1,1.475703333987566
3|2|1|5,6,1.6011017661300488
6|1|6|2,5,3.0091662298037942
6|1|6|2,1,2.0420156529006404
6|1|6|2,0,2.141718745574072
6|1|6|2,2,4.585028635292684
6|1|6|2,4,2.110826713678889
6|1|6|2,7,2.20962685517345
6|1|6|2,3,2.6096802921965883
3|4|3|2,4,-0.6099180010423649
3|4|3|2,5,0.08717558186707118
3|4|3|2,1,-0.054695678642168705
3|4|3|2,0,-1.0536877417484616
3|4|3|2,6,-0.39355557657494766
3|4|3|2,7,1.1520751315883357
3|4|3|2,2,-0.11323336436215942
2|5|5|3,6,1.263784920059224
2|5|5|3,3,1.3302505209003432
2|5|5|3,1,-0.005787030198143424
2|5|5|3,4,-0.6426837413654649
2|5|5|3,0,-0.9670675011905414
2|5|5|3,7,0.17040834669656887
2|5|5|3,5,1.916851597065409
1|3|1|2,2,2.5609136332396893
1|3|1|2,3,1.5339442581898415
1|3|1|2,4,1.7687447477563811
1|3|1|2,0,1.2308912362591915
1|3|1|2,7,2.010390683832673
1|3|1|2,6,1.658584726401065
1|3|1|2,5,1.8380477560276975
4|4|5|1,2,0.40837234091304475
4|4|5|1,5,3.034662565509502
4|4|5|1,1,2.511917490294509
4|4|5|1,0,-0.10264434537711475
4|4|5|1,6,0.33288551192500765
4|4|5|1,7,1.0862593452542892
4|4|5|1,3,1.5091809351967653
3|5|2|7,6,-0.252642105403458
3|5|2|7,2,4.255528934050599
3|5|2|7,1,0.15619633097576655
3|5|2|7,5,0.07564794280523489
3|5|2|7,0,-0.05
3|5|2|7,4,-0.3385932734429489
3|5|2|7,7,0.5882215214033546
6|5|2|7,1,-0.1698555581583555
6|5|2|7,0,-0.2639907568485268
6|5|2|7,7,0.4951598576753464
6|5|2|7,3,-1.3423878237167224
6|5|2|7,2,7.323093742952112
6|5|2|7,4,-0.9233790263975841
6|5|2|7,5,-0.37901011662735307
1|5|2|7,5,-2.673942963993145
1|5|2|7,0,-0.09125933679128229
1|5|2|7,6,0.09550618177947157
1|5|2|7,7,0.44410761313462344
1|5|2|7,4,0.14360958875265684
1|5|2|7,3,0.2721819321899437
1|5|2|7,2,3.862548002642921
3|4|2|5,7,1.0522667337743037
3|4|2|5,4,-0.3419189929197393
3|4|2|5,2,0.03875256068315253
3|4|2|5,6,0.30126512932733274
3|4|2|5,5,2.225315541180814
3|4|2|5,1,-0.75853369830803
3|4|2|5,0,-0.5726076765139384
7|4|2|5,6,-1.8756961091219637
7|4|2|5,2,1.798022217119691
7|4|2|5,1,-0.3889961682280857
7|4|2|5,0,-0.4603711178838888
7|4|2|5,5,3.6316453977023317
7|4|2|5,4,-0.33020444474537425
7|4|2|5,3,-0.15323960067331938
0|6|2|6,7,-0.4533319543608799
0|6|2|6,2,-1.6017005647376883
0|6|2|6,1,-1.3608718200183318
0|6|2|6,3,-1.2545479702383826
0|6|2|6,6,0.016696195125776525
0|6|2|6,4,-1.3024844177388586
0|6|2|6,5,-0.5302313445948315
3|4|3|7,4,-0.22529594181897633
3|4|3|7,6,-1.559087281824609
3|4|3|7,2,0.14202103926253834
3|4|3|7,7,1.2854472314701146
3|4|3|7,0,-0.2505737800748919
3|4|3|7,5,0.2804565868370186
3|4|3|7,1,-0.7139657264359373
4|4|3|7,7,1.388799387387996
4|4|3|7,5,-0.40786943518390195
4|4|3|7,1,-0.16518001239100216
4|4|3|7,6,0.4838437235218386
4|4|3|7,2,0.7476871812242061
4|4|3|7,0,-0.20339443401127855
4|4|3|7,3,3.683798224795961
2|6|1|4,7,-1.153721528644198
2|6|1|4,4,2.5655244543338034
2|6|1|4,5,-1.3812676117166494
2|6|1|4,0,-2.488211666873648
2|6|1|4,6,-0.65362768485158
2|6|1|4,1,-2.110098641546826
2|6|1|4,3,-2.291819906772192
7|6|1|4,4,-0.3025908419175261
7|6|1|4,0,-2.6753699489293967
7|6|1|4,1,-2.580070769168648
7|6|1|4,5,-0.8180660831206428
7|6|1|4,2,-1.8333051132684959
7|6|1|4,6,-1.911420221060946
7|6|1|4,3,-2.610580629391815
1|4|1|4,4,-0.37581769432594603
1|4|1|4,3,-0.2994274870500765
1|4|1|4,0,0.14920968657042538
1|4|1|4,6,-0.1575790760892698
1|4|1|4,2,-1.638845594761895
1|4|1|4,5,0.3115687495772852
1|4|1|4,7,0.998260141687228
7|4|2|4,3,-1.1925036882351587
7|4|2|4,5,0.3961313869105479
7|4|2|4,0,-1.6525319629133965
7|4|2|4,2,0.9467009204550966
7|4|2|4,1,-0.31857145656041164
7|4|2|4,6,0.32672224323620414
7|4|2|4,4,2.6409655207356515
2|3|7|6,7,5.919663239337813
2|3|7|6,6,0.13370881895224512
2|3|7|6,1,0.0811918663962617
2|3|7|6,0,0.07828197480111584
2|3|7|6,5,0.18280541299339687
2|3|7|6,3,0.18981302344437095
2|3|7|6,4,-0.020317949123011186
4|3|7|2,1,0.6736300932853257
4|3|7|2,6,1.4773329026368593
4|3|7|2,2,3.2418237823159117
4|3|7|2,3,1.4800072682582377
4|3|7|2,7,1.6987710620367418
4|3|7|2,5,1.6605325856096838
4|3|7|2,0,0.7687146658874797
7|1|7|1,5,2.592407095265829
7|1|7|1,1,4.369477805847633
7|1|7|1,4,2.537789759281306
7|1|7|1,3,2.0511308271793647
7|1|7|1,6,2.6293010885104096
7|1|7|1,2,2.6866560868693843
7|1|7|1,0,2.179188416367172
3|3|7|2,0,0.6200160689799437
3|3|7|2,5,1.6152708908798417
3|3|7|2,7,3.258974974487783
3|3|7|2,4,1.137107091810398
3|3|7|2,2,2.435869483928168
3|3|7|2,6,1.0176752825996835
3|3|7|2,1,1.511001241550686
0|6|0|3,3,-0.8908142875782332
0|6|0|3,7,-1.3996285047494015
0|6|0|3,6,-1.3780012218383202
0|6|0|3,1,-1.9888736217992993
0|6|0|3,2,-1.8789905347057525
0|6|0|3,4,-1.7561657625941005
0|6|0|3,5,-1.0848607759029822
7|5|4|1,3,-1.1132157111190961
7|5|4|1,6,-1.0818822934302565
7|5|4|1,5,0.5224052408798924
7|5|4|1,0,0.637024259150253
7|5|4|1,4,4.465724079629181
7|5|4|1,1,1.2010419989200585
7|5|4|1,2,1.0943602594259318
3|4|4|7,1,0.14168778415539404
3|4|4|7,7,3.1540816720891502
3|4|4|7,2,0.37577325737673384
3|4|4|7,5,0.5572496452632524
3|4|4|7,6,0.6918938916141796
3|4|4|7,0,0.4735569734740056
3|4|4|7,4,2.444508032043984
1|4|4|7,6,0.04749997790744613
1|4|4|7,0,-0.37645819092818034
1|4|4|7,3,0.35176139537215123
1|4|4|7,4,5.426029247340522
1|4|4|7,5,-0.2873502322113527
1|4|4|7,7,1.7769678749473106
1|4|4|7,2,0.06789984546876363
5|4|4|7,2,-1.0627265264214572
5|4|4|7,4,-0.023034722910500405
5|4|4|7,6,-0.30475296833660415
5|4|4|7,3,-0.6533611461969292
5|4|4|7,1,0.7407863595922302
5|4|4|7,7,3.136174197535333
5|4|4|7,0,0.5121945475691877
2|4|7|1,6,1.7660129136839233
2|4|7|1,0,0.32092613716965
2|4|7|1,5,0.44233633616773643
2|4|7|1,4,0.8321599588342393
2|4|7|1,3,0.2039265050075223
2|4|7|1,7,1.77809273654508
2|4|7|1,1,3.7190776071323532
5|5|1|4,2,-1.9982569738859315
5|5|1|4,7,0.5055045895664229
5|5|1|4,6,-1.5072048987248927
5|5|1|4,3,-0.9899722129129436
5|5|1|4,0,-1.5476776971411632
5|5|1|4,1,-0.8071920159726508
5|5|1|4,4,-0.20442694885444607
3|6|4|2,6,-0.457376449407624
3|6|4|2,0,-1.4379957816875188
3|6|4|2,7,-0.5475
3|6|4|2,5,-0.3886090376677814
3|6|4|2,4,0.34904999999999864
3|6|4|2,1,-0.6440909899964198
3|6|4|2,2,-0.7091201625946995
6|6|4|2,5,-0.19631497361834613
6|6|4|2,2,-0.6689072751551397
6|6|4|2,0,-0.26563828138693335
6|6|4|2,4,3.982331143178448
6|6|4|2,1,-0.527
6|6|4|2,7,-0.1475802806456501
6|6|4|2,3,-0.20090670000000005
5|6|4|2,4,3.126332281577664
5|6|4|2,1,-0.05
5|6|4|2,3,-0.14317298806531653
5|6|4|2,7,-0.60450275
5|6|4|2,6,-0.0003123532175007479
5|6|4|2,2,0.3759303609483276
5|6|4|2,0,-0.4324027264278677
4|8|2|2,6,0.45582171481741646
4|8|2|2,3,0.36978207464501206
4|8|2|2,5,-0.6630554190332004
4|8|2|2,0,-2.165973381753343
4|8|2|2,7,1.7006650278517876
4|8|2|2,2,10.999999999999982
4|8|2|2,1,0.009647166810942798
0|2|0|7,3,1.392761354686715
0|2|0|7,7,3.0749588174719307
0|2|0|7,1,1.7341044573887798
0|2|0|7,5,1.50888458165181
0|2|0|7,2,1.4652809441515846
0|2|0|7,6,0.8484658128503731
0|2|0|7,4,1.2881487625137513
4|4|5|2,5,2.015781065236577
4|4|5|2,3,0.7931719867762287
4|4|5|2,1,-0.2000049731874362
4|4|5|2,7,1.7303742587225481
4|4|5|2,2,3.2172072562214016
4|4|5|2,6,1.9026339884083372
4|4|5|2,0,0.6446500103906262
4|3|2|3,6,0.27080730090940286
4|3|2|3,7,1.2249886098241876
4|3|2|3,2,0.46743846534392935
4|3|2|3,3,2.2037460478514532
4|3|2|3,0,1.1525675436862461
4|3|2|3,1,0.17975094385599386
4|3|2|3,5,0.3836987581992956
7|5|4|2,4,3.2098335133811444
7|5|4|2,1,-0.30224713952441634
7|5|4|2,6,0.30846370184644767
7|5|4|2,3,-0.05660239233372277
7|5|4|2,5,-0.13170369860647643
7|5|4|2,0,-0.34627632785291246
7|5|4|2,2,0.46007682133501615
2|3|2|1,3,0.30028169879395034
2|3|2|1,7,0.7941001096529704
2|3|2|1,0,0.38161680909271906
2|3|2|1,6,1.2186272533214495
2|3|2|1,5,0.7256151787166905
2|3|2|1,1,2.8981271647916236
2|3|2|1,4,1.3777675367169557
1|3|6|4,7,1.7340683606900202
1|3|6|4,2,1.2554666304898328
1|3|6|4,3,0.48411205175807914
1|3|6|4,0,1.3190080532870148
1|3|6|4,4,3.1994495274323658
1|3|6|4,5,2.0879459037771264
1|3|6|4,6,3.4367408831516126
6|2|4|3,1,1.6013722568894155
6|2|4|3,5,2.2643971119982464
6|2|4|3,4,3.0881521617716734
6|2|4|3,0,1.7656764209208493
6|2|4|3,2,1.810993011008093
6|2|4|3,3,3.806748752520396
6|2|4|3,7,1.9817548846298254
7|1|3|6,1,0.1356452104188609
7|1|3|6,4,0.2525533521437628
7|1|3|6,2,0.5768517770867514
7|1|3|6,3,0.5899824846842796
7|1|3|6,0,1.17509705902674
7|1|3|6,6,4.68443494650936
7|1|3|6,5,0.45228392554838104
2|4|7|4,0,0.6686153111235478
2|4|7|4,1,0.38500260010428944
2|4|7|4,6,1.6315111880309712
2|4|7|4,5,1.205771755912071
2|4|7|4,3,0.9279272133865565
2|4|7|4,4,1.7135927365235484
2|4|7|4,7,3.1530595251366513
5|3|5|0,0,3.6462730649462523
5|3|5|0,4,1.1360043115781797
5|3|5|0,3,1.6648524562923972
5|3|5|0,1,1.3312220992249664
5|3|5|0,6,1.8599963065417764
5|3|5|0,7,1.843577982924286
5|3|5|0,2,1.0127147844916669
2|4|5|1,1,2.9514631063905767
2|4|5|1,3,0.05337183798512743
2|4|5|1,7,1.4184447054583138
2|4|5|1,0,0.1896306787264399
2|4|5|1,6,0.9755631612661062
2|4|5|1,5,2.424730410551579
2|4|5|1,4,1.0320444939967346
1|3|6|5,7,3.3284393762149764
1|3|6|5,6,2.685225256660982
1|3|6|5,2,0.8164957606367571
1|3|6|5,4,0.16562626801587538
1|3|6|5,3,-0.010926164734971336
1|3|6|5,5,2.294690214611281
1|3|6|5,0,1.1125336585380348
7|4|6|4,1,-0.2653583809762665
7|4|6|4,3,0.8789191709731184
7|4|6|4,0,-0.1914364085652562
7|4|6|4,4,2.2869950109328037
7|4|6|4,6,0.8224720370297126
7|4|6|4,2,-0.08219197009985053
7|4|6|4,5,3.514474291951406
1|4|6|4,0,-0.017554817350997676
1|4|6|4,2,0.30623402414847967
1|4|6|4,4,2.0429985619204243
1|4|6|4,3,0.5523171178293829
1|4|6|4,5,0.9316260523632103
1|4|6|4,6,2.678794083404584
1|4|6|4,7,2.037322917160693
4|5|6|1,2,1.4769176424973027
4|5|6|1,3,-0.6946343929169988
4|5|6|1,0,-0.6336593958471077
4|5|6|1,7,-0.4227867798939305
4|5|6|1,6,2.630740032867473
4|5|6|1,1,4.466791406407292
4|5|6|1,5,0.5438230043839987
4|2|7|1,3,1.9627678427270647
4|2|7|1,0,1.5495888332207455
4|2|7|1,5,2.3269860194398024
4|2|7|1,6,2.8296969270983565
4|2|7|1,2,1.9229962777878733
4|2|7|1,1,4.213733099778546
4|2|7|1,7,3.280212348112834
2|4|2|0,3,-0.9807668182698983
2|4|2|0,6,-0.08868756861163363
2|4|2|0,4,-1.060136487010113
2|4|2|0,1,0.17612730751586833
2|4|2|0,7,-0.33202131739716306
2|4|2|0,5,0.181445629988824
2|4|2|0,0,2.0676205823254774
7|3|2|4,0,0.3717319089024488
7|3|2|4,2,0.8943656057398195
7|3|2|4,6,-0.1207091150329209
7|3|2|4,1,0.7066597802105814
7|3|2|4,5,0.5332688551163429
7|3|2|4,4,3.7387473208300146
7|3|2|4,3,0.6136218872721472
0|6|1|2,2,2.2556957139961806
0|6|1|2,3,-1.9236602197667128
0|6|1|2,5,-0.49529371255707133
0|6|1|2,6,-2.6730186067619077
0|6|1|2,4,-0.6298196858201338
0|6|1|2,1,-1.4844049004099507
0|6|1|2,7,-2.454431527716741
7|3|7|1,4,0.7253821888471692
7|3|7|1,0,0.8952729392785337
7|3|7|1,6,1.0776999346622183
7|3|7|1,5,0.9137355554646786
7|3|7|1,1,2.728175765187266
7|3|7|1,3,-0.3174870093071774
7|3|7|1,2,0.6003373009600961
1|5|7|2,5,0.9448657183929625
1|5|7|2,7,3.0229661452448315
1|5|7|2,2,2.7052499961510477
1|5|7|2,4,0.0046077877603413475
1|5|7|2,0,0.02609162561546227
1|5|7|2,6,-0.7797551695216789
1|5|7|2,3,1.1878320192099587
0|5|1|3,2,-1.7255906985400473
0|5|1|3,4,-0.4605442094765047
0|5|1|3,3,1.1439825896067988
0|5|1|3,7,-0.878946045008627
0|5|1|3,6,-1.2833535881596791
0|5|1|3,5,-1.8487088967052854
0|5|1|3,1,-2.6601869082063363
3|5|3|4,1,-1.8003108728822774
3|5|3|4,7,-0.0067367613083959
3|5|3|4,5,-0.10448356689891491
3|5|3|4,4,1.7293706333290417
3|5|3|4,6,-1.459705441275763
3|5|3|4,2,-2.1699937914917857
3|5|3|4,0,-2.9259403708213845
4|4|1|2,6,0.513247278327637
4|4|1|2,3,0.04497081049927504
4|4|1|2,5,0.436289921696687
4|4|1|2,2,1.5650982589593674
4|4|1|2,1,-0.9814612305091459
4|4|1|2,0,-1.2609946185909044
4|4|1|2,7,0.10856932343671118
6|4|1|2,1,-0.30269899116236243
6|4|1|2,3,-0.6880133388736016
6|4|1|2,2,1.461148856120851
6|4|1|2,7,0.033127648728175155
6|4|1|2,0,-1.1712229785242552
6|4|1|2,4,0.21601420563785861
6|4|1|2,5,-0.0990130400661787
3|3|1|5,4,1.283574672913982
3|3|1|5,1,1.4933790329416232
3|3|1|5,0,0.9742875944333369
3|3|1|5,2,-0.3213039974598619
3|3|1|5,6,1.429436098144921
3|3|1|5,5,3.1503966653810282
3|3|1|5,7,0.7248256071524379
6|2|1|7,3,1.2412520342861322
6|2|1|7,0,-0.6107654096190234
6|2|1|7,5,1.6214336771568085
6|2|1|7,2,1.562988082036518
6|2|1|7,7,4.189542243744237
6|2|1|7,4,1.4439208674859254
6|2|1|7,1,2.190940529741865
5|3|6|7,1,1.5776550150754631
5|3|6|7,3,1.6098029609945084
5|3|6|7,4,0.8475536545925341
5|3|6|7,6,1.6101360052038323
5|3|6|7,2,1.8286042614223543
5|3|6|7,7,5.496847271087137
5|3|6|7,0,1.2730417423051072
3|3|2|6,0,0.8531121915364306
3|3|2|6,1,0.8504298460831049
3|3|2|6,2,1.4944587671469018
3|3|2|6,5,-0.05086919926384101
3|3|2|6,7,0.8246171167494418
3|3|2|6,4,1.3101889942114364
3|3|2|6,6,3.7044278627192098
2|2|6|5,7,2.8610685512112517
2|2|6|5,6,2.764694006867234
2|2|6|5,0,1.5863265279883563
2|2|6|5,4,0.6247756928016519
2|2|6|5,3,1.462561573505499
2|2|6|5,1,1.494127633378027
2|2|6|5,5,4.389261506698533
7|4|1|5,4,-0.6186658127998494
7|4|1|5,6,-0.6393983362843567
7|4|1|5,1,0.9473316261755346
7|4|1|5,3,-0.5718706247657516
7|4|1|5,0,-0.6732822705116086
7|4|1|5,2,-0.16345745532309114
7|4|1|5,5,2.841735935585237
4|4|1|5,2,-1.1711318269154414
4|4|1|5,7,-0.23977963137727376
4|4|1|5,6,0.1215038610195808
4|4|1|5,3,-0.5125535449077363
4|4|1|5,1,-0.6505441979659048
4|4|1|5,5,2.3844216882183087
4|4|1|5,0,-0.25678427156775413
2|4|1|5,0,-0.15595337885155147
2|4|1|5,5,2.387953500851039
2|4|1|5,7,-0.4769012390771674
2|4|1|5,6,0.4950362367567887
2|4|1|5,3,-0.6662332493009078
2|4|1|5,4,-0.022911557450669758
2|4|1|5,1,-0.1974807947509945
7|2|5|3,3,4.333611064347487
7|2|5|3,2,1.0045158135991048
7|2|5|3,6,1.7884603819221456
7|2|5|3,4,1.8224364642373643
7|2|5|3,0,0.7565233715744059
7|2|5|3,1,1.4150652264446997
7|2|5|3,5,2.067590243795259
4|3|4|7,5,0.7120181538332028
4|3|4|7,0,-0.04055648505120593
4|3|4|7,3,0.6676620411805647
4|3|4|7,1,0.7790790024105285
4|3|4|7,6,0.14672551950248766
4|3|4|7,7,2.025181555359793
4|3|4|7,2,0.8169978616965148
7|4|4|3,1,-0.37894846264116727
7|4|4|3,6,0.9647567822008769
7|4|4|3,3,1.386987117627235
7|4|4|3,0,0.12223928600098499
7|4|4|3,2,-0.06629459614013938
7|4|4|3,4,2.535935569736246
7|4|4|3,5,0.9424540738761511
6|5|4|3,2,-2.0999818196270508
6|5|4|3,0,0.04340130987803181
6|5|4|3,3,-0.8839683729401169
6|5|4|3,5,0.729664184437262
6|5|4|3,7,0.14548984722650135
6|5|4|3,4,2.556811992617234
6|5|4|3,1,0.16893322434679658
2|4|6|5,4,0.7722385692477146
2|4|6|5,5,3.411037237011932
2|4|6|5,1,0.2850790581412015
2|4|6|5,7,2.473730590719001
2|4|6|5,6,2.0183943099758124
2|4|6|5,3,-0.018115938685013072
2|4|6|5,0,0.085391346530485
4|4|6|5,2,0.7383197651727169
4|4|6|5,7,2.4201213977459033
4|4|6|5,1,-0.3720864586476221
4|4|6|5,5,2.2474120100450277
4|4|6|5,3,-0.3963840405568001
4|4|6|5,0,0.47060083266423025
4|4|6|5,6,4.032906771826748
6|5|3|0,5,0.10127400190401925
6|5|3|0,4,0.32894215483371886
6|5|3|0,0,0.03611646350623246
6|5|3|0,7,-0.11100937080694784
6|5|3|0,3,2.948015050904819
6|5|3|0,1,0.13922264554855207
6|5|3|0,2,1.1385521609583131
5|5|3|0,2,-0.11614343338982444
5|5|3|0,4,-0.3869603557577129
5|5|3|0,1,-0.4286589418023069
5|5|3|0,7,-0.7436779592587821
5|5|3|0,6,-0.7396184628688477
5|5|3|0,0,0.7579473123159333
5|5|3|0,3,4.04580893495226
5|1|2|6,4,1.6841887266528963
5|1|2|6,1,1.9706161306586416
5|1|2|6,6,4.569570484024419
5|1|2|6,7,3.1672663348665804
5|1|2|6,3,1.6670525845906083
5|1|2|6,2,1.9443311993406298
5|1|2|6,0,2.0225193559093193
1|1|2|6,6,4.548793028100336
1|1|2|6,3,1.5475629039683654
1|1|2|6,5,1.6588641435944367
1|1|2|6,4,1.921017394771617
1|1|2|6,7,2.867994612774176
1|1|2|6,2,1.764067739397863
1|1|2|6,0,1.3318967843952543
6|5|0|5,4,-0.2451505174842317
6|5|0|5,3,-0.2653155176637513
6|5|0|5,2,-0.204354084040792
6|5|0|5,0,0.5107401692455665
6|5|0|5,5,2.1058526280793677
6|5|0|5,1,-0.034889115752225905
6|5|0|5,7,0.07905972819141036
4|5|0|5,0,-2.0854837279253315
4|5|0|5,2,-1.9520394387763536
4|5|0|5,3,-0.7103568226384188
4|5|0|5,7,0.1905067007921275
4|5|0|5,5,-0.5590638586834871
4|5|0|5,1,-0.8861965556685749
4|5|0|5,6,-0.08247259606133167
0|6|1|4,4,0.19950586383235358
0|6|1|4,6,-3.5068775553797615
0|6|1|4,1,-2.4979230273926687
0|6|1|4,5,-1.7570256908224926
0|6|1|4,2,-2.9736259677992094
0|6|1|4,3,-2.7279560956706645
0|6|1|4,7,-1.0245193137857005
1|5|2|0,0,2.6443899452243365
1|5|2|0,4,-1.0482996204282704
1|5|2|0,3,-2.091428689765808
1|5|2|0,7,-0.6994689756428827
1|5|2|0,6,-0.6585477214192016
1|5|2|0,2,1.8597968543285295
1|5|2|0,5,-0.1988243508489298
2|3|6|7,5,1.4274216727057734
2|3|6|7,3,2.3002184058823243
2|3|6|7,0,2.244202042029823
2|3|6|7,7,4.990208349485274
2|3|6|7,6,3.463215032353295
2|3|6|7,1,2.391880076007919
2|3|6|7,4,1.3459348256596297
3|3|6|7,4,1.5636720399915878
3|3|6|7,1,2.2283674966219764
3|3|6|7,7,5.405135917532498
3|3|6|7,0,0.6105870693797986
3|3|6|7,5,1.388264572119555
3|3|6|7,6,2.574937392636779
3|3|6|7,2,2.2120109219796866
1|3|2|6,3,0.5278755883985915
1|3|2|6,5,1.1403770843279313
1|3|2|6,0,0.9436680072659944
1|3|2|6,6,4.062863000275006
1|3|2|6,4,1.0156677295409193
1|3|2|6,7,1.1405444593003724
1|3|2|6,2,2.3978533564253146
5|3|2|6,7,-0.608147691385664
5|3|2|6,4,0.9023650295583001
5|3|2|6,1,0.64193609169398
5|3|2|6,2,1.6240722903078662
5|3|2|6,3,0.3321142868803637
5|3|2|6,6,4.312378791471975
5|3|2|6,0,0.8369076987462886
7|3|2|6,5,-0.024881594400437385
7|3|2|6,4,0.8522950859391625
7|3|2|6,2,0.7116539243318866
7|3|2|6,1,0.0023445908272423377
7|3|2|6,3,0.25862821969504707
7|3|2|6,6,4.003476119639542
7|3|2|6,0,0.8762475503272161
4|4|2|5,0,-0.6364879979991677
4|4|2|5,7,0.6713419703042841
4|4|2|5,1,-0.5086423073381542
4|4|2|5,2,0.17864650049948227
4|4|2|5,6,0.39725606753744885
4|4|2|5,5,1.8191187862530946
4|4|2|5,3,0.056468505223215004
0|4|2|5,4,-0.8078055749380932
0|4|2|5,6,0.19425222617929117
0|4|2|5,2,-0.036728713723456215
0|4|2|5,1,-0.45320934037741994
0|4|2|5,7,0.20032572769248347
0|4|2|5,3,0.5763969158229584
0|4|2|5,5,2.4507932581733263
4|3|4|0,5,1.363050745115565
4|3|4|0,6,1.1109792558984855
4|3|4|0,2,1.5136392445229871
4|3|4|0,7,1.7209681787534667
4|3|4|0,3,0.45127169524424204
4|3|4|0,1,0.5630562850442784
4|3|4|0,0,3.0072854440239825
3|4|0|6,2,-0.30321562121994217
3|4|0|6,4,-0.690965508691613
3|4|0|6,6,-0.17233393694744725
3|4|0|6,5,-0.031611926403033175
3|4|0|6,1,-0.5638339812221538
3|4|0|6,7,0.12596128014264332
3|4|0|6,0,2.5558501582870856
2|4|0|6,7,0.22491439252944245
2|4|0|6,3,-1.6125733398459239
2|4|0|6,0,1.197006771041081
2|4|0|6,5,-0.28866618374059205
2|4|0|6,4,0.49154315111757274
2|4|0|6,6,3.1734884889397112
2|4|0|6,1,0.2881116413086461
7|4|0|6,5,0.33544378502410555
7|4|0|6,6,0.5751675463267635
7|4|0|6,1,-1.4647682357852685
7|4|0|6,3,0.010599550986809855
7|4|0|6,2,0.012597061008712204
7|4|0|6,4,0.6700036475184163
7|4|0|6,0,3.310363523284807
3|3|0|6,4,0.7062681780266125
3|3|0|6,7,0.5101723155656112
3|3|0|6,1,0.5194277234419178
3|3|0|6,2,0.1754190240226008
3|3|0|6,6,3.0627177190514896
3|3|0|6,0,2.0836292815929784
3|3|0|6,5,1.1392162500941048
4|4|0|6,3,0.0872475119086126
4|4|0|6,5,-2.4996099547397472
4|4|0|6,1,-0.6907595598829026
4|4|0|6,6,1.0042231837545323
4|4|0|6,7,0.3371867854521148
4|4|0|6,0,2.3006750302772874
4|4|0|6,2,0.16319357512356336
6|4|6|1,3,-0.1623171151842503
6|4|6|1,7,0.5011962534092628
6|4|6|1,4,1.8788188183096735
6|4|6|1,5,0.4262696968293821
6|4|6|1,2,-0.778782610520762
6|4|6|1,0,0.2481428738746954
6|4|6|1,1,0.13994387057421515
5|2|7|3,0,1.2135614138742359
5|2|7|3,1,0.9166363055040683
5|2|7|3,2,1.355936554603537
5|2|7|3,3,4.161758232401042
5|2|7|3,7,2.4131213756489918
5|2|7|3,6,2.3225688097339505
5|2|7|3,4,1.6907097290167117
0|2|7|3,7,3.2039387782878554
0|2|7|3,6,2.480801668659321
0|2|7|3,5,2.58793627411932
0|2|7|3,4,2.605158070066298
0|2|7|3,2,1.8136385496013652
0|2|7|3,1,1.6789584267784023
0|2|7|3,3,3.9399401730434485
2|4|1|4,3,-0.5147932352044726
2|4|1|4,4,1.2074281475345259
2|4|1|4,5,-0.06178429307235339
2|4|1|4,0,-0.7192322624852041
2|4|1|4,1,0.08265745658257628
2|4|1|4,7,0.6051385023476973
2|4|1|4,6,0.18695771664446276
6|5|3|4,3,1.119310108753288
6|5|3|4,2,-2.2529647984256376
6|5|3|4,4,-0.07266220257273026
6|5|3|4,7,-0.6565393863947734
6|5|3|4,0,-2.7144376710224676
6|5|3|4,5,-0.3159658921716522
6|5|3|4,1,-0.9294344235361816
5|4|2|6,0,-0.7349813610735663
5|4|2|6,7,0.1877211618580526
5|4|2|6,1,0.12066968382521673
5|4|2|6,3,0.025237226740560947
5|4|2|6,6,0.8816927532647991
5|4|2|6,2,3.3938870203783025
5|4|2|6,4,0.027763223883809973
0|4|2|6,5,0.12088293286104301
0|4|2|6,2,0.9348951010177434
0|4|2|6,4,0.6659622054130927
0|4|2|6,6,2.821523862232807
0|4|2|6,3,0.20079788624561534
0|4|2|6,7,-0.12880294020575314
0|4|2|6,1,0.28675235156452694
7|4|2|6,6,-0.13257789659850855
7|4|2|6,4,-0.8136451291694933
7|4|2|6,2,3.638880083317582
7|4|2|6,5,0.33720700760859385
7|4|2|6,3,0.279360204238024
7|4|2|6,1,0.34953834729880295
7|4|2|6,0,0.13214060598720173
1|2|3|6,7,1.0819927139158352
1|2|3|6,6,3.8677423758207032
1|2|3|6,4,1.2745718469685978
1|2|3|6,5,1.5277755560485362
1|2|3|6,3,2.034042261453546
1|2|3|6,2,1.7033086582623664
1|2|3|6,0,1.7301638612487
7|2|3|6,4,0.6026974579906027
7|2|3|6,6,1.96323892160656
7|2|3|6,2,1.0953931923819233
7|2|3|6,1,1.149535757865216
7|2|3|6,3,3.139907187749693
7|2|3|6,0,1.0174463229464568
7|2|3|6,5,1.0311686540703948
2|3|3|6,4,1.7612124344512585
2|3|3|6,6,4.099066675174604
2|3|3|6,7,1.4943682467556938
2|3|3|6,5,1.4494863351058251
2|3|3|6,0,1.3712367985798972
2|3|3|6,3,3.0904429939076064
2|3|3|6,1,1.8009653952837592
7|2|7|3,4,0.024416138699014836
7|2|7|3,5,0.6470660324673294
7|2|7|3,2,0.8004985577231934
7|2|7|3,0,0.8353051957963229
7|2|7|3,1,0.5623552478100871
7|2|7|3,3,3.5276923456740805
7|2|7|3,6,1.2908639183225008
6|3|0|5,5,-0.22514535270617556
6|3|0|5,0,3.1464585540153123
6|3|0|5,1,-0.9047863684394863
6|3|0|5,3,0.5032211917789574
6|3|0|5,7,-0.9679125622091306
6|3|0|5,2,-0.5294515164341587
6|3|0|5,4,-0.20283936243900502
1|2|3|7,4,1.9400783882874524
1|2|3|7,5,1.1558074006943537
1|2|3|7,0,1.9866865780393683
1|2|3|7,6,1.0681949290931603
1|2|3|7,3,2.50967628624851
1|2|3|7,2,0.9760292147556804
1|2|3|7,7,4.009049453061709
4|8|0|0,5,2.9102691435902637
4|8|0|0,7,1.6499650624762623
4|8|0|0,1,3.33587796559663
4|8|0|0,6,1.8988173673244
4|8|0|0,0,10.999999999999982
4|8|0|0,2,4.10773301217721
4|8|0|0,3,1.9629948233941665
5|4|1|4,4,2.8050797097174844
5|4|1|4,2,-0.36666152306053296
5|4|1|4,1,-0.9065849129483455
5|4|1|4,7,1.1369333072854246
5|4|1|4,3,-0.4894895718794021
5|4|1|4,0,0.08680325591047003
5|4|1|4,6,-0.554411326671372
6|3|7|5,2,-0.12680244285331055
6|3|7|5,0,-0.11330943743536975
6|3|7|5,5,2.0848024921572
6|3|7|5,1,0.06201360508932294
6|3|7|5,3,0.007705632721260247
6|3|7|5,7,-0.04594578889425845
6|3|7|5,4,0.06793635049894656
0|2|1|6,3,1.515711458190769
0|2|1|6,7,1.632228168248603
0|2|1|6,1,2.3471866349657606
0|2|1|6,6,3.914011516458985
0|2|1|6,2,1.45901193452469
0|2|1|6,5,2.1835117935590174
0|2|1|6,4,1.6479062253279286
4|3|0|6,7,1.0854714130465999
4|3|0|6,6,3.423786836042047
4|3|0|6,5,0.8254201954160676
4|3|0|6,0,0.860099520645406
4|3|0|6,1,0.6714014730673908
4|3|0|6,2,-0.10619574165525969
4|3|0|6,3,0.12168172117646896
5|4|0|6,6,2.8067255655251633
5|4|0|6,0,0.9102125082480806
5|4|0|6,3,-0.04659434426883213
5|4|0|6,2,-0.37580456392897243
5|4|0|6,1,-0.30234054822903517
5|4|0|6,7,0.1303227338210357
5|4|0|6,4,0.5859056156592155
7|5|1|3,4,-1.4713029382806055
7|5|1|3,1,-2.00247049548046
7|5|1|3,5,-0.42815141883262164
7|5|1|3,0,-1.7573711291775123
7|5|1|3,6,-1.0163759767391565
7|5|1|3,3,0.4466959908472554
7|5|1|3,2,-0.9283338758990967
0|5|2|1,1,1.0217187862507044
0|5|2|1,2,3.7142773430359344
0|5|2|1,3,0.6683097028855725
0|5|2|1,4,0.08507963610075
0|5|2|1,6,0.02299571560625302
0|5|2|1,7,0.11901142163771333
0|5|2|1,5,-0.2651379567299077
1|3|1|7,5,1.0450498053152255
1|3|1|7,7,3.1931872746441394
1|3|1|7,6,1.241725150672415
1|3|1|7,0,0.1906220480283153
1|3|1|7,4,0.7905631223121956
1|3|1|7,2,0.2749380802273895
1|3|1|7,3,1.3196348947528909
6|3|6|3,4,-0.35539310463803064
6|3|6|3,2,0.29560636042843647
6|3|6|3,5,0.679879020997243
6|3|6|3,1,0.5031856601559611
6|3|6|3,3,3.0674333523114368
6|3|6|3,7,0.9771647125747631
6|3|6|3,0,0.5105456514725908
4|4|2|7,2,4.408754109808785
4|4|2|7,6,0.09164460636681288
4|4|2|7,7,0.9871192053355096
4|4|2|7,0,-0.28235464369157226
4|4|2|7,3,0.42632283164955
4|4|2|7,5,0.28718603893178973
4|4|2|7,1,-0.2715930147402031
7|2|5|4,3,1.1438364947806146
7|2|5|4,4,3.3303659311523224
7|2|5|4,0,1.185353524275901
7|2|5|4,1,1.142746532370397
7|2|5|4,6,1.897595630579984
7|2|5|4,5,1.82323101177352
7|2|5|4,2,1.266846215564013
0|3|0|7,1,0.4766829816530962
0|3|0|7,4,0.9138920475883404
0|3|0|7,2,0.8507205741304493
0|3|0|7,7,3.6620136404509145
0|3|0|7,6,0.7469897803758138
0|3|0|7,5,0.3493598372295955
0|3|0|7,3,-0.13389252180684147
3|5|6|4,2,-1.42361022034502
3|5|6|4,1,0.5063500193057304
3|5|6|4,7,0.23167152399763233
3|5|6|4,4,3.0417821539069823
3|5|6|4,0,-0.5881362381684486
3|5|6|4,5,-1.3882659694224169
3|5|6|4,6,2.540211992714251
2|5|6|4,1,-1.8658210482356563
2|5|6|4,4,1.2262313020702438
2|5|6|4,6,3.0087678159295748
2|5|6|4,5,1.4597506106713056
2|5|6|4,7,1.0325904240882542
2|5|6|4,0,0.3247657240033673
2|5|6|4,3,0.9045424950766421
0|3|0|5,4,0.357929844565009
0|3|0|5,5,2.4058702433492867
0|3|0|5,1,0.4476716280456724
0|3|0|5,2,-0.5974734597645042
0|3|0|5,7,-0.002232239319773288
0|3|0|5,6,0.6191372040952767
0|3|0|5,3,0.808863996911695
4|4|3|2,0,-0.6046905647630414
4|4|3|2,2,2.620901311811567
4|4|3|2,6,-0.14408119851154477
4|4|3|2,7,0.3543826651918806
4|4|3|2,1,0.2903727609634581
4|4|3|2,5,0.4037740131070481
4|4|3|2,3,0.9489551111022901
7|4|3|2,6,0.2616124025366081
7|4|3|2,3,1.9511779334236081
7|4|3|2,2,1.1133477953470066
7|4|3|2,1,-0.1334301043166245
7|4|3|2,0,0.1513279365794837
7|4|3|2,5,0.6352514524419264
7|4|3|2,4,0.8050475819714347
4|4|2|6,7,-1.5025019466021035
4|4|2|6,6,0.901937099345927
4|4|2|6,3,-0.9996988262782212
4|4|2|6,1,-0.17637937464969963
4|4|2|6,2,3.319539335670342
4|4|2|6,0,0.24497886772853028
4|4|2|6,5,0.03410139692062977
7|2|7|0,4,1.4236075928622156
7|2|7|0,3,1.9416218505343923
7|2|7|0,6,1.9433521044899622
7|2|7|0,2,1.7836830085189783
7|2|7|0,5,1.573288217875276
7|2|7|0,1,1.2617705514158124
7|2|7|0,0,3.490577674550783
3|3|3|1,4,1.212100881206393
3|3|3|1,2,1.1513431341746094
3|3|3|1,1,2.01857376974744
3|3|3|1,6,1.277309547261729
3|3|3|1,7,1.3772930231733624
3|3|3|1,5,-0.12496901630328153
3|3|3|1,0,0.9822481014519135
4|4|1|0,3,0.31332452957838364
4|4|1|0,0,1.1337484392407624
4|4|1|0,1,0.43045625067834004
4|4|1|0,6,0.23071467569088588
4|4|1|0,2,0.35964145086290106
4|4|1|0,5,0.4594164170322669
4|4|1|0,7,-0.1075264022479463
4|3|5|3,5,3.1708768361232393
4|3|5|3,7,2.018431379640171
4|3|5|3,1,1.302448927224117
4|3|5|3,2,0.9149040083941488
4|3|5|3,0,1.2442121677453248
4|3|5|3,6,1.6152901974637426
4|3|5|3,3,2.8055650999734416
3|6|3|5,7,-2.092816640343862
3|6|3|5,1,-2.5118215787358564
3|6|3|5,2,-3.049158761692578
3|6|3|5,4,-1.5924065470567736
3|6|3|5,6,-0.8935248232865558
3|6|3|5,0,-2.8738614435048384
3|6|3|5,5,0.133954450220459
7|4|6|3,1,-0.18301955472586762
7|4|6|3,0,0.2705020195267104
7|4|6|3,6,2.119692551065739
7|4|6|3,2,0.9710543882652565
7|4|6|3,5,0.9057167317421556
7|4|6|3,3,4.326449966699352
7|4|6|3,4,-0.47645940819262167
0|4|6|3,5,1.4535549323236658
0|4|6|3,2,0.9743807821060473
0|4|6|3,1,-0.15551894466415472
0|4|6|3,4,2.492994822739567
0|4|6|3,6,2.4646671208704247
0|4|6|3,3,4.723949733225922
0|4|6|3,7,1.2075728516294872
5|6|1|2,1,-0.8520635891978872
5|6|1|2,2,2.497825190390186
5|6|1|2,4,-1.2626823916429695
5|6|1|2,3,-1.631050066602896
5|6|1|2,6,-1.5213356184595757
5|6|1|2,7,0.024087944542504125
5|6|1|2,0,-2.0900406985586724
1|6|1|2,3,-1.5033291057267293
1|6|1|2,5,-0.32153681407170454
1|6|1|2,4,-2.0044784073738917
1|6|1|2,0,-1.4648213169532682
1|6|1|2,2,1.5920725666684112
1|6|1|2,7,-0.2670068834580104
1|6|1|2,6,-0.5372569389167312
6|1|1|7,3,0.5995854834079315
6|1|1|7,5,0.8717428519562346
6|1|1|7,1,-0.3225644152086847
6|1|1|7,2,1.1476056957946643
6|1|1|7,0,0.6298507609881016
6|1|1|7,7,4.586237533139495
6|1|1|7,4,-0.03701943728755358
3|1|1|7,1,-0.014832100209891605
3|1|1|7,5,0.7895811889081497
3|1|1|7,6,0.45570112530050827
3|1|1|7,7,4.473491314660202
3|1|1|7,0,0.6072282835298469
3|1|1|7,2,0.8474785040640285
3|1|1|7,4,0.6668999480319241
5|1|1|7,2,1.3142146551163412
5|1|1|7,1,0.12276797568870429
5|1|1|7,0,0.8853412818127883
5|1|1|7,6,1.068577280276767
5|1|1|7,7,4.882907219094268
5|1|1|7,3,0.6652372210583898
5|1|1|7,4,1.5323138821740236
5|5|1|0,7,0.32998969702541003
5|5|1|0,1,4.269024725537903
5|5|1|0,2,-0.30526572289636256
5|5|1|0,3,0.0717965721632311
5|5|1|0,4,-0.8734138890098968
5|5|1|0,0,0.6391588177707014
5|5|1|0,6,0.25474363287074975
2|4|2|4,6,0.32682847736366716
2|4|2|4,0,-1.3736335202172807
2|4|2|4,7,-0.8188816055014936
2|4|2|4,5,0.4117404887704903
2|4|2|4,1,-0.4055245138264763
2|4|2|4,3,0.19607946684511535
2|4|2|4,4,2.2298352038201275
7|6|6|4,0,-0.6610211889862242
7|6|6|4,1,-0.29094338904617534
7|6|6|4,5,-0.566464809162666
7|6|6|4,3,-0.5134442655054388
7|6|6|4,2,-0.31168658374014335
7|6|6|4,6,1.929037508414377
7|6|6|4,4,-0.1429499440755265
0|6|6|4,1,-0.34090027457926103
0|6|6|4,4,1.4177153726040104
0|6|6|4,2,0.3806963819207592
0|6|6|4,7,-1.3376496165789626
0|6|6|4,3,-0.7653351323181043
0|6|6|4,6,0.5620851249999981
0|6|6|4,5,0.5126116988551103
1|6|6|4,2,-0.14911279050096893
1|6|6|4,7,-0.8079668557009088
1|6|6|4,6,5.076905029363818
1|6|6|4,4,-0.09095009582121699
1|6|6|4,0,-0.5065321172938375
1|6|6|4,3,-0.9000939664795928
1|6|6|4,5,-0.4771533157698149
2|6|6|4,4,-0.8125236827388147
2|6|6|4,3,-0.44565004637116495
2|6|6|4,0,-1.2908062363601018
2|6|6|4,5,-1.0006386946386137
2|6|6|4,7,0.21530756550368574
2|6|6|4,1,-0.24929954332800391
2|6|6|4,6,6.042075060473218
0|3|6|7,6,2.4943244709360117
0|3|6|7,2,0.5613076258198811
0|3|6|7,3,0.7851103259542243
0|3|6|7,4,2.3403705724823047
0|3|6|7,1,1.529906495580003
0|3|6|7,7,5.191959447823952
0|3|6|7,5,1.3190675588178193
4|5|4|5,6,-0.24055249551726338
4|5|4|5,0,-0.7702625465497381
4|5|4|5,2,-1.046591356800512
4|5|4|5,7,0.5454483060783588
4|5|4|5,5,1.240268427449164
4|5|4|5,1,-0.4920905907225436
4|5|4|5,3,-1.0135723105394385
4|3|4|5,6,0.2805095192446334
4|3|4|5,3,1.3856294760770718
4|3|4|5,5,3.9871665253438144
4|3|4|5,0,0.3603893913441605
4|3|4|5,7,1.021105654546145
4|3|4|5,1,1.5339337815566223
4|3|4|5,2,0.7611367618553233
6|3|4|5,1,1.1960190084387519
6|3|4|5,7,0.7124359999142962
6|3|4|5,2,1.3976664300756656
6|3|4|5,3,0.6329910139991348
6|3|4|5,5,4.06068046495964
6|3|4|5,4,1.2419539504640702
6|3|4|5,0,0.6893487619705279
6|2|0|7,0,1.945029282664609
6|2|0|7,5,1.4685974685922305
6|2|0|7,1,1.1986399220192896
6|2|0|7,2,1.37632924031097
6|2|0|7,4,1.3809562580426415
6|2|0|7,7,3.8153433668067653
6|2|0|7,3,1.2968180009765853
6|2|3|7,0,2.079548984368848
6|2|3|7,3,2.6388418311658204
6|2|3|7,7,3.7982542346177914
6|2|3|7,2,1.4903614391226325
6|2|3|7,5,1.4296136130556245
6|2|3|7,1,1.686504590873432
6|2|3|7,4,1.4506984282687705
7|5|4|3,3,-0.3278867749918447
7|5|4|3,6,-2.7108332804567756
7|5|4|3,1,-0.3312954962273528
7|5|4|3,4,2.9145160008760453
7|5|4|3,2,0.48670370789047424
7|5|4|3,5,0.1190069737793272
7|5|4|3,0,-0.428838325261087
5|4|6|0,6,2.6880534344224674
5|4|6|0,2,1.1925815321602304
5|4|6|0,3,1.6807904551723518
5|4|6|0,4,0.6260584590808286
5|4|6|0,0,3.8167258484970783
5|4|6|0,1,0.10874775042712338
5|4|6|0,7,1.4042755671048233
0|3|6|5,6,1.3546007069805233
0|3|6|5,1,0.9186915767637678
0|3|6|5,2,0.18001259927901725
0|3|6|5,5,4.056936759734165
0|3|6|5,3,0.9280220401770495
0|3|6|5,7,2.901540740330554
0|3|6|5,4,0.34898288960981877
3|6|1|2,0,-1.6848000991823275
3|6|1|2,2,-0.791290889087775
3|6|1|2,4,0.5720761136654609
3|6|1|2,1,-2.5356302993428086
3|6|1|2,5,-1.1888812944040683
3|6|1|2,7,-1.1385340177129293
3|6|1|2,6,-1.3377559824838896
7|3|1|4,0,0.09089974281622631
7|3|1|4,2,0.3163253839149128
7|3|1|4,1,0.14190654757918372
7|3|1|4,4,0.27423440981056646
7|3|1|4,3,0.42479446431355783
7|3|1|4,5,1.3996355962449298
7|3|1|4,6,0.6342331573901453
4|4|1|7,3,0.07929426549998714
4|4|1|7,6,-0.3084757760206679
4|4|1|7,5,-1.1247858681988463
4|4|1|7,2,0.2971704436381203
4|4|1|7,0,0.7458871014600512
4|4|1|7,1,3.201610091605483
4|4|1|7,7,2.0415259490532063
0|5|7|2,3,0.872037002821482
0|5|7|2,1,-0.5688781158154883
0|5|7|2,2,4.447201414708309
0|5|7|2,4,0.4595105443238434
0|5|7|2,5,0.19697567111297812
0|5|7|2,7,1.3428076372587059
0|5|7|2,6,0.3984734742122029
1|6|0|5,5,-1.6353263404212144
1|6|0|5,6,-1.454121873801329
1|6|0|5,3,-2.0599245076125268
1|6|0|5,2,-2.4051189984939687
1|6|0|5,0,-2.1296106474306877
1|6|0|5,7,-1.96645913211845
1|6|0|5,4,-2.517286153840308
4|4|4|7,1,-0.15839799772989047
4|4|4|7,5,-0.33919249659276374
4|4|4|7,0,-0.8578093729907551
4|4|4|7,6,-0.004915173737769896
4|4|4|7,2,0.1245292794039941
4|4|4|7,3,-0.6764219644975696
4|4|4|7,7,2.5031594720093078
7|2|1|6,4,0.8800544621220422
7|2|1|6,0,0.4130956070495103
7|2|1|6,2,0.3520283913343265
7|2|1|6,6,3.7466013743440203
7|2|1|6,1,1.690532099523058
7|2|1|6,3,0.4390858506763991
7|2|1|6,5,1.5415509065699382
4|2|1|6,6,4.168895582728833
4|2|1|6,5,1.8320732964308788
4|2|1|6,1,2.3734846848473232
4|2|1|6,3,1.6154219548436204
4|2|1|6,0,0.6276986457502797
4|2|1|6,2,1.3170425909870243
4|2|1|6,7,0.29498754205252
3|6|1|4,0,-2.206038573662216
3|6|1|4,4,1.445834640060826
3|6|1|4,1,-3.196599534163288
3|6|1|4,5,-1.599378828401227
3|6|1|4,2,-2.2046404510897437
3|6|1|4,6,-0.7257744432511013
3|6|1|4,7,-1.7579892871986962
5|5|2|0,4,-1.1690221986600522
5|5|2|0,6,-0.7526331994077418
5|5|2|0,7,-0.5229106718745192
5|5|2|0,1,0.062134390065159
5|5|2|0,0,0.5957054961579991
5|5|2|0,3,-0.34661475091326127
5|5|2|0,2,3.4684275316318107
2|4|2|1,6,-0.6818117394443741
2|4|2|1,7,0.05475779827108778
2|4|2|1,4,-0.13644242551119884
2|4|2|1,3,-0.07394767106199895
2|4|2|1,1,0.8122361485936248
2|4|2|1,5,0.11170813767191379
2|4|2|1,0,-1.1591110278078434
3|3|3|5,5,2.7579118696979346
3|3|3|5,7,1.6183114572702075
3|3|3|5,6,0.8498984672996619
3|3|3|5,2,1.2353661995441625
3|3|3|5,1,-0.18098495916657098
3|3|3|5,4,-0.020680191558250377
3|3|3|5,0,0.7510083942254604
6|3|6|1,0,0.816779886773692
6|3|6|1,5,0.3844779007707692
6|3|6|1,1,2.6330277681059164
6|3|6|1,4,0.9351475022271488
6|3|6|1,7,1.2017392763021912
6|3|6|1,3,0.4740137593360084
6|3|6|1,2,0.8529001487983614
3|1|0|7,0,0.7019348645479074
3|1|0|7,5,0.9713584733240846
3|1|0|7,2,0.6534030888623867
3|1|0|7,1,0.9354058391030804
3|1|0|7,6,0.5028527459103319
3|1|0|7,4,1.2374976440933547
3|1|0|7,7,4.4427787878078835
0|1|0|7,1,0.6231627161061009
0|1|0|7,5,0.7008704257369713
0|1|0|7,6,0.5216097603428311
0|1|0|7,7,4.5077793202382965
0|1|0|7,2,0.40065555349305415
0|1|0|7,4,1.1803544368039738
0|1|0|7,3,0.5979156689929799
1|1|0|7,0,0.40495102567616087
1|1|0|7,2,0.601341461693603
1|1|0|7,3,0.457363804708853
1|1|0|7,5,0.7775132794587591
1|1|0|7,4,0.9162945935068054
1|1|0|7,6,0.8866855661268653
1|1|0|7,7,4.48116713321231
5|1|0|7,4,0.7220577000545706
5|1|0|7,6,0.6017150887807374
5|1|0|7,7,4.364513599396314
5|1|0|7,1,0.1674553976080818
5|1|0|7,2,0.420773309218179
5|1|0|7,0,1.30092607997111
5|1|0|7,3,1.1281611255836652
4|1|0|7,1,0.5190434158693029
4|1|0|7,7,4.48349473084935
4|1|0|7,2,0.6846977432328096
4|1|0|7,3,1.2342643180353035
4|1|0|7,6,0.6538227187868155
4|1|0|7,0,1.1742343960289636
4|1|0|7,5,0.4968183932445571
5|4|2|3,4,-0.5961747015451047
5|4|2|3,1,-0.6474570322153052
5|4|2|3,6,-0.5890757430994642
5|4|2|3,7,-0.27396731339909025
5|4|2|3,2,0.44960705557114106
5|4|2|3,0,-1.8501177761009713
5|4|2|3,3,1.6979171079017656
4|4|2|3,7,-0.3619753739187634
4|4|2|3,1,0.0035597877718710827
4|4|2|3,6,-0.17445072102936457
4|4|2|3,2,-0.17675433723776274
4|4|2|3,0,-0.6295954940504678
4|4|2|3,3,1.2310462741910995
4|4|2|3,5,0.29679697892232904
7|4|2|3,3,0.7068282888379545
7|4|2|3,6,-1.1656720759944459
7|4|2|3,0,-1.1978790315217007
7|4|2|3,4,-0.7545816041666636
7|4|2|3,5,-0.27262342819055674
7|4|2|3,2,-0.9648813554692673
7|4|2|3,1,-0.7324346534159255
3|4|4|5,1,0.12647209832627562
3|4|4|5,2,0.3660628231223152
3|4|4|5,5,4.132554601171078
3|4|4|5,4,0.9335901873269541
3|4|4|5,7,0.07205666311583094
3|4|4|5,6,0.4631253721185967
3|4|4|5,0,0.3644993601600627
1|4|4|5,3,0.9059260913552932
1|4|4|5,0,-0.9343090774947398
1|4|4|5,2,0.9355356154245109
1|4|4|5,6,0.3047289351219408
1|4|4|5,7,-1.6383765245687094
1|4|4|5,4,1.0277874615927256
1|4|4|5,5,3.373313576280908
2|4|4|5,0,-1.2725615291024899
2|4|4|5,5,3.076642798007986
2|4|4|5,7,0.8052199305200561
2|4|4|5,6,-0.1277393374631055
2|4|4|5,3,0.9564488251802542
2|4|4|5,1,-0.025688497353611395
2|4|4|5,4,1.0425584360809972
0|4|4|5,5,0.8873380616201479
0|4|4|5,3,0.22733338487690605
0|4|4|5,4,3.00659278032275
0|4|4|5,6,-1.3497602174066285
0|4|4|5,1,0.42424535506463745
0|4|4|5,7,0.08807707095318457
0|4|4|5,2,0.6546206302314975
0|4|2|4,7,1.0868255172711654
0|4|2|4,4,2.7598650476978035
0|4|2|4,3,-0.7854630644690554
0|4|2|4,2,-0.4376745474407969
0|4|2|4,5,-0.10537340796750277
0|4|2|4,1,-1.1172724782536696
0|4|2|4,6,0.33471232810935125
2|3|5|3,3,3.6530465511079666
2|3|5|3,1,1.5802073164467298
2|3|5|3,6,2.4044125054086116
2|3|5|3,4,1.6197167452750632
2|3|5|3,5,3.135088239205872
2|3|5|3,0,1.9935593712020248
2|3|5|3,7,1.9380741184661534
6|4|5|3,5,2.3666883558748464
6|4|5|3,0,-0.05396790583093815
6|4|5|3,3,3.262810756179564
6|4|5|3,2,-0.12804745925407404
6|4|5|3,4,1.0094962153324303
6|4|5|3,7,0.5670153230089083
6|4|5|3,1,0.6396060563755276
1|4|7|0,3,-0.5552123037510349
1|4|7|0,7,2.0770908645461086
1|4|7|0,6,1.2539972079009851
1|4|7|0,2,1.3608058641095846
1|4|7|0,4,1.4767256493919114
1|4|7|0,5,0.23458302002032158
1|4|7|0,0,3.3747311958321604
3|5|0|5,2,-1.0166959528414294
3|5|0|5,6,-1.322192874101408
3|5|0|5,5,1.3764660244872609
3|5|0|5,7,-0.9455315236150386
3|5|0|5,1,-2.1178485817294606
3|5|0|5,4,-1.7252309599797921
3|5|0|5,0,-1.5446448133694979
2|5|0|5,3,-1.7282914450456932
2|5|0|5,4,-1.0254478331647534
2|5|0|5,6,-0.29610623114018675
2|5|0|5,1,-1.04404642392832
2|5|0|5,5,-0.4654977813797449
2|5|0|5,0,-0.5205996264167967
2|5|0|5,7,-0.3675346163226145
3|4|3|5,1,-0.5876427383821979
3|4|3|5,0,-0.9476988744860189
3|4|3|5,2,0.15600157574656323
3|4|3|5,5,2.7028004696104744
3|4|3|5,7,0.6373509837501065
3|4|3|5,4,-0.05786242322423513
3|4|3|5,6,0.28165369218905467
1|4|3|5,4,0.2482787466033426
1|4|3|5,7,-0.37577327707414504
1|4|3|5,0,-0.08298384548890873
1|4|3|5,3,0.6761911543778891
1|4|3|5,5,2.7735050635390905
1|4|3|5,6,0.061933613633588666
1|4|3|5,2,-1.3002178415385024
4|4|3|5,3,1.2821284736468939
4|4|3|5,5,1.8199244950779414
4|4|3|5,1,-0.16483021583117305
4|4|3|5,0,-0.44351569921208495
4|4|3|5,2,0.276972704394622
4|4|3|5,7,0.1963682381032107
4|4|3|5,6,0.057303653201458464
0|4|3|5,3,0.20112037188716297
0|4|3|5,4,-0.4611177438857573
0|4|3|5,5,3.2009701593967748
0|4|3|5,7,1.219685590291289
0|4|3|5,1,-0.5490205753322105
0|4|3|5,6,-0.34501491264899237
0|4|3|5,2,-0.20927922768060025
2|4|3|5,7,-0.8400277957956905
2|4|3|5,4,-0.915288359141152
2|4|3|5,3,0.6051208926992433
2|4|3|5,6,0.2698418910992213
2|4|3|5,5,2.9776719149111472
2|4|3|5,1,0.311274715246762
2|4|3|5,0,-0.19605051983276678
5|4|6|4,6,2.971602782717719
5|4|6|4,2,-0.855482969244328
5|4|6|4,7,1.1813102352841633
5|4|6|4,0,-0.0035666072554577655
5|4|6|4,4,2.220508474037704
5|4|6|4,3,0.4836200163502451
5|4|6|4,1,-0.37471785483323916
6|5|3|2,2,0.8637089896296417
6|5|3|2,7,-1.4840789673405397
6|5|3|2,5,-0.11043661781715854
6|5|3|2,3,2.6887855957833566
6|5|3|2,0,-0.20419848560015277
6|5|3|2,1,-0.33130239998105104
6|5|3|2,4,0.08278976644450138
3|1|7|5,2,2.190782371523467
3|1|7|5,0,1.9765723507386328
3|1|7|5,5,4.609010764613141
3|1|7|5,4,2.267765244977844
3|1|7|5,6,2.4789902750610797
3|1|7|5,7,3.3629274141741483
3|1|7|5,1,2.310869946349455
3|3|3|4,4,3.649878239620121
3|3|3|4,7,0.8450363601505568
3|3|3|4,5,0.887034405198171
3|3|3|4,0,0.16876467530428618
3|3|3|4,6,0.9043881260081851
3|3|3|4,2,1.060762829853287
3|3|3|4,1,0.7317508949350788
7|2|4|5,1,1.8439846381700284
7|2|4|5,3,1.7866483163227098
7|2|4|5,0,1.3047188188210117
7|2|4|5,2,-1.2196668738919412
7|2|4|5,6,1.0879234696885085
7|2|4|5,5,4.7748264724661516
7|2|4|5,4,2.6054094999978954
6|4|0|3,7,-0.9091631239194196
6|4|0|3,4,0.0008852344135136785
6|4|0|3,3,1.8998058770791022
6|4|0|3,2,-1.3951454022455172
6|4|0|3,5,-0.05187086950971695
6|4|0|3,0,-1.4547568987630795
6|4|0|3,1,-0.6088795152264346
6|5|3|1,4,0.19802237855517588
6|5|3|1,5,0.05878991349642413
6|5|3|1,3,2.365575353508464
6|5|3|1,2,0.1838966587799288
6|5|3|1,0,0.15816208542322813
6|5|3|1,7,0.12888430940626108
6|5|3|1,1,0.5915782136807077
4|5|3|1,5,-0.1310268021652103
4|5|3|1,2,-1.2936584998721805
4|5|3|1,6,-0.45393156737034146
4|5|3|1,0,-0.18823749933033807
4|5|3|1,7,-0.9859865194968709
4|5|3|1,1,0.10350309507132055
4|5|3|1,3,2.248127330134173
5|5|3|1,0,-1.6246909784836314
5|5|3|1,3,0.10117628955948893
5|5|3|1,6,-0.5486553090897255
5|5|3|1,1,1.3652052587288757
5|5|3|1,7,0.4500954145599922
5|5|3|1,4,0.005521286637957826
5|5|3|1,2,0.15911938840582565
0|3|6|4,3,0.8924240576220496
0|3|6|4,2,0.7173650677552781
0|3|6|4,7,1.1466582893025326
0|3|6|4,6,2.306724493061247
0|3|6|4,4,3.340947926423239
0|3|6|4,5,1.8924136779980878
0|3|6|4,1,1.066991479115136
2|2|4|5,6,1.297704975749485
2|2|4|5,7,2.965836237813339
2|2|4|5,0,1.5624750736926531
2|2|4|5,3,2.025555965576955
2|2|4|5,5,3.477255688536083
2|2|4|5,4,2.355043419108161
2|2|4|5,1,2.0541571961080076
0|5|4|5,4,-2.5444855869199166
0|5|4|5,6,-0.6703971699479672
0|5|4|5,3,-1.3479705358647065
0|5|4|5,2,-2.0934721114998687
0|5|4|5,5,2.0504357952546606
0|5|4|5,7,0.6960404162932696
0|5|4|5,1,-0.5846401964332255
2|4|5|3,1,1.4792024796209884
2|4|5|3,4,1.7556244424384073
2|4|5|3,3,3.021417849485352
2|4|5|3,6,1.0820771887947094
2|4|5|3,5,2.7046554238119525
2|4|5|3,0,1.0483504668176602
2|4|5|3,7,2.017638004054768
7|2|6|5,1,-0.12074129976719838
7|2|6|5,4,0.3239952699947765
7|2|6|5,5,4.271762862578639
7|2|6|5,2,0.022719820290479656
7|2|6|5,6,0.3942897221558821
7|2|6|5,0,0.3354250164361726
7|2|6|5,3,0.3466091658808961
1|2|6|5,2,1.7287431588840532
1|2|6|5,5,4.6375007245461
1|2|6|5,3,0.04865544794030803
1|2|6|5,7,2.3046567404131237
1|2|6|5,6,2.560939704033019
1|2|6|5,0,1.4398862882155177
1|2|6|5,4,1.3041573602131673
0|4|5|6,3,0.04692523338887224
0|4|5|6,2,1.0926627683219636
0|4|5|6,1,0.2430132852155794
0|4|5|6,5,3.3373240376274906
0|4|5|6,6,2.199947352244211
0|4|5|6,4,0.7304744057244524
0|4|5|6,7,0.28932352446988335
2|1|7|4,6,2.646363891942764
2|1|7|4,0,2.197066896341796
2|1|7|4,7,3.552446476943212
2|1|7|4,1,2.253023503486909
2|1|7|4,5,2.3745083250465457
2|1|7|4,4,4.533084439076869
2|1|7|4,3,2.2286348154768922
5|6|1|0,3,-0.18971489071027334
5|6|1|0,2,-0.5475
5|6|1|0,7,-0.48502669357078737
5|6|1|0,1,-0.78
5|6|1|0,6,-0.13241439967845198
5|6|1|0,0,-0.45
5|6|1|0,4,-0.9752654375352137
3|6|1|0,4,-0.22992867997464422
3|6|1|0,7,-0.037117828958042276
3|6|1|0,0,0.9905571429174458
3|6|1|0,6,-0.14253973444000004
3|6|1|0,1,4.307619818928734
3|6|1|0,5,-0.5475
3|6|1|0,2,-0.027392473789502034
4|6|1|0,0,0.9274762147935078
4|6|1|0,6,-0.24071440498948507
4|6|1|0,2,-0.1555150882645947
4|6|1|0,1,0.5317070876165871
4|6|1|0,5,-0.05
4|6|1|0,3,-0.028403634497159103
4|6|1|0,7,-0.008075718345787464
6|3|5|3,1,0.7961441185953962
6|3|5|3,0,0.13848319516416835
6|3|5|3,7,2.098561367658499
6|3|5|3,3,4.0811610096181425
6|3|5|3,5,1.8356408801361646
6|3|5|3,4,0.4274719434465806
6|3|5|3,2,0.7330546921174464
1|5|7|3,5,-0.7775856758359434
1|5|7|3,6,0.10711316134299506
1|5|7|3,7,3.9415596729518154
1|5|7|3,4,0.7272990350910385
1|5|7|3,0,-0.2914810663236771
1|5|7|3,3,2.2303934495822237
1|5|7|3,2,0.5849140272611045
7|3|6|3,0,0.42407671570923744
7|3|6|3,4,1.1112604092108398
7|3|6|3,2,1.0143438552558683
7|3|6|3,3,4.1539067301935475
7|3|6|3,1,0.6207735501124153
7|3|6|3,5,0.07426088059316285
7|3|6|3,6,1.3806398267677036
5|2|5|4,0,0.47017339476869346
5|2|5|4,7,1.124634709725065
5|2|5|4,6,3.2726090563733083
5|2|5|4,1,1.1787267203722998
5|2|5|4,2,0.3289548749328376
5|2|5|4,3,0.10546569047973989
5|2|5|4,4,0.5811111486088099
0|3|0|6,2,-0.07549724801887284
0|3|0|6,1,0.16884765652712475
0|3|0|6,5,0.4719774088001283
0|3|0|6,4,1.0731526839245085
0|3|0|6,3,0.9567826839298154
0|3|0|6,7,0.7297121744525792
0|3|0|6,6,2.6930179631473945
2|3|0|6,3,0.689815950256737
2|3|0|6,6,2.1270578941380913
2|3|0|6,0,3.1874132389505614
2|3|0|6,4,-0.38243357897639363
2|3|0|6,5,0.22107765889825912
2|3|0|6,7,0.43754399340303357
2|3|0|6,1,1.1238634981818703
5|4|5|0,0,-0.5052082499388101
5|4|5|0,6,0.5079474042335005
5|4|5|0,2,0.05354846599716523
5|4|5|0,1,0.2643762863176893
5|4|5|0,7,1.048420396760831
5|4|5|0,3,1.5132347935554638
5|4|5|0,4,0.8187267592436777
7|5|5|1,3,-1.6786944735364595
7|5|5|1,1,2.1645212497948383
7|5|5|1,4,-0.25020758303097973
7|5|5|1,2,1.0833313246260174
7|5|5|1,6,0.29103612988496785
7|5|5|1,5,3.620926467374111
7|5|5|1,0,-0.5830720040290528
5|5|6|7,7,0.6640015010697248
5|5|6|7,3,0.3213009587189445
5|5|6|7,0,-0.07703909588593766
5|5|6|7,2,-0.10386432175391602
5|5|6|7,4,0.3913406636614623
5|5|6|7,1,-0.4285031207478909
5|5|6|7,6,5.610349472023677
0|1|4|7,2,0.48725035451730914
0|1|4|7,6,-1.5190339832521438
0|1|4|7,4,0.05076554473533054
0|1|4|7,7,4.795742831795592
0|1|4|7,5,0.4022708419314501
0|1|4|7,3,0.7201189679048345
0|1|4|7,1,0.8501086297278222
2|1|4|7,6,0.5298551740915367
2|1|4|7,0,0.4484743055520772
2|1|4|7,4,0.6224552994263748
2|1|4|7,5,0.3986360278143889
2|1|4|7,1,0.46768370084207816
2|1|4|7,3,0.30195179423556895
2|1|4|7,7,4.578376147356332
6|1|4|7,4,0.07397471812342638
6|1|4|7,2,0.250406603388317
6|1|4|7,7,4.934467234316274
6|1|4|7,0,0.7576515199719407
6|1|4|7,1,0.6000343829047599
6|1|4|7,3,0.8077140829517677
6|1|4|7,5,0.7421225091931065
4|1|4|7,6,0.22053128456822987
4|1|4|7,3,0.5442466656757785
4|1|4|7,2,0.30425261357923344
4|1|4|7,0,0.5732756781188554
4|1|4|7,7,4.64820946054214
4|1|4|7,1,0.6725510919789415
4|1|4|7,5,0.4858097950128387
1|4|1|0,3,-0.21719370222711457
1|4|1|0,6,0.2765062736273036
1|4|1|0,0,2.012636286627106
1|4|1|0,2,0.3628848726049594
1|4|1|0,5,-0.584209644397435
1|4|1|0,4,0.4474670879329639
1|4|1|0,7,-0.4735565181971383
4|4|4|0,3,0.07059934488611873
4|4|4|0,7,-0.3786162262845886
4|4|4|0,2,-0.3459560454244518
4|4|4|0,6,-0.20685152821712996
4|4|4|0,1,-0.15326624618150445
4|4|4|0,5,0.3763217774215115
4|4|4|0,0,-0.9194934624107343
1|6|1|5,3,-2.3563761943343384
1|6|1|5,0,-1.6778918069584854
1|6|1|5,7,-1.194219072313636
1|6|1|5,6,-0.1880444408040956
1|6|1|5,4,-1.4573154972300595
1|6|1|5,5,-1.5877156722294594
1|6|1|5,2,-1.4863143400897856
3|6|1|5,2,-2.1153211987011846
3|6|1|5,0,-3.7140705235421057
3|6|1|5,7,1.0218445081572947
3|6|1|5,1,-1.982383824940147
3|6|1|5,5,-0.8570766945717143
3|6|1|5,6,-0.9653551873800377
3|6|1|5,4,-2.4224374320390587
7|4|7|0,4,1.0810093434178827
7|4|7|0,0,2.6585336192204116
7|4|7|0,2,0.1103615905996243
7|4|7|0,6,0.4996320363467188
7|4|7|0,5,0.7219245545159535
7|4|7|0,1,0.4293950438571438
7|4|7|0,3,-0.5585997986760882
1|2|4|6,5,2.033515598416565
1|2|4|6,3,2.2526462727232297
1|2|4|6,6,1.9451373070236329
1|2|4|6,4,1.7969482522872404
1|2|4|6,2,1.5742653007555585
1|2|4|6,7,2.4972990824911894
1|2|4|6,0,1.4329305312463048
1|5|1|3,0,-1.5925958857588807
1|5|1|3,6,-0.8252243699026056
1|5|1|3,3,-0.27101639163895097
1|5|1|3,4,-0.3827065342916692
1|5|1|3,7,-0.764531412066435
1|5|1|3,5,-0.49175988119055647
1|5|1|3,2,-1.8684191662755056
7|5|6|1,5,2.1983463859981236
7|5|6|1,0,-0.25727357224921144
7|5|6|1,1,5.005843191526195
7|5|6|1,3,0.4610727931734342
7|5|6|1,2,0.4054147636787873
7|5|6|1,6,1.5919302367977346
7|5|6|1,4,1.1469123001298214
5|5|6|1,7,1.060085845905009
5|5|6|1,0,-0.008175472169643136
5|5|6|1,6,1.7684699567803894
5|5|6|1,3,-0.8257283203457362
5|5|6|1,1,3.7354900914984115
5|5|6|1,2,1.295435774705033
5|5|6|1,4,0.15531703178347184
1|2|1|7,2,1.444364580923106
1|2|1|7,0,1.0685826404057877
1|2|1|7,6,-0.22378651887292617
1|2|1|7,4,1.2074967797463747
1|2|1|7,7,4.165090637999938
1|2|1|7,3,1.551730206488615
1|2|1|7,5,1.3782739578300478
7|6|4|1,0,-0.7155893033367787
7|6|4|1,6,-0.4816249763909513
7|6|4|1,5,-0.02551986197211862
7|6|4|1,1,-0.17694142360267034
7|6|4|1,2,-0.05
7|6|4|1,4,3.140243088777403
7|6|4|1,3,-1.0618932157203527
0|6|4|1,4,-1.2287704959632777
0|6|4|1,5,-0.0664870461954533
0|6|4|1,6,0.30494996049506945
0|6|4|1,1,-0.6251902690347657
0|6|4|1,3,-0.5733550023039982
0|6|4|1,7,-0.3445625685307357
0|6|4|1,2,-0.0543544149364766
7|6|2|3,3,3.408730622635437
7|6|2|3,4,-0.8319550769863945
7|6|2|3,5,-2.705650857028836
7|6|2|3,1,-1.2221270059941371
7|6|2|3,2,-1.4463246304217063
7|6|2|3,6,-1.2032378549594753
7|6|2|3,0,-2.0316351086019186
7|4|4|5,4,-1.0262095094123636
7|4|4|5,5,3.4972095157378544
7|4|4|5,1,-0.8814256319311855
7|4|4|5,6,-0.013303157632208039
7|4|4|5,3,0.33542460221406806
7|4|4|5,2,-0.16248537260787604
7|4|4|5,0,-0.1657127366946486
7|1|0|6,0,1.5475217188111179
7|1|0|6,2,0.5240607640126911
7|1|0|6,1,2.3019093469029666
7|1|0|6,6,1.5689918687891788
7|1|0|6,3,0.7705158775980757
7|1|0|6,5,0.9810505416979474
7|1|0|6,4,0.68452758018072
4|5|0|2,5,-1.3341574025461747
4|5|0|2,7,-0.9659603341217453
4|5|0|2,3,-1.6046437971806369
4|5|0|2,6,-0.9230846632247796
4|5|0|2,2,-1.130577522344495
4|5|0|2,0,-2.3831893724134328
4|5|0|2,1,-1.8196389520500449
0|6|1|5,4,-2.496293282832472
0|6|1|5,6,-0.9407731513956169
0|6|1|5,5,2.0702537617139267
0|6|1|5,2,-1.3861128945305683
0|6|1|5,1,-1.5032695375208744
0|6|1|5,7,-1.0758189592543346
0|6|1|5,3,-1.748997803618325
4|6|1|5,1,-2.2653595159412663
4|6|1|5,0,-4.124286857905727
4|6|1|5,7,-2.2532957378859133
4|6|1|5,3,-1.7369145987365862
4|6|1|5,2,-1.4919920123551433
4|6|1|5,5,0.6714993646185377
4|6|1|5,6,-1.4003613183442398
0|5|0|5,1,-0.8697075568357121
0|5|0|5,4,-3.0116811922068534
0|5|0|5,6,0.15527117366341475
0|5|0|5,7,2.4227134166103217
0|5|0|5,2,-1.3668435027322885
0|5|0|5,5,0.18291169598407808
0|5|0|5,3,-0.5508667004920719
1|5|0|5,4,-1.1453187881293976
1|5|0|5,6,-0.589786931447424
1|5|0|5,3,-2.0361603134192614
1|5|0|5,7,0.009296166329495939
1|5|0|5,5,1.166313287632724
1|5|0|5,2,-1.8969650080302358
1|5|0|5,0,-0.1367058996740444
3|4|2|6,1,-0.028029402247567302
3|4|2|6,0,-0.6129572934863424
3|4|2|6,4,-0.6909350780800246
3|4|2|6,5,0.1818511353484883
3|4|2|6,7,-0.20872990757432636
3|4|2|6,6,3.321695187286984
3|4|2|6,2,1.1248012125259341
1|4|2|6,4,-0.2121160692323536
1|4|2|6,3,-0.2719997560212248
1|4|2|6,6,1.8436955105767916
1|4|2|6,5,0.5969750323234444
1|4|2|6,0,0.3522518733873211
1|4|2|6,7,0.2897132989827381
1|4|2|6,2,2.3397504974250705
2|2|5|3,1,2.371649407911124
2|2|5|3,5,3.5845245566806634
2|2|5|3,6,2.913369900334706
2|2|5|3,4,2.58843823556197
2|2|5|3,3,4.270494022461812
2|2|5|3,7,2.966732804448462
2|2|5|3,0,2.318134030119159
0|4|0|6,6,2.3566686803608
0|4|0|6,7,0.0425883295919971
0|4|0|6,3,-0.755330181482079
0|4|0|6,2,-0.007116946291155252
0|4|0|6,1,-0.6648902444423377
0|4|0|6,4,0.5401654491396786
0|4|0|6,5,-0.5739725184090175
5|3|5|1,0,1.0019449437232724
5|3|5|1,2,-0.2736982911300201
5|3|5|1,4,0.8177266531130081
5|3|5|1,6,0.9881957834717445
5|3|5|1,1,2.9901628720505884
5|3|5|1,7,0.912020377178257
5|3|5|1,3,1.758939354425824
5|3|0|6,4,0.8172905582552759
5|3|0|6,6,2.1440468656360814
5|3|0|6,0,1.1105032323090178
5|3|0|6,1,0.5883185298191118
5|3|0|6,2,0.6276489734146106
5|3|0|6,3,0.23823381602828153
5|3|0|6,7,0.05009809595911016
6|6|3|4,1,-2.184009444969465
6|6|3|4,0,-1.5809207760853239
6|6|3|4,5,-0.8625520643640423
6|6|3|4,3,-2.3353564674981433
6|6|3|4,4,0.289934572129393
6|6|3|4,7,-0.5766935762116524
6|6|3|4,2,-0.5479405839836768
1|6|3|4,0,-3.4016978087990357
1|6|3|4,5,-1.1884830137436786
1|6|3|4,3,-1.089933485224977
1|6|3|4,7,-1.692733941506804
1|6|3|4,2,-1.286081805997039
1|6|3|4,4,0.18117442066365405
1|6|3|4,6,-0.811910261766106
4|4|4|3,7,0.10173655572437966
4|4|4|3,1,-0.3316448194176893
4|4|4|3,3,2.642184416954577
4|4|4|3,0,-0.28350008581026787
4|4|4|3,2,-0.6717072986071904
4|4|4|3,6,-0.32946185934555655
4|4|4|3,5,0.5697969860207549
1|5|2|5,6,-0.5700692981403255
1|5|2|5,4,-0.7155071843287265
1|5|2|5,5,-0.3704257837449875
1|5|2|5,0,-1.5442117063801173
1|5|2|5,7,1.3508519316924814
1|5|2|5,2,-0.9419212886236937
1|5|2|5,3,-0.4226533037063812
7|2|7|4,5,0.40901763688716886
7|2|7|4,0,0.3259642808086836
7|2|7|4,4,3.331234590578856
7|2|7|4,6,0.5735997826217475
7|2|7|4,2,0.7055108536912942
7|2|7|4,3,0.2981266883823803
7|2|7|4,1,0.22580939164085626
7|3|7|4,6,-1.1025035185785714
7|3|7|4,5,-0.03342932180371938
7|3|7|4,1,-0.047181568384851186
7|3|7|4,0,-0.04283588576854809
7|3|7|4,3,-0.17554093197044274
7|3|7|4,2,0.39676067216697564
7|3|7|4,4,-0.26869594592538015
6|2|3|5,0,0.5261921111342444
6|2|3|5,5,4.436712493638202
6|2|3|5,4,0.3105278141854762
6|2|3|5,3,2.1469379914460975
6|2|3|5,7,0.7064635155243469
6|2|3|5,2,1.1316114193267988
6|2|3|5,1,1.4305878982162046
6|1|0|7,7,4.384409644840191
6|1|0|7,5,1.0233952798703054
6|1|0|7,2,0.7838077516557812
6|1|0|7,0,0.8847998371536144
6|1|0|7,3,0.7043229251175016
6|1|0|7,4,1.2787144763940388
6|1|0|7,1,1.0338818344267828
0|5|5|4,7,-1.3782416571886436
0|5|5|4,5,3.3089876239314764
0|5|5|4,4,0.08318788518765316
0|5|5|4,3,-0.42422940584090035
0|5|5|4,6,1.27221472186342
0|5|5|4,2,0.22942388411411332
0|5|5|4,1,0.011380865995056055
5|2|5|3,1,1.0293346514204758
5|2|5|3,4,1.6501479239993797
5|2|5|3,2,1.0593337275942531
5|2|5|3,7,2.47075790960254
5|2|5|3,0,0.1662441254116748
5|2|5|3,3,4.120728974410526
5|2|5|3,6,1.931667847326819
4|2|2|7,0,1.8910795661265556
4|2|2|7,5,1.4291208892811207
4|2|2|7,6,1.6894245657619922
4|2|2|7,7,4.255427335791591
4|2|2|7,1,1.150010976002516
4|2|2|7,3,1.0432179561025177
4|2|2|7,2,1.4342476078787283
7|4|0|3,6,0.05806970006071882
7|4|0|3,5,0.4040093845612428
7|4|0|3,1,-1.2034025879446058
7|4|0|3,3,1.0603051781898674
7|4|0|3,4,-0.6628519669482222
7|4|0|3,0,-0.6931560871554842
7|4|0|3,2,-0.5586855993907088
0|2|1|5,1,3.2373224320373906
0|2|1|5,4,2.0479965336520602
0|2|1|5,7,2.034835848466655
0|2|1|5,3,1.950083356821976
0|2|1|5,5,4.150158397800139
0|2|1|5,6,1.6918536387750547
0|2|1|5,2,1.3005215319802326
6|1|5|7,1,0.45245918517533723
6|1|5|7,5,0.0900543359583833
6|1|5|7,3,-0.13338903441344485
6|1|5|7,2,-0.6739108534342804
6|1|5|7,0,0.5186827557272773
6|1|5|7,4,-0.07393545395274834
6|1|5|7,7,4.676228486944887
1|1|5|7,6,0.085572775632139
1|1|5|7,2,0.5086100801310905
1|1|5|7,4,0.687672896955387
1|1|5|7,0,0.4977060390196272
1|1|5|7,3,0.41589266395651825
1|1|5|7,7,4.739942767219137
1|1|5|7,5,0.1380481455539227
5|1|5|7,6,0.33749962132557465
5|1|5|7,4,0.5639425823454466
5|1|5|7,1,0.4719740435129953
5|1|5|7,7,4.159852886315706
5|1|5|7,2,0.5385071656569079
5|1|5|7,3,0.376326176792177
5|1|5|7,0,0.21973837179110356
3|1|5|7,6,-0.002661161888257449
3|1|5|7,4,0.7677346122530904
3|1|5|7,1,0.5933497073368214
3|1|5|7,2,0.8079817023162862
3|1|5|7,0,0.4511090309515936
3|1|5|7,5,0.3455145571243164
3|1|5|7,7,4.72058091617461
2|4|5|4,0,1.2724944683968682
2|4|5|4,4,1.7931825604945237
2|4|5|4,1,0.09697293180866097
2|4|5|4,3,-0.24508248489276108
2|4|5|4,5,2.397219680973496
2|4|5|4,7,1.6366698740940422
2|4|5|4,6,1.9491765860787393
4|5|5|2,3,0.9277157033346743
4|5|5|2,5,2.3937080887678626
4|5|5|2,7,0.8851694087241674
4|5|5|2,0,-0.5986483827293463
4|5|5|2,6,0.505875642446166
4|5|5|2,1,-1.2506270474517256
4|5|5|2,2,1.018869983669525
1|6|1|4,4,0.14356577319210984
1|6|1|4,0,-2.140028044477002
1|6|1|4,6,-1.6855050888131238
1|6|1|4,2,-2.2795726280495474
1|6|1|4,5,-3.366473373599781
1|6|1|4,7,-1.7958033493176324
1|6|1|4,3,-2.9867713097005715
5|4|6|7,2,1.4674937915981823
5|4|6|7,1,1.1618507429358444
5|4|6|7,7,6.051954165432577
5|4|6|7,0,2.0994698943031187
5|4|6|7,4,-0.16801532697475052
5|4|6|7,3,0.3020087290598268
5|4|6|7,6,1.647606711877737
5|5|4|1,7,1.0905678706225286
5|5|4|1,0,-0.03581019048584225
5|5|4|1,1,0.9183691581598222
5|5|4|1,3,-1.8795715016724421
5|5|4|1,6,0.5255024243765981
5|5|4|1,2,0.3650049906569523
5|5|4|1,4,3.0979693259032652
3|6|4|1,0,-0.14226476405050054
3|6|4|1,6,-0.5360954298594417
3|6|4|1,5,-0.34312580489586525
3|6|4|1,1,-0.30881901542418355
3|6|4|1,4,-0.6812211059560159
3|6|4|1,2,-0.12256241478135992
3|6|4|1,7,-0.9670567507912748
0|6|3|4,4,-0.9703110102567156
0|6|3|4,6,-1.6799461959254574
0|6|3|4,7,-2.630663572613101
0|6|3|4,3,-2.876403473168568
0|6|3|4,2,-1.924431799444408
0|6|3|4,1,-3.264403462594422
0|6|3|4,5,-1.5275588867820158
2|5|3|1,0,0.6789608496620215
2|5|3|1,6,-0.9405216257629622
2|5|3|1,7,-0.4942219833407532
2|5|3|1,1,0.10052302873493289
2|5|3|1,3,3.413890165691633
2|5|3|1,4,-0.4183394106243401
2|5|3|1,5,-1.0672342059916444
2|4|4|6,7,0.6323908094714173
2|4|4|6,1,0.5399599457846639
2|4|4|6,0,0.008114235077718024
2|4|4|6,5,0.7833491483918167
2|4|4|6,6,1.8532325159188239
2|4|4|6,4,4.9462153858751154
2|4|4|6,3,-0.4585890031223546
4|4|4|6,7,0.4723974334109222
4|4|4|6,3,-0.056127076770082884
4|4|4|6,5,-0.9165766807376972
4|4|4|6,2,-0.1887075951924575
4|4|4|6,1,-0.005027156418583048
4|4|4|6,6,3.210057918321729
4|4|4|6,0,0.1359637522176951
6|4|4|2,1,0.3599024506456744
6|4|4|2,7,2.113527766703015
6|4|4|2,2,2.039190643103396
6|4|4|2,5,1.0691939327875104
6|4|4|2,3,-0.16699113542169916
6|4|4|2,0,0.40084546151435646
6|4|4|2,4,3.444182929014583
1|3|5|7,7,3.024279618953484
1|3|5|7,0,2.061184358565884
1|3|5|7,4,1.5955193158068028
1|3|5|7,5,3.9221063691594624
1|3|5|7,3,0.40289606795133737
1|3|5|7,2,0.8429454538696126
1|3|5|7,6,0.8931048910310061
2|5|4|5,5,1.4124873077769353
2|5|4|5,0,-0.8108082640147953
2|5|4|5,4,-0.9477429674098139
2|5|4|5,1,-1.5497480010756406
2|5|4|5,6,0.714849087608806
2|5|4|5,7,0.4316715993666621
2|5|4|5,3,-1.7862350481112612
6|6|0|3,0,-0.6620378040272844
6|6|0|3,7,-1.3834354243978366
6|6|0|3,2,-0.9296181259270369
6|6|0|3,4,-1.9374372042115537
6|6|0|3,3,-0.5473020937035501
6|6|0|3,1,-1.4713883821717408
6|6|0|3,5,-0.5605443336133139
4|4|7|3,3,2.6560808681291928
4|4|7|3,6,1.6047201043591834
4|4|7|3,1,0.32774601789946
4|4|7|3,7,3.3720362639099295
4|4|7|3,0,-0.9974572152728607
4|4|7|3,5,1.1880753421471395
4|4|7|3,2,0.44740693525197117
4|1|3|6,0,2.4629699321819962
4|1|3|6,7,2.273633273160395
4|1|3|6,5,1.4602063995506973
4|1|3|6,1,1.838038007099835
4|1|3|6,2,1.6799428193794557
4|1|3|6,3,2.0103090863158184
4|1|3|6,6,4.579835289614175
1|4|2|3,4,0.7935210609393526
1|4|2|3,7,-0.1584299459753943
1|4|2|3,0,-0.7384971459761946
1|4|2|3,5,-0.20975294378133952
1|4|2|3,3,2.190259267480108
1|4|2|3,6,0.06659874003194435
1|4|2|3,2,-0.4551147886432969
4|4|2|1,6,-0.07560567134914105
4|4|2|1,7,1.0209263583120924
4|4|2|1,1,1.6233260411591954
4|4|2|1,0,-0.23456996717657463
4|4|2|1,5,1.3744993304770001
4|4|2|1,3,-0.6199206807490283
4|4|2|1,2,2.71765818889022
6|5|2|1,0,0.5738736187995133
6|5|2|1,2,3.934152518863065
6|5|2|1,1,0.4352532126635326
6|5|2|1,7,0.9756275171178944
6|5|2|1,4,0.1815795094662185
6|5|2|1,5,0.44360454229726176
6|5|2|1,3,0.2812526242067945
0|5|2|5,4,-1.5176115106040349
0|5|2|5,7,0.43710889648301815
0|5|2|5,3,-1.0625601051526181
0|5|2|5,5,-0.05815575345632734
0|5|2|5,6,0.10285430263622129
0|5|2|5,1,-1.3232596899879885
0|5|2|5,2,-1.5509755057366432
4|5|2|5,3,-0.8470660500212889
4|5|2|5,2,-1.6132989420444799
4|5|2|5,5,0.5038609838269934
4|5|2|5,6,0.8512203211043431
4|5|2|5,7,-0.014766971963306383
4|5|2|5,1,-1.6929475478944347
4|5|2|5,0,-2.115955258597752
3|5|2|5,4,-1.0502864756172814
3|5|2|5,7,0.03968533593763915
3|5|2|5,5,1.0483528475527888
3|5|2|5,1,-1.7040631506905433
3|5|2|5,2,-1.0646782762302804
3|5|2|5,6,0.13339509059275861
3|5|2|5,0,-2.071663588979796
2|5|2|5,5,-0.8039522933136984
2|5|2|5,1,-2.4202089451464777
2|5|2|5,0,-2.770036176261263
2|5|2|5,6,0.1464049718013963
2|5|2|5,4,-1.651311538436341
2|5|2|5,7,-0.5732292190481529
2|5|2|5,3,-0.9619075114321459
6|3|6|2,4,0.09619926895682246
6|3|6|2,2,2.412021709361206
6|3|6|2,1,-1.3033737320880354
6|3|6|2,5,0.7550556683751739
6|3|6|2,7,-0.08618343533097697
6|3|6|2,0,0.9014262925110424
6|3|6|2,3,1.5947857086524069
5|3|4|2,0,1.0117793613316444
5|3|4|2,6,1.400014008285169
5|3|4|2,4,2.305774482122821
5|3|4|2,2,3.1928653176898005
5|3|4|2,7,2.1478869920529666
5|3|4|2,3,1.3670415572549774
5|3|4|2,1,1.0099756762395398
3|6|4|6,1,-2.9284418918314747
3|6|4|6,0,-2.127507823320779
3|6|4|6,2,-1.060036421821969
3|6|4|6,7,0.6844499565536213
3|6|4|6,4,-1.6569485823200878
3|6|4|6,6,-1.2271787628715047
3|6|4|6,5,-3.0202354262975524
1|6|4|6,5,-1.4299471972839715
1|6|4|6,2,-2.190577634217719
1|6|4|6,0,-0.7643485722888363
1|6|4|6,6,-0.12789506202229067
1|6|4|6,3,-1.6096282055776743
1|6|4|6,7,-1.385230749468612
1|6|4|6,4,-1.56681932290047
2|5|5|6,7,-0.21427256546324008
2|5|5|6,6,1.0332656190754792
2|5|5|6,1,0.044682521839613694
2|5|5|6,4,0.2017092263682183
2|5|5|6,3,-0.6627690620462209
2|5|5|6,5,2.4786269819491604
2|5|5|6,0,-0.22520683505662764
7|5|5|6,0,-1.629360074485945
7|5|5|6,3,-0.2736267018750618
7|5|5|6,2,-0.04297325152150992
7|5|5|6,1,-0.254819279325154
7|5|5|6,4,0.20747247049117873
7|5|5|6,5,1.6788675421431019
7|5|5|6,6,-0.024078463852263088
4|5|5|3,6,0.7667615681757667
4|5|5|3,5,1.2804274082391773
4|5|5|3,7,-0.47032645058292255
4|5|5|3,1,0.10169054044485054
4|5|5|3,0,0.15536222804275596
4|5|5|3,2,-0.27270077474504
4|5|5|3,3,2.25884514844556
7|1|7|4,1,1.6530397450281276
7|1|7|4,3,0.9166479700614482
7|1|7|4,2,1.2084824157351093
7|1|7|4,0,1.5425535034410989
7|1|7|4,4,3.1661787984892804
7|1|7|4,5,3.314675487175771
7|1|7|4,6,1.8354727675315827
6|6|1|4,1,-2.5285320093335217
6|6|1|4,2,-2.3094770566302842
6|6|1|4,7,-2.023171436268807
6|6|1|4,4,0.04433397924128735
6|6|1|4,3,-1.9799739281357802
6|6|1|4,0,-2.8558839910102884
6|6|1|4,5,-1.0116303944676899
5|6|1|4,0,-2.4871298318070525
5|6|1|4,4,2.1590925135298034
5|6|1|4,7,-1.7280900354389592
5|6|1|4,6,-1.0461960699585908
5|6|1|4,1,-2.8518660739661845
5|6|1|4,2,-1.7807737193935913
5|6|1|4,3,-2.074356949392227
0|5|0|4,3,-1.9054326039476082
0|5|0|4,5,-0.6745791514592255
0|5|0|4,1,-1.5694870272572856
0|5|0|4,4,0.23543073674140447
0|5|0|4,7,-0.4579351919701258
0|5|0|4,6,-0.8363665705861222
0|5|0|4,2,-0.9436390798768902
7|3|3|4,2,0.15446745584918897
7|3|3|4,3,0.18627756728194916
7|3|3|4,0,-0.4562129300344676
7|3|3|4,4,3.623193655379564
7|3|3|4,6,0.35148993205409695
7|3|3|4,5,0.6770137444001257
7|3|3|4,1,0.5748259354505562
1|6|6|5,0,-1.3803110199810558
1|6|6|5,7,-0.5405526104953555
1|6|6|5,6,2.554535223554171
1|6|6|5,2,-0.8165174735171599
1|6|6|5,4,-1.4080531697799614
1|6|6|5,5,-1.389927246605868
1|6|6|5,3,-0.9149422448287542
0|6|6|5,3,-0.583010310475763
0|6|6|5,5,-0.7754509048176478
0|6|6|5,4,-0.7613522334425427
0|6|6|5,2,-1.348191726110984
0|6|6|5,6,4.216976634895291
0|6|6|5,7,-0.919721919689797
0|6|6|5,1,-1.0019563760570118
4|3|4|1,5,1.06678203552103
4|3|4|1,7,1.5632119298538127
4|3|4|1,1,1.6000104873757817
4|3|4|1,2,1.1467949680305818
4|3|4|1,6,2.355266462779134
4|3|4|1,0,-0.1834686417246838
4|3|4|1,3,1.2321015500546373
5|4|0|4,1,-0.5981530013551434
5|4|0|4,7,0.5055166376395813
5|4|0|4,4,2.1004208814388017
5|4|0|4,0,0.6307393593524457
5|4|0|4,6,0.22801445446015978
5|4|0|4,3,-0.2618236631077364
5|4|0|4,2,-1.0439974411280235
1|1|5|6,0,0.6578858741405789
1|1|5|6,2,0.9729836390022322
1|1|5|6,3,1.1421554667529852
1|1|5|6,5,1.4099624701674784
1|1|5|6,7,1.5943347373291374
1|1|5|6,6,4.518757292063684
1|1|5|6,4,1.482732300436523
0|1|5|7,7,4.757639265349844
0|1|5|7,2,0.13218223911100635
0|1|5|7,1,0.46221168387114725
0|1|5|7,5,0.09485514959783468
0|1|5|7,3,0.22771851793854034
0|1|5|7,6,0.28795647193950624
0|1|5|7,4,0.9396522618263455
7|2|7|5,2,0.08770103135359797
7|2|7|5,6,0.28935116740151884
7|2|7|5,3,0.1893848070418473
7|2|7|5,1,0.44994970340078844
7|2|7|5,0,0.32760460015249265
7|2|7|5,4,0.21079705725953574
7|2|7|5,5,2.4585279851102406
6|4|3|1,2,-0.17440351521453976
6|4|3|1,5,-0.150464816245021
6|4|3|1,3,0.9806615773531009
6|4|3|1,0,-0.7639194771382048
6|4|3|1,4,1.1906009610538555
6|4|3|1,1,0.9537054873057644
6|4|3|1,7,0.28056269923499616
7|5|3|1,3,2.533417088267432
7|5|3|1,5,0.08363681392139952
7|5|3|1,0,0.2716569259746642
7|5|3|1,6,0.4264290518792597
7|5|3|1,2,-0.4119062280861619
7|5|3|1,1,-0.2299557518250551
7|5|3|1,4,0.49380232362962095
2|1|5|6,3,1.3489035489121572
2|1|5|6,6,4.366920070217951
2|1|5|6,0,1.0480305858234624
2|1|5|6,5,1.2622162972080717
2|1|5|6,7,1.7330192528092514
2|1|5|6,4,1.2405189285265772
2|1|5|6,1,1.5001053200141743
6|4|2|3,3,2.6781885306282414
6|4|2|3,7,-0.5729414570587412
6|4|2|3,2,-0.13707204908435555
6|4|2|3,1,-1.0127818200384526
6|4|2|3,4,-0.044256732734537355
6|4|2|3,5,-0.12334427189169167
6|4|2|3,0,-0.86014126776265
7|5|3|2,1,0.018547356361197934
7|5|3|2,2,-0.16860611152366584
7|5|3|2,0,-1.4330404197807105
7|5|3|2,3,3.8381231203251787
7|5|3|2,4,0.179828866985853
7|5|3|2,5,-0.26759260866500284
7|5|3|2,6,0.05778356670540613
1|5|3|2,6,-0.483092095143883
1|5|3|2,4,-1.5099148112862928
1|5|3|2,5,-1.141037138327349
1|5|3|2,0,-1.7670377032646614
1|5|3|2,7,-0.7803460183006452
1|5|3|2,3,4.2510132102593134
1|5|3|2,2,-0.42313050451817236
6|6|3|2,0,-2.537049022861815
6|6|3|2,2,-0.5500944579901563
6|6|3|2,5,-0.04357687821156883
6|6|3|2,4,-0.00022009382667614874
6|6|3|2,1,0.045982301865819225
6|6|3|2,7,-0.998799486298776
6|6|3|2,3,3.635059341912288
7|6|3|4,2,-1.9912661126710556
7|6|3|4,3,-1.769064628949258
7|6|3|4,6,-2.2806403780059705
7|6|3|4,4,-1.6304034158942708
7|6|3|4,5,-1.786159428321617
7|6|3|4,1,-2.228128637415889
7|6|3|4,0,-1.7176865242361554
2|6|3|4,7,-3.150066743167321
2|6|3|4,4,1.3455385081319395
2|6|3|4,3,-2.290637603603375
2|6|3|4,1,-1.615576280813963
2|6|3|4,5,-1.4349831754147648
2|6|3|4,6,-1.3820604757883224
2|6|3|4,0,-3.248951781092351
6|4|2|4,5,-0.44626082284284263
6|4|2|4,3,-1.1238872290432136
6|4|2|4,2,-0.08497787946192639
6|4|2|4,7,-0.038040199235122196
6|4|2|4,4,2.4376350234773985
6|4|2|4,1,-0.8627217774510126
6|4|2|4,0,-0.5009312846117088
3|4|3|1,7,-0.09516549665359925
3|4|3|1,6,-0.15071725505438638
3|4|3|1,4,-0.12410600693344803
3|4|3|1,1,0.5518324857402566
3|4|3|1,2,-0.22608654038270998
3|4|3|1,0,-0.2905522534869151
3|4|3|1,5,-0.26441310845169363
3|3|1|6,7,0.2417772531421352
3|3|1|6,6,1.2119173342962772
3|3|1|6,4,-1.3482642593406187
3|3|1|6,1,2.8571983184612475
3|3|1|6,5,1.3034594589269002
3|3|1|6,2,1.4595285441986796
3|3|1|6,0,1.0569867105132846
4|5|5|1,5,2.7685269844721883
4|5|5|1,7,1.441590712800203
4|5|5|1,0,-0.13738471933252155
4|5|5|1,6,1.330807816628241
4|5|5|1,2,0.4036280673470686
4|5|5|1,1,0.5484854809152537
4|5|5|1,3,-0.8046609415622252
7|4|0|4,0,-0.041641859439299544
7|4|0|4,5,0.3332360693099536
7|4|0|4,4,1.945044231396163
7|4|0|4,1,-0.7485296847706294
7|4|0|4,2,-0.5283563345805364
7|4|0|4,6,-0.2958450071126355
7|4|0|4,3,-0.07742678157803591
2|1|6|7,3,0.2949785371516307
2|1|6|7,7,3.659131922450025
2|1|6|7,1,0.016911224520548024
2|1|6|7,6,0.12535955100903398
2|1|6|7,4,0.35033741211792074
2|1|6|7,5,0.4661328016736591
2|1|6|7,0,0.3584243422790817
6|5|4|2,2,1.6392147782584938
6|5|4|2,7,-1.033839216707523
6|5|4|2,1,-0.12815961876150214
6|5|4|2,3,-1.0330466052828728
6|5|4|2,5,-0.642899181285318
6|5|4|2,4,2.3905216205608513
6|5|4|2,0,-0.1910779262076939
2|5|2|4,4,1.9882537345503042
2|5|2|4,0,-1.4090218041922853
2|5|2|4,1,-1.6733135227685465
2|5|2|4,5,-0.3026319941400496
2|5|2|4,7,-0.38520486406440696
2|5|2|4,6,-0.21693040687269932
2|5|2|4,3,-2.3709915358957585
0|3|5|3,3,3.27373467816072
0|3|5|3,1,1.5237023648180261
0|3|5|3,4,1.7014442291932932
0|3|5|3,2,0.901040368428962
0|3|5|3,6,2.4716237042328095
0|3|5|3,5,2.22785689416299
0|3|5|3,7,2.0875850175120783
5|5|6|2,3,1.7521877419483496
5|5|6|2,7,-0.25926951198751835
5|5|6|2,6,1.1247358154910658
5|5|6|2,0,-0.4234658920520371
5|5|6|2,2,4.410774535559967
5|5|6|2,4,0.09073569317033933
5|5|6|2,1,0.5438360197349286
2|2|5|6,5,1.9824099275962983
2|2|5|6,7,1.8769451262952204
2|2|5|6,6,4.534471780032438
2|2|5|6,3,0.7570808649265269
2|2|5|6,0,1.9116038788546081
2|2|5|6,1,1.2662256791298634
2|2|5|6,4,2.3318944763927245
7|2|7|1,5,1.2731177445777786
7|2|7|1,6,1.2859357439138455
7|2|7|1,2,0.19280290846190917
7|2|7|1,1,3.4859206263021427
7|2|7|1,0,1.4709882921319364
7|2|7|1,3,0.582875618044983
7|2|7|1,4,1.4581951335314274
7|3|6|4,5,1.4603865479976639
7|3|6|4,3,1.041100367327591
7|3|6|4,1,0.5061152669347792
7|3|6|4,0,0.7438779189880526
7|3|6|4,2,-0.00685654819973236
7|3|6|4,6,0.798412276419536
7|3|6|4,4,3.1708580461994234
3|6|3|6,6,-1.6090849899925863
3|6|3|6,2,-2.4463140696322463
3|6|3|6,7,1.3321169466974532
3|6|3|6,5,-1.2899139254689953
3|6|3|6,1,-1.5453568346439577
3|6|3|6,0,-1.484929703513991
3|6|3|6,4,-1.5429462215307685
2|5|7|3,4,1.6654741348375404
2|5|7|3,7,1.5108946141355621
2|5|7|3,1,-0.030772396890966627
2|5|7|3,5,-0.36391841647140816
2|5|7|3,6,0.7332934155417263
2|5|7|3,0,-0.47012653773747914
2|5|7|3,3,4.249092159650782
6|6|0|5,2,-2.5789358782109093
6|6|0|5,5,-0.5119838357941352
6|6|0|5,1,-1.7838818540964962
6|6|0|5,0,-1.519739761469135
6|6|0|5,3,-1.2357358525681337
6|6|0|5,4,-1.4363877152703561
6|6|0|5,7,1.1440737530725178
3|4|2|4,1,-0.5331901251466722
3|4|2|4,7,0.2804250773253457
3|4|2|4,4,2.0459336183353423
3|4|2|4,2,-0.2393385636137895
3|4|2|4,0,0.16255513197551588
3|4|2|4,5,0.038598626037713385
3|4|2|4,6,0.026806208208924633
4|6|1|6,1,-1.0453127871943606
4|6|1|6,0,-1.600653740144647
4|6|1|6,6,-0.6924717399369643
4|6|1|6,5,-0.6505545087530589
4|6|1|6,2,-2.369549471445133
4|6|1|6,3,-0.5825701929895982
4|6|1|6,7,0.7421285970774358
1|6|1|6,6,-1.391390391573627
1|6|1|6,2,-1.0871596098358176
1|6|1|6,4,-0.6074826035788014
1|6|1|6,0,-1.5802643111058918
1|6|1|6,3,-0.585585460124703
1|6|1|6,5,-2.3474269736314044
1|6|1|6,7,1.4483325355341166
0|3|2|7,2,2.8183541467670286
0|3|2|7,1,0.21527049565143536
0|3|2|7,7,4.347324734124465
0|3|2|7,5,0.8879042946145603
0|3|2|7,3,1.0221391033343679
0|3|2|7,6,0.9107749948586003
0|3|2|7,4,1.152908656941217
4|3|4|2,0,-0.12960721442430578
4|3|4|2,1,0.5328760485595574
4|3|4|2,5,0.48891635054916
4|3|4|2,3,-0.09769622095880731
4|3|4|2,2,1.5548322843947309
4|3|4|2,6,2.569002534346599
4|3|4|2,7,0.6662107099183796
2|5|4|6,1,-0.2081510875443014
2|5|4|6,5,-1.9052618495857234
2|5|4|6,3,-0.6861001326286297
2|5|4|6,0,-1.0689789235247649
2|5|4|6,6,1.8285464610329294
2|5|4|6,4,-0.13855814410933548
2|5|4|6,7,-0.5654989400139063
1|6|2|6,0,-1.4670312541697883
1|6|2|6,2,-1.7565641594741346
1|6|2|6,7,1.3786893597875505
1|6|2|6,6,-0.7153656736860885
1|6|2|6,3,-1.6673426516194507
1|6|2|6,4,-1.2307595501549995
1|6|2|6,5,-2.23172600961844
2|6|2|6,5,-1.1708611822418646
2|6|2|6,6,1.3104479636590425
2|6|2|6,4,-1.009604011690813
2|6|2|6,0,-0.7778349619619057
2|6|2|6,7,-0.6315628636129538
2|6|2|6,3,-0.90780016354334
2|6|2|6,1,-1.0678037861591698
5|6|2|6,6,0.18743564199827925
5|6|2|6,3,-2.010260863425305
5|6|2|6,1,-1.7671504893437933
5|6|2|6,2,-0.9575087682431355
5|6|2|6,0,-2.960728106124008
5|6|2|6,7,0.2034132782181976
5|6|2|6,4,-1.3282417462264466
7|5|0|3,1,-1.7865683963675147
7|5|0|3,0,-1.9638253965386576
7|5|0|3,6,0.49101617089858574
7|5|0|3,3,1.1296934504221336
7|5|0|3,5,-0.053761957184731174
7|5|0|3,4,-1.5319976091470395
7|5|0|3,2,-2.2532577157246583
5|5|4|3,6,0.10692067909376927
5|5|4|3,1,0.01498955265285127
5|5|4|3,2,-0.35139525385948256
5|5|4|3,4,1.8462205427827056
5|5|4|3,3,1.0068157302646097
5|5|4|3,7,0.026913582652450807
5|5|4|3,0,-0.6096999540278774
1|4|7|4,4,1.5605506529145385
1|4|7|4,2,-1.4477665271654898
1|4|7|4,0,0.43561604418990424
1|4|7|4,3,0.45836414079470855
1|4|7|4,6,0.7932900543460715
1|4|7|4,7,1.6815901691177872
1|4|7|4,5,1.5073979456855477
2|3|4|7,5,1.2672967414817555
2|3|4|7,3,1.0463487805250207
2|3|4|7,4,2.4384792913712583
2|3|4|7,0,1.977151556234459
2|3|4|7,1,2.2855092663364265
2|3|4|7,7,4.952616678229313
2|3|4|7,6,1.2722894259885855
5|3|2|4,2,1.175027154839495
5|3|2|4,7,1.00278623693204
5|3|2|4,0,0.7876082615282133
5|3|2|4,6,-0.6169430769393801
5|3|2|4,3,0.2055055107321633
5|3|2|4,4,3.0473568663059627
5|3|2|4,1,0.8224482352136655
6|5|7|0,7,2.3050283914826917
6|5|7|0,4,0.8797408302902004
6|5|7|0,1,-0.47908925032032534
6|5|7|0,0,3.7655130228254943
6|5|7|0,3,1.36192727633468
6|5|7|0,5,1.7077752884677042
6|5|7|0,2,1.7114092272205352
1|4|4|6,7,0.5100054284259368
1|4|4|6,0,-1.583371307596893
1|4|4|6,5,-0.14935608864240052
1|4|4|6,2,0.37648418337783374
1|4|4|6,3,-0.5321342290785349
1|4|4|6,4,1.4135402757236282
1|4|4|6,6,3.5735863641897025
5|6|2|3,2,-0.3697811135211783
5|6|2|3,6,-1.98791852616398
5|6|2|3,3,0.3780757649486328
5|6|2|3,1,-1.3415083809526782
5|6|2|3,0,-1.784274238177349
5|6|2|3,4,-0.4726439183518884
5|6|2|3,7,-0.8768192273215216
0|4|5|7,4,1.3261581573455374
0|4|5|7,6,0.2880827482205366
0|4|5|7,3,0.20235005821392715
0|4|5|7,5,1.3811704133730338
0|4|5|7,7,5.148070688166984
0|4|5|7,2,0.9817205807138834
0|4|5|7,1,-0.23939441590096763
6|5|5|7,4,-0.06541159088475683
6|5|5|7,3,0.1664641749288545
6|5|5|7,5,5.59737360085354
6|5|5|7,0,-0.6844493315491234
6|5|5|7,1,0.4879524270174134
6|5|5|7,2,-0.9750000000000001
6|5|5|7,7,0.38196616354534757
4|5|5|7,5,-0.9879227867019924
4|5|5|7,6,-0.9973580737731395
4|5|5|7,2,-0.6270327340312289
4|5|5|7,7,2.057082283255862
4|5|5|7,3,-0.5280534735911595
4|5|5|7,0,-0.2949168489265056
4|5|5|7,1,-0.5257848867465085
4|5|1|3,0,-1.4009871581685152
4|5|1|3,6,-0.30854488961885596
4|5|1|3,1,-1.805350233902166
4|5|1|3,2,-2.6766711578176117
4|5|1|3,3,0.25788525436403825
4|5|1|3,7,-0.8874306367029108
4|5|1|3,5,-0.8734130860030007
1|6|0|3,3,1.5183451602205198
1|6|0|3,5,-1.486845564151855
1|6|0|3,6,-0.6063287512142468
1|6|0|3,4,-0.1680050900321236
1|6|0|3,0,-2.6376152416318486
1|6|0|3,2,-1.4337559627205954
1|6|0|3,7,0.04243481873774302
0|5|6|4,6,1.036068966090676
0|5|6|4,1,-1.1870414327385423
0|5|6|4,7,1.4198141390903307
0|5|6|4,5,1.199366269794731
0|5|6|4,4,5.317800559414304
0|5|6|4,3,-0.07231066848712553
0|5|6|4,2,-1.3268989063937031
6|5|2|5,7,-2.113859103579827
6|5|2|5,3,-1.5282636487878491
6|5|2|5,5,-0.9351218935214726
6|5|2|5,0,-0.18315982852153537
6|5|2|5,1,-0.19417104136648333
6|5|2|5,2,2.013332110601168
6|5|2|5,4,-0.4881502224586563
3|2|7|5,7,2.875951929912011
3|2|7|5,0,1.6424701599619982
3|2|7|5,6,1.7398055468566453
3|2|7|5,2,1.2765001412657397
3|2|7|5,5,4.380120787134597
3|2|7|5,1,1.169715400163553
3|2|7|5,4,1.1107696734037464
7|5|2|1,5,-1.4802443960076732
7|5|2|1,0,-1.23818394003131
7|5|2|1,2,3.0094195786929907
7|5|2|1,6,-0.26034719345034224
7|5|2|1,4,-0.33483948973365574
7|5|2|1,3,-0.20296605504156917
7|5|2|1,1,0.19731031423344686
7|4|3|4,0,-0.4243525955273014
7|4|3|4,6,0.03776233218050007
7|4|3|4,2,-1.2599498901136006
7|4|3|4,1,0.24406295052629678
7|4|3|4,4,2.742717743048754
7|4|3|4,5,0.248572331849355
7|4|3|4,3,0.6103383974431885
4|4|4|1,2,-0.24548801715049107
4|4|4|1,0,0.44657594256570526
4|4|4|1,3,0.09781962481153811
4|4|4|1,6,0.2736002551103593
4|4|4|1,1,0.6572432105730092
4|4|4|1,7,-0.5224454415333917
4|4|4|1,5,0.16839325170062194
0|6|3|6,5,-0.6430477273359874
0|6|3|6,2,-2.42164951308912
0|6|3|6,1,-1.364617376967781
0|6|3|6,3,-1.5642454298443098
0|6|3|6,6,0.8246394944914889
0|6|3|6,4,-0.905987319665047
0|6|3|6,7,-1.3440638741789184
5|6|3|6,7,-1.6148380305843584
5|6|3|6,2,-2.5994769682791214
5|6|3|6,3,-1.377162875358304
5|6|3|6,0,-1.8770472386883361
5|6|3|6,6,0.6457908795386542
5|6|3|6,4,-1.7675198053527654
5|6|3|6,1,-1.6991122133613237
2|6|1|5,5,0.8582851173288124
2|6|1|5,6,-0.4087367162514073
2|6|1|5,1,-1.8786712574332893
2|6|1|5,0,-1.256742175827894
2|6|1|5,4,-1.445543471346935
2|6|1|5,7,0.11275605813762067
2|6|1|5,3,-1.6098936896254614
6|6|3|0,5,-2.0139387109718814
6|6|3|0,3,2.431382941484707
6|6|3|0,4,-0.05
6|6|3|0,1,-0.05
6|6|3|0,2,-0.5
6|6|3|0,7,0.06366575483698164
6|6|3|0,0,0.7423643818280156
7|3|7|3,1,0.26078745933335207
7|3|7|3,3,0.34059842947717617
7|3|7|3,5,-0.3290455724310993
7|3|7|3,6,2.101760895725718
7|3|7|3,2,-0.2055276022339203
7|3|7|3,4,0.3202035110962062
7|3|7|3,0,0.18174011653486444
6|6|1|3,0,-0.39799767334900943
6|6|1|3,1,-2.8907413253686127
6|6|1|3,2,-2.550087787418898
6|6|1|3,4,-2.8570934212022814
6|6|1|3,5,-1.028879472987867
6|6|1|3,7,-0.20433684619010772
6|6|1|3,3,0.8790895137262781
0|6|1|3,2,-1.3098394763639876
0|6|1|3,1,-3.905458001236153
0|6|1|3,4,-0.7089787449675451
0|6|1|3,5,-1.2285076552719565
0|6|1|3,7,-0.9271647798518172
0|6|1|3,3,1.7503589726513467
0|6|1|3,6,-1.547934103655252
2|6|1|3,6,-2.040432752772807
2|6|1|3,5,0.20410042907438047
2|6|1|3,7,-2.9780756878209695
2|6|1|3,4,-1.7355801762179919
2|6|1|3,1,-0.8943235786415564
2|6|1|3,0,-3.0526271080075604
2|6|1|3,3,-0.10247374610766163
5|4|5|7,2,-1.558555429638004
5|4|5|7,3,0.8953006678387003
5|4|5|7,7,0.2905631642574685
5|4|5|7,1,1.173538767997585
5|4|5|7,4,0.6868436340007913
5|4|5|7,0,0.8648504155034333
5|4|5|7,6,0.4970356895122154
2|5|5|7,7,3.3680228919659205
2|5|5|7,6,0.372376103240609
2|5|5|7,0,0.27827539226999387
2|5|5|7,1,0.5750147491371587
2|5|5|7,4,-0.09867292584230672
2|5|5|7,3,0.3710156473548363
2|5|5|7,5,1.654411823807679
4|1|5|7,1,0.5677845137968143
4|1|5|7,7,4.979195986569624
4|1|5|7,2,0.636601641417161
4|1|5|7,6,0.5617940899059801
4|1|5|7,5,0.18712942832141977
4|1|5|7,3,0.41568664622165713
4|1|5|7,0,0.4569071318673818
2|1|5|7,4,0.5224144366468679
2|1|5|7,5,0.2079748425503863
2|1|5|7,6,0.8429573289413231
2|1|5|7,7,4.722194703273631
2|1|5|7,0,-0.18842005724650765
2|1|5|7,1,0.4027163838854101
2|1|5|7,3,0.5486464170668042
3|5|5|6,6,-0.7494481426118608
3|5|5|6,5,-0.699715586823658
3|5|5|6,1,-0.9829525461400737
3|5|5|6,7,-1.0325810800924797
3|5|5|6,0,-0.968226909447548
3|5|5|6,4,-0.8083548276057851
3|5|5|6,2,-0.4634107151536383
1|6|7|5,4,0.023160157196160963
1|6|7|5,5,2.0196078447022883
1|6|7|5,3,0.7155262347776646
1|6|7|5,6,0.5668471157810238
1|6|7|5,7,6.287582229252756
1|6|7|5,2,-0.045363515905319896
1|6|7|5,0,-0.8441921385744272
4|6|7|5,0,-0.28635772302768936
4|6|7|5,3,-0.7395057511742611
4|6|7|5,1,0.4290259277145001
4|6|7|5,2,-0.09095387726456716
4|6|7|5,7,7.853335346759385
4|6|7|5,5,1.807326010507317
4|6|7|5,6,0.6334742033727686
0|6|7|5,4,-0.2242814126442136
0|6|7|5,3,-0.6575030156048045
0|6|7|5,2,-0.1143838919622564
0|6|7|5,5,0.10249990550552329
0|6|7|5,7,5.54010780922642
0|6|7|5,1,0.3504988314161356
0|6|7|5,6,0.30476754314543986
7|6|6|2,2,0.59394932303873
7|6|6|2,4,-0.4913171775389346
7|6|6|2,6,3.298885815734773
7|6|6|2,5,-0.8070720077003471
7|6|6|2,0,0.43914220792335834
7|6|6|2,1,-0.470603955414716
7|6|6|2,3,-0.46214411819426127
6|6|4|3,4,-0.39034285973847815
6|6|4|3,1,-0.17501217236216168
6|6|4|3,5,-2.162615637440536
6|6|4|3,0,-0.9900269490576523
6|6|4|3,2,-0.19249951364223303
6|6|4|3,7,0.1408020456187108
6|6|4|3,3,0.01299916314735472
3|6|4|5,4,-2.6709269194502956
3|6|4|5,7,-0.5024003345168911
3|6|4|5,2,-1.811344330628762
3|6|4|5,5,-0.5045092961752524
3|6|4|5,6,-2.6472257218549284
3|6|4|5,0,-1.6525633408514904
3|6|4|5,1,-2.705653375540395
4|6|4|5,5,-1.3024350304369858
4|6|4|5,7,-0.2392036478284274
4|6|4|5,0,-1.6681109262722584
4|6|4|5,6,-1.223634685178405
4|6|4|5,2,-2.633744067739079
4|6|4|5,1,-1.8905191795951608
4|6|4|5,3,-1.4699694714402836
0|2|7|4,2,1.6952455127848607
0|2|7|4,6,1.5737568579101924
0|2|7|4,3,0.8429871395398646
0|2|7|4,4,3.8374485062600634
0|2|7|4,7,3.369177585403552
0|2|7|4,5,2.122964817772063
0|2|7|4,1,1.0819497909056335
2|4|3|6,0,0.10560701894730384
2|4|3|6,7,-0.22094256421317282
2|4|3|6,3,3.4446743270523137
2|4|3|6,4,0.23370796017208773
2|4|3|6,1,-0.2978283830784989
2|4|3|6,5,0.6711816679388676
2|4|3|6,6,1.8476687888306993
0|4|3|6,5,0.24181969075950924
0|4|3|6,7,0.328403895949898
0|4|3|6,2,0.31497454396733476
0|4|3|6,6,2.946713605516943
0|4|3|6,4,-0.23813400333239076
0|4|3|6,1,-0.05419744292509665
0|4|3|6,3,1.832176234339694
5|4|3|6,6,0.06690990887261669
5|4|3|6,7,-1.055878011896763
5|4|3|6,0,-0.22975105297351361
5|4|3|6,1,0.01061200186603349
5|4|3|6,3,4.162637959396481
5|4|3|6,4,0.34907016076104136
5|4|3|6,2,0.5415538414232859
2|6|0|5,5,0.797352863560996
2|6|0|5,0,-2.8942060051050316
2|6|0|5,7,-1.7684395090235463
2|6|0|5,3,-1.0187708350150042
2|6|0|5,4,-2.542275829851167
2|6|0|5,1,-2.3332397582196904
2|6|0|5,6,-0.5864094597916887
6|3|1|4,0,0.5824762891562463
6|3|1|4,5,0.15846235429902905
6|3|1|4,7,-0.06658444464889346
6|3|1|4,2,-0.19953704944741252
6|3|1|4,3,0.07721474190017286
6|3|1|4,1,1.2165892858132608
6|3|1|4,4,3.588665587573066
4|5|1|5,7,0.34826529837985204
4|5|1|5,0,-1.3725960463812126
4|5|1|5,1,-1.3920168370498023
4|5|1|5,3,-1.9363089755329117
4|5|1|5,2,-2.8513813857331494
4|5|1|5,6,0.8915447212348616
4|5|1|5,5,-0.03890522147066516
2|3|2|6,5,0.7188450843872891
2|3|2|6,1,1.2600303154413532
2|3|2|6,7,0.38129318319896305
2|3|2|6,0,0.3504081005545048
2|3|2|6,4,-0.32011406237922463
2|3|2|6,3,1.1173405316035592
2|3|2|6,6,3.5498085502335384
4|3|2|6,1,-0.3333337872307396
4|3|2|6,2,0.6980358956842421
4|3|2|6,5,1.3397965496646211
4|3|2|6,7,0.4003461640487352
4|3|2|6,6,3.9644010242926897
4|3|2|6,3,0.32143913999745766
4|3|2|6,0,0.6553270219265384
6|5|1|7,4,-0.19975623721347552
6|5|1|7,7,0.9622411446862585
6|5|1|7,5,0.25604219668534267
6|5|1|7,2,0.1094405013622238
6|5|1|7,1,3.4966307470534757
6|5|1|7,0,-0.42092425313318677
6|5|1|7,3,-0.6291515260969908
4|5|1|7,5,-2.1746648452974524
4|5|1|7,7,-1.4376978451760185
4|5|1|7,3,-0.5475
4|5|1|7,0,-0.22970058014636413
4|5|1|7,6,-0.492838333074266
4|5|1|7,2,0.031905355335242636
4|5|1|7,1,4.113463417582567
0|4|0|5,2,-1.0429515029497027
0|4|0|5,7,1.1089683563751844
0|4|0|5,4,-0.44092300500044657
0|4|0|5,6,0.2624901305514568
0|4|0|5,5,0.9004762708373912
0|4|0|5,1,-0.7031826257611368
0|4|0|5,3,-0.35967543425478926
7|1|2|6,4,1.556136841509699
7|1|2|6,3,-0.3903136961932893
7|1|2|6,2,1.0998648101035429
7|1|2|6,1,0.3498373573584728
7|1|2|6,5,0.267761768166146
7|1|2|6,6,4.868091229288874
7|1|2|6,0,0.7889870454953822
3|1|4|7,7,4.707229929940988
3|1|4|7,5,0.6070415864627006
3|1|4|7,1,0.4113286271059914
3|1|4|7,4,0.4208582590628575
3|1|4|7,6,0.5946425647124146
3|1|4|7,2,0.3853539859229886
3|1|4|7,0,0.3220114856847819
6|6|0|2,1,-2.1098834356531175
6|6|0|2,7,-0.9480480159592648
6|6|0|2,0,-1.0842500902221204
6|6|0|2,3,-1.9114447161616277
6|6|0|2,5,-1.9417361016478496
6|6|0|2,2,1.0311298200587475
6|6|0|2,4,-0.9078898118242458
6|4|4|5,3,0.11747353972875922
6|4|4|5,0,0.2540893028646686
6|4|4|5,2,0.45758732114509126
6|4|4|5,5,-0.06927256226359607
6|4|4|5,7,0.7403968441209329
6|4|4|5,4,2.016599154243752
6|4|4|5,1,-0.22408441075166355
4|4|4|5,7,1.0366825675922016
4|4|4|5,6,0.7390607546597459
4|4|4|5,0,0.1667065019077543
4|4|4|5,3,0.24512840196112945
4|4|4|5,1,0.03318377128778412
4|4|4|5,5,2.768990359250338
4|4|4|5,2,0.3335024281618608
2|5|4|0,5,0.5186033146520589
2|5|4|0,3,0.01399888072603682
2|5|4|0,7,1.0491358862061713
2|5|4|0,4,2.142354378810688
2|5|4|0,0,0.8164381872486183
2|5|4|0,1,0.47904803117979133
2|5|4|0,6,-0.8336775695592011
1|2|7|5,2,0.7719937748267118
1|2|7|5,0,0.5264888933683034
1|2|7|5,6,1.705240573434334
1|2|7|5,3,1.5302750338958162
1|2|7|5,5,4.522262974581133
1|2|7|5,7,2.432984109903527
1|2|7|5,4,0.7965347055818219
6|4|1|5,7,0.14384440064480758
6|4|1|5,0,0.3472288235069051
6|4|1|5,4,-0.11220696016547708
6|4|1|5,5,2.6298378837935688
6|4|1|5,3,-0.9421485665989365
6|4|1|5,1,0.21763628103685662
6|4|1|5,2,-0.04263749690162485
5|3|5|4,0,-1.56351248157362
5|3|5|4,6,2.5817350191836623
5|3|5|4,2,0.2934560593085632
5|3|5|4,7,0.41308144249643197
5|3|5|4,4,1.092291718944118
5|3|5|4,1,-0.017219478155009002
5|3|5|4,3,0.23163916595491402
6|4|6|4,4,1.0590518716158037
6|4|6|4,5,0.09239090509254064
6|4|6|4,1,0.019612013445120487
6|4|6|4,7,-0.31742567238289365
6|4|6|4,2,0.09113744604053736
6|4|6|4,3,0.04634776361401466
6|4|6|4,0,0.06230815190053052
6|5|2|3,1,-2.4238981049836266
6|5|2|3,3,-1.1003374305555707
6|5|2|3,0,-2.5672826740925907
6|5|2|3,7,-1.2624340649169055
6|5|2|3,4,0.4544369733455202
6|5|2|3,2,-1.2426591390217674
6|5|2|3,5,-1.4120016241683713
6|4|2|5,0,-0.20680962453596205
6|4|2|5,5,0.3344496516328418
6|4|2|5,2,2.3801258777563588
6|4|2|5,4,0.3019077741232105
6|4|2|5,3,0.3859562441568638
6|4|2|5,7,0.10393740039522395
6|4|2|5,1,-0.3613393356432206
2|4|2|6,0,0.06834969300440094
2|4|2|6,1,0.21123112758285764
2|4|2|6,6,2.3216224590201944
2|4|2|6,7,-0.3879664732162475
2|4|2|6,3,0.019502065859330314
2|4|2|6,5,0.22419947161026796
2|4|2|6,4,0.10229679399249797
7|3|4|6,3,0.46464001103413566
7|3|4|6,4,3.881985702373398
7|3|4|6,5,-0.020484749582732192
7|3|4|6,6,2.9078241681737778
7|3|4|6,1,0.6234409135461748
7|3|4|6,0,-0.15708845087656048
7|3|4|6,2,1.165462431597542
5|6|6|2,3,-0.14306540193257392
5|6|6|2,2,-1.5312913145710279
5|6|6|2,0,-0.2981385587751285
5|6|6|2,1,-0.06874130608563214
5|6|6|2,4,-0.4840219037458555
5|6|6|2,6,4.833339477889298
5|6|6|2,7,-0.41756871804811646
3|6|6|2,5,-0.04466843845680743
3|6|6|2,7,-0.42076997223487766
3|6|6|2,2,0.2727171393373805
3|6|6|2,4,0.008300080719139092
3|6|6|2,1,-0.6377525378595468
3|6|6|2,6,2.0550744657651165
3|6|6|2,0,-0.4251855410437135
4|4|0|5,3,-0.1888990353300229
4|4|0|5,0,-0.1930189352918514
4|4|0|5,2,-0.24021647625298165
4|4|0|5,7,0.7014409044091602
4|4|0|5,5,1.3443770577158087
4|4|0|5,1,-1.1792395901852215
4|4|0|5,6,0.9267279745284132
3|4|0|5,2,0.09510798680478014
3|4|0|5,6,0.6187320587625407
3|4|0|5,0,-0.25147898778369626
3|4|0|5,1,-0.47547468111217184
3|4|0|5,4,-0.8191375527887926
3|4|0|5,5,1.0917638174256608
3|4|0|5,7,0.5026317590461764
6|5|2|4,1,-2.5026183189537488
6|5|2|4,5,-0.2667089962860893
6|5|2|4,0,-1.4851429069539412
6|5|2|4,3,-1.7044897311523672
6|5|2|4,7,0.4407419056875996
6|5|2|4,2,-1.290858839346423
6|5|2|4,4,0.22467826921477158
6|5|7|4,3,-0.9578516474923479
6|5|7|4,4,3.221267681612191
6|5|7|4,0,-0.46353476023942053
6|5|7|4,7,0.3300727888780096
6|5|7|4,2,-0.28032103019650534
6|5|7|4,5,2.1434868890275935
6|5|7|4,1,-0.1400048524732051
3|5|7|0,7,2.745182697327423
3|5|7|0,4,0.12439372859962616
3|5|7|0,2,1.2981216541751848
3|5|7|0,0,3.052350187817262
3|5|7|0,6,0.883285444848245
3|5|7|0,1,0.3012108096058166
3|5|7|0,5,1.023301697263053
7|2|7|2,3,0.8436715696950572
7|2|7|2,5,0.8103952456754189
7|2|7|2,6,1.3782944178610945
7|2|7|2,0,0.7186830846636006
7|2|7|2,4,2.2991466740364417
7|2|7|2,1,0.8281057712482507
7|2|7|2,2,1.2727923432222503
2|4|5|7,7,2.498016072149693
2|4|5|7,5,4.828388204403636
2|4|5|7,6,0.7440690722905201
2|4|5|7,0,1.2178989417321957
2|4|5|7,4,0.04265162171433756
2|4|5|7,3,1.4973667602774245
2|4|5|7,1,0.7507528977250585
3|6|6|0,6,5.024067775960762
3|6|6|0,0,-0.07513066640450503
3|6|6|0,4,-0.5354782412613609
3|6|6|0,7,-0.48288000000000425
3|6|6|0,1,-0.645595302976534
3|6|6|0,5,-0.48693620766953133
3|6|6|0,2,-0.028400006884073372
6|4|6|0,1,-0.5507878944507227
6|4|6|0,2,0.7623844698802776
6|4|6|0,0,3.014757783533801
6|4|6|0,4,-0.16217910427035104
6|4|6|0,3,0.7055792039087998
6|4|6|0,5,-0.1853180487087646
6|4|6|0,7,0.39304221761676156
4|6|0|6,0,-1.779300386625076
4|6|0|6,7,-0.07270104843801506
4|6|0|6,5,-0.4454520892220536
4|6|0|6,1,-0.8782128087287282
4|6|0|6,6,-0.48860720672609975
4|6|0|6,3,-0.8069270723134255
4|6|0|6,2,-0.6623488229915176
5|6|1|3,0,-0.5681271847213654
5|6|1|3,1,-1.006497147996045
5|6|1|3,6,-2.6917320354579095
5|6|1|3,2,-1.403512459432206
5|6|1|3,3,1.6782411669150414
5|6|1|3,7,-1.9662479255460612
5|6|1|3,4,-0.551004892297253
1|6|2|3,0,-1.4569113272100924
1|6|2|3,5,-1.948901592016452
1|6|2|3,3,-0.3856894536940693
1|6|2|3,2,-1.524574445714531
1|6|2|3,6,-0.7040293930843944
1|6|2|3,7,0.06913395592367597
1|6|2|3,4,-1.2014364929537613
5|5|0|7,3,-2.2764115702087606
5|5|0|7,0,3.069661258940572
5|5|0|7,6,-0.387021134093286
5|5|0|7,1,-0.0443717353578921
5|5|0|7,7,0.5175786417472792
5|5|0|7,4,-0.4002598663692119
5|5|0|7,2,-0.03191740669065981
6|2|6|4,5,1.1070399150758958
6|2|6|4,2,0.5803478134166961
6|2|6|4,0,0.6935385204278135
6|2|6|4,3,0.1645035289191023
6|2|6|4,7,1.2414927149867008
6|2|6|4,1,1.0151573820036528
6|2|6|4,4,3.6997362022471054
5|3|6|4,2,0.8007274281294487
5|3|6|4,4,2.111610371870957
5|3|6|4,1,0.6172177623280516
5|3|6|4,6,1.1791852414837447
5|3|6|4,7,3.550365141676968
5|3|6|4,0,0.9850950967640574
5|3|6|4,3,0.5738266920796242
5|5|2|4,1,-1.4852945768107717
5|5|2|4,4,1.1578249319426028
5|5|2|4,6,-0.8011267417060435
5|5|2|4,2,-1.864202805810852
5|5|2|4,3,-1.6259830343161639
5|5|2|4,0,-1.110217314948032
5|5|2|4,7,-0.6391088378038512
5|4|3|7,0,0.19650301405057974
5|4|3|7,2,0.5031356968150714
5|4|3|7,3,0.9665663941786224
5|4|3|7,7,4.168009707103197
5|4|3|7,1,0.26259238037161087
5|4|3|7,4,-0.14613391237946666
5|4|3|7,6,0.34316578517042795
5|5|3|2,6,-1.2650507595906704
5|5|3|2,2,0.07915716322502753
5|5|3|2,7,-0.8772081462839036
5|5|3|2,3,0.8572273832381758
5|5|3|2,0,-0.1304452905451578
5|5|3|2,1,-0.7187525182535685
5|5|3|2,4,-0.2220141573273618
0|5|4|1,2,-0.5941449524779114
0|5|4|1,4,1.3731778802576524
0|5|4|1,6,-0.34822529229379323
0|5|4|1,3,-0.688561247591768
0|5|4|1,1,1.4989947902150247
0|5|4|1,5,0.01549334535083486
0|5|4|1,7,0.1739728978281948
2|6|4|1,7,-0.18490797669334968
2|6|4|1,1,-0.4524452339041485
2|6|4|1,6,0.008304626343851797
2|6|4|1,0,-0.6216503113445453
2|6|4|1,3,-0.588179508109482
2|6|4|1,4,1.7528326761443938
2|6|4|1,5,-0.5
6|6|4|1,4,3.2847548017004433
6|6|4|1,2,-1.5065230929905022
6|6|4|1,3,-0.9999637268418593
6|6|4|1,1,-0.23605983933396382
6|6|4|1,0,-1.0626365825829105
6|6|4|1,5,-0.02551986197211862
6|6|4|1,7,-0.05
2|4|3|7,0,0.348287254254247
2|4|3|7,3,3.176131956410459
2|4|3|7,5,0.26361632578527316
2|4|3|7,1,0.5457294279140384
2|4|3|7,4,0.2243847351890702
2|4|3|7,7,3.3056529311209486
2|4|3|7,6,0.17723795503054612
6|6|4|5,1,-1.3876020351554081
6|6|4|5,3,-0.4883386054566955
6|6|4|5,5,0.9699373980398992
6|6|4|5,7,-1.6999630392791383
6|6|4|5,4,-1.7704851041332184
6|6|4|5,2,-1.251605668044218
6|6|4|5,0,-1.4983823023252243
1|6|4|5,5,-1.851910710192601
1|6|4|5,3,-2.5693102873912954
1|6|4|5,7,-1.4952348821415669
1|6|4|5,6,-1.704341339392073
1|6|4|5,0,-3.2370749471707736
1|6|4|5,2,-2.3924912359321784
1|6|4|5,4,-2.2983786279597824
2|6|0|1,6,-1.0403147445041638
2|6|0|1,1,1.7574664676578604
2|6|0|1,4,-0.6086748967671739
2|6|0|1,7,-0.2701395994140506
2|6|0|1,0,-0.18272627694573543
2|6|0|1,5,-0.9065743250029638
2|6|0|1,3,-0.3712653255441849
4|6|7|1,6,-1.6604790952101292
4|6|7|1,0,0.17968865707860396
4|6|7|1,7,2.767197781215911
4|6|7|1,3,-1.1771138005347228
4|6|7|1,5,-0.4227566521901926
4|6|7|1,1,1.0023309316715472
4|6|7|1,2,0.04256965930625742
2|3|1|7,1,2.4151933708129296
2|3|1|7,7,3.7255803922860102
2|3|1|7,3,1.1777773435610117
2|3|1|7,6,0.9218012537024483
2|3|1|7,0,0.5929189471546708
2|3|1|7,4,0.5214953559804854
2|3|1|7,5,1.1301907976341656
0|6|0|5,7,-1.2040107215442197
0|6|0|5,1,-1.5915579252334073
0|6|0|5,3,-1.1972320836656056
0|6|0|5,6,-1.4305948326295987
0|6|0|5,5,-1.1723770025714708
0|6|0|5,4,-1.4311562054168812
0|6|0|5,2,-1.2295867102442242
6|2|7|5,1,-0.06834204782240608
6|2|7|5,7,0.5202517519868318
6|2|7|5,0,0.3981150139153228
6|2|7|5,4,0.3200941975516882
6|2|7|5,3,-0.27127944996015296
6|2|7|5,5,3.8077441213554395
6|2|7|5,2,0.26832348527243255
3|5|2|6,4,0.07305442462783038
3|5|2|6,7,-0.4156233932925435
3|5|2|6,5,0.1498958570461526
3|5|2|6,0,-0.048241346420375246
3|5|2|6,6,-0.1175034102208824
3|5|2|6,2,0.8654108946066664
3|5|2|6,1,-0.04770267415902916
4|5|2|6,2,4.196066713044034
4|5|2|6,7,-0.4841419169640293
4|5|2|6,0,-0.5475490883832881
4|5|2|6,1,-0.5453175404510777
4|5|2|6,3,-1.0025879388142884
4|5|2|6,6,0.019513212286363074
4|5|2|6,5,0.17214455878499793
0|6|1|6,4,-0.7529561942367063
0|6|1|6,7,-1.6132980678260354
0|6|1|6,1,-1.00188764799394
0|6|1|6,5,-1.5911923163894386
0|6|1|6,2,-0.7455483491041022
0|6|1|6,6,-0.25745166539494807
0|6|1|6,3,-1.3394158921423598
3|6|7|2,0,-0.05818548246010477
3|6|7|2,7,5.975869466770381
3|6|7|2,1,0.006280026607629417
3|6|7|2,4,-0.26099742295022554
3|6|7|2,2,1.125808639487381
3|6|7|2,6,-0.8670055729561497
3|6|7|2,5,0.12022418973583568
5|6|7|2,1,0.0017635385360831868
5|6|7|2,7,5.614082831514882
5|6|7|2,2,0.9581366857617556
5|6|7|2,3,-1.2424598629742605
5|6|7|2,6,-0.8444970105071719
5|6|7|2,4,0.27280626035175015
5|6|7|2,0,-0.9095585062639204
4|6|7|2,1,-1.5938749809758772
4|6|7|2,5,-0.23454546780928698
4|6|7|2,3,-0.774032401281872
4|6|7|2,0,0.22809170438005588
4|6|7|2,6,-0.48685630906791894
4|6|7|2,7,3.6100395475513416
4|6|7|2,2,0.5314790787299344
7|5|1|4,6,-1.1919495237823488
7|5|1|4,5,-0.6577017739422604
7|5|1|4,2,-2.630969611886655
7|5|1|4,3,-1.8999929891390324
7|5|1|4,4,0.49954007157028946
7|5|1|4,0,-1.1323554090846888
7|5|1|4,1,-1.4904894710910241
3|5|4|6,6,2.1808840235085496
3|5|4|6,4,-0.37749223149273103
3|5|4|6,1,-0.460449727542995
3|5|4|6,7,-0.02756845665822156
3|5|4|6,5,0.010398573126887092
3|5|4|6,0,-0.08534079046670787
3|5|4|6,2,0.0004802830672268568
2|1|0|7,6,1.0201384773979099
2|1|0|7,5,-0.6684248176972885
2|1|0|7,4,0.6308831791291902
2|1|0|7,1,0.9113315377055864
2|1|0|7,0,0.8270251105018692
2|1|0|7,3,0.7294702853574905
2|1|0|7,7,4.4906136938893715
7|5|3|4,3,-0.6078994966358613
7|5|3|4,5,-1.1474838095767603
7|5|3|4,0,-1.03387009153991
7|5|3|4,4,-0.68758197975082
7|5|3|4,1,-2.0824380868259187
7|5|3|4,2,-1.1362628187656254
7|5|3|4,6,-0.3621930508192608
7|6|1|3,2,-1.5254325006534768
7|6|1|3,0,-1.271749564045141
7|6|1|3,5,-0.7280077301526529
7|6|1|3,6,-1.1102879131412131
7|6|1|3,1,-1.4150879502111886
7|6|1|3,3,0.27206753214583257
7|6|1|3,4,-1.8225972193438793
5|6|5|6,4,-1.6859221522532613
5|6|5|6,1,-2.446233995695468
5|6|5|6,0,-1.7187439328835463
5|6|5|6,2,-2.5232139466668944
5|6|5|6,6,0.7217569017286564
5|6|5|6,3,-1.726136473929308
5|6|5|6,7,-0.9719884275794617
4|6|5|6,6,0.456335323798532
4|6|5|6,7,1.9189451794735568
4|6|5|6,0,-1.0033761876519303
4|6|5|6,3,-1.4792707094308295
4|6|5|6,5,-1.581496295623447
4|6|5|6,2,-1.9312571287458806
4|6|5|6,1,-1.5152305261789023
6|5|1|5,5,2.4409499696026242
6|5|1|5,1,0.8552882174562201
6|5|1|5,7,-0.4906408741070356
6|5|1|5,0,-0.5559371641806
6|5|1|5,4,-0.07805407698866036
6|5|1|5,3,-0.9755972595953883
6|5|1|5,2,-0.658265150936154
7|3|7|6,5,-0.17903058603279848
7|3|7|6,6,-0.4
7|3|7|6,3,0.02312025701481309
7|3|7|6,1,-0.0009172541960747072
7|3|7|6,4,-0.4751388007387299
7|3|7|6,2,-0.12695813402717837
7|3|7|6,0,0.08099694256518007
5|3|7|6,3,0.15709563218143963
5|3|7|6,4,0.24332049721480908
5|3|7|6,6,-0.08942323479822184
5|3|7|6,7,4.892633853971675
5|3|7|6,0,-0.0529080823951094
5|3|7|6,2,0.29331094928457047
5|3|7|6,1,0.06994757811348826
3|3|7|6,1,-0.034885132199021146
3|3|7|6,6,-0.12343416507134708
3|3|7|6,4,-1.250925220572723
3|3|7|6,7,5.22170421833255
3|3|7|6,0,0.1542631615793671
3|3|7|6,5,0.16667570257499303
3|3|7|6,2,0.488189582739314
1|3|7|6,3,0.02033770971073874
1|3|7|6,4,-0.10720372768638928
1|3|7|6,6,3.707614220842906
1|3|7|6,2,0.5842324524831344
1|3|7|6,7,0.601437709119832
1|3|7|6,0,0.03471735710575339
1|3|7|6,5,0.4521264412122742
3|4|3|0,5,1.2059460798594996
3|4|3|0,1,-0.3741968288258653
3|4|3|0,2,0.1751506996201678
3|4|3|0,7,-0.16324832567281083
3|4|3|0,0,2.18671359846341
3|4|3|0,6,0.061499687257419555
3|4|3|0,4,-0.4886884165677157
3|4|6|5,0,-0.10696296773736946
3|4|6|5,4,-0.15552082636655928
3|4|6|5,5,3.273881862216229
3|4|6|5,2,1.2705628902265544
3|4|6|5,6,1.2654381985486756
3|4|6|5,1,0.6755946205752494
3|4|6|5,7,2.0155307140437078
0|4|6|5,4,-0.3206976868355491
0|4|6|5,6,1.8042025363401037
0|4|6|5,5,3.076406590619861
0|4|6|5,1,-0.12081797986031781
0|4|6|5,7,1.7075505809239044
0|4|6|5,2,0.6389803166568628
0|4|6|5,3,-0.05927120978882272
5|6|4|0,3,-0.21812279138408516
5|6|4|0,7,-1.42625
5|6|4|0,2,-0.049518563179499105
5|6|4|0,1,0.12852234525818776
5|6|4|0,0,0.4016062059423413
5|6|4|0,4,2.9786222046895032
5|6|4|0,6,-0.08553068296286964
3|6|4|0,1,-0.020603854840951508
3|6|4|0,5,-0.09110000425817227
3|6|4|0,2,-0.24501224559714074
3|6|4|0,6,-0.1032703127663718
3|6|4|0,0,-0.1350296177278249
3|6|4|0,7,-0.5007375398656512
3|6|4|0,4,0.6919999999996469
2|6|4|0,0,-1.5806323701292726
2|6|4|0,4,4.323731494380769
2|6|4|0,5,-0.5
2|6|4|0,6,-0.5729659025933727
2|6|4|0,7,0.01070817873733517
2|6|4|0,3,-0.5475
2|6|4|0,1,0.008335492335201531
1|6|4|3,6,-1.1701760612790084
1|6|4|3,2,0.2930334686151336
1|6|4|3,0,-0.05
1|6|4|3,5,-0.05
1|6|4|3,3,-0.061449415207591646
1|6|4|3,4,3.0847695350724793
1|6|4|3,7,-0.3026420534447486
7|4|3|5,0,-0.21292841128800802
7|4|3|5,4,0.21125504303640757
7|4|3|5,6,0.48533449335661183
7|4|3|5,2,-0.4154297450814868
7|4|3|5,1,0.3072622699975664
7|4|3|5,3,2.3658463608942193
7|4|3|5,5,0.22521833316936296
2|6|7|4,3,-0.5803496442487127
2|6|7|4,7,-0.0700365076663283
2|6|7|4,4,4.486268431323866
2|6|7|4,1,0.29221507868176533
2|6|7|4,6,-0.1629218181770487
2|6|7|4,0,-0.23054406541001782
2|6|7|4,5,-0.7015118655438429
3|6|7|4,1,0.1452801713393942
3|6|7|4,7,0.021261683000226905
3|6|7|4,4,2.669328726488222
3|6|7|4,0,-1.6997061640448154
3|6|7|4,6,-0.019877578574434174
3|6|7|4,2,-0.8582100713932632
3|6|7|4,5,-0.47013379418047413
1|6|7|4,5,-1.4676878316657171
1|6|7|4,0,-0.7979796263153063
1|6|7|4,2,-0.5620481631241894
1|6|7|4,7,6.62150001955693
1|6|7|4,4,2.6650592728270857
1|6|7|4,3,-0.5451711776470127
1|6|7|4,6,-1.0059200432150806
2|5|3|5,6,-1.2602854274084228
2|5|3|5,4,-2.2634009760920444
2|5|3|5,7,0.6633191039216403
2|5|3|5,5,-0.5721688080558981
2|5|3|5,3,-2.036413252118438
2|5|3|5,0,-1.7233418527284468
2|5|3|5,1,-2.013786690451493
3|5|1|0,6,0.44586216462874795
3|5|1|0,7,-1.1324184267503172
3|5|1|0,5,0.27343340638102814
3|5|1|0,2,-0.0032348598620003804
3|5|1|0,0,-0.09364560411316201
3|5|1|0,1,3.5122679369226883
3|5|1|0,4,0.2785137542004295
2|5|7|5,4,-1.092064470532805
2|5|7|5,7,1.8953518734524042
2|5|7|5,5,1.0929707569618579
2|5|7|5,0,-0.16765946171411422
2|5|7|5,6,3.987181929531065
2|5|7|5,1,0.023667516319515594
2|5|7|5,3,0.5687845002943059
5|1|2|7,1,0.8570624940127575
5|1|2|7,2,0.41239388768622054
5|1|2|7,3,0.20885618843107537
5|1|2|7,0,0.5518656826365489
5|1|2|7,6,0.3618949901767748
5|1|2|7,4,0.9995503567923586
5|1|2|7,7,4.658423953977966
1|1|2|7,0,0.8679318862373244
1|1|2|7,7,4.768403079727674
1|1|2|7,3,0.6854314605657194
1|1|2|7,6,0.7249205126277466
1|1|2|7,2,0.8241916271011149
1|1|2|7,5,0.8415493869415976
1|1|2|7,4,0.6454314986915246
0|1|2|7,5,0.677100129848284
0|1|2|7,4,0.7330963476080273
0|1|2|7,1,0.9927126270082904
0|1|2|7,3,0.7155977591236973
0|1|2|7,7,4.5322168346590646
0|1|2|7,2,0.6140943424260707
0|1|2|7,6,0.9203722705137494
2|1|2|7,0,0.47210277768622083
2|1|2|7,5,0.43924713702231516
2|1|2|7,6,-0.5279503792819339
2|1|2|7,3,0.259735452577963
2|1|2|7,7,4.804508109133428
2|1|2|7,4,0.5288150654002567
2|1|2|7,1,1.271098499670698
4|1|2|7,3,-0.6068634405558457
4|1|2|7,7,4.837997655137382
4|1|2|7,2,0.7654550543000962
4|1|2|7,0,0.5150200937234216
4|1|2|7,1,0.6793868211186898
4|1|2|7,6,0.3256758922501345
4|1|2|7,5,0.7072955548616424
6|5|0|3,4,-1.2609286656279783
6|5|0|3,3,0.8676678115756266
6|5|0|3,1,-1.6774925210034084
6|5|0|3,7,-1.2152360554941446
6|5|0|3,0,-2.1910360895182426
6|5|0|3,5,-0.09004941561630761
6|5|0|3,2,-1.6704091088757473
5|4|7|4,1,0.13040822743211838
5|4|7|4,6,1.8091186004337279
5|4|7|4,3,-0.14491960979943033
5|4|7|4,2,0.5274832444239296
5|4|7|4,4,0.9651179593742782
5|4|7|4,0,-0.19849127120995042
5|4|7|4,7,2.9564333141204777
4|6|0|3,0,-3.0128630255661752
4|6|0|3,3,-0.7881989311515114
4|6|0|3,2,-1.6295110222405556
4|6|0|3,6,-0.9752575176038202
4|6|0|3,5,-1.5584821692384487
4|6|0|3,7,-0.04161773204319047
4|6|0|3,1,-2.087904413209925
6|3|2|5,7,0.47729324007563956
6|3|2|5,5,3.941437020254385
6|3|2|5,4,0.6086783750341658
6|3|2|5,2,1.2374253118078733
6|3|2|5,0,0.11337999738175207
6|3|2|5,1,0.1505806280714521
6|3|2|5,3,0.8504556409716504
7|3|2|5,5,0.30019818995243364
7|3|2|5,4,0.7821995229841435
7|3|2|5,6,0.20873895478175075
7|3|2|5,1,0.487921121784024
7|3|2|5,3,0.5199615168447623
7|3|2|5,0,0.7554331354662001
7|3|2|5,2,2.7876585134135423
7|4|1|6,5,-0.33877956319416136
7|4|1|6,4,0.7275201279161376
7|4|1|6,1,1.3197947115602369
7|4|1|6,6,2.5606409786040274
7|4|1|6,2,0.15213519518539814
7|4|1|6,3,-0.2347576167458818
7|4|1|6,0,0.28213392109554636
3|1|3|7,1,0.6035287639174444
3|1|3|7,7,4.624837692595518
3|1|3|7,2,0.4491464011107029
3|1|3|7,5,0.06935601316187313
3|1|3|7,4,0.7026109505259578
3|1|3|7,6,0.6439438179538897
3|1|3|7,0,0.40033332189813653
4|1|5|6,7,1.5253489236436608
4|1|5|6,2,1.9888968616775782
4|1|5|6,3,1.1884630996673684
4|1|5|6,5,1.5853990668939786
4|1|5|6,0,1.2006993953797336
4|1|5|6,1,1.5051258495369788
4|1|5|6,6,4.640579320934505
4|6|1|3,2,-1.2287315178981646
4|6|1|3,5,-1.8167655664626348
4|6|1|3,0,-0.6391915157912786
4|6|1|3,1,-1.287990690864132
4|6|1|3,6,0.2820775984846826
4|6|1|3,7,-0.07078646395361088
4|6|1|3,3,0.3240943595331688
3|1|2|7,1,0.8593276516872045
3|1|2|7,4,0.9512454986004691
3|1|2|7,0,0.718411620126104
3|1|2|7,7,4.572940601464383
3|1|2|7,2,0.7866872669462783
3|1|2|7,5,0.8109610298575772
3|1|2|7,6,0.206874835993827
6|5|4|5,7,-0.44952411819869514
6|5|4|5,0,-0.01928615377246943
6|5|4|5,3,-0.05316141925554564
6|5|4|5,2,-0.35154245090629155
6|5|4|5,4,1.41420554305315
6|5|4|5,1,-0.008195213862097678
6|5|4|5,5,1.9571977393719784
1|5|6|4,2,-1.4052594984017408
1|5|6|4,4,1.6857865273134265
1|5|6|4,7,1.020681810466326
1|5|6|4,3,1.0035401563451591
1|5|6|4,6,2.5466988498036014
1|5|6|4,0,-0.4319638386259199
1|5|6|4,5,1.108429522215953
1|5|4|3,4,2.056907513700111
1|5|4|3,2,-0.16631230882363207
1|5|4|3,3,-1.1681557467358143
1|5|4|3,5,-0.0058682319601055175
1|5|4|3,6,0.12773095411424337
1|5|4|3,0,-0.22571570945144975
1|5|4|3,7,0.5898324501878663
5|1|4|7,7,4.698271081368405
5|1|4|7,1,0.17606774219929672
5|1|4|7,4,0.5213574113303328
5|1|4|7,2,0.39287023795588083
5|1|4|7,6,0.9193033785029914
5|1|4|7,0,0.660539140516481
5|1|4|7,3,0.4526949597100459
2|3|2|5,0,1.0201596244225108
2|3|2|5,3,1.0226646507728157
2|3|2|5,7,1.2214530217631403
2|3|2|5,1,0.061291786983289104
2|3|2|5,5,3.486249600863245
2|3|2|5,6,-1.224474429465962
2|3|2|5,4,0.7708538095132881
6|6|2|5,1,-1.4879690202056495
6|6|2|5,3,-2.295897711854829
6|6|2|5,5,0.26150220814315067
6|6|2|5,7,0.48472931253010537
6|6|2|5,0,-1.0838742248346094
6|6|2|5,4,-1.4967512673118006
6|6|2|5,2,-1.4695090675466649
3|6|2|0,5,-0.16541421261919645
3|6|2|0,1,-0.049651646837963796
3|6|2|0,2,3.510672196104271
3|6|2|0,6,-0.05
3|6|2|0,7,-0.09795645972655559
3|6|2|0,0,0.5213452422944838
3|6|2|0,4,-0.06507644098298113
5|6|2|0,2,3.083234795068525
5|6|2|0,7,-0.05
5|6|2|0,1,-0.0459305712621808
5|6|2|0,6,-0.338461721537228
5|6|2|0,0,0.11933182279924814
5|6|2|0,4,-0.025084696251451134
5|6|2|0,3,0.0985062469187489
7|6|1|2,5,-0.7378335764113256
7|6|1|2,3,-1.362701574745434
7|6|1|2,1,-1.86867746399146
7|6|1|2,0,-0.6946031984108765
7|6|1|2,6,-2.097558872721227
7|6|1|2,2,0.14587709459121906
7|6|1|2,4,-0.350577926580802
7|6|4|0,0,-0.2285469932187525
7|6|4|0,4,2.866168143647675
7|6|4|0,1,-0.5
7|6|4|0,6,-0.04285116672910884
7|6|4|0,5,-0.04868561683827877
7|6|4|0,3,-0.04465121341196968
7|6|4|0,2,0.04267258524088078
7|6|1|5,1,-2.5185200191872
7|6|1|5,0,-1.5283149375055036
7|6|1|5,2,-2.0471330728416013
7|6|1|5,6,0.7343444534000648
7|6|1|5,5,-0.3036836876282458
7|6|1|5,3,-1.0510304667031118
7|6|1|5,4,-1.8189141483740814
5|5|6|4,4,4.936948569184422
5|5|6|4,6,1.7536085182507457
5|5|6|4,2,-0.7709968870952104
5|5|6|4,7,-0.47253096704723646
5|5|6|4,0,0.4183628324746525
5|5|6|4,1,-0.9920929581080048
5|5|6|4,3,-0.19734721900802582
7|6|6|5,3,-1.7517537971562833
7|6|6|5,1,-0.488553693752458
7|6|6|5,0,-2.6107541955787594
7|6|6|5,5,0.3507342382339493
7|6|6|5,2,-0.27650296915021333
7|6|6|5,6,6.564642807963239
7|6|6|5,4,-1.0816784142226619
5|5|4|6,7,-1.9508505013411428
5|5|4|6,0,-0.5624640619426462
5|5|4|6,6,2.65833285592351
5|5|4|6,3,-0.007903367465034242
5|5|4|6,4,0.5132313783814985
5|5|4|6,1,-0.4657556900594751
5|5|4|6,2,0.06980872258006669
4|6|2|6,5,-2.2003783224438886
4|6|2|6,1,-2.2927599811795147
4|6|2|6,0,-2.5790052163431216
4|6|2|6,6,-0.3597001400853054
4|6|2|6,2,-0.4927414593619583
4|6|2|6,7,1.5166586691736608
4|6|2|6,3,-0.5637596352828249
6|1|2|7,3,0.6555181857237999
6|1|2|7,2,0.8134774712249363
6|1|2|7,0,0.7308689193190214
6|1|2|7,4,0.8258125174859177
6|1|2|7,7,4.592855031085714
6|1|2|7,1,1.108589303697956
6|1|2|7,5,1.0319584512633424
6|4|3|5,4,0.08568428030254398
6|4|3|5,1,0.15148970046737106
6|4|3|5,3,2.7928686887939733
6|4|3|5,0,0.04210772283874745
6|4|3|5,5,0.8481266625738236
6|4|3|5,7,0.4418725444974757
6|4|3|5,2,0.3634465884529969
2|6|3|6,0,-1.0147843650872428
2|6|3|6,4,-1.075077634066738
2|6|3|6,5,-1.7113076089869617
2|6|3|6,3,-1.3198527325809
2|6|3|6,1,-0.699403375610148
2|6|3|6,6,0.8333244914682156
2|6|3|6,7,-0.024145104381364024
4|6|3|6,2,-2.1005278364315734
4|6|3|6,5,-2.364758655435674
4|6|3|6,6,-0.2377113453341765
4|6|3|6,7,1.8392993458613052
4|6|3|6,1,-1.3577378177415056
4|6|3|6,3,-0.6469992535975972
4|6|3|6,0,-1.3792775103001118
0|6|6|2,4,-0.12168981800398891
0|6|6|2,6,6.061409770943102
0|6|6|2,7,0.09843756523754232
0|6|6|2,5,-0.5229029822390034
0|6|6|2,1,-0.4879773833978764
0|6|6|2,3,0.0009245336265009563
0|6|6|2,2,0.5259815419605791
4|6|6|2,2,0.9879175058415496
4|6|6|2,1,-0.9845302158881933
4|6|6|2,0,-1.0230565072122593
4|6|6|2,7,-0.419692012367678
4|6|6|2,6,1.975179346588209
4|6|6|2,5,-0.08814977588428034
4|6|6|2,3,-0.9750000000000001
2|6|1|0,4,-0.031332326205538816
2|6|1|0,1,-1.2667274771951307
2|6|1|0,5,-0.05
2|6|1|0,7,-0.05
2|6|1|0,0,0.7751505265397812
2|6|1|0,6,-0.05062569661848058
2|6|1|0,3,0.0026341700970963933
3|5|4|5,4,-0.4975017091542677
3|5|4|5,5,0.3179021806219325
3|5|4|5,6,-0.08277332386033381
3|5|4|5,0,-0.4591256064191618
3|5|4|5,2,-0.45216828270916076
3|5|4|5,1,-1.1058013277331145
3|5|4|5,7,1.351263205652634
6|4|5|4,2,0.20196256230015974
6|4|5|4,5,3.7036885623889404
6|4|5|4,0,-1.1778292072410126
6|4|5|4,4,0.8159641231793295
6|4|5|4,1,-0.8990900724981056
6|4|5|4,3,-0.23811760639775878
6|4|5|4,7,1.1325526694810342
1|3|1|6,5,0.7431068198150246
1|3|1|6,3,-0.8412524195520132
1|3|1|6,6,3.2128985906264815
1|3|1|6,4,0.6602767449914069
1|3|1|6,7,-0.008612148562962746
1|3|1|6,2,-0.18198744958446
1|3|1|6,0,1.0280620342261466
1|4|0|6,4,0.37971889440224826
1|4|0|6,6,2.8382145413197764
1|4|0|6,7,0.27176416228110406
1|4|0|6,5,0.0058984651271212635
1|4|0|6,3,-0.35916878740606517
1|4|0|6,2,-0.27126692595944096
1|4|0|6,0,1.0734871570513642
3|5|4|2,7,-0.8483116511520228
3|5|4|2,5,0.6670979667932204
3|5|4|2,4,1.378743681382647
3|5|4|2,1,-0.1328597671674706
3|5|4|2,2,2.279625868388413
3|5|4|2,6,-0.7891174961873098
3|5|4|2,0,-2.4876462638291454
1|5|1|5,0,-1.7393038668436487
1|5|1|5,3,-0.919061942366505
1|5|1|5,2,-1.1578653406733226
1|5|1|5,7,-1.1466121946533279
1|5|1|5,6,-0.7283822748397519
1|5|1|5,4,-1.4998393406860588
1|5|1|5,5,-0.31245446133330695
0|4|6|7,5,1.6221976190235063
0|4|6|7,2,0.9471418665825513
0|4|6|7,7,5.826335182279011
0|4|6|7,1,0.8526781204531303
0|4|6|7,4,1.2970645507441674
0|4|6|7,6,2.875117619393458
0|4|6|7,3,-0.030099661565191116
6|6|1|5,2,-1.5140780624467602
6|6|1|5,1,-1.1387495765823301
6|6|1|5,4,-2.5191118298816133
6|6|1|5,5,-0.8354653055946658
6|6|1|5,3,-1.3143206738664257
6|6|1|5,7,1.4353230291637988
6|6|1|5,0,-0.767308744517826
2|4|7|6,0,-0.15560949822651285
2|4|7|6,3,-0.08467282448914892
2|4|7|6,6,2.48678225478743
2|4|7|6,7,0.6299484693499497
2|4|7|6,1,-0.5235600203821545
2|4|7|6,5,-0.43342798901791496
2|4|7|6,4,-0.043908293953798784
0|4|7|6,1,-0.6009348672285012
0|4|7|6,2,-0.8567281394461204
0|4|7|6,7,3.5159040881544925
0|4|7|6,4,-0.10803152452564321
0|4|7|6,3,-0.04836012919548846
0|4|7|6,6,0.8316836520249036
0|4|7|6,5,0.061913290922690906
1|4|7|6,6,-1.2448759858121028
1|4|7|6,5,-0.49370695526144665
1|4|7|6,3,-0.018863703269012655
1|4|7|6,2,0.12932335662447725
1|4|7|6,4,-0.11015496697577468
1|4|7|6,7,2.337220787497988
1|4|7|6,0,0.05298017863543334
6|4|6|2,4,1.2430648955067392
6|4|6|2,1,-0.9201754532169509
6|4|6|2,7,0.6434169496340358
6|4|6|2,3,-0.5321221978859265
6|4|6|2,5,0.5170575343639723
6|4|6|2,0,-0.1443448330152199
6|4|6|2,2,-0.44759897878742577
7|6|5|2,4,-1.715164002482258
7|6|5|2,3,-0.6822838619595265
7|6|5|2,5,0.6139898940699835
7|6|5|2,1,-0.6988327243391759
7|6|5|2,0,-0.715253324860493
7|6|5|2,2,-0.8239469162924218
7|6|5|2,6,-0.648757703001414
3|6|7|1,7,-0.05765368939759741
3|6|7|1,4,-0.5217911107044206
3|6|7|1,1,4.1037585501525395
3|6|7|1,0,-0.354210810928953
3|6|7|1,2,-0.5
3|6|7|1,6,-0.06733456942424967
3|6|7|1,5,0.04485084370260804
0|6|7|1,7,5.265960556521016
0|6|7|1,5,-0.49992763503971444
0|6|7|1,2,-0.4164685215443131
0|6|7|1,6,-0.9750000000000001
0|6|7|1,1,-0.45
0|6|7|1,4,-0.38315363763902943
0|6|7|1,3,-0.47338831851210533
3|5|3|5,0,-1.5648360006949162
3|5|3|5,1,-1.7380180493629978
3|5|3|5,6,0.5100174850971868
3|5|3|5,4,-1.347905686213363
3|5|3|5,7,-0.28012821672919763
3|5|3|5,5,0.293209633902935
3|5|3|5,2,-2.112551220330201
3|6|2|4,6,-1.0080198370126243
3|6|2|4,0,-1.3944075278100967
3|6|2|4,4,1.6875243392279708
3|6|2|4,1,-1.3832915676650204
3|6|2|4,2,-3.0806263754776135
3|6|2|4,5,-0.65136809093712
3|6|2|4,7,-0.8897412750418956
4|5|6|7,1,-0.06199772922998521
4|5|6|7,6,-0.6436243688213605
4|5|6|7,5,0.20521550096031516
4|5|6|7,3,-0.6281882885669231
4|5|6|7,0,-0.30960654131708987
4|5|6|7,7,8.262012618182094
4|5|6|7,2,0.21650686321193924
0|6|2|3,2,-1.213924478107432
0|6|2|3,7,-1.185608128825101
0|6|2|3,1,-1.8321304836771857
0|6|2|3,4,-0.8823683198825681
0|6|2|3,3,2.272998264772552
0|6|2|3,6,-0.5634667575164349
0|6|2|3,5,-0.646259508799676
5|5|4|2,6,0.2549967620332007
5|5|4|2,4,3.4533548797151363
5|5|4|2,3,-0.7607336939609295
5|5|4|2,2,-0.3324982704699341
5|5|4|2,1,-1.0861855872686845
5|5|4|2,0,-0.6064259870320905
5|5|4|2,7,-1.7927812906695784
6|2|6|7,3,0.9554514452629421
6|2|6|7,5,1.2429393405528417
6|2|6|7,0,1.3238501849948747
6|2|6|7,1,0.5315618847460921
6|2|6|7,7,4.694365691085031
6|2|6|7,2,1.343689033295778
6|2|6|7,4,1.0059798929117019
1|6|3|2,3,5.576025567580873
1|6|3|2,0,-0.12357374788348689
1|6|3|2,5,-0.6293793386937698
1|6|3|2,4,-0.05
1|6|3|2,7,-0.05712991148881573
1|6|3|2,2,-0.03837822278286465
1|6|3|2,6,-0.004884365025250845
7|5|5|0,3,1.0898686774109483
7|5|5|0,0,1.4423250135862649
7|5|5|0,4,-0.20525533403895754
7|5|5|0,5,1.5648244886998564
7|5|5|0,1,0.07357815863877919
7|5|5|0,6,0.280489745911062
7|5|5|0,2,0.7902822818725445
7|6|4|5,1,-3.4464993686012306
7|6|4|5,2,-2.343820623608041
7|6|4|5,6,-0.6508724345373177
7|6|4|5,3,-1.3748203672117791
7|6|4|5,4,-2.0393541032849907
7|6|4|5,5,0.8986814845555887
7|6|4|5,0,-1.2778649870552667
4|4|7|5,6,3.538316510878801
4|4|7|5,2,0.33940313270893685
4|4|7|5,1,0.4024259682682254
4|4|7|5,7,1.631432430985208
4|4|7|5,0,-0.023671128403266864
4|4|7|5,3,-0.14840049440838668
4|4|7|5,5,2.1521351404500266
4|3|3|5,0,1.266889526595842
4|3|3|5,3,3.1722059425214475
4|3|3|5,6,0.20695762710994461
4|3|3|5,1,1.5292657239159966
4|3|3|5,2,1.500679138490622
4|3|3|5,7,0.5566982091249618
4|3|3|5,5,2.7889967855714164
7|6|6|0,5,-0.1456558062843642
7|6|6|0,1,-1.2722045763252539
7|6|6|0,3,0.6332759276586917
7|6|6|0,4,-0.02840341420229723
7|6|6|0,0,-0.45
7|6|6|0,6,1.5948158749999075
7|6|6|0,2,0.0041279862051390726
2|4|2|7,0,-1.7403390589963217
2|4|2|7,3,-0.08713805222850535
2|4|2|7,6,0.10463487227263057
2|4|2|7,4,0.08042069802841817
2|4|2|7,1,-0.38091326951099724
2|4|2|7,7,1.3389208619247346
2|4|2|7,5,-0.2844933953374713
7|4|7|1,2,-0.03464912349748819
7|4|7|1,0,-0.7889581429289717
7|4|7|1,3,0.1727200601803318
7|4|7|1,5,-0.2327073525226326
7|4|7|1,4,-0.030432247303558757
7|4|7|1,1,1.354840139433581
7|4|7|1,6,0.8876665125423654
4|4|4|2,3,0.15698484766237003
4|4|4|2,5,0.6234046613875585
4|4|4|2,2,2.555223063004039
4|4|4|2,6,0.7000283987589635
4|4|4|2,1,-0.9356955311813688
4|4|4|2,7,-0.6011373452240221
4|4|4|2,0,-0.30644636667621716
5|5|0|4,1,-0.4203530559205265
5|5|0|4,7,-0.14679766146343196
5|5|0|4,6,0.6646650437523525
5|5|0|4,4,-0.34626580800087337
5|5|0|4,0,-0.10725062049795898
5|5|0|4,3,-1.394229928906347
5|5|0|4,2,-1.0649870040058034
5|6|3|4,4,0.021232900699199336
5|6|3|4,1,-2.9415423838385624
5|6|3|4,3,-1.7513892222211505
5|6|3|4,0,-2.1635803408850585
5|6|3|4,2,-1.8052945155403821
5|6|3|4,6,-1.0243811712024442
5|6|3|4,7,-1.0009784820570145
1|4|3|6,6,0.24636879464627592
1|4|3|6,3,4.0355659170314695
1|4|3|6,2,0.374570546296242
1|4|3|6,4,0.4599978053941706
1|4|3|6,0,0.323555620675865
1|4|3|6,7,-0.3198086741011716
1|4|3|6,5,-0.7536082704136029
0|4|1|7,5,0.29270261097999284
0|4|1|7,7,0.5064377289389667
0|4|1|7,3,0.6624396797946346
0|4|1|7,1,3.504947071006058
0|4|1|7,4,-0.1711283457255114
0|4|1|7,6,0.4805421975039599
0|4|1|7,2,-0.8169661139917759
7|4|3|6,0,-0.569546131105999
7|4|3|6,1,-0.3533590118678087
7|4|3|6,5,-0.4539946700148869
7|4|3|6,3,1.6862261238436258
7|4|3|6,6,3.6326463713532147
7|4|3|6,2,-0.3414586617786934
7|4|3|6,4,0.36667560632186724
6|6|2|3,2,-1.299019343682475
6|6|2|3,5,0.027385404265323276
6|6|2|3,3,1.8989017745612817
6|6|2|3,1,-0.5090835296295331
6|6|2|3,0,-2.196641831785694
6|6|2|3,7,-0.9837607476586796
6|6|2|3,4,-1.0577814565630557
0|6|5|1,5,5.619850678483586
0|6|5|1,2,-0.07680324258802654
0|6|5|1,1,0.4126526047389707
0|6|5|1,7,0.06112935012350154
0|6|5|1,4,-0.05
0|6|5|1,3,0.10662512359630595
0|6|5|1,6,-0.6345696330027384
3|6|5|6,2,-1.384782393645121
3|6|5|6,7,0.4404874809511204
3|6|5|6,0,-2.5354593641691916
3|6|5|6,6,0.23288904022171808
3|6|5|6,5,-0.6634836415968295
3|6|5|6,1,-0.9781794664418012
3|6|5|6,4,-1.7368946543582904
4|5|3|6,1,-0.5583498601901113
4|5|3|6,6,0.9705724306529766
4|5|3|6,3,2.818284293975661
4|5|3|6,2,0.04057657290599083
4|5|3|6,7,-0.04337601253122725
4|5|3|6,5,-0.43377725954369273
4|5|3|6,0,-0.046220401688766025
1|5|3|6,0,-0.13694005318054644
1|5|3|6,3,1.9252699110454248
1|5|3|6,2,-0.9759285128477696
1|5|3|6,4,-0.5385760601727391
1|5|3|6,7,-0.05
1|5|3|6,6,0.6197749548872666
1|5|3|6,5,0.009472603909625983
0|5|3|6,5,-0.021682135548639195
0|5|3|6,6,-0.48882248992861443
0|5|3|6,4,-0.05
0|5|3|6,2,-0.016469593786317925
0|5|3|6,7,-0.5150078698355283
0|5|3|6,1,-0.5
0|5|3|6,3,1.1067042706971293
5|5|3|6,2,-0.03505491455957907
5|5|3|6,1,-0.07203365923458688
5|5|3|6,4,-0.5508830081878797
5|5|3|6,7,-0.5636394489330957
5|5|3|6,0,-0.514068540895751
5|5|3|6,6,0.1905045583665113
5|5|3|6,3,3.096042144031549
2|5|3|6,1,-1.0537896182238364
2|5|3|6,5,-0.4046818766032453
2|5|3|6,4,-0.3899658402844507
2|5|3|6,7,-0.09808530907702256
2|5|3|6,0,-0.5475
2|5|3|6,6,3.7083670572092062
2|5|3|6,3,0.34598438647907676
7|5|6|4,0,0.1144850527466253
7|5|6|4,6,0.8551024128986264
7|5|6|4,2,-0.43752765212863426
7|5|6|4,3,0.07353849522838168
7|5|6|4,1,0.13639361361828306
7|5|6|4,4,0.8541018187460588
7|5|6|4,5,2.381132578867992
3|3|6|5,5,4.03591095211897
3|3|6|5,2,1.499421253324218
3|3|6|5,7,2.518342424530947
3|3|6|5,4,0.5365553930723332
3|3|6|5,0,1.1725606919502165
3|3|6|5,6,2.8712555946516822
3|3|6|5,1,0.6975764090421267
0|5|2|6,7,-0.6432551865759626
0|5|2|6,6,0.09208770627692259
0|5|2|6,5,0.055090402328930754
0|5|2|6,4,-0.2995406853151384
0|5|2|6,1,-0.007540206239293155
0|5|2|6,3,-0.05
0|5|2|6,2,0.6480840034386302
7|5|2|6,5,-0.04488220114485379
7|5|2|6,4,-0.9457242199263658
7|5|2|6,2,3.283320682926458
7|5|2|6,1,-0.5058291684961506
7|5|2|6,6,0.6782334790293421
7|5|2|6,0,-0.5819115023876437
7|5|2|6,3,-0.6111356534433636
5|5|2|6,7,-0.8838248372211195
5|5|2|6,4,-0.268988364882536
5|5|2|6,6,3.438110079339302
5|5|2|6,1,0.1287578230013501
5|5|2|6,2,-0.2112793583576878
5|5|2|6,3,-0.609575726004525
5|5|2|6,0,-0.5038835828414574
2|5|1|6,0,-0.5352749694473771
2|5|1|6,7,-0.016008958743937117
2|5|1|6,6,0.3604653953819532
2|5|1|6,3,0.0017736719426098974
2|5|1|6,5,-0.5238875536354821
2|5|1|6,1,0.18538075219593997
2|5|1|6,4,-0.44557534276901517
0|5|1|6,6,1.520644177843887
0|5|1|6,3,-0.044912810897385344
0|5|1|6,7,0.022697315434257712
0|5|1|6,1,0.21206473014530564
0|5|1|6,5,-0.5277146219283051
0|5|1|6,4,-0.5186889431031686
0|5|1|6,2,-0.09625143426696908
4|6|5|2,5,-0.814863547478675
4|6|5|2,7,-1.2909148645220796
4|6|5|2,2,0.7155253962133241
4|6|5|2,3,-0.22720284984303618
4|6|5|2,1,-0.09673626745491265
4|6|5|2,6,-0.22493133532535975
4|6|5|2,0,-0.2944705555634032
0|6|4|5,2,-1.9603542438317916
0|6|4|5,4,-1.3963354677531798
0|6|4|5,1,-2.3138752389197825
0|6|4|5,6,0.8506480063830485
0|6|4|5,7,-1.369107032883697
0|6|4|5,5,0.1200660516987464
0|6|4|5,3,-0.8126790335289229
0|5|2|7,2,-1.075546177533054
0|5|2|7,3,-0.012840082545037282
0|5|2|7,4,-0.5569747783546151
0|5|2|7,6,0.6746301407352748
0|5|2|7,5,-0.8516914852092403
0|5|2|7,7,-0.18400996888246268
0|5|2|7,1,-0.48974296887741314
5|4|5|2,4,0.30170677990908934
5|4|5|2,3,0.26637603630467477
5|4|5|2,1,0.02626331230407801
5|4|5|2,6,-0.17234554002799912
5|4|5|2,7,0.3812556169966017
5|4|5|2,0,0.13175134845804445
5|4|5|2,2,1.2261246515218103
3|6|5|2,4,-0.13404052665781951
3|6|5|2,6,-0.3996784028651361
3|6|5|2,0,0.1833724165800077
3|6|5|2,5,4.51177633050247
3|6|5|2,7,-1.0445208727009017
3|6|5|2,2,0.5945477600525526
3|6|5|2,1,-0.5189807560591562
7|6|6|3,6,3.6251600834524793
7|6|6|3,4,0.23805064234982282
7|6|6|3,5,-0.5907395078491277
7|6|6|3,1,-0.35002868548582977
7|6|6|3,0,-0.27744126258920954
7|6|6|3,2,-0.10236231028599407
7|6|6|3,3,-0.3256861965462645
0|6|2|5,7,-2.3585570119523354
0|6|2|5,5,-0.4008929375476572
0|6|2|5,2,-1.79589042530187
0|6|2|5,6,-2.715427947165201
0|6|2|5,1,-1.4539856820392785
0|6|2|5,4,-1.8252814393268377
0|6|2|5,3,-1.9461655619769962
0|5|3|7,5,-0.6321061692725122
0|5|3|7,4,-0.017422804784252115
0|5|3|7,7,2.4533433387145203
0|5|3|7,2,-0.21714958175916316
0|5|3|7,3,-0.4
0|5|3|7,6,-0.001188093348362472
0|5|3|7,1,0.0275480186654082
5|5|3|7,7,-1.1837698993887633
5|5|3|7,3,1.346727748906669
5|5|3|7,0,-0.5609665156647632
5|5|3|7,2,-0.44940803297208537
5|5|3|7,1,-0.49554285252253766
5|5|3|7,4,-0.8640810800256433
5|5|3|7,6,-0.427769214929094
6|6|3|5,3,-1.882170974187669
6|6|3|5,1,-2.020153282614059
6|6|3|5,2,-2.1479287979071984
6|6|3|5,5,-1.1131824973271005
6|6|3|5,7,1.012717844428639
6|6|3|5,0,-1.0280357336860075
6|6|3|5,4,-1.9289646838076062
6|5|5|0,0,1.3880356431549743
6|5|5|0,3,0.2162106222601667
6|5|5|0,1,-0.4556340918263794
6|5|5|0,2,0.13128101262573402
6|5|5|0,5,3.158620425537873
6|5|5|0,4,0.07417830043574014
6|5|5|0,7,-0.3616558986890957
5|6|3|0,2,-0.5677000839862937
5|6|3|0,6,-0.5
5|6|3|0,1,-0.05
5|6|3|0,0,0.5238124706247346
5|6|3|0,3,3.227662957216455
5|6|3|0,7,0.011524220721948898
5|6|3|0,4,0.08030211452871394
2|6|3|0,6,-1.289391067014807
2|6|3|0,1,-0.05
2|6|3|0,0,1.2996021705300762
2|6|3|0,7,-0.5
2|6|3|0,4,0.10221183902742213
2|6|3|0,5,0.055678346106233165
2|6|3|0,3,-0.4
6|3|3|7,7,4.465802114907226
6|3|3|7,5,0.9858782705298815
6|3|3|7,2,0.7409362159800266
6|3|3|7,3,1.4562985831184074
6|3|3|7,4,0.7225436331831078
6|3|3|7,0,1.2515068082272265
6|3|3|7,1,0.5975074046768379
5|5|7|4,3,-0.46445101314803205
5|5|7|4,0,-1.3024521007118495
5|5|7|4,6,4.428598639687822
5|5|7|4,2,-0.3360973991176238
5|5|7|4,1,-0.47644545523191667
5|5|7|4,7,-0.4063249025665286
5|5|7|4,4,1.8042316682475943
1|5|3|5,7,0.6314433833776117
1|5|3|5,3,-1.246417567145433
1|5|3|5,4,-1.7255415081499028
1|5|3|5,0,-2.865827437151872
1|5|3|5,6,-0.9489107763286277
1|5|3|5,5,-0.7072381292260967
1|5|3|5,2,-1.7629710547462862
6|4|7|5,2,-0.07467207348872681
6|4|7|5,4,-0.0009572965382426247
6|4|7|5,3,0.05971651443279302
6|4|7|5,5,1.864648926863015
6|4|7|5,0,0.04497435696136272
6|4|7|5,7,0.5308986107552676
6|4|7|5,1,0.07935809444502238
3|6|2|6,4,-0.43370560193098856
3|6|2|6,1,-1.2126848904528686
3|6|2|6,7,0.7463190984788497
3|6|2|6,2,-1.31631469776686
3|6|2|6,6,0.3975164071252796
3|6|2|6,0,-2.06656260066083
3|6|2|6,5,-0.9932222193208214
0|5|4|2,7,-0.1997740709523162
0|5|4|2,2,1.6382247857197276
0|5|4|2,4,4.279209062612075
0|5|4|2,5,0.6033970465036413
0|5|4|2,6,-0.020921533419994198
0|5|4|2,3,-0.10283996082292744
0|5|4|2,1,-0.24352553417245104
0|6|3|5,1,-2.759420776439637
0|6|3|5,6,-1.58580163572175
0|6|3|5,7,-0.572157483695799
0|6|3|5,3,-2.586096564324198
0|6|3|5,5,-1.1785809035808663
0|6|3|5,2,-2.241772699282579
0|6|3|5,4,-2.816252396585585
1|5|5|4,5,2.384950267408464
1|5|5|4,4,0.25891178176704643
1|5|5|4,6,-0.08948625545560651
1|5|5|4,7,1.0029289928041714
1|5|5|4,2,-0.9335293537096789
1|5|5|4,3,-1.6246219453827255
1|5|5|4,0,-0.020060156565882475
0|6|3|2,6,-1.235737478834869
0|6|3|2,2,0.05732444091355138
0|6|3|2,1,-0.40797217667949354
0|6|3|2,4,-0.037410823753247766
0|6|3|2,5,-0.5
0|6|3|2,7,-0.4974893478062974
0|6|3|2,3,1.7246706208783273
6|5|7|3,7,-0.09477156135083742
6|5|7|3,0,-0.3096718693157123
6|5|7|3,2,-0.670476239438426
6|5|7|3,5,1.802474469952388
6|5|7|3,1,-1.1076641077473357
6|5|7|3,3,3.6582975195714926
6|5|7|3,4,0.9695822609083775
5|6|3|2,3,1.1212731352686978
5|6|3|2,4,-0.08275476672817283
5|6|3|2,0,-0.08745408083713842
5|6|3|2,2,-0.3036562030191162
5|6|3|2,7,-0.03167167830527295
5|6|3|2,6,-0.49607840001628706
5|6|3|2,1,-0.19307043878439356
3|6|0|5,2,-1.924016900372792
3|6|0|5,1,-1.922312138593491
3|6|0|5,6,-1.1124614841646923
3|6|0|5,0,-1.2405653613125351
3|6|0|5,5,1.0794800625397665
3|6|0|5,7,-0.5124717406711609
3|6|0|5,4,-2.2203212347149557
0|6|2|4,6,-2.465525524927524
0|6|2|4,1,-1.5731942710589164
0|6|2|4,2,-2.027833608967443
0|6|2|4,7,-2.25092638521345
0|6|2|4,4,0.9398431458155555
0|6|2|4,5,-1.6532507499919191
0|6|2|4,3,-2.426290377810659
1|5|7|5,4,-1.7115648664014707
1|5|7|5,7,2.6883490338804887
1|5|7|5,6,2.178613211229985
1|5|7|5,2,-0.8943145313238389
1|5|7|5,3,0.826890046510753
1|5|7|5,5,3.733170511709364
1|5|7|5,0,-0.34324761853208596
0|6|7|4,6,0.28506697629049854
0|6|7|4,5,-0.5542495307980688
0|6|7|4,4,0.3847033630141846
0|6|7|4,7,3.2334754323630115
0|6|7|4,3,-0.9480048369984186
0|6|7|4,2,-0.9571803576620349
0|6|7|4,1,-0.6979020230397885
5|5|7|2,6,0.7486230990096775
5|5|7|2,0,-0.1989910678746005
5|5|7|2,3,0.7563071292513801
5|5|7|2,1,-0.9644545918571148
5|5|7|2,7,0.6011246978530299
5|5|7|2,2,2.662216250478033
5|5|7|2,4,1.019703104888655
5|5|7|3,2,-0.782891993005844
5|5|7|3,7,3.3464890281884108
5|5|7|3,0,-0.08997707402238242
5|5|7|3,1,0.2749571551914003
5|5|7|3,4,0.912247060128812
5|5|7|3,6,0.31327523199236945
5|5|7|3,3,1.1331398871226313
6|6|1|2,3,-1.0784457287375353
6|6|1|2,0,-1.1976952536147825
6|6|1|2,7,-0.772601657668206
6|6|1|2,4,-1.7964968737211748
6|6|1|2,5,-1.2838989423308957
6|6|1|2,1,-1.0282087535310895
6|6|1|2,2,1.0067612922297262
6|5|3|7,1,-0.40801647607426184
6|5|3|7,4,-0.9831942453916924
6|5|3|7,2,-0.4708198923432537
6|5|3|7,0,-0.33188448337451326
6|5|3|7,7,1.4210849534340555
6|5|3|7,3,2.407797666290938
6|5|3|7,5,-0.49592158044923773
1|5|3|7,0,-0.9824693448361668
1|5|3|7,3,-0.4
1|5|3|7,4,-0.5
1|5|3|7,5,-0.9750000000000001
1|5|3|7,2,0.065728043921299
1|5|3|7,6,0.10860167315326001
1|5|3|7,7,2.3474240227627106
4|5|3|7,0,-1.168668598117484
4|5|3|7,5,-1.0775883807218536
4|5|3|7,1,-0.42268994935855675
4|5|3|7,6,-0.016636750486331973
4|5|3|7,2,-0.0394344714599284
4|5|3|7,7,2.911296520688915
4|5|3|7,3,1.4331001292171677
7|6|0|5,0,-1.0421168399070326
7|6|0|5,4,-0.8820308757063992
7|6|0|5,2,-1.2423219138754795
7|6|0|5,3,-2.4170362773904
7|6|0|5,1,-1.980898913814339
7|6|0|5,5,-1.4284384509805785
7|6|0|5,6,1.4594497711653913
5|6|4|3,0,-1.162258244936317
5|6|4|3,2,0.08914337889358538
5|6|4|3,1,-0.5475
5|6|4|3,4,-0.4
5|6|4|3,7,-1.0201250000000002
5|6|4|3,3,0.07751819821596695
5|6|4|3,6,-0.5050021068341625
4|6|2|3,3,1.420846114377344
4|6|2|3,1,-0.9415404215194446
4|6|2|3,6,-1.240551844414064
4|6|2|3,5,-0.9335548527155764
4|6|2|3,0,-1.0012683978052974
4|6|2|3,7,-0.8485221269155652
4|6|2|3,2,-0.8600166260598614
5|4|5|6,1,-0.3968270319561489
5|4|5|6,6,4.27411028753874
5|4|5|6,4,-0.24739305829435712
5|4|5|6,0,0.017957744919673252
5|4|5|6,7,-0.35430161883861727
5|4|5|6,2,0.3566212153325463
5|4|5|6,3,-0.39174137606559223
5|6|4|6,1,-1.5204650761209835
5|6|4|6,3,-1.1328650209646416
5|6|4|6,0,-1.8880574308823554
5|6|4|6,6,-0.10031904558552168
5|6|4|6,2,-2.173890282606035
5|6|4|6,7,1.4727838694349864
5|6|4|6,4,-2.626955907905646
2|6|4|6,0,-1.4622586878911574
2|6|4|6,3,-1.5468529531196633
2|6|4|6,6,1.8763453685625517
2|6|4|6,4,-1.6765585835474737
2|6|4|6,1,-1.9924087690393175
2|6|4|6,7,-0.3966743888001942
2|6|4|6,5,-0.594303049028537
0|6|4|6,7,0.2073939476903993
0|6|4|6,1,-0.9921646868955109
0|6|4|6,3,-0.9395026874199587
0|6|4|6,4,-1.7930753697467192
0|6|4|6,2,-1.6802117234909906
0|6|4|6,5,-1.3460814648738149
0|6|4|6,6,-1.2096088311084963
3|5|7|5,6,4.763859367908695
3|5|7|5,5,1.2902464871302528
3|5|7|5,1,-0.10197137294237679
3|5|7|5,4,0.004277575311898721
3|5|7|5,0,-0.4088663104827486
3|5|7|5,7,2.980866095872576
3|5|7|5,2,-1.5186666012897045
4|5|0|6,3,-0.597542735701634
4|5|0|6,7,-0.8824315170017549
4|5|0|6,6,2.000778043239168
4|5|0|6,0,1.0381398255635752
4|5|0|6,2,-0.023801616362072838
4|5|0|6,5,-0.0009572473794341521
4|5|0|6,1,0.020675452895607096
3|5|0|6,5,-0.016345029526334917
3|5|0|6,4,-0.04186679796516586
3|5|0|6,2,-0.00675947686842061
3|5|0|6,1,0.015668840771677937
3|5|0|6,7,0.13861706434211768
3|5|0|6,0,0.5660043098607532
3|5|0|6,6,2.341306084463062
5|5|0|6,7,-0.4971371535805817
5|5|0|6,4,-1.047205617125086
5|5|0|6,0,2.3128852949737246
5|5|0|6,6,0.27402312319545546
5|5|0|6,3,-0.053821406047178943
5|5|0|6,2,-0.4814199224044039
5|5|0|6,1,-0.8766246094700593
7|5|0|6,4,-0.10222749982549542
7|5|0|6,6,3.8776195546122025
7|5|0|6,2,0.014553433203619556
7|5|0|6,0,0.11704907167281353
7|5|0|6,5,0.022110789555877815
7|5|0|6,3,-0.031857768368877964
7|5|0|6,1,0.003763891271829035
0|6|4|2,7,-0.11277938399913007
0|6|4|2,1,-0.616368225382808
0|6|4|2,5,-0.9750000000000001
0|6|4|2,2,-0.2932653961248154
0|6|4|2,4,4.806002621823473
0|6|4|2,3,-1.0473823895998569
0|6|4|2,6,-0.3485992519962952
7|6|4|2,0,-1.1277938399913006
7|6|4|2,1,-1.0842440625000003
7|6|4|2,5,0.034661181437365476
7|6|4|2,3,-0.5
7|6|4|2,4,0.8680383249999977
7|6|4|2,2,0.2145819374377636
7|6|4|2,6,-1.0201250000000002
6|6|7|3,1,0.4854573511248047
6|6|7|3,7,0.011670696581121187
6|6|7|3,0,-0.588331
6|6|7|3,4,0.341148592599137
6|6|7|3,3,5.513293468742231
6|6|7|3,5,0.1842167037853046
6|6|7|3,2,0.26373236913959125
1|6|7|3,3,5.892651585196118
1|6|7|3,6,0.3364190659355391
1|6|7|3,7,-0.29265023042208566
1|6|7|3,0,-0.20058409448302622
1|6|7|3,5,-0.7104230473991844
1|6|7|3,4,0.043743414629587474
1|6|7|3,2,-0.3572967882685063
1|6|5|4,4,-0.1727161476062531
1|6|5|4,3,0.3079560200353417
1|6|5|4,7,-0.4861033185158682
1|6|5|4,5,2.528603561871743
1|6|5|4,0,-0.5279675755339808
1|6|5|4,6,0.4209094325139025
1|6|5|4,2,-0.45655573462911153
2|6|7|5,5,6.405568383820317
2|6|7|5,0,-0.4725646233460757
2|6|7|5,3,0.32215791323721155
2|6|7|5,7,0.6919999999999987
2|6|7|5,4,-0.005482119949652697
2|6|7|5,6,0.6068986186757095
2|6|7|5,1,0.060571130955784785
2|6|6|3,0,-0.36996707193027994
2|6|6|3,5,-0.6564907382234196
2|6|6|3,4,-0.8563964650113896
2|6|6|3,7,-0.38077691181988527
2|6|6|3,1,-1.263166982650991
2|6|6|3,6,6.411981456339682
2|6|6|3,3,-0.39465371041018804
0|6|6|3,6,3.951198518443568
0|6|6|3,1,-0.3848071675201394
0|6|6|3,4,-0.3824862488886877
0|6|6|3,3,0.5838949972849048
0|6|6|3,7,0.1128889428861025
0|6|6|3,2,-0.008237981456097446
0|6|6|3,5,-0.5073502371827157
7|5|2|5,6,-1.0493288718536078
7|5|2|5,2,-0.6519302044427766
7|5|2|5,0,-0.13482579061719766
7|5|2|5,1,-1.0221659702413604
7|5|2|5,4,-0.9527348201936607
7|5|2|5,3,-0.7911316915447243
7|5|2|5,5,2.5111472319605457
5|4|5|3,0,-0.3784668530473786
5|4|5|3,3,2.4066235051037332
5|4|5|3,1,-0.2386456118010915
5|4|5|3,4,0.27528327240985595
5|4|5|3,7,0.1623781032091172
5|4|5|3,2,-1.1077467366486153
5|4|5|3,6,0.24801316754856745
4|4|7|6,2,-0.04024005526002292
4|4|7|6,6,-0.208094357291709
4|4|7|6,5,-0.025273612822369503
4|4|7|6,7,-0.35000000000000003
4|4|7|6,1,-0.520985020496794
4|4|7|6,3,-0.05
4|4|7|6,0,0.447519412155469
3|4|7|6,0,-0.10732172257197554
3|4|7|6,2,-0.03979557036583901
3|4|7|6,5,-0.010162789508697805
3|4|7|6,4,-0.1012270976430249
3|4|7|6,6,-0.4
3|4|7|6,1,0.02063274450149775
3|4|7|6,7,1.5176120473609491
4|3|7|6,3,0.10509466511663139
4|3|7|6,7,4.41103550787275
4|3|7|6,2,0.2367272071146218
4|3|7|6,6,0.7561936651229775
4|3|7|6,1,0.1765022761630533
4|3|7|6,0,0.02411141099791382
4|3|7|6,5,0.2936749558749713
7|3|6|5,6,3.6474671239816163
7|3|6|5,4,0.14307125837134055
7|3|6|5,2,0.2982632584787618
7|3|6|5,1,-0.0806998811713589
7|3|6|5,0,0.37965778472343287
7|3|6|5,3,0.3274571672941401
7|3|6|5,5,1.255723328864964
1|6|6|2,3,-1.0645502335351862
1|6|6|2,0,-0.5122587171699928
1|6|6|2,7,-1.2914468920557303
1|6|6|2,4,-0.9540220767098583
1|6|6|2,5,-0.11078838748450948
1|6|6|2,6,2.730840357873859
1|6|6|2,2,0.3574265177845096
4|5|3|5,2,-2.4266332510098763
4|5|3|5,7,-0.2057700978771063
4|5|3|5,6,0.1600374751466734
4|5|3|5,5,1.7697677218368977
4|5|3|5,0,-1.9609931371104752
4|5|3|5,3,-1.224970910000165
4|5|3|5,1,-2.1766159948233055
4|6|3|0,1,-1.4055639167554344
4|6|3|0,7,-0.5
4|6|3|0,5,-0.486763420462196
4|6|3|0,6,-0.036408235280432584
4|6|3|0,2,-0.05
4|6|3|0,0,0.07499480411755993
4|6|3|0,3,4.333294386083043
2|6|7|0,4,-1.4476822053144696
2|6|7|0,0,-0.16183564201414302
2|6|7|0,7,2.641101089970976
2|6|7|0,6,0.0377525494820053
2|6|7|0,5,-0.3601149997166203
2|6|7|0,1,-0.46373915470424487
2|6|7|0,3,0.02354572371894055
3|5|5|7,1,-0.23717205001371527
3|5|5|7,2,-0.7558906657776621
3|5|5|7,4,-0.7661648701260468
3|5|5|7,0,0.2869503793249143
3|5|5|7,5,6.5638266801155
3|5|5|7,7,0.2890980891851858
3|5|5|7,6,-0.4857519519267395
1|5|5|7,2,-0.645414880851219
1|5|5|7,3,0.5692126543807106
1|5|5|7,7,0.5319930899000416
1|5|5|7,5,4.868835836395177
1|5|5|7,4,-0.3096262194662616
1|5|5|7,0,0.632037002125873
1|5|5|7,6,-0.8889834050090614
3|3|7|5,6,2.0649818933840463
3|3|7|5,7,4.190300091270472
3|3|7|5,4,0.41010232312024303
3|3|7|5,2,0.5885622877427991
3|3|7|5,0,0.7381780563173509
3|3|7|5,1,0.7683187655780671
3|3|7|5,5,2.0541717048512904
4|6|3|2,5,-0.10966116340449575
4|6|3|2,7,-0.13262986432921053
4|6|3|2,6,-0.5366682635628192
4|6|3|2,0,-0.062090770613325755
4|6|3|2,1,-0.31300730426631224
4|6|3|2,3,2.431997654333096
4|6|3|2,2,0.20728595526527194
1|6|4|2,4,-0.5951681240382453
1|6|4|2,6,-0.6086275095844413
1|6|4|2,2,0.7713803315095629
1|6|4|2,7,-0.55631286
1|6|4|2,3,-0.14514558866205068
1|6|4|2,0,-0.6269372499104939
1|6|4|2,5,-0.4760248261050044
1|6|2|0,5,0.008708829050905241
1|6|2|0,2,-0.3033510674767939
1|6|2|0,4,-0.04052659011632948
1|6|2|0,6,-0.44449450402069857
1|6|2|0,3,0.10849949364004781
1|6|2|0,7,-0.050456459726555596
1|6|2|0,0,0.3085976295841657
3|6|5|4,5,6.787183694372685
3|6|5|4,4,0.5333739161259614
3|6|5|4,2,-0.2601411094904695
3|6|5|4,1,0.052369688736859994
3|6|5|4,7,-0.5238960138426556
3|6|5|4,0,-0.04048729566189148
3|6|5|4,6,0.45499848693205935
2|4|0|7,7,2.914068367570272
2|4|0|7,1,-0.14789969384687368
2|4|0|7,4,0.5274350968616565
2|4|0|7,0,0.503738068822447
2|4|0|7,5,0.7218725675374307
2|4|0|7,3,0.058094144183575974
2|4|0|7,6,-0.17011526309864589
2|6|5|4,5,5.648239373149812
2|6|5|4,1,-2.181545138433748
2|6|5|4,4,0.8556623956838116
2|6|5|4,6,0.09306540221464402
2|6|5|4,7,-0.5783164102856997
2|6|5|4,3,-0.5865386320801722
2|6|5|4,0,-0.5202425186155354
3|6|6|4,0,-2.624220339639375
3|6|6|4,7,-0.5195615073547413
3|6|6|4,6,0.31358220271448944
3|6|6|4,5,-1.083357286813678
3|6|6|4,2,-0.6909771957846619
3|6|6|4,4,0.833639782809282
3|6|6|4,1,-0.10704012511159636
1|6|5|6,5,-2.114727892481281
1|6|5|6,3,-2.8188250974214606
1|6|5|6,2,-1.7395100174994316
1|6|5|6,4,-1.0773348973854455
1|6|5|6,6,0.3658061793886861
1|6|5|6,7,0.2557356696450219
1|6|5|6,0,-1.4867537577151664
0|6|5|6,6,-0.7876827792531227
0|6|5|6,5,-1.1281704586971615
0|6|5|6,3,-1.8169067083878394
0|6|5|6,7,0.31589466862805216
0|6|5|6,2,-1.288027329587326
0|6|5|6,4,-0.6385271011993359
0|6|5|6,1,-1.3813486607785959
4|6|0|5,2,-1.5485024507397198
4|6|0|5,3,-1.7685900272053385
4|6|0|5,5,0.7137030311084116
4|6|0|5,1,-3.6224964677194436
4|6|0|5,7,-1.4053650218363452
4|6|0|5,0,-2.031417077476682
4|6|0|5,6,0.0792657847974729
5|6|2|1,0,-0.09036187806686785
5|6|2|1,4,-0.05
5|6|2|1,3,0.19308972220853327
5|6|2|1,7,-0.5475
5|6|2|1,1,0.6193843547842119
5|6|2|1,2,1.063332499999998
5|6|2|1,6,-0.469244513077851
0|6|2|1,3,-0.5130297079868885
0|6|2|1,4,-0.5716721148447405
0|6|2|1,5,-0.06274340105497514
0|6|2|1,7,-0.07590000016224552
0|6|2|1,6,0.022875469650865565
0|6|2|1,2,0.6919999999999987
0|6|2|1,1,1.6257583970377436
3|6|2|1,5,-1.2224235520758082
3|6|2|1,7,-0.5
3|6|2|1,4,-0.055380048266085884
3|6|2|1,6,-0.5376490497018809
3|6|2|1,1,-1.2836250000000002
3|6|2|1,2,3.4405471742114933
3|6|2|1,0,-0.4945588884883491
6|6|5|2,1,-0.5850576040137068
6|6|5|2,4,-0.08220546740569862
6|6|5|2,3,-0.462188377904386
6|6|5|2,5,3.486753451527416
6|6|5|2,2,-0.3094045947775519
6|6|5|2,0,-0.4176850809348249
6|6|5|2,7,-0.9855444685221918
1|6|5|2,7,-0.08953432001442815
1|6|5|2,0,0.23597683437648806
1|6|5|2,5,-0.02140250002397559
1|6|5|2,2,-0.07078400908255061
1|6|5|2,6,-0.03849451220201965
1|6|5|2,3,0.7534658866094157
1|6|5|2,4,-0.6016735825127907
7|5|1|6,3,-0.8944482597411549
7|5|1|6,4,-0.009010328688719794
7|5|1|6,6,0.8153780669215529
7|5|1|6,2,-0.5431861854539539
7|5|1|6,1,2.7306694488289645
7|5|1|6,0,0.0022969332795070643
7|5|1|6,5,0.006318429828048991
1|6|3|6,5,-0.6947196991737339
1|6|3|6,0,-1.059820414678999
1|6|3|6,2,-0.9715238194272159
1|6|3|6,6,-0.6362734666278018
1|6|3|6,7,-0.11340681124232063
1|6|3|6,3,-0.5661945817364579
1|6|3|6,4,-0.5976064204787518
7|5|5|4,6,2.435775918147441
7|5|5|4,3,-1.1323511825670842
7|5|5|4,4,0.103293692093755
7|5|5|4,2,-0.13633670494339156
7|5|5|4,0,-1.3120742768839149
7|5|5|4,5,0.2988632850985163
7|5|5|4,1,0.28872878350080844
5|6|7|3,6,-0.006746840623842703
5|6|7|3,7,5.52070337194813
5|6|7|3,0,-0.5243407556598627
5|6|7|3,2,-0.7453547616990851
5|6|7|3,1,-0.1531302191985917
5|6|7|3,3,1.3945905046544236
5|6|7|3,4,0.37535141983137243
3|6|7|0,7,6.113073572927661
3|6|7|0,1,-0.028407282917362255
3|6|7|0,4,-0.00967243984417472
3|6|7|0,5,0.01180525320689948
3|6|7|0,0,1.033336523492332
3|6|7|0,6,-0.3622032779841031
3|6|7|0,2,-0.5
1|5|0|6,0,2.5380479899160964
1|5|0|6,3,-0.5
1|5|0|6,5,-0.03992555500879816
1|5|0|6,4,-0.026844554878045226
1|5|0|6,6,-0.19632138138504251
1|5|0|6,2,-0.012720148209270464
1|5|0|6,7,0.06802380532165324
7|6|3|2,6,-0.7518462284210737
7|6|3|2,5,-0.545619839943636
7|6|3|2,1,-0.027346313316370566
7|6|3|2,2,1.7518331239588694
7|6|3|2,4,-0.02359352542689199
7|6|3|2,0,-0.032545946617578474
7|6|3|2,3,-0.4
4|6|7|6,5,-0.611723072007953
4|6|7|6,1,-0.8428585666753752
4|6|7|6,3,0.059623906352213374
4|6|7|6,6,2.577013522353651
4|6|7|6,2,-0.06453730198870047
4|6|7|6,7,5.785125364814144
4|6|7|6,0,-0.25406287102955943
5|6|7|6,6,1.695128343520766
5|6|7|6,1,-0.15189696506727157
5|6|7|6,4,0.47343620808546993
5|6|7|6,3,0.08547600356660665
5|6|7|6,2,0.21305600808773706
5|6|7|6,7,6.983617426262231
5|6|7|6,0,-0.25777131865193476
6|6|7|5,3,-0.4661405178335348
6|6|7|5,4,-0.15456578851407998
6|6|7|5,0,-0.7555541684932345
6|6|7|5,7,2.9440558183626973
6|6|7|5,5,6.947573484068465
6|6|7|5,1,-0.7653955937052934
6|6|7|5,2,1.3657624745779504
3|6|7|5,7,2.9345612430164354
3|6|7|5,4,0.49194066302384887
3|6|7|5,0,-2.071547970895581
3|6|7|5,6,0.8119250960547588
3|6|7|5,5,6.488603450731865
3|6|7|5,2,0.9241462190417817
3|6|7|5,1,-0.27356084013968024
7|5|0|5,3,-0.11248263520539697
7|5|0|5,5,4.3344037269754745
7|5|0|5,6,-1.3799288946208723
7|5|0|5,0,0.5981386748654631
7|5|0|5,1,-0.4664650091744747
7|5|0|5,2,-0.08693479767078716
7|5|0|5,4,-0.4897179947249985
5|5|2|7,0,-0.07928238201912989
5|5|2|7,3,-0.39874450842348114
5|5|2|7,6,0.1976727224713484
5|5|2|7,4,-0.3822294290464812
5|5|2|7,2,0.5101208558095989
5|5|2|7,7,3.594318932502602
5|5|2|7,1,-0.276571835548669
6|3|6|4,1,0.022043746288256977
6|3|6|4,0,-0.40900034081467734
6|3|6|4,5,0.6365623740111312
6|3|6|4,7,2.3824912126342475
6|3|6|4,4,0.4539724750359977
6|3|6|4,2,0.3000588183715961
6|3|6|4,3,-0.4183569413518896
2|6|5|1,1,-0.12204019231954816
2|6|5|1,6,-0.729819240654143
2|6|5|1,5,3.0487173305772894
2|6|5|1,7,-1.2207458823903707
2|6|5|1,0,0.038616808869671365
2|6|5|1,3,-0.3386921010619929
2|6|5|1,4,-0.5621531506952393
0|5|5|7,6,0.05768117977982856
0|5|5|7,4,-1.2818281294499485
0|5|5|7,1,-0.8662073090381154
0|5|5|7,5,6.252653195077071
0|5|5|7,2,0.06182153049822599
0|5|5|7,3,0.16349682336398888
0|5|5|7,7,0.8092597187178547
2|5|6|7,4,0.20430749730359543
2|5|6|7,6,7.799896570108961
2|5|6|7,5,0.7736229973668055
2|5|6|7,1,-0.39386758050882387
2|5|6|7,3,-0.4713366486678733
2|5|6|7,0,0.27374318704210887
2|5|6|7,7,1.4336682180549654
2|6|4|3,0,-0.5419905171587007
2|6|4|3,7,-0.5214858987788281
2|6|4|3,5,-0.525
2|6|4|3,1,-0.5128240009622593
2|6|4|3,4,5.160693092461153
2|6|4|3,6,-0.5018285170030801
2|6|4|3,3,-0.24340444936818245
0|6|4|3,5,-0.7300114258471488
0|6|4|3,6,-0.540932077603461
0|6|4|3,4,2.0825707360843717
0|6|4|3,2,0.19185632993641855
0|6|4|3,7,-0.05
0|6|4|3,1,-0.04629116086844114
0|6|4|3,3,-0.3205580027349344
6|3|6|5,4,-0.04929110131357113
6|3|6|5,1,-0.0035365639378065698
6|3|6|5,3,0.05310118396025343
6|3|6|5,5,1.342442931354812
4|6|2|1,0,-0.07021836347704292
4|6|2|1,3,-0.05
4|6|2|1,7,-0.5405431120124151
4|6|2|1,5,-0.07224254617696016
4|6|2|1,2,4.767473698232509
4|6|2|1,1,0.16392133797897124
4|6|2|1,6,0.013792619052526024
2|6|5|0,7,-0.10916822135199802
2|6|5|0,4,-0.5033852016150926
2|6|5|0,3,-0.03736523486133046
2|6|5|0,0,0.4203832462368323
2|6|5|0,6,-0.4841772114042123
2|6|5|0,1,-0.04137800043626812
2|6|5|0,5,3.993304336043219
7|6|5|0,1,-0.4896636456742273
7|6|5|0,2,-0.9587361109480773
7|6|5|0,4,-0.5341130646651382
7|6|5|0,0,-0.45
7|6|5|0,5,-0.78
7|6|5|0,6,0.40101306822209937
7|6|5|0,3,-0.9766215496377825
1|6|5|0,2,-0.0689380961561953
1|6|5|0,4,-0.05
1|6|5|0,3,-0.05
1|6|5|0,6,-0.05
1|6|5|0,5,2.82667465033183
1|6|5|0,0,0.3113913067382357
1|6|5|0,7,-0.5
1|1|4|7,4,0.18515649056396838
1|1|4|7,3,0.43752588003486326
1|1|4|7,0,0.4349200276983342
1|1|4|7,2,0.48055477397069973
1|1|4|7,7,4.698016728823099
1|1|4|7,5,0.5506332908219056
1|1|4|7,6,0.8124145251334288
3|2|7|6,6,3.564185332056421
3|2|7|6,1,0.23588777065231795
3|2|7|6,4,0.2535383935760017
3|2|7|6,5,0.03091510035357066
3|2|7|6,2,0.26576988608563307
3|2|7|6,0,0.028261524443639763
3|2|7|6,7,0.8059198498998589
0|2|7|6,6,4.147055106787993
0|2|7|6,3,0.4544198855503949
0|2|7|6,2,0.3717390690481166
0|2|7|6,4,0.06761696167103756
0|2|7|6,1,0.10901056215431015
0|2|7|6,7,0.793850804397753
0|2|7|6,5,0.03472250832442956
5|6|4|1,4,5.0050659949571745
5|6|4|1,3,-0.5190555374915445
5|6|4|1,2,-0.5344120968954508
5|6|4|1,0,-0.04148455698128391
5|6|4|1,1,-0.45
5|6|4|1,6,0.18723821568579888
5|6|4|1,7,-0.4253120926928477
0|5|4|6,1,-0.06255991467804708
0|5|4|6,6,0.7579369068888642
0|5|4|6,2,-0.007961162089694673
0|5|4|6,4,2.8290293480501756
0|5|4|6,7,-0.04000840516494151
0|5|4|6,5,0.05495590201219028
0|5|4|6,3,0.1769141645524705
3|6|6|1,4,-0.12568796178295566
3|6|6|1,6,5.606566895363098
3|6|6|1,7,-0.40210283882972264
3|6|6|1,2,0.09069778296136224
3|6|6|1,1,0.2768578344569285
3|6|6|1,5,-0.15074138408817417
3|6|6|1,0,-0.5466409865818622
4|6|6|1,2,0.046301757017345756
4|6|6|1,0,-0.6406533266213045
4|6|6|1,5,-0.5919839910234717
4|6|6|1,6,1.6775299996184885
4|6|6|1,1,1.0728184272883403
4|6|6|1,3,-0.0091307439099923
4|6|6|1,7,-0.028360850866830357
2|6|6|1,0,-0.18019539970365345
2|6|6|1,5,-1.4831739128384323
2|6|6|1,4,-0.05
2|6|6|1,1,0.15009339243902237
2|6|6|1,6,4.0280171783842365
2|6|6|1,3,-0.0727185557682978
2|6|6|1,7,-0.011726642076024852
0|6|6|1,1,0.05105374895567469
0|6|6|1,4,-0.04963076291382529
0|6|6|1,5,-0.611097097180187
0|6|6|1,6,5.2843082877290115
0|6|6|1,7,-0.49143063899439815
0|6|6|1,2,-0.38327086255594256
0|6|6|1,3,-0.41005300783220716
2|5|1|7,1,-0.9885798228195153
2|5|1|7,7,2.5476557550130865
2|5|1|7,5,-0.2176488979916767
2|5|1|7,3,0.10971427399531133
2|5|1|7,0,-0.40748599038904054
2|5|1|7,6,-0.4130895552839559
2|5|1|7,4,-0.038981767389849216
0|5|1|5,1,-0.4725756900269704
0|5|1|5,6,-0.2693767625082293
0|5|1|5,3,-1.145758371093936
0|5|1|5,5,-0.2694193009625827
0|5|1|5,4,-0.7877727697114203
0|5|1|5,7,0.9913808034828555
0|5|1|5,2,-2.6163787322270506
2|5|0|6,7,0.12065647020432657
2|5|0|6,0,2.675447807074724
2|5|0|6,5,0.005836425780977872
2|5|0|6,4,-0.00725714438245826
2|5|0|6,6,1.036439848297628
2|5|0|6,1,-0.47519959313395865
2|5|0|6,3,-0.05631106758479064
4|6|4|6,6,-1.0250923026873182
4|6|4|6,5,-2.105936487809331
4|6|4|6,3,-0.9503773372543683
4|6|4|6,2,-0.977044319903553
4|6|4|6,7,1.9031425387378418
4|6|4|6,1,-1.5707098568987532
4|6|4|6,0,-2.0723296960010016
3|6|7|6,1,0.6123864378365456
3|6|7|6,4,-0.5662704544668149
3|6|7|6,5,-0.7130273916391985
3|6|7|6,7,6.145889829004469
3|6|7|6,0,-0.3927364699085654
3|6|7|6,2,0.39151719071495117
3|6|7|6,6,2.032547485888204
1|6|7|6,2,-0.061608714172866265
1|6|7|6,6,5.462957454901085
1|6|7|6,4,0.008431435567851808
1|6|7|6,5,-0.2639756340810095
1|6|7|6,3,0.3259460157845324
1|6|7|6,7,1.5403499999999979
1|6|7|6,0,-0.7155571248411122
0|4|0|7,6,-0.20108495164393014
0|4|0|7,3,0.11208772087670202
0|4|0|7,1,-1.4096357796000922
0|4|0|7,5,-0.48723723622117054
0|4|0|7,7,1.9372671889812911
0|4|0|7,4,-0.28487467068938854
0|4|0|7,2,0.18656992216663798
4|5|2|7,0,-0.08908231749311828
4|5|2|7,2,3.4183424020176956
4|5|2|7,7,-0.28817737198123383
4|5|2|7,1,0.08654779264930865
4|5|2|7,6,0.37760909281799593
4|5|2|7,5,0.03831218029592185
4|5|2|7,3,-0.22488416828545776
5|6|6|1,2,-0.2718344296485926
5|6|6|1,1,-0.4743624806954734
5|6|6|1,4,-0.6475708484188479
5|6|6|1,7,-0.5852314419197351
5|6|6|1,3,-0.44991773698392207
5|6|6|1,0,-0.4563107719382271
5|6|6|1,6,-0.78
0|5|7|5,6,0.8276169304034273
0|5|7|5,4,-0.8661665099821182
0|5|7|5,1,-0.13546179139837755
0|5|7|5,5,0.429384224155329
0|5|7|5,3,-0.7247508559561547
0|5|7|5,2,-0.7907776561422539
0|5|7|5,7,2.7406508411668797
6|6|3|1,4,-0.47990216316367484
6|6|3|1,7,-0.4864789698170683
6|6|3|1,0,-0.5088200052632399
6|6|3|1,5,-0.5639001519526671
6|6|3|1,2,-0.8472360169097097
6|6|3|1,1,-0.0871515735440509
6|6|3|1,3,3.635058545783721
4|6|3|1,7,-0.5830574142413509
4|6|3|1,0,-0.0294579065471975
4|6|3|1,5,-0.013852047414336245
4|6|3|1,1,0.08956351488930231
4|6|3|1,3,1.9208207512006674
4|6|3|1,2,0.00898673188738474
4|6|3|1,6,0.0031532176432360892
5|5|1|7,2,-0.016328491722930633
5|5|1|7,0,-0.5093057576550682
5|5|1|7,6,-0.48318942822009436
5|5|1|7,7,0.39617052183286516
5|5|1|7,1,6.00341047201394
5|5|1|7,3,0.04004056069143186
5|5|1|7,4,-0.226230416990296
4|6|6|5,5,-0.848031094824099
4|6|6|5,2,-0.5459340030472944
4|6|6|5,1,-0.4301063599085313
4|6|6|5,7,0.1252079014655144
4|6|6|5,3,-1.2065334144984434
4|6|6|5,0,-0.399427951510094
4|6|6|5,6,4.937600392803853
2|5|0|7,1,-0.055941052313132844
2|5|0|7,6,-0.5594105231313284
2|5|0|7,3,-0.11033085927967021
2|5|0|7,7,0.6579488012280725
2|5|0|7,4,0.11891065674071437
2|5|0|7,0,0.5769615387288314
2|5|0|7,5,-0.5
5|6|7|1,0,-0.06276305589306946
5|6|7|1,6,-0.9844129073663528
5|6|7|1,1,2.2715467264202145
5|6|7|1,3,-0.4133285285804168
5|6|7|1,4,-0.3487657278496199
5|6|7|1,2,-0.2201109083284003
5|6|7|1,7,-0.20100000000003793
5|4|5|4,0,-0.7372959455940336
5|4|5|4,2,-0.014087502270753408
5|4|5|4,4,2.8863929458424895
5|4|5|4,6,0.6569423238166741
5|4|5|4,7,-0.06398566481049855
5|4|5|4,1,0.2834622065235111
5|4|5|4,3,-0.37709334591182997
1|5|5|6,5,2.539819685822891
1|5|5|6,0,-0.3146839364493704
1|5|5|6,2,-0.39231143136410107
1|5|5|6,6,0.7352538520990584
1|5|5|6,7,-0.948057667051681
1|5|5|6,4,-0.4318859574343412
1|5|5|6,3,-0.6251820744443338
5|6|6|3,0,-0.3110560509193077
5|6|6|3,1,-0.6561545299191196
5|6|6|3,4,-0.17486383253969645
5|6|6|3,7,-0.34835958490361674
5|6|6|3,6,-0.5439500000000007
5|6|6|3,3,1.1887947120047322
5|6|6|3,2,0.05455600259706056
7|4|6|5,6,-0.07985401184545787
7|4|6|5,5,-0.08704525880395436
7|4|6|5,3,-0.5
7|4|6|5,2,-0.722129988767275
7|4|6|5,4,0.6513104959274364
7|4|6|5,1,0.10109916124265156
7|4|6|5,0,0.05039046525896678
7|6|1|0,6,-0.5
7|6|1|0,0,-0.14404843775350418
7|6|1|0,4,-0.015642415462014503
7|6|1|0,1,1.4782852614813535
7|6|1|0,3,-0.02192966759642523
7|6|1|0,5,-0.05001176454449701
7|6|1|0,2,-0.004734632986047416
4|5|1|6,5,-0.0734930112012968
4|5|1|6,6,-0.09872371055652424
4|5|1|6,3,-0.0050156198034897875
4|5|1|6,2,-0.49724665282686215
4|5|1|6,1,2.6740067884580156
4|5|1|6,7,-0.0323531847071515
4|5|1|6,0,0.008777307295069398
5|5|1|6,3,-0.4179293921455189
5|5|1|6,6,0.3560646727845982
5|5|1|6,2,-0.46471954124925513
5|5|1|6,7,-0.018626741902165535
5|5|1|6,4,-0.049292283775354946
5|5|1|6,0,-0.5103052406525705
5|5|1|6,1,1.8234361376849264
5|2|7|6,3,0.6313523651005396
5|2|7|6,0,0.21884365903481134
5|2|7|6,1,0.14843054859715743
5|2|7|6,2,0.29303921189182136
5|2|7|6,7,2.9756318019196217
5|2|7|6,4,0.0388820460752497
5|2|7|6,6,0.8600542012672552
1|6|3|0,7,-0.05
1|6|3|0,4,-0.05
1|6|3|0,5,-0.5
1|6|3|0,6,-0.028885330812500422
1|6|3|0,3,0.15999999999999936
1|6|3|0,0,0.6201122699708181
1|6|3|0,2,-0.01835421048434832
7|6|3|0,1,-0.5
7|6|3|0,4,-0.05
7|6|3|0,6,-0.028885330812500422
7|6|3|0,3,4.156763816300103
7|6|3|0,0,0.26456512971692064
7|6|3|0,2,-0.025238030287736093
7|6|3|0,5,0.011613589630695476
0|6|5|2,7,-0.5776462521729298
0|6|5|2,5,6.523908909611793
0|6|5|2,1,-0.05
0|6|5|2,2,-0.39323882685480616
0|6|5|2,6,0.028086294421821076
0|6|5|2,3,0.20579022891711282
0|6|5|2,4,-0.9647638042039174
7|5|3|5,0,-0.007967941888462851
7|5|3|5,4,-0.14300100065702365
7|5|3|5,1,-1.2577264402500385
7|5|3|5,6,-0.4963205438634555
7|5|3|5,3,2.3425756709947034
7|5|3|5,2,-1.5035103710031383
7|5|3|5,5,0.6226663564998062
4|6|5|3,1,-0.45723564406544004
4|6|5|3,6,0.008335174654583874
4|6|5|3,5,4.427982278254716
4|6|5|3,7,-0.09853946423189235
4|6|5|3,0,-1.3455301263235275
4|6|5|3,3,-0.16579354227075696
4|6|5|3,2,0.17839740455959163
1|6|5|3,2,0.0411844453502969
1|6|5|3,7,-1.0201250000000002
1|6|5|3,4,-0.011679934296789138
1|6|5|3,0,-0.05
1|6|5|3,5,3.7452926636092765
1|6|5|3,3,0.8535155681327034
1|6|5|3,6,-0.550631194429787
5|6|6|4,6,3.859873809033302
5|6|6|4,7,-0.8248725479038238
5|6|6|4,3,-0.01193868480703138
5|6|6|4,1,0.048581159526421586
5|6|6|4,0,-1.284286259794363
5|6|6|4,2,0.1929967636878207
5|6|6|4,4,-1.5072428703775396
0|5|1|7,4,-0.5475
0|5|1|7,3,-0.4569364640996183
0|5|1|7,6,-0.5
0|5|1|7,7,0.5719683941085258
0|5|1|7,5,0.007290932588518673
0|5|1|7,2,0.08965170264424971
0|5|1|7,1,2.8373416995156715
3|5|1|7,4,0.046136679469185246
3|5|1|7,5,0.1648892124663271
3|5|1|7,6,0.15379303566587843
3|5|1|7,2,-0.5135313374657866
3|5|1|7,1,5.1768387433498
3|5|1|7,0,0.0016232847493452968
3|5|1|7,7,0.7162189931600265
2|6|7|3,5,0.6337381707507953
2|6|7|3,1,-0.7867924379414477
2|6|7|3,0,-0.529754804028273
2|6|7|3,3,6.066264285450435
2|6|7|3,6,0.05545497441661854
2|6|7|3,7,0.3043999996404997
2|6|7|3,4,0.16102706958827165
7|5|3|6,0,-0.5368691057892815
7|5|3|6,2,-0.14484822869153
7|5|3|6,1,-0.47051116163988105
7|5|3|6,3,1.0382016967855463
7|5|3|6,5,-0.45058165780489257
7|5|3|6,4,-0.3082248044911958
7|5|3|6,6,-0.2642837569286974
7|6|5|3,5,2.926626243619568
7|6|5|3,0,-0.26031966202948464
7|6|5|3,1,-0.8900024022217174
7|6|5|3,3,-0.058891001955380606
7|6|5|3,4,-0.02598660579730855
7|6|5|3,2,-0.7778847788677243
7|6|5|3,6,-0.5145208847082977
7|4|7|3,1,-0.4395706115957135
7|4|7|3,6,0.20788019871749408
7|4|7|3,3,-0.12082107395759911
7|4|7|3,2,0.2799188491988077
7|4|7|3,4,-0.11499558524868325
7|4|7|3,5,-0.8775728959307696
7|4|7|3,0,-0.09070370794462275
4|6|5|0,3,-0.04504852235009525
4|6|5|0,1,-0.5
4|6|5|0,2,-0.06085228436897548
4|6|5|0,6,-0.012153860082051361
4|6|5|0,7,-0.5475
4|6|5|0,0,0.3011673366377459
4|6|5|0,5,3.1688508858278324
3|6|5|0,1,-0.05
3|6|5|0,7,-0.16447061838189733
3|6|5|0,6,0.0051788329220510895
3|6|5|0,5,-0.4
3|6|5|0,4,-0.8688513442809336
3|6|5|0,0,1.093828555916479
3|6|5|0,2,-0.038259695120586495
0|5|6|7,5,0.4136654130346088
0|5|6|7,3,0.4029958149722378
0|5|6|7,7,-0.78
0|5|6|7,2,-0.028712134479582565
0|5|6|7,1,-0.5342727162000588
0|5|6|7,4,0.135438452717357
0|5|6|7,6,5.096041789146535
3|4|3|6,1,0.3604235831333665
3|4|3|6,5,0.3916357677575079
3|4|3|6,0,0.04988599764857564
3|4|3|6,6,2.7594545657232774
3|4|3|6,7,-0.13746577180287867
3|4|3|6,4,-0.19297197970893898
3|4|3|6,2,-0.4962213714165855
6|4|6|7,3,-0.03549446458840069
6|4|6|7,5,0.6767208284838457
6|4|6|7,4,0.1235553091613805
6|4|6|7,7,4.976441636093745
6|4|6|7,2,-0.4473836151208576
6|4|6|7,0,0.7472265351980789
6|4|6|7,1,0.9681019751641627
2|6|6|5,7,-0.28974463508376636
2|6|6|5,1,-0.00960128815950144
2|6|6|5,3,-0.7753965330680053
2|6|6|5,5,0.09426542732878426
2|6|6|5,6,4.033585623183832
2|6|6|5,0,-0.7603960562829879
2|6|6|5,4,-0.0895181156642893
0|3|7|6,1,0.1309420084908548
0|3|7|6,5,0.02695173190719828
0|3|7|6,7,0.1442524500750816
0|3|7|6,3,-0.18481033942489683
0|3|7|6,6,3.7431917113473125
0|3|7|6,2,0.002425399653169758
0|3|7|6,4,-0.3178430289634673
7|6|4|3,4,5.246966105688206
7|6|4|3,2,-0.7250644833937365
7|6|4|3,1,-0.5611161608684412
7|6|4|3,3,-0.8159636236745147
7|6|4|3,0,-0.05
7|6|4|3,6,-0.4997396269644377
7|6|4|3,5,-0.5248205607958989
0|5|5|6,1,-1.1197756659130813
0|5|5|6,3,-0.6364338274483626
0|5|5|6,7,-0.04026763441916385
0|5|5|6,6,0.74292244806237
0|5|5|6,5,2.7547664972538137
0|5|5|6,4,0.36955788496766223
0|5|5|6,2,-0.4755285696643378
6|6|7|0,5,-0.05
6|6|7|0,2,-0.4956987534881579
6|6|7|0,1,-0.5
6|6|7|0,0,1.122828836934572
6|6|7|0,4,0.03817189219676961
6|6|7|0,7,4.171301387449247
6|6|7|0,3,0.02354572371894055
5|6|7|0,0,0.47685685788135257
5|6|7|0,7,4.706602581551385
5|6|7|0,6,-0.5475
5|6|7|0,4,-0.4211809987045624
5|6|7|0,2,0.0111464397885506
5|6|7|0,1,-0.024112720505336745
5|6|7|0,3,0.3647832486280478
2|6|3|1,6,-0.05
2|6|3|1,7,-0.5128436887822703
2|6|3|1,1,-0.23098640145538865
2|6|3|1,0,-0.33960672062408287
2|6|3|1,4,-0.5
2|6|3|1,3,4.236749167124498
2|6|3|1,5,-0.040078389197236636
1|4|1|7,2,-0.2517254991927689
1|4|1|7,5,0.03700063728200251
1|4|1|7,0,-0.6307785490970663
1|4|1|7,3,-0.6741643903018602
1|4|1|7,4,0.2172929984294617
1|4|1|7,6,-0.43293879240926714
1|4|1|7,7,1.9764101724706704
2|2|7|6,6,3.828095629958155
2|2|7|6,4,0.1924658411139916
2|2|7|6,0,0.19170230641820346
2|2|7|6,3,0.299801397038312
2|2|7|6,5,0.0729709925922084
2|2|7|6,1,0.04559751335412856
2|2|7|6,7,-0.30436203579036863
6|6|2|1,1,0.223237686705306
6|6|2|1,4,-0.5
6|6|2|1,2,2.9115678144010397
6|6|2|1,0,-0.07562337439398226
6|6|2|1,7,-0.5
6|6|2|1,3,0.0301281914143705
6|6|2|1,5,-0.5
7|6|5|4,4,0.12331265720389473
7|6|5|4,0,-0.9837741773019407
7|6|5|4,6,-0.9450214333047778
7|6|5|4,2,-0.545434351460914
7|6|5|4,3,-0.651009545108757
7|6|5|4,5,-0.06840250000000198
7|6|5|4,1,-0.4442058600939861
6|6|5|0,5,4.718138220982576
6|6|5|0,1,-0.015404023433460957
6|6|5|0,3,-0.04883223613566921
6|6|5|0,4,-0.9652153893467266
6|6|5|0,2,-0.42714971145796155
6|6|5|0,7,-1.056522775321952
6|6|5|0,0,-0.24052511085674327
6|6|5|1,1,-0.16751980652432752
6|6|5|1,2,-0.07797673326537657
6|6|5|1,0,-0.4433626495014794
6|6|5|1,7,-0.29883242000708177
6|6|5|1,3,-0.20229128998881232
6|6|5|1,4,-0.5476361018157158
6|6|5|1,5,0.34904999999999864
6|6|5|4,0,-1.4662618615598748
6|6|5|4,3,-0.37532383458907226
6|6|5|4,5,4.6491807887885725
6|6|5|4,7,-0.5518263387594385
6|6|5|4,1,0.13953130497301655
6|6|5|4,4,0.023625360164928
6|6|5|4,2,-0.24480569977332226
0|6|5|4,3,0.2248345690006747
0|6|5|4,6,-0.34815323784692465
0|6|5|4,1,0.010314119412905491
0|6|5|4,2,-0.35964752123893695
0|6|5|4,5,0.15999999999999936
0|6|5|4,4,1.779383478829223
0|6|5|4,7,-0.12400724849504086
1|2|7|6,7,3.2911164341497314
1|2|7|6,3,0.07249552283212127
1|2|7|6,5,-0.006449947626331311
1|2|7|6,2,0.35278684982771225
1|2|7|6,6,1.6313661788052083
1|2|7|6,0,0.4337483105814405
1|2|7|6,4,0.23070400182776285
5|3|5|3,6,0.6172289009314587
5|3|5|3,3,3.4610286578683476
5|3|5|3,7,1.5135960872690923
5|3|5|3,0,0.6495453370864447
5|3|5|3,1,0.3004086902731743
5|3|5|3,2,0.38011245273342664
5|3|5|3,4,0.9479574379336547
1|6|7|0,5,0.037627149770028456
1|6|7|0,0,-0.45
1|6|7|0,7,3.709908521317544
1|6|7|0,4,0.05123691875779027
1|6|7|0,2,0.01540992955994197
1|6|7|0,6,-0.00790605158165375
1|6|7|0,3,0.41010145719366276
7|6|2|0,4,-0.05
7|6|2|0,2,0.8291799943972064
7|6|2|0,0,-0.45
7|6|2|0,6,-0.36061957681680534
7|6|2|0,5,-0.42373812984503634
7|6|2|0,3,-0.4892129468935695
7|6|2|0,1,-0.049651646837963796
4|6|2|0,0,0.9605527099946112
4|6|2|0,5,-0.03210822519570341
4|6|2|0,6,-0.02840090848911572
4|6|2|0,7,-0.051986065873518554
4|6|2|0,3,0.0985062469187489
4|6|2|0,1,-0.018059047175403548
4|6|2|0,2,0.5399999999999994
5|6|3|1,0,-0.05
5|6|3|1,4,-0.05
5|6|3|1,3,2.5266388739095134
5|6|3|1,2,0.10021329223596527
5|6|3|1,1,-0.21436174343437006
5|6|3|1,6,-0.4272734021503439
5|6|3|1,7,-0.018256514507652956
0|6|3|1,3,5.235935865919128
0|6|3|1,2,-0.05
0|6|3|1,7,-0.5475
0|6|3|1,5,-0.05
0|6|3|1,4,-0.037989996746420424
0|6|3|1,6,-0.05
0|6|3|1,1,0.3898211027714674
4|6|7|0,2,0.020658162894825607
4|6|7|0,5,-0.467858471150974
4|6|7|0,6,-0.4172280994758212
4|6|7|0,0,1.3677127999786594
4|6|7|0,7,4.6569237337958915
4|6|7|0,1,0.04025725964360875
4|6|7|0,3,0.11850310695204361
3|6|5|1,2,-0.03389544300512484
3|6|5|1,1,0.5937979163894211
3|6|5|1,6,-0.13036310790661554
3|6|5|1,0,-0.09180870031497965
3|6|5|1,4,-0.04712474402131689
3|6|5|1,7,0.0034423955299839794
3|6|5|1,5,4.9911237027343756
6|6|5|3,1,-0.5010599302149146
6|6|5|3,0,-0.8128875769272618
6|6|5|3,4,-0.4480280703161372
6|6|5|3,5,5.024826769636624
6|6|5|3,2,0.13864249711441123
6|6|5|3,7,-0.09718816707700571
6|6|5|3,3,-0.23842094571977213
6|2|6|5,2,0.08923644430804034
6|2|6|5,7,-0.2312271659988635
6|2|6|5,4,0.08925636830984804
6|2|6|5,3,-0.12735536756528143
6|2|6|5,0,1.168183011674421
6|2|6|5,5,0.2148340078799846
6|2|6|5,1,0.5989542592166855
0|6|7|3,3,0.5239484028116066
0|6|7|3,4,-0.007880089674595997
0|6|7|3,6,0.13796003061348022
0|6|7|3,5,-0.2265781466427827
0|6|7|3,7,1.1553717062499977
0|6|7|3,1,-0.2732353010864671
0|6|7|3,2,0.19003526864054698
4|2|7|6,6,3.805382880097791
4|2|7|6,7,0.48436213337580053
4|2|7|6,0,0.18220782316644876
4|2|7|6,2,0.15007302874297035
4|2|7|6,3,0.31259906293617834
4|2|7|6,5,0.20451113314645872
4|2|7|6,1,0.2739965432997033
7|2|7|6,3,0.3377208408216318
7|2|7|6,0,0.37559449522447047
7|2|7|6,2,0.397581817141087
7|2|7|6,5,0.17108811735340756
7|2|7|6,6,2.5884445397493367
7|2|7|6,1,0.05539153592692354
7|2|7|6,4,-0.013922192386510573
6|6|7|2,0,-0.9746202158101696
6|6|7|2,3,-0.24855543102322328
6|6|7|2,4,-0.29563013066051597
6|6|7|2,2,1.6258543402796697
6|6|7|2,7,1.1973999999999982
6|6|7|2,1,0.1868386868256165
6|6|7|2,5,-0.1413345060249798
7|6|2|1,5,-0.5
7|6|2|1,0,-0.05
7|6|2|1,6,-0.04398967719659507
7|6|2|1,4,-0.3860006325514328
7|6|2|1,2,2.1017727579436594
7|6|2|1,1,0.25046392668240053
7|6|2|1,3,0.10075008391571488
4|6|7|3,1,0.40871213168746773
4|6|7|3,2,0.15253392203782926
4|6|7|3,7,5.384953845947055
4|6|7|3,3,0.10249938722988933
4|6|7|3,5,0.56237461023125
4|6|7|3,6,-0.45546709246633615
4|6|7|3,0,-0.5849336243162684
7|6|6|1,2,-0.8900492386201024
7|6|6|1,1,1.3805834805897352
7|6|6|1,3,0.08787633121710246
7|6|6|1,0,-0.09389461457017259
7|6|6|1,6,2.848206610407223
7|6|6|1,5,-0.7061322786357266
7|6|6|1,4,-0.020039768921884787
1|5|2|6,3,-0.510480742368561
1|5|2|6,4,-0.1714802972648034
1|5|2|6,7,0.15749958277481038
1|5|2|6,0,-0.07234043857822135
1|5|2|6,5,-0.4155058262908851
1|5|2|6,2,-0.26463621303627943
1|5|2|6,6,3.227856342996235
7|6|3|1,1,1.228344481423936
7|6|3|1,0,-0.00928421606656828
7|6|3|1,5,-0.028615714365974734
7|6|3|1,3,-0.4
7|6|3|1,4,-0.5
7|6|3|1,2,0.030132829416429443
7|6|3|1,6,0.03013326089437488
6|6|2|0,1,-0.0459305712621808
6|6|2|0,5,0.07056663983716505
6|6|2|0,0,0.2962343114559921
6|6|2|0,4,-0.033174465001826074
6|6|2|0,2,4.970284113490835
6|6|2|0,7,-0.5
6|6|2|0,3,-0.3106972050426974
0|6|5|3,2,-0.41265315236001177
0|6|5|3,7,-0.09603943188857807
0|6|5|3,5,3.6350593419118113
0|6|5|3,6,0.2158026478174808
0|6|5|3,1,-1.3777674302149145
0|6|5|3,3,0.4912411400415497
0|6|5|3,4,-0.4335211141072486
4|6|5|1,7,-0.9750000000000001
4|6|5|1,2,-0.07747289437616411
4|6|5|1,6,-0.5536251708123492
4|6|5|1,5,0.17074705802932832
4|6|5|1,0,-0.30714083728703867
4|6|5|1,3,0.015246272656532028
4|6|5|1,1,-0.22185204872902362
3|5|0|7,5,0.06797321593486243
3|5|0|7,4,0.03134046029836196
3|5|0|7,1,-0.09802124073111443
3|5|0|7,2,-0.037678065667562294
3|5|0|7,6,0.10824539523592722
3|5|0|7,7,1.3958907276654586
3|5|0|7,0,0.6430930351663602
5|4|7|6,7,0.23725169546872427
5|4|7|6,0,0.04585552124295661
5|4|7|6,1,-0.5475
5|4|7|6,6,2.211834096331152
5|4|7|6,3,-0.024800135980518452
5|4|7|6,2,0.11707473051280884
5|4|7|6,4,-0.06468763330877328
2|6|6|0,5,-0.5
2|6|6|0,7,-0.047970667325893626
2|6|6|0,6,2.409607061737485
2|6|6|0,1,0.03000098157972633
2|6|6|0,4,-0.02840341420229723
2|6|6|0,3,0.33769839625815334
2|6|6|0,0,0.3465443334877635
2|6|7|1,3,-0.008175520900236965
2|6|7|1,4,0.07003490355302938
2|6|7|1,7,5.152746682332533
2|6|7|1,5,0.1003139320928329
2|6|7|1,0,-0.5
2|6|7|1,6,-0.04001198217201699
2|6|7|1,1,1.0334987007532397
7|4|7|4,0,0.07335858293231934
7|4|7|4,4,0.35342932455006304
7|4|7|4,5,0.12584072649594402
7|4|7|4,6,-0.11766613503117121
7|4|7|4,3,0.2856837482493813
7|4|7|4,2,0.1538835257564474
7|4|7|4,1,0.639975365016939
